CLI:      ./esm (esm 0.2.0)
built at: 3aa046d6568bc27e555e03c9e3d4408f791557ae (Merge remote-tracking branch 'origin/main')

[1mcomparator self-test[0m
  [32mok[0m   compare-output.py

[1mvalidate (62 documents)[0m
  [32mok[0m   ./components/activity_temporal.esm
  [32mok[0m   ./components/age_distribution.esm
  [32mok[0m   ./components/deteriorated_emission_rate.esm
  [32mok[0m   ./components/equipment_population.esm
  [32mok[0m   ./components/evap_operating_mode_distribution.esm
  [32mok[0m   ./components/evap_weighted_base_rate.esm
  [32mok[0m   ./components/exhaust_adjustment.esm
  [32mok[0m   ./components/exhaust_emission_factors.esm
  [32mok[0m   ./components/exhaust_rollup.esm
  [32mok[0m   ./components/fuel_effects.esm
  [32mok[0m   ./components/fuel_properties.esm
  [32mok[0m   ./components/geographic_allocation.esm
  [32mok[0m   ./components/growth_index.esm
  [32mok[0m   ./components/liquid_leaking_emissions.esm
  [32mok[0m   ./components/meteorology.esm
  [32mok[0m   ./components/movesoutput_aggregation.esm
  [32mok[0m   ./components/nr_air_toxics.esm
  [32mok[0m   ./components/nr_hc_speciation.esm
  [32mok[0m   ./components/onroad_energy_output.esm
  [32mok[0m   ./components/onroad_source_bin_distribution.esm
  [32mok[0m   ./components/onroad_source_hours.esm
  [32mok[0m   ./components/onroad_travel_fraction.esm
  [32mok[0m   ./components/rates_operating_mode_distribution.esm
  [32mok[0m   ./components/refueling_loss_rate.esm
  [32mok[0m   ./components/start_operating_mode_distribution.esm
  [32mok[0m   ./components/tank_fuel_venting.esm
  [32mok[0m   ./components/tank_temperature.esm
  [32mok[0m   ./fixtures/chain-so2-co2e-mechanism.esm
  [32mok[0m   ./fixtures/mixed-onroad.esm
  [32mok[0m   ./fixtures/nr-airtoxics-lawn-garden-county.esm
  [32mok[0m   ./fixtures/nr-logging-county.esm
  [32mok[0m   ./fixtures/process-airtoxics.esm
  [32mok[0m   ./fixtures/process-brakewear.esm
  [32mok[0m   ./fixtures/process-crankcase-running.esm
  [32mok[0m   ./fixtures/process-evap-fvv.esm
  [32mok[0m   ./fixtures/process-evap-leaks.esm
  [32mok[0m   ./fixtures/process-evap-permeation.esm
  [32mok[0m   ./fixtures/process-nox-speciation.esm
  [32mok[0m   ./fixtures/process-pm-exhaust.esm
  [32mok[0m   ./fixtures/process-refueling.esm
  [32mok[0m   ./fixtures/process-tirewear.esm
  [32mok[0m   ./gates/equijoin_driven.esm
  [32mok[0m   ./gates/equijoin_undriven_control.esm
  [32mok[0m   ./lib/adjustments.esm
  [32mok[0m   ./lib/co2_equivalent.esm
  [32mok[0m   ./lib/conversion.esm
  [32mok[0m   ./lib/drive_cycle.esm
  [32mok[0m   ./lib/emission_factors.esm
  [32mok[0m   ./lib/evaporative.esm
  [32mok[0m   ./lib/fuel_effects.esm
  [32mok[0m   ./lib/identifiers.esm
  [32mok[0m   ./lib/keys.esm
  [32mok[0m   ./lib/meteorology.esm
  [32mok[0m   ./lib/nonroad_speciation.esm
  [32mok[0m   ./lib/onroad_activity.esm
  [32mok[0m   ./lib/operating_mode.esm
  [32mok[0m   ./lib/population.esm
  [32mok[0m   ./lib/refueling.esm
  [32mok[0m   ./runs/evap_leaks_run.esm
  [32mok[0m   ./runs/micro_exhaust_run.esm
  [32mok[0m   ./runs/mixed_onroad_run.esm
  [32mok[0m   ./runs/nr_logging_county_run.esm

[1mconventions[0m
  62 documents, 5 rules, no violations

[1mdata sources[0m
  [31mFAIL[0m data sources
  fixtures/chain-so2-co2e-mechanism.esm: at_runspecday: the note opens by claiming 2 row(s), but db__movesexecution1ccc0232_campuscluster_illinois_edu__runspecday.parquet has 1. A note that travels with copied structure describes the snapshot it was written for, not this one
  fixtures/chain-so2-co2e-mechanism.esm: at_dayvmtfraction: the note opens by claiming 8 row(s), but db__movesexecution1ccc0232_campuscluster_illinois_edu__dayvmtfraction.parquet has 4. A note that travels with copied structure describes the snapshot it was written for, not this one
  fixtures/chain-so2-co2e-mechanism.esm: at_hourvmtfraction: the note opens by claiming 192 row(s), but db__movesexecution1ccc0232_campuscluster_illinois_edu__hourvmtfraction.parquet has 96. A note that travels with copied structure describes the snapshot it was written for, not this one
  fixtures/chain-so2-co2e-mechanism.esm: at_hourday: the note opens by claiming 48 row(s), but db__movesexecution1ccc0232_campuscluster_illinois_edu__hourday.parquet has 24. A note that travels with copied structure describes the snapshot it was written for, not this one
  fixtures/chain-so2-co2e-mechanism.esm: at_dayofanyweek: the note opens by claiming 2 row(s), but db__movesexecution1ccc0232_campuscluster_illinois_edu__dayofanyweek.parquet has 1. A note that travels with copied structure describes the snapshot it was written for, not this one
  fixtures/mixed-onroad.esm: mo_runspecday: the note opens by claiming 2 row(s), but db__movesexecution1ccc0232_campuscluster_illinois_edu__runspecday.parquet has 1. A note that travels with copied structure describes the snapshot it was written for, not this one
  fixtures/mixed-onroad.esm: mo_dayvmtfraction: the note opens by claiming 8 row(s), but db__movesexecution1ccc0232_campuscluster_illinois_edu__dayvmtfraction.parquet has 4. A note that travels with copied structure describes the snapshot it was written for, not this one
  fixtures/mixed-onroad.esm: mo_hourvmtfraction: the note opens by claiming 192 row(s), but db__movesexecution1ccc0232_campuscluster_illinois_edu__hourvmtfraction.parquet has 96. A note that travels with copied structure describes the snapshot it was written for, not this one
  fixtures/mixed-onroad.esm: mo_hourday: the note opens by claiming 48 row(s), but db__movesexecution1ccc0232_campuscluster_illinois_edu__hourday.parquet has 24. A note that travels with copied structure describes the snapshot it was written for, not this one
  fixtures/mixed-onroad.esm: mo_dayofanyweek: the note opens by claiming 2 row(s), but db__movesexecution1ccc0232_campuscluster_illinois_edu__dayofanyweek.parquet has 1. A note that travels with copied structure describes the snapshot it was written for, not this one
  fixtures/process-airtoxics.esm: at_runspecday: the note opens by claiming 2 row(s), but db__movesexecution1ccc0232_campuscluster_illinois_edu__runspecday.parquet has 1. A note that travels with copied structure describes the snapshot it was written for, not this one
  fixtures/process-airtoxics.esm: at_dayvmtfraction: the note opens by claiming 8 row(s), but db__movesexecution1ccc0232_campuscluster_illinois_edu__dayvmtfraction.parquet has 4. A note that travels with copied structure describes the snapshot it was written for, not this one
  fixtures/process-airtoxics.esm: at_hourvmtfraction: the note opens by claiming 192 row(s), but db__movesexecution1ccc0232_campuscluster_illinois_edu__hourvmtfraction.parquet has 96. A note that travels with copied structure describes the snapshot it was written for, not this one
  fixtures/process-airtoxics.esm: at_hourday: the note opens by claiming 48 row(s), but db__movesexecution1ccc0232_campuscluster_illinois_edu__hourday.parquet has 24. A note that travels with copied structure describes the snapshot it was written for, not this one
  fixtures/process-airtoxics.esm: at_dayofanyweek: the note opens by claiming 2 row(s), but db__movesexecution1ccc0232_campuscluster_illinois_edu__dayofanyweek.parquet has 1. A note that travels with copied structure describes the snapshot it was written for, not this one
  fixtures/process-brakewear.esm: bw_runspecday: the note opens by claiming 2 row(s), but db__movesexecution1ccc0232_campuscluster_illinois_edu__runspecday.parquet has 1. A note that travels with copied structure describes the snapshot it was written for, not this one
  fixtures/process-brakewear.esm: bw_dayvmtfraction: the note opens by claiming 8 row(s), but db__movesexecution1ccc0232_campuscluster_illinois_edu__dayvmtfraction.parquet has 4. A note that travels with copied structure describes the snapshot it was written for, not this one
  fixtures/process-brakewear.esm: bw_hourvmtfraction: the note opens by claiming 192 row(s), but db__movesexecution1ccc0232_campuscluster_illinois_edu__hourvmtfraction.parquet has 96. A note that travels with copied structure describes the snapshot it was written for, not this one
  fixtures/process-brakewear.esm: bw_hourday: the note opens by claiming 48 row(s), but db__movesexecution1ccc0232_campuscluster_illinois_edu__hourday.parquet has 24. A note that travels with copied structure describes the snapshot it was written for, not this one
  fixtures/process-brakewear.esm: bw_dayofanyweek: the note opens by claiming 2 row(s), but db__movesexecution1ccc0232_campuscluster_illinois_edu__dayofanyweek.parquet has 1. A note that travels with copied structure describes the snapshot it was written for, not this one
  fixtures/process-crankcase-running.esm: cc_runspecday: the note opens by claiming 2 row(s), but db__movesexecution1ccc0232_campuscluster_illinois_edu__runspecday.parquet has 1. A note that travels with copied structure describes the snapshot it was written for, not this one
  fixtures/process-crankcase-running.esm: cc_dayvmtfraction: the note opens by claiming 8 row(s), but db__movesexecution1ccc0232_campuscluster_illinois_edu__dayvmtfraction.parquet has 4. A note that travels with copied structure describes the snapshot it was written for, not this one
  fixtures/process-crankcase-running.esm: cc_hourvmtfraction: the note opens by claiming 192 row(s), but db__movesexecution1ccc0232_campuscluster_illinois_edu__hourvmtfraction.parquet has 96. A note that travels with copied structure describes the snapshot it was written for, not this one
  fixtures/process-crankcase-running.esm: cc_hourday: the note opens by claiming 48 row(s), but db__movesexecution1ccc0232_campuscluster_illinois_edu__hourday.parquet has 24. A note that travels with copied structure describes the snapshot it was written for, not this one
  fixtures/process-crankcase-running.esm: cc_dayofanyweek: the note opens by claiming 2 row(s), but db__movesexecution1ccc0232_campuscluster_illinois_edu__dayofanyweek.parquet has 1. A note that travels with copied structure describes the snapshot it was written for, not this one
  fixtures/process-evap-fvv.esm: efv_runspecday: the note opens by claiming 2 row(s), but db__movesexecution1ccc0232_campuscluster_illinois_edu__runspecday.parquet has 1. A note that travels with copied structure describes the snapshot it was written for, not this one
  fixtures/process-evap-fvv.esm: efv_dayvmtfraction: the note opens by claiming 8 row(s), but db__movesexecution1ccc0232_campuscluster_illinois_edu__dayvmtfraction.parquet has 4. A note that travels with copied structure describes the snapshot it was written for, not this one
  fixtures/process-evap-fvv.esm: efv_hourvmtfraction: the note opens by claiming 192 row(s), but db__movesexecution1ccc0232_campuscluster_illinois_edu__hourvmtfraction.parquet has 96. A note that travels with copied structure describes the snapshot it was written for, not this one
  fixtures/process-evap-fvv.esm: efv_soakactivityfraction: the note opens by claiming 4 row(s), but db__movesexecution1ccc0232_campuscluster_illinois_edu__soakactivityfraction.parquet has 2. A note that travels with copied structure describes the snapshot it was written for, not this one
  fixtures/process-evap-fvv.esm: efv_hourday: the note opens by claiming 48 row(s), but db__movesexecution1ccc0232_campuscluster_illinois_edu__hourday.parquet has 24. A note that travels with copied structure describes the snapshot it was written for, not this one
  fixtures/process-evap-fvv.esm: efv_dayofanyweek: the note opens by claiming 2 row(s), but db__movesexecution1ccc0232_campuscluster_illinois_edu__dayofanyweek.parquet has 1. A note that travels with copied structure describes the snapshot it was written for, not this one
  fixtures/process-evap-leaks.esm: evl_runspecday: the note opens by claiming 2 row(s), but db__movesexecution1ccc0232_campuscluster_illinois_edu__runspecday.parquet has 1. A note that travels with copied structure describes the snapshot it was written for, not this one
  fixtures/process-evap-leaks.esm: evl_dayvmtfraction: the note opens by claiming 8 row(s), but db__movesexecution1ccc0232_campuscluster_illinois_edu__dayvmtfraction.parquet has 4. A note that travels with copied structure describes the snapshot it was written for, not this one
  fixtures/process-evap-leaks.esm: evl_hourvmtfraction: the note opens by claiming 192 row(s), but db__movesexecution1ccc0232_campuscluster_illinois_edu__hourvmtfraction.parquet has 96. A note that travels with copied structure describes the snapshot it was written for, not this one
  fixtures/process-evap-leaks.esm: evl_soakactivityfraction: the note opens by claiming 4 row(s), but db__movesexecution1ccc0232_campuscluster_illinois_edu__soakactivityfraction.parquet has 2. A note that travels with copied structure describes the snapshot it was written for, not this one
  fixtures/process-evap-leaks.esm: evl_hourday: the note opens by claiming 48 row(s), but db__movesexecution1ccc0232_campuscluster_illinois_edu__hourday.parquet has 24. A note that travels with copied structure describes the snapshot it was written for, not this one
  fixtures/process-evap-leaks.esm: evl_dayofanyweek: the note opens by claiming 2 row(s), but db__movesexecution1ccc0232_campuscluster_illinois_edu__dayofanyweek.parquet has 1. A note that travels with copied structure describes the snapshot it was written for, not this one
  fixtures/process-evap-permeation.esm: evp_runspecday: the note opens by claiming 2 row(s), but db__movesexecution1ccc0232_campuscluster_illinois_edu__runspecday.parquet has 1. A note that travels with copied structure describes the snapshot it was written for, not this one
  fixtures/process-evap-permeation.esm: evp_dayvmtfraction: the note opens by claiming 8 row(s), but db__movesexecution1ccc0232_campuscluster_illinois_edu__dayvmtfraction.parquet has 4. A note that travels with copied structure describes the snapshot it was written for, not this one
  fixtures/process-evap-permeation.esm: evp_hourvmtfraction: the note opens by claiming 192 row(s), but db__movesexecution1ccc0232_campuscluster_illinois_edu__hourvmtfraction.parquet has 96. A note that travels with copied structure describes the snapshot it was written for, not this one
  fixtures/process-evap-permeation.esm: evp_soakactivityfraction: the note opens by claiming 4 row(s), but db__movesexecution1ccc0232_campuscluster_illinois_edu__soakactivityfraction.parquet has 2. A note that travels with copied structure describes the snapshot it was written for, not this one
  fixtures/process-evap-permeation.esm: evp_hourday: the note opens by claiming 48 row(s), but db__movesexecution1ccc0232_campuscluster_illinois_edu__hourday.parquet has 24. A note that travels with copied structure describes the snapshot it was written for, not this one
  fixtures/process-evap-permeation.esm: evp_dayofanyweek: the note opens by claiming 2 row(s), but db__movesexecution1ccc0232_campuscluster_illinois_edu__dayofanyweek.parquet has 1. A note that travels with copied structure describes the snapshot it was written for, not this one
  fixtures/process-evap-permeation.esm: evp_averagetanktemperature: the note opens by claiming 288 row(s), but db__movesexecution1ccc0232_campuscluster_illinois_edu__averagetanktemperature.parquet has 144. A note that travels with copied structure describes the snapshot it was written for, not this one
  fixtures/process-nox-speciation.esm: nox_runspecday: the note opens by claiming 2 row(s), but db__movesexecution1ccc0232_campuscluster_illinois_edu__runspecday.parquet has 1. A note that travels with copied structure describes the snapshot it was written for, not this one
  fixtures/process-nox-speciation.esm: nox_dayvmtfraction: the note opens by claiming 8 row(s), but db__movesexecution1ccc0232_campuscluster_illinois_edu__dayvmtfraction.parquet has 4. A note that travels with copied structure describes the snapshot it was written for, not this one
  fixtures/process-nox-speciation.esm: nox_hourvmtfraction: the note opens by claiming 192 row(s), but db__movesexecution1ccc0232_campuscluster_illinois_edu__hourvmtfraction.parquet has 96. A note that travels with copied structure describes the snapshot it was written for, not this one
  fixtures/process-nox-speciation.esm: nox_hourday: the note opens by claiming 48 row(s), but db__movesexecution1ccc0232_campuscluster_illinois_edu__hourday.parquet has 24. A note that travels with copied structure describes the snapshot it was written for, not this one
  fixtures/process-nox-speciation.esm: nox_dayofanyweek: the note opens by claiming 2 row(s), but db__movesexecution1ccc0232_campuscluster_illinois_edu__dayofanyweek.parquet has 1. A note that travels with copied structure describes the snapshot it was written for, not this one
  fixtures/process-pm-exhaust.esm: pm_runspecday: the note opens by claiming 2 row(s), but db__movesexecution1ccc0232_campuscluster_illinois_edu__runspecday.parquet has 1. A note that travels with copied structure describes the snapshot it was written for, not this one
  fixtures/process-pm-exhaust.esm: pm_dayvmtfraction: the note opens by claiming 8 row(s), but db__movesexecution1ccc0232_campuscluster_illinois_edu__dayvmtfraction.parquet has 4. A note that travels with copied structure describes the snapshot it was written for, not this one
  fixtures/process-pm-exhaust.esm: pm_hourvmtfraction: the note opens by claiming 192 row(s), but db__movesexecution1ccc0232_campuscluster_illinois_edu__hourvmtfraction.parquet has 96. A note that travels with copied structure describes the snapshot it was written for, not this one
  fixtures/process-pm-exhaust.esm: pm_hourday: the note opens by claiming 48 row(s), but db__movesexecution1ccc0232_campuscluster_illinois_edu__hourday.parquet has 24. A note that travels with copied structure describes the snapshot it was written for, not this one
  fixtures/process-pm-exhaust.esm: pm_dayofanyweek: the note opens by claiming 2 row(s), but db__movesexecution1ccc0232_campuscluster_illinois_edu__dayofanyweek.parquet has 1. A note that travels with copied structure describes the snapshot it was written for, not this one
  fixtures/process-refueling.esm: rf_runspecday: the note opens by claiming 2 row(s), but db__movesexecution1ccc0232_campuscluster_illinois_edu__runspecday.parquet has 1. A note that travels with copied structure describes the snapshot it was written for, not this one
  fixtures/process-refueling.esm: rf_dayvmtfraction: the note opens by claiming 8 row(s), but db__movesexecution1ccc0232_campuscluster_illinois_edu__dayvmtfraction.parquet has 4. A note that travels with copied structure describes the snapshot it was written for, not this one
  fixtures/process-refueling.esm: rf_hourvmtfraction: the note opens by claiming 192 row(s), but db__movesexecution1ccc0232_campuscluster_illinois_edu__hourvmtfraction.parquet has 96. A note that travels with copied structure describes the snapshot it was written for, not this one
  fixtures/process-refueling.esm: rf_hourday: the note opens by claiming 48 row(s), but db__movesexecution1ccc0232_campuscluster_illinois_edu__hourday.parquet has 24. A note that travels with copied structure describes the snapshot it was written for, not this one
  fixtures/process-refueling.esm: rf_dayofanyweek: the note opens by claiming 2 row(s), but db__movesexecution1ccc0232_campuscluster_illinois_edu__dayofanyweek.parquet has 1. A note that travels with copied structure describes the snapshot it was written for, not this one
  fixtures/process-tirewear.esm: tw_runspecday: the note opens by claiming 2 row(s), but db__movesexecution1ccc0232_campuscluster_illinois_edu__runspecday.parquet has 1. A note that travels with copied structure describes the snapshot it was written for, not this one
  fixtures/process-tirewear.esm: tw_dayvmtfraction: the note opens by claiming 8 row(s), but db__movesexecution1ccc0232_campuscluster_illinois_edu__dayvmtfraction.parquet has 4. A note that travels with copied structure describes the snapshot it was written for, not this one
  fixtures/process-tirewear.esm: tw_hourvmtfraction: the note opens by claiming 192 row(s), but db__movesexecution1ccc0232_campuscluster_illinois_edu__hourvmtfraction.parquet has 96. A note that travels with copied structure describes the snapshot it was written for, not this one
  fixtures/process-tirewear.esm: tw_hourday: the note opens by claiming 48 row(s), but db__movesexecution1ccc0232_campuscluster_illinois_edu__hourday.parquet has 24. A note that travels with copied structure describes the snapshot it was written for, not this one
  fixtures/process-tirewear.esm: tw_dayofanyweek: the note opens by claiming 2 row(s), but db__movesexecution1ccc0232_campuscluster_illinois_edu__dayofanyweek.parquet has 1. A note that travels with copied structure describes the snapshot it was written for, not this one

[1mcalculator coverage[0m
checked 17 specifications against 65 MOVES modules (35 live)

[1mtest (./components ./lib ./runs)[0m
  
  ================ ESM inline-test summary ================
  Files discovered: 46
  Assertions:       913
  Mounted:          19 (esm-spec §6.6 — a mounted component's inline tests are not run here; they run when its own file is a test target)
    - ./runs/evap_leaks_run.esm :: OpModes ← ../components/evap_operating_mode_distribution.esm
    - ./runs/evap_leaks_run.esm :: Rates ← ../components/evap_weighted_base_rate.esm
    - ./runs/evap_leaks_run.esm :: Emissions ← ../components/liquid_leaking_emissions.esm
    - ./runs/micro_exhaust_run.esm :: Rates ← ../components/deteriorated_emission_rate.esm
    - ./runs/micro_exhaust_run.esm :: Adjust ← ../components/exhaust_adjustment.esm
    - ./runs/mixed_onroad_run.esm :: Travel ← ../components/onroad_travel_fraction.esm
    - ./runs/mixed_onroad_run.esm :: Activity ← ../components/onroad_source_hours.esm
    - ./runs/mixed_onroad_run.esm :: Cohorts ← ../components/onroad_source_bin_distribution.esm
    - ./runs/mixed_onroad_run.esm :: Output ← ../components/onroad_energy_output.esm
    - ./runs/nr_logging_county_run.esm :: Geography ← ../components/geographic_allocation.esm
    - ./runs/nr_logging_county_run.esm :: Population ← ../components/equipment_population.esm
    - ./runs/nr_logging_county_run.esm :: Growth ← ../components/growth_index.esm
    - ./runs/nr_logging_county_run.esm :: Age ← ../components/age_distribution.esm
    - ./runs/nr_logging_county_run.esm :: Activity ← ../components/activity_temporal.esm
    - ./runs/nr_logging_county_run.esm :: Factors ← ../components/exhaust_emission_factors.esm
    - ./runs/nr_logging_county_run.esm :: Adjust ← ../components/exhaust_adjustment.esm
    - ./runs/nr_logging_county_run.esm :: Fuel ← ../components/fuel_properties.esm
    - ./runs/nr_logging_county_run.esm :: Rollup ← ../components/exhaust_rollup.esm
    - ./runs/nr_logging_county_run.esm :: Output ← ../components/movesoutput_aggregation.esm
    file                                                 pass   fail    err
    ---------------------------------------------------------------------------
    ./components/activity_temporal.esm                     21      0      0
    ./components/age_distribution.esm                      55      0      0
    ./components/deteriorated_emission_rate.esm            10      0      0
    ./components/equipment_population.esm                  10      0      0
    ./components/evap_operating_mode_distribution.esm      17      0      0
    ./components/evap_weighted_base_rate.esm               27      0      0
    ./components/exhaust_adjustment.esm                    20      0      0
    ./components/exhaust_emission_factors.esm              34      0      0
    ./components/exhaust_rollup.esm                        25      0      0
    ./components/fuel_effects.esm                          43      0      0
    ./components/fuel_properties.esm                       18      0      0
    ./components/geographic_allocation.esm                 20      0      0
    ./components/growth_index.esm                          25      0      0
    ./components/liquid_leaking_emissions.esm              37      0      0
    ./components/meteorology.esm                           42      0      0
    ./components/movesoutput_aggregation.esm               59      0      0
    ./components/nr_air_toxics.esm                         36      0      0
    ./components/nr_hc_speciation.esm                      33      0      0
    ./components/onroad_energy_output.esm                  55      0      0
    ./components/onroad_source_bin_distribution.esm        36      0      0
    ./components/onroad_source_hours.esm                   23      0      0
    ./components/onroad_travel_fraction.esm                19      0      0
    ./components/rates_operating_mode_distribution.esm     21      0      0
    ./components/refueling_loss_rate.esm                   27      0      0
    ./components/start_operating_mode_distribution.esm     27      0      0
    ./components/tank_fuel_venting.esm                     35      0      0
    ./components/tank_temperature.esm                      64      0      0
    ./runs/evap_leaks_run.esm                              26      0      0
    ./runs/micro_exhaust_run.esm                            9      0      0
    ./runs/mixed_onroad_run.esm                            30      0      0
    ./runs/nr_logging_county_run.esm                        9      0      0
    ---------------------------------------------------------------------------
    TOTAL                                                 913      0      0
  =========================================================

[1mround-trip[0m
  [32mok[0m   components/activity_temporal.esm
  [32mok[0m   components/age_distribution.esm
  [32mok[0m   components/deteriorated_emission_rate.esm
  [32mok[0m   components/equipment_population.esm
  [32mok[0m   components/evap_operating_mode_distribution.esm
  [32mok[0m   components/evap_weighted_base_rate.esm
  [32mok[0m   components/exhaust_adjustment.esm
  [32mok[0m   components/exhaust_emission_factors.esm
  [32mok[0m   components/exhaust_rollup.esm
  [32mok[0m   components/fuel_effects.esm
  [32mok[0m   components/fuel_properties.esm
  [32mok[0m   components/geographic_allocation.esm
  [32mok[0m   components/growth_index.esm
  [32mok[0m   components/liquid_leaking_emissions.esm
  [32mok[0m   components/meteorology.esm
  [32mok[0m   components/movesoutput_aggregation.esm
  [32mok[0m   components/nr_air_toxics.esm
  [32mok[0m   components/nr_hc_speciation.esm
  [32mok[0m   components/onroad_energy_output.esm
  [32mok[0m   components/onroad_source_bin_distribution.esm
  [32mok[0m   components/onroad_source_hours.esm
  [32mok[0m   components/onroad_travel_fraction.esm
  [32mok[0m   components/rates_operating_mode_distribution.esm
  [32mok[0m   components/refueling_loss_rate.esm
  [32mok[0m   components/start_operating_mode_distribution.esm
  [32mok[0m   components/tank_fuel_venting.esm
  [32mok[0m   components/tank_temperature.esm
  [32mok[0m   fixtures/chain-so2-co2e-mechanism.esm
  [32mok[0m   fixtures/mixed-onroad.esm
  [32mok[0m   fixtures/nr-airtoxics-lawn-garden-county.esm
  [32mok[0m   fixtures/nr-logging-county.esm
  [32mok[0m   fixtures/process-airtoxics.esm
  [32mok[0m   fixtures/process-brakewear.esm
  [32mok[0m   fixtures/process-crankcase-running.esm
  [32mok[0m   fixtures/process-evap-fvv.esm
  [32mok[0m   fixtures/process-evap-leaks.esm
  [32mok[0m   fixtures/process-evap-permeation.esm
  [32mok[0m   fixtures/process-nox-speciation.esm
  [32mok[0m   fixtures/process-pm-exhaust.esm
  [32mok[0m   fixtures/process-refueling.esm
  [32mok[0m   fixtures/process-tirewear.esm
  [32mok[0m   gates/equijoin_driven.esm
  [32mok[0m   gates/equijoin_undriven_control.esm
  [32mok[0m   lib/adjustments.esm
  [32mok[0m   lib/co2_equivalent.esm
  [32mok[0m   lib/conversion.esm
  [32mok[0m   lib/drive_cycle.esm
  [32mok[0m   lib/emission_factors.esm
  [32mok[0m   lib/evaporative.esm
  [32mok[0m   lib/fuel_effects.esm
  [32mok[0m   lib/identifiers.esm
  [32mok[0m   lib/meteorology.esm
  [32mok[0m   lib/nonroad_speciation.esm
  [32mok[0m   lib/onroad_activity.esm
  [32mok[0m   lib/operating_mode.esm
  [32mok[0m   lib/population.esm
  [32mok[0m   lib/refueling.esm
  [32mok[0m   runs/evap_leaks_run.esm
  [32mok[0m   runs/micro_exhaust_run.esm
  [32mok[0m   runs/mixed_onroad_run.esm
  [32mok[0m   runs/nr_logging_county_run.esm

[1mjoin.on scaling gate[0m
  driven   (1.0e10 candidate pairs, join.on): 335 ms
  ungated  (4.0e6 candidate pairs, filter)  : 4486 ms
  [32mok[0m   driven join is >4x faster on 2500x the pairs

[1mknown limitations (expected to fail)[0m
  [32mok[0m   join_leaf (control) passes standalone, so F21 is about the mount
  [32mok[0m   F13 enum leaves (control) pass standalone, so F13 is about the mount
  [32mok[0m   F24b control passes: a recurrence still evaluates in a document that INGESTS
  [32mok[0m   F18 key-override control passes: an overridden key stays exact, and Float32 is still live
  [32mok[0m   F28 contracted-lag control passes: a data-named predecessor is reachable, at O(max lag) per cell
  [32mok[0m   F2 control: a restatement that disagrees with the leaf is refused as subsystem_index_set_conflict
  [32mok[0m   F13_enums_collide_across_a_mount still fails, as recorded
  [32mok[0m   F14_ragged_index_set_ignores_its_member_factor still fails, as recorded
  [32mok[0m   F20_constant_folded_rhs_loses_the_array_shape still fails, as recorded
  [32mok[0m   F21_a_scoped_name_is_not_assertable still fails, as recorded
  [32mok[0m   F22a_a_discrete_event_on_the_array_path still fails, as recorded
  [32mok[0m   F22b_an_implicit_equation_on_the_array_path still fails, as recorded
  [32mok[0m   F28_a_data_named_predecessor_is_not_a_recurrence still fails, as recorded
  [32mok[0m   F3_enums_do_not_cross_a_template_import still fails, as recorded
  [32mok[0m   F41_an_assertion_cannot_say_why still fails, as recorded
  [32mok[0m   F5_skolem_distinct_does_not_materialize still fails, as recorded
  [32mok[0m   unbound-name control: refused, naming it — ingesting a real snapshot table
  [32mok[0m   unbound-name control: refused, naming it — a free index symbol on the array path
  [32mok[0m   F8_layered_library_round_trip still fails, as recorded

[1mfixtures[0m
  [31mFAIL[0m fixture chain-so2-co2e-mechanism — inline assertions
       
       ================ ESM inline-test summary ================
       Files discovered: 1
       Assertions:       333
         file                                    pass   fail    err
         --------------------------------------------------------------
         fixtures/chain-so2-co2e-mechanism.esm    261     39     33
         --------------------------------------------------------------
         TOTAL                                    261     39     33
       
       Failures:
         - fixtures/chain-so2-co2e-mechanism.esm :: ChainSO2CO2eMechanism/the_drive_cycle_weights_are_one_distribution_over_twenty_three_running_modes[2] (day_WTotal@t=0.0) — ERROR
             assertion evaluation failed: `coords` position 2 along 'runspecday_rows' resolves to index 2, outside 1..1
         - fixtures/chain-so2-co2e-mechanism.esm :: ChainSO2CO2eMechanism/the_drive_cycle_weights_are_one_distribution_over_twenty_three_running_modes[4] (day_WModeCount@t=0.0) — ERROR
             assertion evaluation failed: `coords` position 2 along 'runspecday_rows' resolves to index 2, outside 1..1
         - fixtures/chain-so2-co2e-mechanism.esm :: ChainSO2CO2eMechanism/the_activity_chain_reproduces_the_reference_sho_table[3] (act_averageSpeed@t=0.0) — FAIL
             actual=56.361205525 expected=67.0416879 (rtol=0.000000001, atol=0)
         - fixtures/chain-so2-co2e-mechanism.esm :: ChainSO2CO2eMechanism/the_activity_chain_reproduces_the_reference_sho_table[4] (act_averageSpeed@t=0.0) — ERROR
             assertion evaluation failed: `coords` position 42 along 'activity_rows' resolves to index 42, outside 1..41
         - fixtures/chain-so2-co2e-mechanism.esm :: ChainSO2CO2eMechanism/the_activity_chain_reproduces_the_reference_sho_table[5] (act_sho@t=0.0) — FAIL
             actual=260.05730384453915 expected=27.33 (rtol=0.00001, atol=0)
         - fixtures/chain-so2-co2e-mechanism.esm :: ChainSO2CO2eMechanism/the_activity_chain_reproduces_the_reference_sho_table[6] (act_sho@t=0.0) — FAIL
             actual=23.19180710506584 expected=2.43728 (rtol=0.00001, atol=0)
         - fixtures/chain-so2-co2e-mechanism.esm :: ChainSO2CO2eMechanism/the_activity_chain_reproduces_the_reference_sho_table[7] (act_sho@t=0.0) — ERROR
             assertion evaluation failed: `coords` position 42 along 'activity_rows' resolves to index 42, outside 1..41
         - fixtures/chain-so2-co2e-mechanism.esm :: ChainSO2CO2eMechanism/the_activity_chain_reproduces_the_reference_sho_table[8] (act_sho@t=0.0) — ERROR
             assertion evaluation failed: `coords` position 82 along 'activity_rows' resolves to index 82, outside 1..41
         - fixtures/chain-so2-co2e-mechanism.esm :: ChainSO2CO2eMechanism/the_collapsed_base_rate_reproduces_baseRateByAge_and_reaches_every_species_row[1] (rtDay_meanBaseRate@t=0.0) — FAIL
             actual=76.7493290371135 expected=84.6858 (rtol=0.00002, atol=0)
         - fixtures/chain-so2-co2e-mechanism.esm :: ChainSO2CO2eMechanism/the_collapsed_base_rate_reproduces_baseRateByAge_and_reaches_every_species_row[2] (rtDay_meanBaseRateACAdj@t=0.0) — FAIL
             actual=17.084842569542595 expected=19.3359 (rtol=0.00002, atol=0)
         - fixtures/chain-so2-co2e-mechanism.esm :: ChainSO2CO2eMechanism/the_collapsed_base_rate_reproduces_baseRateByAge_and_reaches_every_species_row[3] (rtDay_meanBaseRate@t=0.0) — ERROR
             assertion evaluation failed: `coords` position 2 along 'runspecday_rows' resolves to index 2, outside 1..1
         - fixtures/chain-so2-co2e-mechanism.esm :: ChainSO2CO2eMechanism/the_collapsed_base_rate_reproduces_baseRateByAge_and_reaches_every_species_row[4] (rtDay_meanBaseRateACAdj@t=0.0) — ERROR
             assertion evaluation failed: `coords` position 2 along 'runspecday_rows' resolves to index 2, outside 1..1
         - fixtures/chain-so2-co2e-mechanism.esm :: ChainSO2CO2eMechanism/the_collapsed_base_rate_reproduces_baseRateByAge_and_reaches_every_species_row[5] (rtDay_meanBaseRate@t=0.0) — FAIL
             actual=0.0001623075354551031 expected=0.000189879 (rtol=0.00002, atol=0)
         - fixtures/chain-so2-co2e-mechanism.esm :: ChainSO2CO2eMechanism/the_collapsed_base_rate_reproduces_baseRateByAge_and_reaches_every_species_row[6] (rtDay_meanBaseRate@t=0.0) — ERROR
             assertion evaluation failed: `coords` position 2 along 'runspecday_rows' resolves to index 2, outside 1..1
         - fixtures/chain-so2-co2e-mechanism.esm :: ChainSO2CO2eMechanism/the_collapsed_base_rate_reproduces_baseRateByAge_and_reaches_every_species_row[10] (rtDay_rootRate@t=0.0) — FAIL
             actual=76.7493290371135 expected=84.6858 (rtol=0.00002, atol=0)
         - fixtures/chain-so2-co2e-mechanism.esm :: ChainSO2CO2eMechanism/the_collapsed_base_rate_reproduces_baseRateByAge_and_reaches_every_species_row[11] (rtDay_rootRate@t=0.0) — FAIL
             actual=76.7493290371135 expected=84.6858 (rtol=0.00002, atol=0)
         - fixtures/chain-so2-co2e-mechanism.esm :: ChainSO2CO2eMechanism/the_collapsed_base_rate_reproduces_baseRateByAge_and_reaches_every_species_row[12] (rtDay_rootRate@t=0.0) — FAIL
             actual=76.7493290371135 expected=84.6858 (rtol=0.00002, atol=0)
         - fixtures/chain-so2-co2e-mechanism.esm :: ChainSO2CO2eMechanism/the_collapsed_base_rate_reproduces_baseRateByAge_and_reaches_every_species_row[13] (rtDay_rootRate@t=0.0) — FAIL
             actual=76.7493290371135 expected=84.6858 (rtol=0.00002, atol=0)
         - fixtures/chain-so2-co2e-mechanism.esm :: ChainSO2CO2eMechanism/the_four_air_toxic_paths_and_the_worked_examples_reach_MOVESOutput[17] (out_emissionQuant@t=0.0) — FAIL
             actual=16.997695107855165 expected=94.513 (rtol=0.00002, atol=0)
         - fixtures/chain-so2-co2e-mechanism.esm :: ChainSO2CO2eMechanism/the_four_air_toxic_paths_and_the_worked_examples_reach_MOVESOutput[18] (out_emissionQuant@t=0.0) — ERROR
             assertion evaluation failed: `coords` position 3617 along 'output_rows' resolves to index 3617, outside 1..2767
         - fixtures/chain-so2-co2e-mechanism.esm :: ChainSO2CO2eMechanism/the_four_air_toxic_paths_and_the_worked_examples_reach_MOVESOutput[19] (out_emissionQuant@t=0.0) — ERROR
             assertion evaluation failed: `coords` position 4241 along 'output_rows' resolves to index 4241, outside 1..2767
         - fixtures/chain-so2-co2e-mechanism.esm :: ChainSO2CO2eMechanism/the_four_air_toxic_paths_and_the_worked_examples_reach_MOVESOutput[20] (out_emissionQuant@t=0.0) — FAIL
             actual=0.011892694867895978 expected=3.01783 (rtol=0.00002, atol=0)
         - fixtures/chain-so2-co2e-mechanism.esm :: ChainSO2CO2eMechanism/the_four_air_toxic_paths_and_the_worked_examples_reach_MOVESOutput[21] (out_emissionQuant@t=0.0) — FAIL
             actual=0.03518794850447745 expected=0.465734 (rtol=0.00002, atol=0)
         - fixtures/chain-so2-co2e-mechanism.esm :: ChainSO2CO2eMechanism/the_four_air_toxic_paths_and_the_worked_examples_reach_MOVESOutput[22] (out_emissionQuant@t=0.0) — FAIL
             actual=0.0383408509700335 expected=1.16485 (rtol=0.00002, atol=0)
         - fixtures/chain-so2-co2e-mechanism.esm :: ChainSO2CO2eMechanism/the_four_air_toxic_paths_and_the_worked_examples_reach_MOVESOutput[23] (out_emissionQuant@t=0.0) — FAIL
             actual=34.09012274364992 expected=26.2569 (rtol=0.00002, atol=0)
         - fixtures/chain-so2-co2e-mechanism.esm :: ChainSO2CO2eMechanism/the_four_air_toxic_paths_and_the_worked_examples_reach_MOVESOutput[24] (out_emissionQuant@t=0.0) — ERROR
             assertion evaluation failed: `coords` position 3538 along 'output_rows' resolves to index 3538, outside 1..2767
         - fixtures/chain-so2-co2e-mechanism.esm :: ChainSO2CO2eMechanism/the_four_air_toxic_paths_and_the_worked_examples_reach_MOVESOutput[25] (out_emissionQuant@t=0.0) — ERROR
             assertion evaluation failed: `coords` position 4162 along 'output_rows' resolves to index 4162, outside 1..2767
         - fixtures/chain-so2-co2e-mechanism.esm :: ChainSO2CO2eMechanism/the_four_air_toxic_paths_and_the_worked_examples_reach_MOVESOutput[26] (out_emissionQuant@t=0.0) — FAIL
             actual=0.00013387559882005527 expected=0.797952 (rtol=0.00002, atol=0)
         - fixtures/chain-so2-co2e-mechanism.esm :: ChainSO2CO2eMechanism/the_four_air_toxic_paths_and_the_worked_examples_reach_MOVESOutput[27] (out_emissionQuant@t=0.0) — FAIL
             actual=0.26970566832077136 expected=0 (rtol=0.00002, atol=0)
         - fixtures/chain-so2-co2e-mechanism.esm :: ChainSO2CO2eMechanism/the_four_air_toxic_paths_and_the_worked_examples_reach_MOVESOutput[28] (out_emissionQuant@t=0.0) — FAIL
             actual=0.6398640590723433 expected=0.255359 (rtol=0.00002, atol=0)
         - fixtures/chain-so2-co2e-mechanism.esm :: ChainSO2CO2eMechanism/the_four_air_toxic_paths_and_the_worked_examples_reach_MOVESOutput[29] (out_emissionQuant@t=0.0) — FAIL
             actual=3.7632063109112743 expected=0.00881415 (rtol=0.00002, atol=0)
         - fixtures/chain-so2-co2e-mechanism.esm :: ChainSO2CO2eMechanism/the_four_air_toxic_paths_and_the_worked_examples_reach_MOVESOutput[30] (out_emissionQuant@t=0.0) — ERROR
             assertion evaluation failed: `coords` position 3700 along 'output_rows' resolves to index 3700, outside 1..2767
         - fixtures/chain-so2-co2e-mechanism.esm :: ChainSO2CO2eMechanism/the_four_air_toxic_paths_and_the_worked_examples_reach_MOVESOutput[31] (out_emissionQuant@t=0.0) — ERROR
             assertion evaluation failed: `coords` position 4324 along 'output_rows' resolves to index 4324, outside 1..2767
         - fixtures/chain-so2-co2e-mechanism.esm :: ChainSO2CO2eMechanism/the_four_air_toxic_paths_and_the_worked_examples_reach_MOVESOutput[32] (out_emissionQuant@t=0.0) — FAIL
             actual=0.0345858044962075 expected=0.00017754 (rtol=0.00002, atol=0)
         - fixtures/chain-so2-co2e-mechanism.esm :: ChainSO2CO2eMechanism/the_four_air_toxic_paths_and_the_worked_examples_reach_MOVESOutput[33] (out_emissionQuant@t=0.0) — FAIL
             actual=0.014815773706592008 expected=0.00581979 (rtol=0.00002, atol=0)
         - fixtures/chain-so2-co2e-mechanism.esm :: ChainSO2CO2eMechanism/the_four_air_toxic_paths_and_the_worked_examples_reach_MOVESOutput[34] (out_emissionQuant@t=0.0) — ERROR
             assertion evaluation failed: `coords` position 4364 along 'output_rows' resolves to index 4364, outside 1..2767
         - fixtures/chain-so2-co2e-mechanism.esm :: ChainSO2CO2eMechanism/the_four_air_toxic_paths_and_the_worked_examples_reach_MOVESOutput[35] (out_emissionQuant@t=0.0) — FAIL
             actual=23.67289611830909 expected=0.0826557 (rtol=0.00002, atol=0)
         - fixtures/chain-so2-co2e-mechanism.esm :: ChainSO2CO2eMechanism/the_four_air_toxic_paths_and_the_worked_examples_reach_MOVESOutput[36] (out_emissionQuant@t=0.0) — ERROR
             assertion evaluation failed: `coords` position 4299 along 'output_rows' resolves to index 4299, outside 1..2767
         - fixtures/chain-so2-co2e-mechanism.esm :: ChainSO2CO2eMechanism/the_four_air_toxic_paths_and_the_worked_examples_reach_MOVESOutput[37] (out_emissionQuant@t=0.0) — FAIL
             actual=0.030015503029722494 expected=0.000741552 (rtol=0.00002, atol=0)
         - fixtures/chain-so2-co2e-mechanism.esm :: ChainSO2CO2eMechanism/the_four_air_toxic_paths_and_the_worked_examples_reach_MOVESOutput[38] (out_emissionQuant@t=0.0) — FAIL
             actual=0.00001907585308152018 expected=0.0162025 (rtol=0.00002, atol=0)
         - fixtures/chain-so2-co2e-mechanism.esm :: ChainSO2CO2eMechanism/the_four_air_toxic_paths_and_the_worked_examples_reach_MOVESOutput[39] (out_emissionQuant@t=0.0) — FAIL
             actual=0.13186880036106455 expected=0 (rtol=0.00002, atol=0)
         - fixtures/chain-so2-co2e-mechanism.esm :: ChainSO2CO2eMechanism/the_four_air_toxic_paths_and_the_worked_examples_reach_MOVESOutput[40] (out_emissionQuant@t=0.0) — FAIL
             actual=0.011149664899605413 expected=0 (rtol=0.00002, atol=0)
         - fixtures/chain-so2-co2e-mechanism.esm :: ChainSO2CO2eMechanism/the_four_air_toxic_paths_and_the_worked_examples_reach_MOVESOutput[41] (out_emissionQuant@t=0.0) — FAIL
             actual=0.5937077407994277 expected=0 (rtol=0.00002, atol=0)
         - fixtures/chain-so2-co2e-mechanism.esm :: ChainSO2CO2eMechanism/the_four_air_toxic_paths_and_the_worked_examples_reach_MOVESOutput[44] (out_fuelTypeID@t=0.0) — FAIL
             actual=2 expected=1 (rtol=0.00002, atol=0)
         - fixtures/chain-so2-co2e-mechanism.esm :: ChainSO2CO2eMechanism/the_four_air_toxic_paths_and_the_worked_examples_reach_MOVESOutput[45] (out_dayID@t=0.0) — FAIL
             actual=5 expected=2 (rtol=0.00002, atol=0)
         - fixtures/chain-so2-co2e-mechanism.esm :: ChainSO2CO2eMechanism/the_four_air_toxic_paths_and_the_worked_examples_reach_MOVESOutput[46] (out_pollutantID@t=0.0) — FAIL
             actual=27 expected=20 (rtol=0.00002, atol=0)
         - fixtures/chain-so2-co2e-mechanism.esm :: ChainSO2CO2eMechanism/the_four_air_toxic_paths_and_the_worked_examples_reach_MOVESOutput[47] (out_fuelTypeID@t=0.0) — FAIL
             actual=1 expected=2 (rtol=0.00002, atol=0)
         - fixtures/chain-so2-co2e-mechanism.esm :: ChainSO2CO2eMechanism/the_four_air_toxic_paths_and_the_worked_examples_reach_MOVESOutput[48] (out_modelYearID@t=0.0) — FAIL
             actual=2010 expected=1991 (rtol=0.00002, atol=0)
         - fixtures/chain-so2-co2e-mechanism.esm :: ChainSO2CO2eMechanism/the_four_air_toxic_paths_and_the_worked_examples_reach_MOVESOutput[49] (out_dayID@t=0.0) — FAIL
             actual=5 expected=2 (rtol=0.00002, atol=0)
         - fixtures/chain-so2-co2e-mechanism.esm :: ChainSO2CO2eMechanism/the_four_air_toxic_paths_and_the_worked_examples_reach_MOVESOutput[50] (out_pollutantID@t=0.0) — ERROR
             assertion evaluation failed: `coords` position 4324 along 'output_rows' resolves to index 4324, outside 1..2767
         - fixtures/chain-so2-co2e-mechanism.esm :: ChainSO2CO2eMechanism/the_four_air_toxic_paths_and_the_worked_examples_reach_MOVESOutput[51] (out_fuelTypeID@t=0.0) — ERROR
             assertion evaluation failed: `coords` position 4324 along 'output_rows' resolves to index 4324, outside 1..2767
         - fixtures/chain-so2-co2e-mechanism.esm :: ChainSO2CO2eMechanism/the_four_air_toxic_paths_and_the_worked_examples_reach_MOVESOutput[52] (out_SCC@t=0.0) — ERROR
             assertion evaluation failed: `coords` position 4324 along 'output_rows' resolves to index 4324, outside 1..2767
         - fixtures/chain-so2-co2e-mechanism.esm :: ChainSO2CO2eMechanism/the_four_air_toxic_paths_and_the_worked_examples_reach_MOVESOutput[53] (out_SCC@t=0.0) — FAIL
             actual=2201210401 expected=2202210401 (rtol=0.00002, atol=0)
         - fixtures/chain-so2-co2e-mechanism.esm :: ChainSO2CO2eMechanism/the_four_air_toxic_paths_and_the_worked_examples_reach_MOVESOutput[54] (out_processID@t=0.0) — ERROR
             assertion evaluation failed: `coords` position 4324 along 'output_rows' resolves to index 4324, outside 1..2767
         - fixtures/chain-so2-co2e-mechanism.esm :: ChainSO2CO2eMechanism/the_four_air_toxic_paths_and_the_worked_examples_reach_MOVESOutput[55] (out_dayID@t=0.0) — ERROR
             assertion evaluation failed: `coords` position 4324 along 'output_rows' resolves to index 4324, outside 1..2767
         - fixtures/chain-so2-co2e-mechanism.esm :: ChainSO2CO2eMechanism/so2_is_the_fuel_sulfur_burned_scaled_by_the_energy_consumed[13] (out_emissionQuant@t=0.0) — FAIL
             actual=101.97692298212681 expected=3.879 (rtol=0.00002, atol=0)
         - fixtures/chain-so2-co2e-mechanism.esm :: ChainSO2CO2eMechanism/so2_is_the_fuel_sulfur_burned_scaled_by_the_energy_consumed[14] (out_emissionQuant@t=0.0) — FAIL
             actual=53.69113210383867 expected=0.00381515 (rtol=0.00002, atol=0)
         - fixtures/chain-so2-co2e-mechanism.esm :: ChainSO2CO2eMechanism/so2_is_the_fuel_sulfur_burned_scaled_by_the_energy_consumed[15] (out_emissionQuant@t=0.0) — ERROR
             assertion evaluation failed: `coords` position 4848 along 'output_rows' resolves to index 4848, outside 1..2767
         - fixtures/chain-so2-co2e-mechanism.esm :: ChainSO2CO2eMechanism/atmospheric_co2_and_co2_equivalent_are_two_ORDERED_steps_of_one_calculator[13] (out_emissionQuant@t=0.0) — ERROR
             assertion evaluation failed: `coords` position 4598 along 'output_rows' resolves to index 4598, outside 1..2767
         - fixtures/chain-so2-co2e-mechanism.esm :: ChainSO2CO2eMechanism/atmospheric_co2_and_co2_equivalent_are_two_ORDERED_steps_of_one_calculator[14] (out_emissionQuant@t=0.0) — ERROR
             assertion evaluation failed: `coords` position 4806 along 'output_rows' resolves to index 4806, outside 1..2767
         - fixtures/chain-so2-co2e-mechanism.esm :: ChainSO2CO2eMechanism/atmospheric_co2_and_co2_equivalent_are_two_ORDERED_steps_of_one_calculator[15] (out_emissionQuant@t=0.0) — ERROR
             assertion evaluation failed: `coords` position 5098 along 'output_rows' resolves to index 5098, outside 1..2767
         - fixtures/chain-so2-co2e-mechanism.esm :: ChainSO2CO2eMechanism/atmospheric_co2_and_co2_equivalent_are_two_ORDERED_steps_of_one_calculator[16] (out_emissionQuant@t=0.0) — ERROR
             assertion evaluation failed: `coords` position 5306 along 'output_rows' resolves to index 5306, outside 1..2767
         - fixtures/chain-so2-co2e-mechanism.esm :: ChainSO2CO2eMechanism/atmospheric_co2_and_co2_equivalent_are_two_ORDERED_steps_of_one_calculator[17] (out_emissionQuant@t=0.0) — FAIL
             actual=0.00008227510374302394 expected=20.5384 (rtol=0.00002, atol=0)
         - fixtures/chain-so2-co2e-mechanism.esm :: ChainSO2CO2eMechanism/atmospheric_co2_and_co2_equivalent_are_two_ORDERED_steps_of_one_calculator[18] (out_emissionQuant@t=0.0) — FAIL
             actual=2.3690901127743618 expected=1.43409 (rtol=0.00002, atol=0)
         - fixtures/chain-so2-co2e-mechanism.esm :: ChainSO2CO2eMechanism/nonhaptog_is_nmog_minus_the_mechanisms_integrated_species[5] (rtDay_nonHapTogNmog@t=0.0) — ERROR
             assertion evaluation failed: `coords` position 2 along 'runspecday_rows' resolves to index 2, outside 1..1
         - fixtures/chain-so2-co2e-mechanism.esm :: ChainSO2CO2eMechanism/nonhaptog_is_nmog_minus_the_mechanisms_integrated_species[6] (rtDay_nonHapTogSpecies@t=0.0) — ERROR
             assertion evaluation failed: `coords` position 2 along 'runspecday_rows' resolves to index 2, outside 1..1
         - fixtures/chain-so2-co2e-mechanism.esm :: ChainSO2CO2eMechanism/nonhaptog_is_nmog_minus_the_mechanisms_integrated_species[7] (rtDay_nonHapTogRaw@t=0.0) — ERROR
             assertion evaluation failed: `coords` position 2 along 'runspecday_rows' resolves to index 2, outside 1..1
         - fixtures/chain-so2-co2e-mechanism.esm :: ChainSO2CO2eMechanism/nonhaptog_is_nmog_minus_the_mechanisms_integrated_species[8] (rtDay_nonHapTogQuant@t=0.0) — ERROR
             assertion evaluation failed: `coords` position 2 along 'runspecday_rows' resolves to index 2, outside 1..1
         - fixtures/chain-so2-co2e-mechanism.esm :: ChainSO2CO2eMechanism/nonhaptog_is_nmog_minus_the_mechanisms_integrated_species[9] (out_emissionQuant@t=0.0) — ERROR
             assertion evaluation failed: `coords` position 4390 along 'output_rows' resolves to index 4390, outside 1..2767
         - fixtures/chain-so2-co2e-mechanism.esm :: ChainSO2CO2eMechanism/nonhaptog_is_nmog_minus_the_mechanisms_integrated_species[10] (out_emissionQuant@t=0.0) — ERROR
             assertion evaluation failed: `coords` position 3766 along 'output_rows' resolves to index 3766, outside 1..2767
         - fixtures/chain-so2-co2e-mechanism.esm :: ChainSO2CO2eMechanism/nonhaptog_is_nmog_minus_the_mechanisms_integrated_species[11] (out_emissionQuant@t=0.0) — ERROR
             assertion evaluation failed: `coords` position 3974 along 'output_rows' resolves to index 3974, outside 1..2767
         - fixtures/chain-so2-co2e-mechanism.esm :: ChainSO2CO2eMechanism/nonhaptog_is_nmog_minus_the_mechanisms_integrated_species[12] (out_emissionQuant@t=0.0) — FAIL
             actual=0.00008227510374302394 expected=20.5384 (rtol=0.00002, atol=0)
       =========================================================
  [31mFAIL[0m fixture mixed-onroad — inline assertions
       
       ================ ESM inline-test summary ================
       Files discovered: 1
       Assertions:       68
         file                        pass   fail    err
         --------------------------------------------------
         fixtures/mixed-onroad.esm     40     13     15
         --------------------------------------------------
         TOTAL                         40     13     15
       
       Failures:
         - fixtures/mixed-onroad.esm :: MixedOnroad/the_drive_cycle_weights_are_a_distribution_over_the_twenty_three_running_modes[2] (dc_WTotal@t=0.0) — ERROR
             assertion evaluation failed: `coords` position 2 along 'runspecday_rows' resolves to index 2, outside 1..1
         - fixtures/mixed-onroad.esm :: MixedOnroad/the_drive_cycle_weights_are_a_distribution_over_the_twenty_three_running_modes[4] (dc_WModeCount@t=0.0) — ERROR
             assertion evaluation failed: `coords` position 2 along 'runspecday_rows' resolves to index 2, outside 1..1
         - fixtures/mixed-onroad.esm :: MixedOnroad/the_activity_chain_reproduces_the_worked_examples[3] (act_averageSpeed@t=0.0) — FAIL
             actual=48.185058 expected=66.09407555 (rtol=0.000002, atol=0)
         - fixtures/mixed-onroad.esm :: MixedOnroad/the_activity_chain_reproduces_the_worked_examples[4] (act_averageSpeed@t=0.0) — ERROR
             assertion evaluation failed: `coords` position 42 along 'activity_rows' resolves to index 42, outside 1..41
         - fixtures/mixed-onroad.esm :: MixedOnroad/the_activity_chain_reproduces_the_worked_examples[5] (act_sho@t=0.0) — FAIL
             actual=35.90528309920591 expected=4.88065 (rtol=0.000002, atol=0)
         - fixtures/mixed-onroad.esm :: MixedOnroad/the_activity_chain_reproduces_the_worked_examples[6] (act_sho@t=0.0) — ERROR
             assertion evaluation failed: `coords` position 42 along 'activity_rows' resolves to index 42, outside 1..41
         - fixtures/mixed-onroad.esm :: MixedOnroad/the_activity_chain_reproduces_the_worked_examples[7] (act_sho@t=0.0) — ERROR
             assertion evaluation failed: `coords` position 62 along 'activity_rows' resolves to index 62, outside 1..41
         - fixtures/mixed-onroad.esm :: MixedOnroad/the_activity_chain_reproduces_the_worked_examples[8] (act_sho@t=0.0) — FAIL
             actual=402.6176603769177 expected=54.7283 (rtol=0.000002, atol=0)
         - fixtures/mixed-onroad.esm :: MixedOnroad/the_four_worked_examples_reach_MOVESOutput[1] (out_emissionQuant@t=0.0) — FAIL
             actual=1.9951444540010859 expected=0.895519 (rtol=0.00002, atol=0)
         - fixtures/mixed-onroad.esm :: MixedOnroad/the_four_worked_examples_reach_MOVESOutput[2] (out_emissionQuant@t=0.0) — ERROR
             assertion evaluation failed: `coords` position 126 along 'output_rows' resolves to index 126, outside 1..125
         - fixtures/mixed-onroad.esm :: MixedOnroad/the_four_worked_examples_reach_MOVESOutput[3] (out_emissionQuant@t=0.0) — ERROR
             assertion evaluation failed: `coords` position 250 along 'output_rows' resolves to index 250, outside 1..125
         - fixtures/mixed-onroad.esm :: MixedOnroad/the_four_worked_examples_reach_MOVESOutput[4] (out_emissionQuant@t=0.0) — FAIL
             actual=0.17651774641588133 expected=0.0913402 (rtol=0.00002, atol=0)
         - fixtures/mixed-onroad.esm :: MixedOnroad/the_four_worked_examples_reach_MOVESOutput[7] (out_modelYearID@t=0.0) — ERROR
             assertion evaluation failed: `coords` position 250 along 'output_rows' resolves to index 250, outside 1..125
         - fixtures/mixed-onroad.esm :: MixedOnroad/the_four_worked_examples_reach_MOVESOutput[8] (out_fuelTypeID@t=0.0) — ERROR
             assertion evaluation failed: `coords` position 250 along 'output_rows' resolves to index 250, outside 1..125
         - fixtures/mixed-onroad.esm :: MixedOnroad/the_four_worked_examples_reach_MOVESOutput[11] (out_SCC@t=0.0) — ERROR
             assertion evaluation failed: `coords` position 212 along 'output_rows' resolves to index 212, outside 1..125
         - fixtures/mixed-onroad.esm :: MixedOnroad/the_collapsed_base_rate_reproduces_the_references_own_intermediate[1] (cohDay_meanBaseRate@t=0.0) — FAIL
             actual=293130.80776024837 expected=387171 (rtol=0.00002, atol=0)
         - fixtures/mixed-onroad.esm :: MixedOnroad/the_collapsed_base_rate_reproduces_the_references_own_intermediate[2] (cohDay_meanBaseRate@t=0.0) — ERROR
             assertion evaluation failed: `coords` position 2 along 'runspecday_rows' resolves to index 2, outside 1..1
         - fixtures/mixed-onroad.esm :: MixedOnroad/the_collapsed_base_rate_reproduces_the_references_own_intermediate[3] (cohDay_meanBaseRate@t=0.0) — FAIL
             actual=155268.1668888951 expected=205339 (rtol=0.00002, atol=0)
         - fixtures/mixed-onroad.esm :: MixedOnroad/the_collapsed_base_rate_reproduces_the_references_own_intermediate[4] (cohDay_meanBaseRate@t=0.0) — ERROR
             assertion evaluation failed: `coords` position 2 along 'runspecday_rows' resolves to index 2, outside 1..1
         - fixtures/mixed-onroad.esm :: MixedOnroad/the_collapsed_base_rate_reproduces_the_references_own_intermediate[5] (cohDay_meanBaseRate@t=0.0) — FAIL
             actual=2065.3444268357857 expected=3144.9 (rtol=0.00002, atol=0)
         - fixtures/mixed-onroad.esm :: MixedOnroad/the_collapsed_base_rate_reproduces_the_references_own_intermediate[6] (cohDay_meanBaseRate@t=0.0) — ERROR
             assertion evaluation failed: `coords` position 2 along 'runspecday_rows' resolves to index 2, outside 1..1
         - fixtures/mixed-onroad.esm :: MixedOnroad/the_collapsed_base_rate_reproduces_the_references_own_intermediate[7] (cohDay_meanBaseRate@t=0.0) — FAIL
             actual=15.753050789080202 expected=23.9872 (rtol=0.00002, atol=0)
         - fixtures/mixed-onroad.esm :: MixedOnroad/the_collapsed_base_rate_reproduces_the_references_own_intermediate[8] (cohDay_meanBaseRate@t=0.0) — ERROR
             assertion evaluation failed: `coords` position 2 along 'runspecday_rows' resolves to index 2, outside 1..1
         - fixtures/mixed-onroad.esm :: MixedOnroad/the_collapsed_base_rate_reproduces_the_references_own_intermediate[9] (cohDay_meanBaseRateACAdj@t=0.0) — FAIL
             actual=47060.01475994778 expected=56676.3 (rtol=0.00002, atol=0)
         - fixtures/mixed-onroad.esm :: MixedOnroad/the_collapsed_base_rate_reproduces_the_references_own_intermediate[10] (cohDay_meanBaseRateACAdj@t=0.0) — ERROR
             assertion evaluation failed: `coords` position 2 along 'runspecday_rows' resolves to index 2, outside 1..1
         - fixtures/mixed-onroad.esm :: MixedOnroad/the_collapsed_base_rate_reproduces_the_references_own_intermediate[11] (cohDay_meanBaseRateACAdj@t=0.0) — FAIL
             actual=24728.3023587995 expected=29891.4 (rtol=0.00002, atol=0)
         - fixtures/mixed-onroad.esm :: MixedOnroad/the_collapsed_base_rate_reproduces_the_references_own_intermediate[12] (cohDay_meanBaseRateACAdj@t=0.0) — FAIL
             actual=263.9479265122571 expected=427.225 (rtol=0.00002, atol=0)
         - fixtures/mixed-onroad.esm :: MixedOnroad/the_collapsed_base_rate_reproduces_the_references_own_intermediate[13] (cohDay_meanBaseRateACAdj@t=0.0) — FAIL
             actual=2.0132163129760605 expected=3.25858 (rtol=0.00002, atol=0)
       =========================================================
  [32mok[0m   nr-airtoxics-lawn-garden-county — inline assertions against the snapshot parquet
       assertions: 17      0      0
  [32mok[0m   nr-airtoxics-lawn-garden-county — compared against the snapshot MOVESOutput, complete
       ok nr-airtoxics-lawn-garden-county
         scope: pollutant(s) 131, 142 are NOT compared -- 968 of 14036 snapshot rows and 968 of 14036 emitted rows held out
                why: the two dioxin congeners are computed from nrDioxinEmissionRate.meanBaseRate, which every table in this corpus stores at float_decimals = 12 (moves.rs/crates/moves-snapshot/src/format.rs:17) -- so the 1.105e-09 of pollutant 131 keeps four significant figures and the 1.9e-11 of pollutant 142 keeps TWO, against the double MOVES itself read. Fitting the rate the reference must have used from its own output gives 1.1045021e-09 and 1.9434497e-11, both inside HALF A STORED QUANTUM of the captured value, which is the whole of the difference: no implementation reading this capture can be closer, and the uniform bias it leaves is 4.5e-04 and 2.24e-02 on the two blocks. run-nr-airtoxics-oracle.sh fits and asserts both rates every run, so the claim is checked rather than asserted once; docs/nr-airtoxics-lawn-garden-county.md 7.2 has the derivation. The fix is upstream, in the capture.
                storage: the capture is shortest_round_trip (moves-snapshot/v2, lossless), so the declared storage floor allows NOTHING and every cell is held to the relative gate. The declaration is now dead weight.
         rows: 13068 actual / 13068 expected
         identity: 19 columns, 3 varying (pollutantID, modelYearID, SCC); 16 constant, not shown below
         key set: 13068 shared, 0 missing, 0 extra
         worst cell: rel=9.417e-06 over 13068 cells (tolerance 2e-05)
         worst per-pollutant emissionQuant sum: rel=1.442e-06 (nonroad tolerance 0.01)
  [32mok[0m   nr-logging-county — inline assertions against the snapshot parquet
       assertions: 343      0      0
  [32mok[0m   nr-logging-county — compared against the snapshot MOVESOutput, complete
       ok nr-logging-county
         rows: 144 actual / 144 expected
         identity: 19 columns, 3 varying (pollutantID, modelYearID, SCC); 16 constant, not shown below
         key set: 144 shared, 0 missing, 0 extra
         worst cell: rel=4.561e-06 over 144 cells (tolerance 2e-05)
         worst per-pollutant emissionQuant sum: rel=2.079e-06 (nonroad tolerance 0.01)
  [31mFAIL[0m fixture process-airtoxics — inline assertions
       
       ================ ESM inline-test summary ================
       Files discovered: 1
       Assertions:       288
         file                             pass   fail    err
         -------------------------------------------------------
         fixtures/process-airtoxics.esm    236     28     24
         -------------------------------------------------------
         TOTAL                             236     28     24
       
       Failures:
         - fixtures/process-airtoxics.esm :: ProcessAirToxics/the_drive_cycle_weights_are_one_distribution_over_twenty_three_running_modes[2] (day_WTotal@t=0.0) — ERROR
             assertion evaluation failed: `coords` position 2 along 'runspecday_rows' resolves to index 2, outside 1..1
         - fixtures/process-airtoxics.esm :: ProcessAirToxics/the_drive_cycle_weights_are_one_distribution_over_twenty_three_running_modes[4] (day_WModeCount@t=0.0) — ERROR
             assertion evaluation failed: `coords` position 2 along 'runspecday_rows' resolves to index 2, outside 1..1
         - fixtures/process-airtoxics.esm :: ProcessAirToxics/the_activity_chain_reproduces_the_reference_sho_table[3] (act_averageSpeed@t=0.0) — FAIL
             actual=56.361205525 expected=67.0416879 (rtol=0.000000001, atol=0)
         - fixtures/process-airtoxics.esm :: ProcessAirToxics/the_activity_chain_reproduces_the_reference_sho_table[4] (act_averageSpeed@t=0.0) — ERROR
             assertion evaluation failed: `coords` position 42 along 'activity_rows' resolves to index 42, outside 1..41
         - fixtures/process-airtoxics.esm :: ProcessAirToxics/the_activity_chain_reproduces_the_reference_sho_table[5] (act_sho@t=0.0) — FAIL
             actual=260.05730384453915 expected=27.33 (rtol=0.00001, atol=0)
         - fixtures/process-airtoxics.esm :: ProcessAirToxics/the_activity_chain_reproduces_the_reference_sho_table[6] (act_sho@t=0.0) — FAIL
             actual=23.19180710506584 expected=2.43728 (rtol=0.00001, atol=0)
         - fixtures/process-airtoxics.esm :: ProcessAirToxics/the_activity_chain_reproduces_the_reference_sho_table[7] (act_sho@t=0.0) — ERROR
             assertion evaluation failed: `coords` position 42 along 'activity_rows' resolves to index 42, outside 1..41
         - fixtures/process-airtoxics.esm :: ProcessAirToxics/the_activity_chain_reproduces_the_reference_sho_table[8] (act_sho@t=0.0) — ERROR
             assertion evaluation failed: `coords` position 82 along 'activity_rows' resolves to index 82, outside 1..41
         - fixtures/process-airtoxics.esm :: ProcessAirToxics/the_collapsed_base_rate_reproduces_baseRateByAge_and_reaches_every_species_row[1] (rtDay_meanBaseRate@t=0.0) — FAIL
             actual=76.7493290371135 expected=84.6858 (rtol=0.00002, atol=0)
         - fixtures/process-airtoxics.esm :: ProcessAirToxics/the_collapsed_base_rate_reproduces_baseRateByAge_and_reaches_every_species_row[2] (rtDay_meanBaseRateACAdj@t=0.0) — FAIL
             actual=17.084842569542595 expected=19.3359 (rtol=0.00002, atol=0)
         - fixtures/process-airtoxics.esm :: ProcessAirToxics/the_collapsed_base_rate_reproduces_baseRateByAge_and_reaches_every_species_row[3] (rtDay_meanBaseRate@t=0.0) — ERROR
             assertion evaluation failed: `coords` position 2 along 'runspecday_rows' resolves to index 2, outside 1..1
         - fixtures/process-airtoxics.esm :: ProcessAirToxics/the_collapsed_base_rate_reproduces_baseRateByAge_and_reaches_every_species_row[4] (rtDay_meanBaseRateACAdj@t=0.0) — ERROR
             assertion evaluation failed: `coords` position 2 along 'runspecday_rows' resolves to index 2, outside 1..1
         - fixtures/process-airtoxics.esm :: ProcessAirToxics/the_collapsed_base_rate_reproduces_baseRateByAge_and_reaches_every_species_row[5] (rtDay_meanBaseRate@t=0.0) — FAIL
             actual=0.0001623075354551031 expected=0.000189879 (rtol=0.00002, atol=0)
         - fixtures/process-airtoxics.esm :: ProcessAirToxics/the_collapsed_base_rate_reproduces_baseRateByAge_and_reaches_every_species_row[6] (rtDay_meanBaseRate@t=0.0) — ERROR
             assertion evaluation failed: `coords` position 2 along 'runspecday_rows' resolves to index 2, outside 1..1
         - fixtures/process-airtoxics.esm :: ProcessAirToxics/the_collapsed_base_rate_reproduces_baseRateByAge_and_reaches_every_species_row[10] (rtDay_rootRate@t=0.0) — FAIL
             actual=76.7493290371135 expected=84.6858 (rtol=0.00002, atol=0)
         - fixtures/process-airtoxics.esm :: ProcessAirToxics/the_collapsed_base_rate_reproduces_baseRateByAge_and_reaches_every_species_row[11] (rtDay_rootRate@t=0.0) — FAIL
             actual=76.7493290371135 expected=84.6858 (rtol=0.00002, atol=0)
         - fixtures/process-airtoxics.esm :: ProcessAirToxics/the_collapsed_base_rate_reproduces_baseRateByAge_and_reaches_every_species_row[12] (rtDay_rootRate@t=0.0) — FAIL
             actual=76.7493290371135 expected=84.6858 (rtol=0.00002, atol=0)
         - fixtures/process-airtoxics.esm :: ProcessAirToxics/the_collapsed_base_rate_reproduces_baseRateByAge_and_reaches_every_species_row[13] (rtDay_rootRate@t=0.0) — FAIL
             actual=76.7493290371135 expected=84.6858 (rtol=0.00002, atol=0)
         - fixtures/process-airtoxics.esm :: ProcessAirToxics/the_two_air_toxic_paths_and_the_worked_examples_reach_MOVESOutput[17] (out_emissionQuant@t=0.0) — FAIL
             actual=16.997695107855165 expected=94.513 (rtol=0.00002, atol=0)
         - fixtures/process-airtoxics.esm :: ProcessAirToxics/the_two_air_toxic_paths_and_the_worked_examples_reach_MOVESOutput[18] (out_emissionQuant@t=0.0) — ERROR
             assertion evaluation failed: `coords` position 953 along 'output_rows' resolves to index 953, outside 1..644
         - fixtures/process-airtoxics.esm :: ProcessAirToxics/the_two_air_toxic_paths_and_the_worked_examples_reach_MOVESOutput[19] (out_emissionQuant@t=0.0) — ERROR
             assertion evaluation failed: `coords` position 1161 along 'output_rows' resolves to index 1161, outside 1..644
         - fixtures/process-airtoxics.esm :: ProcessAirToxics/the_two_air_toxic_paths_and_the_worked_examples_reach_MOVESOutput[20] (out_emissionQuant@t=0.0) — FAIL
             actual=0 expected=3.01783 (rtol=0.00002, atol=0)
         - fixtures/process-airtoxics.esm :: ProcessAirToxics/the_two_air_toxic_paths_and_the_worked_examples_reach_MOVESOutput[21] (out_emissionQuant@t=0.0) — FAIL
             actual=0.0015664899636584646 expected=0.465734 (rtol=0.00002, atol=0)
         - fixtures/process-airtoxics.esm :: ProcessAirToxics/the_two_air_toxic_paths_and_the_worked_examples_reach_MOVESOutput[22] (out_emissionQuant@t=0.0) — ERROR
             assertion evaluation failed: `coords` position 745 along 'output_rows' resolves to index 745, outside 1..644
         - fixtures/process-airtoxics.esm :: ProcessAirToxics/the_two_air_toxic_paths_and_the_worked_examples_reach_MOVESOutput[23] (out_emissionQuant@t=0.0) — FAIL
             actual=34.09012274364992 expected=26.2569 (rtol=0.00002, atol=0)
         - fixtures/process-airtoxics.esm :: ProcessAirToxics/the_two_air_toxic_paths_and_the_worked_examples_reach_MOVESOutput[24] (out_emissionQuant@t=0.0) — ERROR
             assertion evaluation failed: `coords` position 874 along 'output_rows' resolves to index 874, outside 1..644
         - fixtures/process-airtoxics.esm :: ProcessAirToxics/the_two_air_toxic_paths_and_the_worked_examples_reach_MOVESOutput[25] (out_emissionQuant@t=0.0) — ERROR
             assertion evaluation failed: `coords` position 1082 along 'output_rows' resolves to index 1082, outside 1..644
         - fixtures/process-airtoxics.esm :: ProcessAirToxics/the_two_air_toxic_paths_and_the_worked_examples_reach_MOVESOutput[26] (out_emissionQuant@t=0.0) — FAIL
             actual=0.5759343211734899 expected=0.797952 (rtol=0.00002, atol=0)
         - fixtures/process-airtoxics.esm :: ProcessAirToxics/the_two_air_toxic_paths_and_the_worked_examples_reach_MOVESOutput[27] (out_emissionQuant@t=0.0) — FAIL
             actual=98.33840210426885 expected=0 (rtol=0.00002, atol=0)
         - fixtures/process-airtoxics.esm :: ProcessAirToxics/the_two_air_toxic_paths_and_the_worked_examples_reach_MOVESOutput[28] (out_emissionQuant@t=0.0) — ERROR
             assertion evaluation failed: `coords` position 666 along 'output_rows' resolves to index 666, outside 1..644
         - fixtures/process-airtoxics.esm :: ProcessAirToxics/the_two_air_toxic_paths_and_the_worked_examples_reach_MOVESOutput[29] (out_emissionQuant@t=0.0) — FAIL
             actual=0.8230149224216835 expected=0.00881415 (rtol=0.00002, atol=0)
         - fixtures/process-airtoxics.esm :: ProcessAirToxics/the_two_air_toxic_paths_and_the_worked_examples_reach_MOVESOutput[30] (out_emissionQuant@t=0.0) — ERROR
             assertion evaluation failed: `coords` position 1036 along 'output_rows' resolves to index 1036, outside 1..644
         - fixtures/process-airtoxics.esm :: ProcessAirToxics/the_two_air_toxic_paths_and_the_worked_examples_reach_MOVESOutput[31] (out_emissionQuant@t=0.0) — ERROR
             assertion evaluation failed: `coords` position 1244 along 'output_rows' resolves to index 1244, outside 1..644
         - fixtures/process-airtoxics.esm :: ProcessAirToxics/the_two_air_toxic_paths_and_the_worked_examples_reach_MOVESOutput[32] (out_emissionQuant@t=0.0) — FAIL
             actual=0.20338629574678085 expected=0.00017754 (rtol=0.00002, atol=0)
         - fixtures/process-airtoxics.esm :: ProcessAirToxics/the_two_air_toxic_paths_and_the_worked_examples_reach_MOVESOutput[33] (out_emissionQuant@t=0.0) — FAIL
             actual=0.00036305171619493596 expected=0.00581979 (rtol=0.00002, atol=0)
         - fixtures/process-airtoxics.esm :: ProcessAirToxics/the_two_air_toxic_paths_and_the_worked_examples_reach_MOVESOutput[34] (out_emissionQuant@t=0.0) — ERROR
             assertion evaluation failed: `coords` position 1284 along 'output_rows' resolves to index 1284, outside 1..644
         - fixtures/process-airtoxics.esm :: ProcessAirToxics/the_two_air_toxic_paths_and_the_worked_examples_reach_MOVESOutput[35] (out_emissionQuant@t=0.0) — FAIL
             actual=2.1284689788329354 expected=0.0826557 (rtol=0.00002, atol=0)
         - fixtures/process-airtoxics.esm :: ProcessAirToxics/the_two_air_toxic_paths_and_the_worked_examples_reach_MOVESOutput[36] (out_emissionQuant@t=0.0) — ERROR
             assertion evaluation failed: `coords` position 1219 along 'output_rows' resolves to index 1219, outside 1..644
         - fixtures/process-airtoxics.esm :: ProcessAirToxics/the_two_air_toxic_paths_and_the_worked_examples_reach_MOVESOutput[37] (out_emissionQuant@t=0.0) — FAIL
             actual=0.06683223900675342 expected=0.000741552 (rtol=0.00002, atol=0)
         - fixtures/process-airtoxics.esm :: ProcessAirToxics/the_two_air_toxic_paths_and_the_worked_examples_reach_MOVESOutput[38] (out_emissionQuant@t=0.0) — ERROR
             assertion evaluation failed: `coords` position 766 along 'output_rows' resolves to index 766, outside 1..644
         - fixtures/process-airtoxics.esm :: ProcessAirToxics/the_two_air_toxic_paths_and_the_worked_examples_reach_MOVESOutput[39] (out_emissionQuant@t=0.0) — FAIL
             actual=0.5093534253856083 expected=0 (rtol=0.00002, atol=0)
         - fixtures/process-airtoxics.esm :: ProcessAirToxics/the_two_air_toxic_paths_and_the_worked_examples_reach_MOVESOutput[40] (out_emissionQuant@t=0.0) — FAIL
             actual=0.0002732159019814903 expected=0 (rtol=0.00002, atol=0)
         - fixtures/process-airtoxics.esm :: ProcessAirToxics/the_two_air_toxic_paths_and_the_worked_examples_reach_MOVESOutput[44] (out_fuelTypeID@t=0.0) — FAIL
             actual=2 expected=1 (rtol=0.00002, atol=0)
         - fixtures/process-airtoxics.esm :: ProcessAirToxics/the_two_air_toxic_paths_and_the_worked_examples_reach_MOVESOutput[45] (out_dayID@t=0.0) — FAIL
             actual=5 expected=2 (rtol=0.00002, atol=0)
         - fixtures/process-airtoxics.esm :: ProcessAirToxics/the_two_air_toxic_paths_and_the_worked_examples_reach_MOVESOutput[46] (out_pollutantID@t=0.0) — FAIL
             actual=25 expected=20 (rtol=0.00002, atol=0)
         - fixtures/process-airtoxics.esm :: ProcessAirToxics/the_two_air_toxic_paths_and_the_worked_examples_reach_MOVESOutput[48] (out_modelYearID@t=0.0) — FAIL
             actual=2006 expected=1991 (rtol=0.00002, atol=0)
         - fixtures/process-airtoxics.esm :: ProcessAirToxics/the_two_air_toxic_paths_and_the_worked_examples_reach_MOVESOutput[49] (out_dayID@t=0.0) — FAIL
             actual=5 expected=2 (rtol=0.00002, atol=0)
         - fixtures/process-airtoxics.esm :: ProcessAirToxics/the_two_air_toxic_paths_and_the_worked_examples_reach_MOVESOutput[50] (out_pollutantID@t=0.0) — ERROR
             assertion evaluation failed: `coords` position 1244 along 'output_rows' resolves to index 1244, outside 1..644
         - fixtures/process-airtoxics.esm :: ProcessAirToxics/the_two_air_toxic_paths_and_the_worked_examples_reach_MOVESOutput[51] (out_fuelTypeID@t=0.0) — ERROR
             assertion evaluation failed: `coords` position 1244 along 'output_rows' resolves to index 1244, outside 1..644
         - fixtures/process-airtoxics.esm :: ProcessAirToxics/the_two_air_toxic_paths_and_the_worked_examples_reach_MOVESOutput[52] (out_SCC@t=0.0) — ERROR
             assertion evaluation failed: `coords` position 1244 along 'output_rows' resolves to index 1244, outside 1..644
         - fixtures/process-airtoxics.esm :: ProcessAirToxics/the_two_air_toxic_paths_and_the_worked_examples_reach_MOVESOutput[54] (out_processID@t=0.0) — ERROR
             assertion evaluation failed: `coords` position 1244 along 'output_rows' resolves to index 1244, outside 1..644
         - fixtures/process-airtoxics.esm :: ProcessAirToxics/the_two_air_toxic_paths_and_the_worked_examples_reach_MOVESOutput[55] (out_dayID@t=0.0) — ERROR
             assertion evaluation failed: `coords` position 1244 along 'output_rows' resolves to index 1244, outside 1..644
       =========================================================
  [31mFAIL[0m fixture process-brakewear — inline assertions
       
       ================ ESM inline-test summary ================
       Files discovered: 1
       Assertions:       130
         file                             pass   fail    err
         -------------------------------------------------------
         fixtures/process-brakewear.esm     90     19     21
         -------------------------------------------------------
         TOTAL                              90     19     21
       
       Failures:
         - fixtures/process-brakewear.esm :: ProcessBrakewear/the_drive_cycle_weights_are_a_distribution_over_the_twenty_three_running_modes[2] (dc_WTotal@t=0.0) — ERROR
             assertion evaluation failed: `coords` position 2 along 'runspecday_rows' resolves to index 2, outside 1..1
         - fixtures/process-brakewear.esm :: ProcessBrakewear/the_drive_cycle_weights_are_a_distribution_over_the_twenty_three_running_modes[4] (dc_WModeCount@t=0.0) — ERROR
             assertion evaluation failed: `coords` position 2 along 'runspecday_rows' resolves to index 2, outside 1..1
         - fixtures/process-brakewear.esm :: ProcessBrakewear/the_activity_chain_reproduces_the_worked_examples[3] (act_averageSpeed@t=0.0) — FAIL
             actual=56.361205525 expected=67.0416879 (rtol=0.000002, atol=0)
         - fixtures/process-brakewear.esm :: ProcessBrakewear/the_activity_chain_reproduces_the_worked_examples[4] (act_averageSpeed@t=0.0) — ERROR
             assertion evaluation failed: `coords` position 42 along 'activity_rows' resolves to index 42, outside 1..41
         - fixtures/process-brakewear.esm :: ProcessBrakewear/the_activity_chain_reproduces_the_worked_examples[5] (act_sho@t=0.0) — FAIL
             actual=260.05730384453915 expected=27.33 (rtol=0.000002, atol=0)
         - fixtures/process-brakewear.esm :: ProcessBrakewear/the_activity_chain_reproduces_the_worked_examples[6] (act_sho@t=0.0) — FAIL
             actual=23.19180710506584 expected=2.43728 (rtol=0.000002, atol=0)
         - fixtures/process-brakewear.esm :: ProcessBrakewear/the_activity_chain_reproduces_the_worked_examples[7] (act_sho@t=0.0) — ERROR
             assertion evaluation failed: `coords` position 42 along 'activity_rows' resolves to index 42, outside 1..41
         - fixtures/process-brakewear.esm :: ProcessBrakewear/the_activity_chain_reproduces_the_worked_examples[8] (act_sho@t=0.0) — ERROR
             assertion evaluation failed: `coords` position 62 along 'activity_rows' resolves to index 62, outside 1..41
         - fixtures/process-brakewear.esm :: ProcessBrakewear/the_activity_chain_reproduces_the_worked_examples[9] (act_sho@t=0.0) — ERROR
             assertion evaluation failed: `coords` position 82 along 'activity_rows' resolves to index 82, outside 1..41
         - fixtures/process-brakewear.esm :: ProcessBrakewear/the_collapsed_base_rate_reproduces_both_of_the_references_generator_tables[1] (rtDay_meanBaseRate@t=0.0) — FAIL
             actual=176680.55526167256 expected=207997 (rtol=0.00002, atol=0)
         - fixtures/process-brakewear.esm :: ProcessBrakewear/the_collapsed_base_rate_reproduces_both_of_the_references_generator_tables[2] (rtDay_meanBaseRate@t=0.0) — ERROR
             assertion evaluation failed: `coords` position 2 along 'runspecday_rows' resolves to index 2, outside 1..1
         - fixtures/process-brakewear.esm :: ProcessBrakewear/the_collapsed_base_rate_reproduces_both_of_the_references_generator_tables[3] (rtDay_meanBaseRate@t=0.0) — FAIL
             actual=333650.7858159108 expected=392141 (rtol=0.00002, atol=0)
         - fixtures/process-brakewear.esm :: ProcessBrakewear/the_collapsed_base_rate_reproduces_both_of_the_references_generator_tables[4] (rtDay_meanBaseRate@t=0.0) — FAIL
             actual=118.5429018223025 expected=139.555 (rtol=0.00002, atol=0)
         - fixtures/process-brakewear.esm :: ProcessBrakewear/the_collapsed_base_rate_reproduces_both_of_the_references_generator_tables[5] (rtDay_meanBaseRate@t=0.0) — ERROR
             assertion evaluation failed: `coords` position 2 along 'runspecday_rows' resolves to index 2, outside 1..1
         - fixtures/process-brakewear.esm :: ProcessBrakewear/the_collapsed_base_rate_reproduces_both_of_the_references_generator_tables[6] (rtDay_meanBaseRate@t=0.0) — FAIL
             actual=0.043284989249038675 expected=0.0232629 (rtol=0.00002, atol=0)
         - fixtures/process-brakewear.esm :: ProcessBrakewear/the_collapsed_base_rate_reproduces_both_of_the_references_generator_tables[7] (rtDay_meanBaseRate@t=0.0) — ERROR
             assertion evaluation failed: `coords` position 2 along 'runspecday_rows' resolves to index 2, outside 1..1
         - fixtures/process-brakewear.esm :: ProcessBrakewear/the_collapsed_base_rate_reproduces_both_of_the_references_generator_tables[8] (rtDay_meanBaseRate@t=0.0) — FAIL
             actual=0.06002231385384667 expected=0.0322581 (rtol=0.00002, atol=0)
         - fixtures/process-brakewear.esm :: ProcessBrakewear/the_collapsed_base_rate_reproduces_both_of_the_references_generator_tables[9] (rtDay_meanBaseRate@t=0.0) — FAIL
             actual=0.000025727365512151266 expected=0.0000138268 (rtol=0.00002, atol=0)
         - fixtures/process-brakewear.esm :: ProcessBrakewear/the_collapsed_base_rate_reproduces_both_of_the_references_generator_tables[10] (rtDay_meanBaseRate@t=0.0) — ERROR
             assertion evaluation failed: `coords` position 2 along 'runspecday_rows' resolves to index 2, outside 1..1
         - fixtures/process-brakewear.esm :: ProcessBrakewear/the_collapsed_base_rate_reproduces_both_of_the_references_generator_tables[11] (rtDay_meanBaseRateACAdj@t=0.0) — FAIL
             actual=26899.600353735612 expected=30166.7 (rtol=0.00002, atol=0)
         - fixtures/process-brakewear.esm :: ProcessBrakewear/the_collapsed_base_rate_reproduces_both_of_the_references_generator_tables[12] (rtDay_meanBaseRateACAdj@t=0.0) — ERROR
             assertion evaluation failed: `coords` position 2 along 'runspecday_rows' resolves to index 2, outside 1..1
         - fixtures/process-brakewear.esm :: ProcessBrakewear/the_collapsed_base_rate_reproduces_both_of_the_references_generator_tables[13] (rtDay_meanBaseRateACAdj@t=0.0) — FAIL
             actual=51142.55927635045 expected=57185.1 (rtol=0.00002, atol=0)
         - fixtures/process-brakewear.esm :: ProcessBrakewear/the_collapsed_base_rate_reproduces_both_of_the_references_generator_tables[14] (rtDay_meanBaseRateACAdj@t=0.0) — ERROR
             assertion evaluation failed: `coords` position 2 along 'runspecday_rows' resolves to index 2, outside 1..1
         - fixtures/process-brakewear.esm :: ProcessBrakewear/the_PM10_chain_is_a_ratio_lookup_with_a_model_year_range[9] (rtDay_quantDirect@t=0.0) — ERROR
             assertion evaluation failed: `coords` position 2 along 'runspecday_rows' resolves to index 2, outside 1..1
         - fixtures/process-brakewear.esm :: ProcessBrakewear/the_worked_examples_reach_MOVESOutput_in_all_three_blocks[1] (out_emissionQuant@t=0.0) — FAIL
             actual=1.4668350113195403 expected=0.452942 (rtol=0.00002, atol=0)
         - fixtures/process-brakewear.esm :: ProcessBrakewear/the_worked_examples_reach_MOVESOutput_in_all_three_blocks[2] (out_emissionQuant@t=0.0) — FAIL
             actual=0.14085158966319683 expected=0.0471637 (rtol=0.00002, atol=0)
         - fixtures/process-brakewear.esm :: ProcessBrakewear/the_worked_examples_reach_MOVESOutput_in_all_three_blocks[3] (out_emissionQuant@t=0.0) — FAIL
             actual=5.875595810417386 expected=8.70984 (rtol=0.00002, atol=0)
         - fixtures/process-brakewear.esm :: ProcessBrakewear/the_worked_examples_reach_MOVESOutput_in_all_three_blocks[4] (out_emissionQuant@t=0.0) — FAIL
             actual=0.0026561728329557582 expected=0.000396237 (rtol=0.00002, atol=0)
         - fixtures/process-brakewear.esm :: ProcessBrakewear/the_worked_examples_reach_MOVESOutput_in_all_three_blocks[5] (out_emissionQuant@t=0.0) — FAIL
             actual=2.2513155202089723 expected=0.829639 (rtol=0.00002, atol=0)
         - fixtures/process-brakewear.esm :: ProcessBrakewear/the_worked_examples_reach_MOVESOutput_in_all_three_blocks[6] (out_emissionQuant@t=0.0) — FAIL
             actual=0.2784051849796266 expected=0.314488 (rtol=0.00002, atol=0)
         - fixtures/process-brakewear.esm :: ProcessBrakewear/the_worked_examples_reach_MOVESOutput_in_all_three_blocks[7] (out_emissionQuant@t=0.0) — ERROR
             assertion evaluation failed: `coords` position 376 along 'output_rows' resolves to index 376, outside 1..375
         - fixtures/process-brakewear.esm :: ProcessBrakewear/the_worked_examples_reach_MOVESOutput_in_all_three_blocks[8] (out_emissionQuant@t=0.0) — ERROR
             assertion evaluation failed: `coords` position 500 along 'output_rows' resolves to index 500, outside 1..375
         - fixtures/process-brakewear.esm :: ProcessBrakewear/the_worked_examples_reach_MOVESOutput_in_all_three_blocks[9] (out_emissionQuant@t=0.0) — ERROR
             assertion evaluation failed: `coords` position 501 along 'output_rows' resolves to index 501, outside 1..375
         - fixtures/process-brakewear.esm :: ProcessBrakewear/the_worked_examples_reach_MOVESOutput_in_all_three_blocks[10] (out_emissionQuant@t=0.0) — ERROR
             assertion evaluation failed: `coords` position 541 along 'output_rows' resolves to index 541, outside 1..375
         - fixtures/process-brakewear.esm :: ProcessBrakewear/the_worked_examples_reach_MOVESOutput_in_all_three_blocks[11] (out_emissionQuant@t=0.0) — ERROR
             assertion evaluation failed: `coords` position 626 along 'output_rows' resolves to index 626, outside 1..375
         - fixtures/process-brakewear.esm :: ProcessBrakewear/the_worked_examples_reach_MOVESOutput_in_all_three_blocks[12] (out_emissionQuant@t=0.0) — ERROR
             assertion evaluation failed: `coords` position 750 along 'output_rows' resolves to index 750, outside 1..375
         - fixtures/process-brakewear.esm :: ProcessBrakewear/the_worked_examples_reach_MOVESOutput_in_all_three_blocks[14] (out_pollutantID@t=0.0) — FAIL
             actual=116 expected=106 (rtol=0.00002, atol=0)
         - fixtures/process-brakewear.esm :: ProcessBrakewear/the_worked_examples_reach_MOVESOutput_in_all_three_blocks[15] (out_pollutantID@t=0.0) — ERROR
             assertion evaluation failed: `coords` position 501 along 'output_rows' resolves to index 501, outside 1..375
         - fixtures/process-brakewear.esm :: ProcessBrakewear/the_worked_examples_reach_MOVESOutput_in_all_three_blocks[21] (out_dayID@t=0.0) — FAIL
             actual=5 expected=2 (rtol=0.00002, atol=0)
         - fixtures/process-brakewear.esm :: ProcessBrakewear/the_worked_examples_reach_MOVESOutput_in_all_three_blocks[26] (out_SCC@t=0.0) — ERROR
             assertion evaluation failed: `coords` position 750 along 'output_rows' resolves to index 750, outside 1..375
       =========================================================
  [31mFAIL[0m fixture process-crankcase-running — inline assertions
       
       ================ ESM inline-test summary ================
       Files discovered: 1
       Assertions:       169
         file                                     pass   fail    err
         ---------------------------------------------------------------
         fixtures/process-crankcase-running.esm    124     30     15
         ---------------------------------------------------------------
         TOTAL                                     124     30     15
       
       Failures:
         - fixtures/process-crankcase-running.esm :: ProcessCrankcaseRunning/the_drive_cycle_weights_are_one_distribution_over_twenty_three_running_modes[2] (day_WTotal@t=0.0) — ERROR
             assertion evaluation failed: `coords` position 2 along 'runspecday_rows' resolves to index 2, outside 1..1
         - fixtures/process-crankcase-running.esm :: ProcessCrankcaseRunning/the_drive_cycle_weights_are_one_distribution_over_twenty_three_running_modes[4] (day_WModeCount@t=0.0) — ERROR
             assertion evaluation failed: `coords` position 2 along 'runspecday_rows' resolves to index 2, outside 1..1
         - fixtures/process-crankcase-running.esm :: ProcessCrankcaseRunning/the_activity_chain_reproduces_the_reference_sho_table[3] (act_averageSpeed@t=0.0) — FAIL
             actual=56.361205525 expected=67.0416879 (rtol=0.000000001, atol=0)
         - fixtures/process-crankcase-running.esm :: ProcessCrankcaseRunning/the_activity_chain_reproduces_the_reference_sho_table[4] (act_averageSpeed@t=0.0) — ERROR
             assertion evaluation failed: `coords` position 42 along 'activity_rows' resolves to index 42, outside 1..41
         - fixtures/process-crankcase-running.esm :: ProcessCrankcaseRunning/the_activity_chain_reproduces_the_reference_sho_table[5] (act_sho@t=0.0) — FAIL
             actual=260.05730384453915 expected=27.33 (rtol=0.00001, atol=0)
         - fixtures/process-crankcase-running.esm :: ProcessCrankcaseRunning/the_activity_chain_reproduces_the_reference_sho_table[6] (act_sho@t=0.0) — FAIL
             actual=23.19180710506584 expected=2.43728 (rtol=0.00001, atol=0)
         - fixtures/process-crankcase-running.esm :: ProcessCrankcaseRunning/the_activity_chain_reproduces_the_reference_sho_table[7] (act_sho@t=0.0) — ERROR
             assertion evaluation failed: `coords` position 42 along 'activity_rows' resolves to index 42, outside 1..41
         - fixtures/process-crankcase-running.esm :: ProcessCrankcaseRunning/the_activity_chain_reproduces_the_reference_sho_table[8] (act_sho@t=0.0) — ERROR
             assertion evaluation failed: `coords` position 82 along 'activity_rows' resolves to index 82, outside 1..41
         - fixtures/process-crankcase-running.esm :: ProcessCrankcaseRunning/the_collapsed_base_rate_reproduces_the_reference_baseRateByAge_table[1] (rtDay_meanBaseRate@t=0.0) — FAIL
             actual=0.48671633989381435 expected=0.569396 (rtol=0.00002, atol=0)
         - fixtures/process-crankcase-running.esm :: ProcessCrankcaseRunning/the_collapsed_base_rate_reproduces_the_reference_baseRateByAge_table[2] (rtDay_meanBaseRate@t=0.0) — ERROR
             assertion evaluation failed: `coords` position 2 along 'runspecday_rows' resolves to index 2, outside 1..1
         - fixtures/process-crankcase-running.esm :: ProcessCrankcaseRunning/the_collapsed_base_rate_reproduces_the_reference_baseRateByAge_table[3] (rtDay_meanBaseRate@t=0.0) — FAIL
             actual=76.7493290371135 expected=84.6858 (rtol=0.00002, atol=0)
         - fixtures/process-crankcase-running.esm :: ProcessCrankcaseRunning/the_collapsed_base_rate_reproduces_the_reference_baseRateByAge_table[4] (rtDay_meanBaseRate@t=0.0) — FAIL
             actual=0.0001623075354551031 expected=0.000189879 (rtol=0.00002, atol=0)
         - fixtures/process-crankcase-running.esm :: ProcessCrankcaseRunning/the_collapsed_base_rate_reproduces_the_reference_baseRateByAge_table[5] (rtDay_meanBaseRate@t=0.0) — ERROR
             assertion evaluation failed: `coords` position 2 along 'runspecday_rows' resolves to index 2, outside 1..1
         - fixtures/process-crankcase-running.esm :: ProcessCrankcaseRunning/the_collapsed_base_rate_reproduces_the_reference_baseRateByAge_table[6] (rtDay_meanBaseRate@t=0.0) — FAIL
             actual=35.06213406804454 expected=43.9029 (rtol=0.00002, atol=0)
         - fixtures/process-crankcase-running.esm :: ProcessCrankcaseRunning/the_collapsed_base_rate_reproduces_the_reference_baseRateByAge_table[7] (rtDay_meanBaseRate@t=0.0) — FAIL
             actual=0.9051441190260986 expected=1.1234 (rtol=0.00002, atol=0)
         - fixtures/process-crankcase-running.esm :: ProcessCrankcaseRunning/the_collapsed_base_rate_reproduces_the_reference_baseRateByAge_table[8] (rtDay_meanBaseRate@t=0.0) — ERROR
             assertion evaluation failed: `coords` position 2 along 'runspecday_rows' resolves to index 2, outside 1..1
         - fixtures/process-crankcase-running.esm :: ProcessCrankcaseRunning/the_collapsed_base_rate_reproduces_the_reference_baseRateByAge_table[9] (rtDay_meanBaseRate@t=0.0) — FAIL
             actual=0.00047541063410302953 expected=0.000590045 (rtol=0.00002, atol=0)
         - fixtures/process-crankcase-running.esm :: ProcessCrankcaseRunning/the_collapsed_base_rate_reproduces_the_reference_baseRateByAge_table[10] (rtDay_meanBaseRateACAdj@t=0.0) — FAIL
             actual=0.11003913233276863 expected=0.130731 (rtol=0.00002, atol=0)
         - fixtures/process-crankcase-running.esm :: ProcessCrankcaseRunning/the_collapsed_base_rate_reproduces_the_reference_baseRateByAge_table[11] (rtDay_meanBaseRateACAdj@t=0.0) — FAIL
             actual=17.084842569542595 expected=19.3359 (rtol=0.00002, atol=0)
         - fixtures/process-crankcase-running.esm :: ProcessCrankcaseRunning/the_collapsed_base_rate_reproduces_the_reference_baseRateByAge_table[12] (rtDay_meanBaseRateACAdj@t=0.0) — FAIL
             actual=38.87258180312613 expected=48.7781 (rtol=0.00002, atol=0)
         - fixtures/process-crankcase-running.esm :: ProcessCrankcaseRunning/the_crankcase_ratio_is_banded_by_model_year_and_its_absence_drops_the_row[15] (rtDay_quantDirect@t=0.0) — ERROR
             assertion evaluation failed: `coords` position 2 along 'runspecday_rows' resolves to index 2, outside 1..1
         - fixtures/process-crankcase-running.esm :: ProcessCrankcaseRunning/the_worked_examples_reach_MOVESOutput_in_both_processes[1] (out_emissionQuant@t=0.0) — FAIL
             actual=26.256942399678547 expected=8.07037 (rtol=0.00002, atol=0)
         - fixtures/process-crankcase-running.esm :: ProcessCrankcaseRunning/the_worked_examples_reach_MOVESOutput_in_both_processes[2] (out_emissionQuant@t=0.0) — FAIL
             actual=34.09012274364992 expected=26.2569 (rtol=0.00002, atol=0)
         - fixtures/process-crankcase-running.esm :: ProcessCrankcaseRunning/the_worked_examples_reach_MOVESOutput_in_both_processes[3] (out_emissionQuant@t=0.0) — FAIL
             actual=16.997695107855165 expected=94.513 (rtol=0.00002, atol=0)
         - fixtures/process-crankcase-running.esm :: ProcessCrankcaseRunning/the_worked_examples_reach_MOVESOutput_in_both_processes[4] (out_emissionQuant@t=0.0) — FAIL
             actual=0.008814135120421574 expected=326.02 (rtol=0.00002, atol=0)
         - fixtures/process-crankcase-running.esm :: ProcessCrankcaseRunning/the_worked_examples_reach_MOVESOutput_in_both_processes[5] (out_emissionQuant@t=0.0) — FAIL
             actual=0.7466806624397991 expected=0.0315244 (rtol=0.00002, atol=0)
         - fixtures/process-crankcase-running.esm :: ProcessCrankcaseRunning/the_worked_examples_reach_MOVESOutput_in_both_processes[6] (out_emissionQuant@t=0.0) — FAIL
             actual=0.00017904571371629133 expected=0 (rtol=0.00002, atol=0)
         - fixtures/process-crankcase-running.esm :: ProcessCrankcaseRunning/the_worked_examples_reach_MOVESOutput_in_both_processes[7] (out_emissionQuant@t=0.0) — FAIL
             actual=6582.7474385057885 expected=0.106529 (rtol=0.00002, atol=0)
         - fixtures/process-crankcase-running.esm :: ProcessCrankcaseRunning/the_worked_examples_reach_MOVESOutput_in_both_processes[9] (out_emissionQuant@t=0.0) — FAIL
             actual=0.5267789213544992 expected=0.0011664 (rtol=0.00002, atol=0)
         - fixtures/process-crankcase-running.esm :: ProcessCrankcaseRunning/the_worked_examples_reach_MOVESOutput_in_both_processes[10] (out_emissionQuant@t=0.0) — FAIL
             actual=38.035362437325034 expected=590.76 (rtol=0.00002, atol=0)
         - fixtures/process-crankcase-running.esm :: ProcessCrankcaseRunning/the_worked_examples_reach_MOVESOutput_in_both_processes[11] (out_emissionQuant@t=0.0) — FAIL
             actual=0.0000011189958194432752 expected=0.279501 (rtol=0.00002, atol=0)
         - fixtures/process-crankcase-running.esm :: ProcessCrankcaseRunning/the_worked_examples_reach_MOVESOutput_in_both_processes[12] (out_emissionQuant@t=0.0) — ERROR
             assertion evaluation failed: `coords` position 1119 along 'output_rows' resolves to index 1119, outside 1..684
         - fixtures/process-crankcase-running.esm :: ProcessCrankcaseRunning/the_worked_examples_reach_MOVESOutput_in_both_processes[13] (out_emissionQuant@t=0.0) — ERROR
             assertion evaluation failed: `coords` position 1368 along 'output_rows' resolves to index 1368, outside 1..684
         - fixtures/process-crankcase-running.esm :: ProcessCrankcaseRunning/the_worked_examples_reach_MOVESOutput_in_both_processes[17] (out_dayID@t=0.0) — FAIL
             actual=5 expected=2 (rtol=0.00002, atol=0)
         - fixtures/process-crankcase-running.esm :: ProcessCrankcaseRunning/the_worked_examples_reach_MOVESOutput_in_both_processes[21] (out_pollutantID@t=0.0) — FAIL
             actual=2 expected=1 (rtol=0.00002, atol=0)
         - fixtures/process-crankcase-running.esm :: ProcessCrankcaseRunning/the_worked_examples_reach_MOVESOutput_in_both_processes[22] (out_processID@t=0.0) — FAIL
             actual=1 expected=15 (rtol=0.00002, atol=0)
         - fixtures/process-crankcase-running.esm :: ProcessCrankcaseRunning/the_worked_examples_reach_MOVESOutput_in_both_processes[23] (out_fuelTypeID@t=0.0) — FAIL
             actual=5 expected=9 (rtol=0.00002, atol=0)
         - fixtures/process-crankcase-running.esm :: ProcessCrankcaseRunning/the_worked_examples_reach_MOVESOutput_in_both_processes[24] (out_pollutantID@t=0.0) — FAIL
             actual=3 expected=2 (rtol=0.00002, atol=0)
         - fixtures/process-crankcase-running.esm :: ProcessCrankcaseRunning/the_worked_examples_reach_MOVESOutput_in_both_processes[26] (out_pollutantID@t=0.0) — ERROR
             assertion evaluation failed: `coords` position 1368 along 'output_rows' resolves to index 1368, outside 1..684
         - fixtures/process-crankcase-running.esm :: ProcessCrankcaseRunning/the_worked_examples_reach_MOVESOutput_in_both_processes[27] (out_processID@t=0.0) — ERROR
             assertion evaluation failed: `coords` position 1368 along 'output_rows' resolves to index 1368, outside 1..684
         - fixtures/process-crankcase-running.esm :: ProcessCrankcaseRunning/the_worked_examples_reach_MOVESOutput_in_both_processes[28] (out_fuelTypeID@t=0.0) — ERROR
             assertion evaluation failed: `coords` position 1368 along 'output_rows' resolves to index 1368, outside 1..684
         - fixtures/process-crankcase-running.esm :: ProcessCrankcaseRunning/the_worked_examples_reach_MOVESOutput_in_both_processes[30] (out_SCC@t=0.0) — FAIL
             actual=2201210415 expected=2202210401 (rtol=0.00002, atol=0)
         - fixtures/process-crankcase-running.esm :: ProcessCrankcaseRunning/the_worked_examples_reach_MOVESOutput_in_both_processes[31] (out_SCC@t=0.0) — FAIL
             actual=2205210415 expected=2209210401 (rtol=0.00002, atol=0)
         - fixtures/process-crankcase-running.esm :: ProcessCrankcaseRunning/the_worked_examples_reach_MOVESOutput_in_both_processes[33] (out_SCC@t=0.0) — FAIL
             actual=2201210415 expected=2202210415 (rtol=0.00002, atol=0)
         - fixtures/process-crankcase-running.esm :: ProcessCrankcaseRunning/the_worked_examples_reach_MOVESOutput_in_both_processes[34] (out_SCC@t=0.0) — ERROR
             assertion evaluation failed: `coords` position 1368 along 'output_rows' resolves to index 1368, outside 1..684
       =========================================================
  [31mFAIL[0m fixture process-evap-fvv — inline assertions
       
       ================ ESM inline-test summary ================
       Files discovered: 1
       Assertions:       124
         file                            pass   fail    err
         ------------------------------------------------------
         fixtures/process-evap-fvv.esm     87     25     12
         ------------------------------------------------------
         TOTAL                             87     25     12
       
       Failures:
         - fixtures/process-evap-fvv.esm :: EvapFvvFixture/the_derived_axes_are_measured_and_the_declared_one_is_checked[2] (act_dayOrdinal@t=0.0) — ERROR
             assertion evaluation failed: `coords` position 42 along 'activity_rows' resolves to index 42, outside 1..41
         - fixtures/process-evap-fvv.esm :: EvapFvvFixture/the_activity_chain_reproduces_the_reference[2] (act_averageSpeed@t=0.0) — FAIL
             actual=56.361205525 expected=67.0416879 (rtol=0.000000000001, atol=0)
         - fixtures/process-evap-fvv.esm :: EvapFvvFixture/the_activity_chain_reproduces_the_reference[3] (act_averageSpeed@t=0.0) — ERROR
             assertion evaluation failed: `coords` position 42 along 'activity_rows' resolves to index 42, outside 1..41
         - fixtures/process-evap-fvv.esm :: EvapFvvFixture/the_activity_chain_reproduces_the_reference[4] (act_sourceHours@t=0.0) — FAIL
             actual=260.05730384453915 expected=27.330001837636907 (rtol=0.000000000001, atol=0)
         - fixtures/process-evap-fvv.esm :: EvapFvvFixture/the_activity_chain_reproduces_the_reference[5] (act_sourceHours@t=0.0) — FAIL
             actual=23.19180710506584 expected=2.437278712884465 (rtol=0.000000000001, atol=0)
         - fixtures/process-evap-fvv.esm :: EvapFvvFixture/the_activity_chain_reproduces_the_reference[6] (act_sourceHours@t=0.0) — ERROR
             assertion evaluation failed: `coords` position 42 along 'activity_rows' resolves to index 42, outside 1..41
         - fixtures/process-evap-fvv.esm :: EvapFvvFixture/the_activity_chain_reproduces_the_reference[7] (act_sourceHours@t=0.0) — ERROR
             assertion evaluation failed: `coords` position 82 along 'activity_rows' resolves to index 82, outside 1..41
         - fixtures/process-evap-fvv.esm :: EvapFvvFixture/the_operating_share_is_one_and_the_operating_mode_takes_it_all[2] (day_fractionOfOperating@t=0.0) — ERROR
             assertion evaluation failed: `coords` position 2 along 'runspecday_rows' resolves to index 2, outside 1..1
         - fixtures/process-evap-fvv.esm :: EvapFvvFixture/the_operating_share_is_one_and_the_operating_mode_takes_it_all[3] (omd_soakActivityFraction@t=0.0) — FAIL
             actual=0.0221274 expected=0.00668717 (rtol=0.000000000001, atol=0)
         - fixtures/process-evap-fvv.esm :: EvapFvvFixture/the_operating_share_is_one_and_the_operating_mode_takes_it_all[4] (omd_soakActivityFraction@t=0.0) — FAIL
             actual=0.977873 expected=0.993313 (rtol=0.000000000001, atol=0)
         - fixtures/process-evap-fvv.esm :: EvapFvvFixture/the_operating_share_is_one_and_the_operating_mode_takes_it_all[7] (omd_opModeFraction@t=0.0) — ERROR
             assertion evaluation failed: `coords` position 2 along 'runspecday_rows' resolves to index 2, outside 1..1
         - fixtures/process-evap-fvv.esm :: EvapFvvFixture/the_fuel_usage_rebase_moves_the_e85_cohort_by_a_factor_of_56[3] (coh_stmyFraction@t=0.0) — FAIL
             actual=0.007914838927429455 expected=0.007914838927 (rtol=0.000000000001, atol=0)
         - fixtures/process-evap-fvv.esm :: EvapFvvFixture/the_fuel_usage_rebase_moves_the_e85_cohort_by_a_factor_of_56[4] (coh_usedFraction@t=0.0) — FAIL
             actual=0.00014140651227745465 expected=0.000141406512269782 (rtol=0.000000000001, atol=0)
         - fixtures/process-evap-fvv.esm :: EvapFvvFixture/the_age_group_join_selects_one_rate_of_seven[3] (cohortMode_rate@t=0.0) — FAIL
             actual=0.02215622953894755 expected=0.022156230604671562 (rtol=0.000000000001, atol=0)
         - fixtures/process-evap-fvv.esm :: EvapFvvFixture/the_age_group_join_selects_one_rate_of_seven[4] (cohortMode_rate@t=0.0) — FAIL
             actual=0.4946993298478894 expected=0.4946993536426524 (rtol=0.000000000001, atol=0)
         - fixtures/process-evap-fvv.esm :: EvapFvvFixture/the_age_group_join_selects_one_rate_of_seven[5] (cohortMode_rate@t=0.0) — FAIL
             actual=7.651133434007614 expected=7.651133802025639 (rtol=0.000000000001, atol=0)
         - fixtures/process-evap-fvv.esm :: EvapFvvFixture/the_age_group_join_selects_one_rate_of_seven[6] (cohortMode_rate@t=0.0) — FAIL
             actual=0.00006989785858769772 expected=0.00006989786016287032 (rtol=0.000000000001, atol=0)
         - fixtures/process-evap-fvv.esm :: EvapFvvFixture/the_worked_examples_reach_movesoutput[1] (out_emissionQuant@t=0.0) — FAIL
             actual=1.1523778634518873 expected=0.3027649115703905 (rtol=0.000000000001, atol=0)
         - fixtures/process-evap-fvv.esm :: EvapFvvFixture/the_worked_examples_reach_movesoutput[2] (out_emissionQuant@t=0.0) — FAIL
             actual=11.726909938614202 expected=3.0810179222979723 (rtol=0.000000000001, atol=0)
         - fixtures/process-evap-fvv.esm :: EvapFvvFixture/the_worked_examples_reach_movesoutput[3] (out_emissionQuant@t=0.0) — FAIL
             actual=35.488722147324914 expected=9.323972772553939 (rtol=0.000000000001, atol=0)
         - fixtures/process-evap-fvv.esm :: EvapFvvFixture/the_worked_examples_reach_movesoutput[4] (out_emissionQuant@t=0.0) — FAIL
             actual=0.0016569375438854148 expected=0.00043532816104636436 (rtol=0.000000000001, atol=0)
         - fixtures/process-evap-fvv.esm :: EvapFvvFixture/the_worked_examples_reach_movesoutput[5] (out_emissionQuant@t=0.0) — ERROR
             assertion evaluation failed: `coords` position 65 along 'output_rows' resolves to index 65, outside 1..64
         - fixtures/process-evap-fvv.esm :: EvapFvvFixture/the_worked_examples_reach_movesoutput[6] (out_emissionQuant@t=0.0) — ERROR
             assertion evaluation failed: `coords` position 83 along 'output_rows' resolves to index 83, outside 1..64
         - fixtures/process-evap-fvv.esm :: EvapFvvFixture/the_worked_examples_reach_movesoutput[7] (out_emissionQuant@t=0.0) — ERROR
             assertion evaluation failed: `coords` position 105 along 'output_rows' resolves to index 105, outside 1..64
         - fixtures/process-evap-fvv.esm :: EvapFvvFixture/the_worked_examples_reach_movesoutput[8] (out_emissionQuant@t=0.0) — ERROR
             assertion evaluation failed: `coords` position 124 along 'output_rows' resolves to index 124, outside 1..64
         - fixtures/process-evap-fvv.esm :: EvapFvvFixture/the_output_row_carries_its_keys_and_leaves_the_absent_ones_absent[1] (out_dayID@t=0.0) — FAIL
             actual=5 expected=2 (rtol=0.000000000001, atol=0)
         - fixtures/process-evap-fvv.esm :: EvapFvvFixture/the_output_row_carries_its_keys_and_leaves_the_absent_ones_absent[2] (out_dayID@t=0.0) — ERROR
             assertion evaluation failed: `coords` position 105 along 'output_rows' resolves to index 105, outside 1..64
         - fixtures/process-evap-fvv.esm :: EvapFvvFixture/the_output_row_carries_its_keys_and_leaves_the_absent_ones_absent[7] (out_modelYearID@t=0.0) — ERROR
             assertion evaluation failed: `coords` position 65 along 'output_rows' resolves to index 65, outside 1..64
         - fixtures/process-evap-fvv.esm :: EvapFvvFixture/the_im_blend_is_the_identity_because_the_program_table_is_empty[2] (outEmissionQuantBase@t=0.0) — FAIL
             actual=35.488722147324914 expected=9.323972772553939 (rtol=0.000000000001, atol=0)
         - fixtures/process-evap-fvv.esm :: EvapFvvFixture/the_im_blend_is_the_identity_because_the_program_table_is_empty[3] (out_emissionQuant@t=0.0) — FAIL
             actual=35.488722147324914 expected=9.323972772553939 (rtol=0.000000000001, atol=0)
         - fixtures/process-evap-fvv.esm :: EvapFvvFixture/tvv8_brackets_each_fuel_type_at_its_own_rvp_knots[2] (run_tempAdjustment@t=0.0) — FAIL
             actual=0.7111547627747086 expected=0.7111547353908751 (rtol=0.000000000001, atol=0)
         - fixtures/process-evap-fvv.esm :: EvapFvvFixture/tvv8_brackets_each_fuel_type_at_its_own_rvp_knots[5] (adjRvpAdjustment@t=0.0) — FAIL
             actual=0.9728832560518 expected=0.97288334030975 (rtol=0.000000000001, atol=0)
         - fixtures/process-evap-fvv.esm :: EvapFvvFixture/tvv8_brackets_each_fuel_type_at_its_own_rvp_knots[6] (tfgAdjustment@t=0.0) — FAIL
             actual=0.6918705611650039 expected=0.691870594444171 (rtol=0.000000000001, atol=0)
         - fixtures/process-evap-fvv.esm :: EvapFvvFixture/tvv8_brackets_each_fuel_type_at_its_own_rvp_knots[9] (adjRvpAdjustment@t=0.0) — FAIL
             actual=0.9653789851306601 expected=0.9653790441112251 (rtol=0.000000000001, atol=0)
         - fixtures/process-evap-fvv.esm :: EvapFvvFixture/tvv8_brackets_each_fuel_type_at_its_own_rvp_knots[10] (tfgAdjustment@t=0.0) — FAIL
             actual=0.6865338631582835 expected=0.6865338786668143 (rtol=0.000000000001, atol=0)
         - fixtures/process-evap-fvv.esm :: EvapFvvFixture/the_adjustment_reaches_operating_mode_300_and_nothing_else[1] (cohMode_adjustment@t=0.0) — FAIL
             actual=0.6918705611650039 expected=0.691870594444171 (rtol=0.000000000001, atol=0)
         - fixtures/process-evap-fvv.esm :: EvapFvvFixture/the_adjustment_reaches_operating_mode_300_and_nothing_else[3] (cohMode_adjustment@t=0.0) — FAIL
             actual=0.6865338631582835 expected=0.6865338786668143 (rtol=0.000000000001, atol=0)
       =========================================================
  [31mFAIL[0m fixture process-evap-leaks — inline assertions
       
       ================ ESM inline-test summary ================
       Files discovered: 1
       Assertions:       73
         file                              pass   fail    err
         --------------------------------------------------------
         fixtures/process-evap-leaks.esm     46     15     12
         --------------------------------------------------------
         TOTAL                               46     15     12
       
       Failures:
         - fixtures/process-evap-leaks.esm :: EvapLeaksFixture/the_derived_axes_are_measured_and_the_declared_one_is_checked[2] (act_dayOrdinal@t=0.0) — ERROR
             assertion evaluation failed: `coords` position 42 along 'activity_rows' resolves to index 42, outside 1..41
         - fixtures/process-evap-leaks.esm :: EvapLeaksFixture/the_activity_chain_reproduces_the_reference[2] (act_averageSpeed@t=0.0) — FAIL
             actual=56.361205525 expected=67.0416879 (rtol=0.000000000001, atol=0)
         - fixtures/process-evap-leaks.esm :: EvapLeaksFixture/the_activity_chain_reproduces_the_reference[3] (act_averageSpeed@t=0.0) — ERROR
             assertion evaluation failed: `coords` position 42 along 'activity_rows' resolves to index 42, outside 1..41
         - fixtures/process-evap-leaks.esm :: EvapLeaksFixture/the_activity_chain_reproduces_the_reference[4] (act_sourceHours@t=0.0) — FAIL
             actual=260.05730384453915 expected=27.330001837636907 (rtol=0.000000000001, atol=0)
         - fixtures/process-evap-leaks.esm :: EvapLeaksFixture/the_activity_chain_reproduces_the_reference[5] (act_sourceHours@t=0.0) — FAIL
             actual=23.19180710506584 expected=2.437278712884465 (rtol=0.000000000001, atol=0)
         - fixtures/process-evap-leaks.esm :: EvapLeaksFixture/the_activity_chain_reproduces_the_reference[6] (act_sourceHours@t=0.0) — ERROR
             assertion evaluation failed: `coords` position 42 along 'activity_rows' resolves to index 42, outside 1..41
         - fixtures/process-evap-leaks.esm :: EvapLeaksFixture/the_activity_chain_reproduces_the_reference[7] (act_sourceHours@t=0.0) — ERROR
             assertion evaluation failed: `coords` position 82 along 'activity_rows' resolves to index 82, outside 1..41
         - fixtures/process-evap-leaks.esm :: EvapLeaksFixture/the_operating_share_is_one_and_the_operating_mode_takes_it_all[2] (day_fractionOfOperating@t=0.0) — ERROR
             assertion evaluation failed: `coords` position 2 along 'runspecday_rows' resolves to index 2, outside 1..1
         - fixtures/process-evap-leaks.esm :: EvapLeaksFixture/the_operating_share_is_one_and_the_operating_mode_takes_it_all[3] (omd_soakActivityFraction@t=0.0) — FAIL
             actual=0.0221274 expected=0.00668717 (rtol=0.000000000001, atol=0)
         - fixtures/process-evap-leaks.esm :: EvapLeaksFixture/the_operating_share_is_one_and_the_operating_mode_takes_it_all[4] (omd_soakActivityFraction@t=0.0) — FAIL
             actual=0.977873 expected=0.993313 (rtol=0.000000000001, atol=0)
         - fixtures/process-evap-leaks.esm :: EvapLeaksFixture/the_operating_share_is_one_and_the_operating_mode_takes_it_all[7] (omd_opModeFraction@t=0.0) — ERROR
             assertion evaluation failed: `coords` position 2 along 'runspecday_rows' resolves to index 2, outside 1..1
         - fixtures/process-evap-leaks.esm :: EvapLeaksFixture/the_fuel_usage_rebase_moves_the_e85_cohort_by_a_factor_of_56[3] (coh_stmyFraction@t=0.0) — FAIL
             actual=0.007914838927429455 expected=0.007914838927 (rtol=0.000000000001, atol=0)
         - fixtures/process-evap-leaks.esm :: EvapLeaksFixture/the_fuel_usage_rebase_moves_the_e85_cohort_by_a_factor_of_56[4] (coh_usedFraction@t=0.0) — FAIL
             actual=0.00014140651227745465 expected=0.000141406512269782 (rtol=0.000000000001, atol=0)
         - fixtures/process-evap-leaks.esm :: EvapLeaksFixture/the_age_group_join_selects_one_rate_of_seven[6] (cohortMode_rate@t=0.0) — FAIL
             actual=0.00019273707623417068 expected=0.00019273707622371287 (rtol=0.000000000001, atol=0)
         - fixtures/process-evap-leaks.esm :: EvapLeaksFixture/the_worked_examples_reach_movesoutput[1] (out_emissionQuant@t=0.0) — FAIL
             actual=6.499756445219468 expected=1.7076847387668184 (rtol=0.000000000001, atol=0)
         - fixtures/process-evap-leaks.esm :: EvapLeaksFixture/the_worked_examples_reach_movesoutput[2] (out_emissionQuant@t=0.0) — FAIL
             actual=32.08648156876684 expected=8.430099705651031 (rtol=0.000000000001, atol=0)
         - fixtures/process-evap-leaks.esm :: EvapLeaksFixture/the_worked_examples_reach_movesoutput[3] (out_emissionQuant@t=0.0) — FAIL
             actual=18.726686295997105 expected=4.920073031103687 (rtol=0.000000000001, atol=0)
         - fixtures/process-evap-leaks.esm :: EvapLeaksFixture/the_worked_examples_reach_movesoutput[4] (out_emissionQuant@t=0.0) — FAIL
             actual=0.004568856674062831 expected=0.0012003783343641115 (rtol=0.000000000001, atol=0)
         - fixtures/process-evap-leaks.esm :: EvapLeaksFixture/the_worked_examples_reach_movesoutput[5] (out_emissionQuant@t=0.0) — ERROR
             assertion evaluation failed: `coords` position 65 along 'output_rows' resolves to index 65, outside 1..64
         - fixtures/process-evap-leaks.esm :: EvapLeaksFixture/the_worked_examples_reach_movesoutput[6] (out_emissionQuant@t=0.0) — ERROR
             assertion evaluation failed: `coords` position 83 along 'output_rows' resolves to index 83, outside 1..64
         - fixtures/process-evap-leaks.esm :: EvapLeaksFixture/the_worked_examples_reach_movesoutput[7] (out_emissionQuant@t=0.0) — ERROR
             assertion evaluation failed: `coords` position 105 along 'output_rows' resolves to index 105, outside 1..64
         - fixtures/process-evap-leaks.esm :: EvapLeaksFixture/the_worked_examples_reach_movesoutput[8] (out_emissionQuant@t=0.0) — ERROR
             assertion evaluation failed: `coords` position 124 along 'output_rows' resolves to index 124, outside 1..64
         - fixtures/process-evap-leaks.esm :: EvapLeaksFixture/the_output_row_carries_its_keys_and_leaves_the_absent_ones_absent[1] (out_dayID@t=0.0) — FAIL
             actual=5 expected=2 (rtol=0.000000000001, atol=0)
         - fixtures/process-evap-leaks.esm :: EvapLeaksFixture/the_output_row_carries_its_keys_and_leaves_the_absent_ones_absent[2] (out_dayID@t=0.0) — ERROR
             assertion evaluation failed: `coords` position 105 along 'output_rows' resolves to index 105, outside 1..64
         - fixtures/process-evap-leaks.esm :: EvapLeaksFixture/the_output_row_carries_its_keys_and_leaves_the_absent_ones_absent[7] (out_modelYearID@t=0.0) — ERROR
             assertion evaluation failed: `coords` position 65 along 'output_rows' resolves to index 65, outside 1..64
         - fixtures/process-evap-leaks.esm :: EvapLeaksFixture/the_im_blend_is_the_identity_because_the_program_table_is_empty[2] (outEmissionQuantBase@t=0.0) — FAIL
             actual=18.726686295997105 expected=4.920073031103687 (rtol=0.000000000001, atol=0)
         - fixtures/process-evap-leaks.esm :: EvapLeaksFixture/the_im_blend_is_the_identity_because_the_program_table_is_empty[3] (out_emissionQuant@t=0.0) — FAIL
             actual=18.726686295997105 expected=4.920073031103687 (rtol=0.000000000001, atol=0)
       =========================================================
  [31mFAIL[0m fixture process-evap-permeation — inline assertions
       
       ================ ESM inline-test summary ================
       Files discovered: 1
       Assertions:       117
         file                                   pass   fail    err
         -------------------------------------------------------------
         fixtures/process-evap-permeation.esm     79     22     16
         -------------------------------------------------------------
         TOTAL                                    79     22     16
       
       Failures:
         - fixtures/process-evap-permeation.esm :: EvapPermeationFixture/the_derived_axes_are_measured_and_the_declared_one_is_checked[2] (act_dayOrdinal@t=0.0) — ERROR
             assertion evaluation failed: `coords` position 42 along 'activity_rows' resolves to index 42, outside 1..41
         - fixtures/process-evap-permeation.esm :: EvapPermeationFixture/the_activity_chain_reproduces_the_reference[2] (act_averageSpeed@t=0.0) — FAIL
             actual=56.361205525 expected=67.0416879 (rtol=0.000000000001, atol=0)
         - fixtures/process-evap-permeation.esm :: EvapPermeationFixture/the_activity_chain_reproduces_the_reference[3] (act_averageSpeed@t=0.0) — ERROR
             assertion evaluation failed: `coords` position 42 along 'activity_rows' resolves to index 42, outside 1..41
         - fixtures/process-evap-permeation.esm :: EvapPermeationFixture/the_activity_chain_reproduces_the_reference[4] (act_sourceHours@t=0.0) — FAIL
             actual=260.05730384453915 expected=27.330001837636907 (rtol=0.000000000001, atol=0)
         - fixtures/process-evap-permeation.esm :: EvapPermeationFixture/the_activity_chain_reproduces_the_reference[5] (act_sourceHours@t=0.0) — FAIL
             actual=23.19180710506584 expected=2.437278712884465 (rtol=0.000000000001, atol=0)
         - fixtures/process-evap-permeation.esm :: EvapPermeationFixture/the_activity_chain_reproduces_the_reference[6] (act_sourceHours@t=0.0) — ERROR
             assertion evaluation failed: `coords` position 42 along 'activity_rows' resolves to index 42, outside 1..41
         - fixtures/process-evap-permeation.esm :: EvapPermeationFixture/the_activity_chain_reproduces_the_reference[7] (act_sourceHours@t=0.0) — ERROR
             assertion evaluation failed: `coords` position 82 along 'activity_rows' resolves to index 82, outside 1..41
         - fixtures/process-evap-permeation.esm :: EvapPermeationFixture/the_operating_mode_split_puts_every_gram_on_mode_300[2] (day_fractionOfOperating@t=0.0) — ERROR
             assertion evaluation failed: `coords` position 2 along 'runspecday_rows' resolves to index 2, outside 1..1
         - fixtures/process-evap-permeation.esm :: EvapPermeationFixture/the_operating_mode_split_puts_every_gram_on_mode_300[3] (omd_soakActivityFraction@t=0.0) — FAIL
             actual=0.0221274 expected=0.00668717 (rtol=0.000000000001, atol=0)
         - fixtures/process-evap-permeation.esm :: EvapPermeationFixture/the_operating_mode_split_puts_every_gram_on_mode_300[4] (omd_soakActivityFraction@t=0.0) — FAIL
             actual=0.977873 expected=0.993313 (rtol=0.000000000001, atol=0)
         - fixtures/process-evap-permeation.esm :: EvapPermeationFixture/the_operating_mode_split_puts_every_gram_on_mode_300[9] (omd_opModeFraction@t=0.0) — ERROR
             assertion evaluation failed: `coords` position 2 along 'runspecday_rows' resolves to index 2, outside 1..1
         - fixtures/process-evap-permeation.esm :: EvapPermeationFixture/the_fuel_usage_rebase_moves_the_e85_cohort_by_a_factor_of_56[3] (coh_stmyFraction@t=0.0) — FAIL
             actual=0.007914838927429455 expected=0.007914838927 (rtol=0.000000000001, atol=0)
         - fixtures/process-evap-permeation.esm :: EvapPermeationFixture/the_fuel_usage_rebase_moves_the_e85_cohort_by_a_factor_of_56[4] (coh_usedFraction@t=0.0) — FAIL
             actual=0.00014140651227745465 expected=0.000141406512269782 (rtol=0.000000000001, atol=0)
         - fixtures/process-evap-permeation.esm :: EvapPermeationFixture/pc1_weights_the_base_rate_by_bin_and_by_regulatory_class[9] (coh_permeationRate@t=0.0) — FAIL
             actual=0.0000014423464252300375 expected=0.0000014423464251517765 (rtol=0.000000000001, atol=0)
         - fixtures/process-evap-permeation.esm :: EvapPermeationFixture/pc2_weights_three_tank_temperatures_and_two_of_them_carry_no_weight[3] (cohDay_tempAdjustByMode@t=0.0) — FAIL
             actual=0.7405819949463297 expected=0.9136768532915025 (rtol=0.000000000001, atol=0)
         - fixtures/process-evap-permeation.esm :: EvapPermeationFixture/pc2_weights_three_tank_temperatures_and_two_of_them_carry_no_weight[5] (cohDay_tempAdjustByMode@t=0.0) — FAIL
             actual=0.6743793637126327 expected=0.7585395249127063 (rtol=0.000000000001, atol=0)
         - fixtures/process-evap-permeation.esm :: EvapPermeationFixture/pc2_weights_three_tank_temperatures_and_two_of_them_carry_no_weight[6] (cohDay_tempAdjustByMode@t=0.0) — FAIL
             actual=0.7906623063835692 expected=1.129609590348527 (rtol=0.000000000001, atol=0)
         - fixtures/process-evap-permeation.esm :: EvapPermeationFixture/pc2_weights_three_tank_temperatures_and_two_of_them_carry_no_weight[7] (cohDay_weightedTemperatureAdjust@t=0.0) — FAIL
             actual=0.6743793637126327 expected=0.7585395249127063 (rtol=0.000000000001, atol=0)
         - fixtures/process-evap-permeation.esm :: EvapPermeationFixture/pc2_weights_three_tank_temperatures_and_two_of_them_carry_no_weight[8] (cohDay_weightedTemperatureAdjust@t=0.0) — ERROR
             assertion evaluation failed: `coords` position 2 along 'runspecday_rows' resolves to index 2, outside 1..1
         - fixtures/process-evap-permeation.esm :: EvapPermeationFixture/pc2_weights_three_tank_temperatures_and_two_of_them_carry_no_weight[9] (cohDay_weightedTemperatureAdjust@t=0.0) — FAIL
             actual=0.7346185293115818 expected=0.9111967603338292 (rtol=0.000000000001, atol=0)
         - fixtures/process-evap-permeation.esm :: EvapPermeationFixture/pc2_weights_three_tank_temperatures_and_two_of_them_carry_no_weight[10] (cohDay_weightedTemperatureAdjust@t=0.0) — ERROR
             assertion evaluation failed: `coords` position 2 along 'runspecday_rows' resolves to index 2, outside 1..1
         - fixtures/process-evap-permeation.esm :: EvapPermeationFixture/the_worked_examples_reach_movesoutput[1] (out_emissionQuant@t=0.0) — FAIL
             actual=0.2946973678289224 expected=0.08708850069080686 (rtol=0.000000000001, atol=0)
         - fixtures/process-evap-permeation.esm :: EvapPermeationFixture/the_worked_examples_reach_movesoutput[2] (out_emissionQuant@t=0.0) — FAIL
             actual=0.3462576055175195 expected=0.10232550069732337 (rtol=0.000000000001, atol=0)
         - fixtures/process-evap-permeation.esm :: EvapPermeationFixture/the_worked_examples_reach_movesoutput[3] (out_emissionQuant@t=0.0) — FAIL
             actual=1.0834038378294955 expected=0.3530622399451016 (rtol=0.000000000001, atol=0)
         - fixtures/process-evap-permeation.esm :: EvapPermeationFixture/the_worked_examples_reach_movesoutput[4] (out_emissionQuant@t=0.0) — FAIL
             actual=0.00009827408606798297 expected=0.000029041802699316076 (rtol=0.000000000001, atol=0)
         - fixtures/process-evap-permeation.esm :: EvapPermeationFixture/the_worked_examples_reach_movesoutput[5] (out_emissionQuant@t=0.0) — FAIL
             actual=0.00004930429559636301 expected=0.000014570327561806817 (rtol=0.000000000001, atol=0)
         - fixtures/process-evap-permeation.esm :: EvapPermeationFixture/the_worked_examples_reach_movesoutput[6] (out_emissionQuant@t=0.0) — ERROR
             assertion evaluation failed: `coords` position 65 along 'output_rows' resolves to index 65, outside 1..64
         - fixtures/process-evap-permeation.esm :: EvapPermeationFixture/the_worked_examples_reach_movesoutput[7] (out_emissionQuant@t=0.0) — ERROR
             assertion evaluation failed: `coords` position 83 along 'output_rows' resolves to index 83, outside 1..64
         - fixtures/process-evap-permeation.esm :: EvapPermeationFixture/the_worked_examples_reach_movesoutput[8] (out_emissionQuant@t=0.0) — ERROR
             assertion evaluation failed: `coords` position 105 along 'output_rows' resolves to index 105, outside 1..64
         - fixtures/process-evap-permeation.esm :: EvapPermeationFixture/the_worked_examples_reach_movesoutput[9] (out_emissionQuant@t=0.0) — ERROR
             assertion evaluation failed: `coords` position 124 along 'output_rows' resolves to index 124, outside 1..64
         - fixtures/process-evap-permeation.esm :: EvapPermeationFixture/the_worked_examples_reach_movesoutput[10] (out_emissionQuant@t=0.0) — ERROR
             assertion evaluation failed: `coords` position 128 along 'output_rows' resolves to index 128, outside 1..64
         - fixtures/process-evap-permeation.esm :: EvapPermeationFixture/the_output_row_carries_its_keys_and_leaves_the_absent_ones_absent[1] (out_dayID@t=0.0) — FAIL
             actual=5 expected=2 (rtol=0.000000000001, atol=0)
         - fixtures/process-evap-permeation.esm :: EvapPermeationFixture/the_output_row_carries_its_keys_and_leaves_the_absent_ones_absent[2] (out_dayID@t=0.0) — ERROR
             assertion evaluation failed: `coords` position 105 along 'output_rows' resolves to index 105, outside 1..64
         - fixtures/process-evap-permeation.esm :: EvapPermeationFixture/pc5_divides_by_the_day_types_real_days[1] (outSourceHours@t=0.0) — FAIL
             actual=260.05730384453915 expected=27.330001837636907 (rtol=0.000000000001, atol=0)
         - fixtures/process-evap-permeation.esm :: EvapPermeationFixture/pc5_divides_by_the_day_types_real_days[2] (outSourceHours@t=0.0) — FAIL
             actual=23.19180710506584 expected=2.437278712884465 (rtol=0.000000000001, atol=0)
         - fixtures/process-evap-permeation.esm :: EvapPermeationFixture/pc5_divides_by_the_day_types_real_days[3] (outSourceHours@t=0.0) — ERROR
             assertion evaluation failed: `coords` position 65 along 'output_rows' resolves to index 65, outside 1..64
         - fixtures/process-evap-permeation.esm :: EvapPermeationFixture/pc5_divides_by_the_day_types_real_days[4] (outNoOfRealDays@t=0.0) — FAIL
             actual=5 expected=2 (rtol=0.000000000001, atol=0)
         - fixtures/process-evap-permeation.esm :: EvapPermeationFixture/pc5_divides_by_the_day_types_real_days[5] (outNoOfRealDays@t=0.0) — ERROR
             assertion evaluation failed: `coords` position 65 along 'output_rows' resolves to index 65, outside 1..64
       =========================================================
  [31mFAIL[0m fixture process-nox-speciation — inline assertions
       
       ================ ESM inline-test summary ================
       Files discovered: 1
       Assertions:       165
         file                                  pass   fail    err
         ------------------------------------------------------------
         fixtures/process-nox-speciation.esm    133     20     12
         ------------------------------------------------------------
         TOTAL                                  133     20     12
       
       Failures:
         - fixtures/process-nox-speciation.esm :: ProcessNoxSpeciation/the_drive_cycle_weights_are_a_distribution_over_the_twenty_three_running_modes[2] (dc_WTotal@t=0.0) — ERROR
             assertion evaluation failed: `coords` position 2 along 'runspecday_rows' resolves to index 2, outside 1..1
         - fixtures/process-nox-speciation.esm :: ProcessNoxSpeciation/the_drive_cycle_weights_are_a_distribution_over_the_twenty_three_running_modes[4] (dc_WModeCount@t=0.0) — ERROR
             assertion evaluation failed: `coords` position 2 along 'runspecday_rows' resolves to index 2, outside 1..1
         - fixtures/process-nox-speciation.esm :: ProcessNoxSpeciation/the_activity_chain_reproduces_the_reference_source_hours[3] (act_averageSpeed@t=0.0) — FAIL
             actual=56.361205525 expected=67.0416879 (rtol=0.000002, atol=0)
         - fixtures/process-nox-speciation.esm :: ProcessNoxSpeciation/the_activity_chain_reproduces_the_reference_source_hours[4] (act_averageSpeed@t=0.0) — ERROR
             assertion evaluation failed: `coords` position 42 along 'activity_rows' resolves to index 42, outside 1..41
         - fixtures/process-nox-speciation.esm :: ProcessNoxSpeciation/the_activity_chain_reproduces_the_reference_source_hours[5] (act_sho@t=0.0) — FAIL
             actual=260.05730384453915 expected=27.33 (rtol=0.000002, atol=0)
         - fixtures/process-nox-speciation.esm :: ProcessNoxSpeciation/the_activity_chain_reproduces_the_reference_source_hours[6] (act_sho@t=0.0) — FAIL
             actual=23.19180710506584 expected=2.43728 (rtol=0.000002, atol=0)
         - fixtures/process-nox-speciation.esm :: ProcessNoxSpeciation/the_activity_chain_reproduces_the_reference_source_hours[7] (act_sho@t=0.0) — ERROR
             assertion evaluation failed: `coords` position 42 along 'activity_rows' resolves to index 42, outside 1..41
         - fixtures/process-nox-speciation.esm :: ProcessNoxSpeciation/the_activity_chain_reproduces_the_reference_source_hours[8] (act_sho@t=0.0) — ERROR
             assertion evaluation failed: `coords` position 82 along 'activity_rows' resolves to index 82, outside 1..41
         - fixtures/process-nox-speciation.esm :: ProcessNoxSpeciation/the_collapsed_base_rate_reproduces_the_reference_generator_table[1] (rtDay_meanBaseRate@t=0.0) — FAIL
             actual=0.771623548490833 expected=0.957682 (rtol=0.00002, atol=0)
         - fixtures/process-nox-speciation.esm :: ProcessNoxSpeciation/the_collapsed_base_rate_reproduces_the_reference_generator_table[2] (rtDay_meanBaseRate@t=0.0) — ERROR
             assertion evaluation failed: `coords` position 2 along 'runspecday_rows' resolves to index 2, outside 1..1
         - fixtures/process-nox-speciation.esm :: ProcessNoxSpeciation/the_collapsed_base_rate_reproduces_the_reference_generator_table[3] (rtDay_meanBaseRate@t=0.0) — FAIL
             actual=111.39047794684446 expected=135.734 (rtol=0.00002, atol=0)
         - fixtures/process-nox-speciation.esm :: ProcessNoxSpeciation/the_collapsed_base_rate_reproduces_the_reference_generator_table[4] (rtDay_meanBaseRate@t=0.0) — ERROR
             assertion evaluation failed: `coords` position 2 along 'runspecday_rows' resolves to index 2, outside 1..1
         - fixtures/process-nox-speciation.esm :: ProcessNoxSpeciation/the_collapsed_base_rate_reproduces_the_reference_generator_table[5] (rtDay_meanBaseRate@t=0.0) — FAIL
             actual=5.453176727699956 expected=6.64495 (rtol=0.00002, atol=0)
         - fixtures/process-nox-speciation.esm :: ProcessNoxSpeciation/the_collapsed_base_rate_reproduces_the_reference_generator_table[6] (rtDay_meanBaseRate@t=0.0) — FAIL
             actual=0.00025731685211552934 expected=0.000319363 (rtol=0.00002, atol=0)
         - fixtures/process-nox-speciation.esm :: ProcessNoxSpeciation/the_collapsed_base_rate_reproduces_the_reference_generator_table[9] (rtDay_meanBaseRateACAdj@t=0.0) — FAIL
             actual=0.2955373189258282 expected=0.364955 (rtol=0.00002, atol=0)
         - fixtures/process-nox-speciation.esm :: ProcessNoxSpeciation/the_collapsed_base_rate_reproduces_the_reference_generator_table[10] (rtDay_meanBaseRateACAdj@t=0.0) — FAIL
             actual=43.76761375507647 expected=51.9912 (rtol=0.00002, atol=0)
         - fixtures/process-nox-speciation.esm :: ProcessNoxSpeciation/the_collapsed_base_rate_reproduces_the_reference_generator_table[11] (rtDay_meanBaseRateACAdj@t=0.0) — ERROR
             assertion evaluation failed: `coords` position 2 along 'runspecday_rows' resolves to index 2, outside 1..1
         - fixtures/process-nox-speciation.esm :: ProcessNoxSpeciation/the_collapsed_base_rate_reproduces_the_reference_generator_table[12] (rtDay_meanBaseRateACAdj@t=0.0) — FAIL
             actual=2.1426654877092632 expected=2.54526 (rtol=0.00002, atol=0)
         - fixtures/process-nox-speciation.esm :: ProcessNoxSpeciation/the_collapsed_base_rate_reproduces_the_reference_generator_table[13] (rtDay_meanBaseRateACAdj@t=0.0) — FAIL
             actual=0.00009855418842179208 expected=0.000121703 (rtol=0.00002, atol=0)
         - fixtures/process-nox-speciation.esm :: ProcessNoxSpeciation/the_speciation_chain_reaches_MOVESOutput_in_all_four_blocks[12] (out_emissionQuant@t=0.0) — FAIL
             actual=38.035362437325034 expected=12.4026 (rtol=0.00002, atol=0)
         - fixtures/process-nox-speciation.esm :: ProcessNoxSpeciation/the_speciation_chain_reaches_MOVESOutput_in_all_four_blocks[13] (out_emissionQuant@t=0.0) — FAIL
             actual=507.98646670483174 expected=162.631 (rtol=0.00002, atol=0)
         - fixtures/process-nox-speciation.esm :: ProcessNoxSpeciation/the_speciation_chain_reaches_MOVESOutput_in_all_four_blocks[14] (out_emissionQuant@t=0.0) — FAIL
             actual=25.63363060842592 expected=8.2066 (rtol=0.00002, atol=0)
         - fixtures/process-nox-speciation.esm :: ProcessNoxSpeciation/the_speciation_chain_reaches_MOVESOutput_in_all_four_blocks[15] (out_emissionQuant@t=0.0) — FAIL
             actual=0.012683827172703242 expected=0.00413597 (rtol=0.00002, atol=0)
         - fixtures/process-nox-speciation.esm :: ProcessNoxSpeciation/the_speciation_chain_reaches_MOVESOutput_in_all_four_blocks[17] (out_emissionQuant@t=0.0) — FAIL
             actual=31.797562997603727 expected=10.3686 (rtol=0.00002, atol=0)
         - fixtures/process-nox-speciation.esm :: ProcessNoxSpeciation/the_speciation_chain_reaches_MOVESOutput_in_all_four_blocks[18] (out_emissionQuant@t=0.0) — FAIL
             actual=495.2868050372109 expected=158.565 (rtol=0.00002, atol=0)
         - fixtures/process-nox-speciation.esm :: ProcessNoxSpeciation/the_speciation_chain_reaches_MOVESOutput_in_all_four_blocks[19] (out_emissionQuant@t=0.0) — FAIL
             actual=5.933516540222706 expected=1.93481 (rtol=0.00002, atol=0)
         - fixtures/process-nox-speciation.esm :: ProcessNoxSpeciation/the_speciation_chain_reaches_MOVESOutput_in_all_four_blocks[20] (out_emissionQuant@t=0.0) — FAIL
             actual=0.30428289949860027 expected=0.0992211 (rtol=0.00002, atol=0)
         - fixtures/process-nox-speciation.esm :: ProcessNoxSpeciation/the_speciation_chain_reaches_MOVESOutput_in_all_four_blocks[21] (out_emissionQuant@t=0.0) — ERROR
             assertion evaluation failed: `coords` position 437 along 'output_rows' resolves to index 437, outside 1..436
         - fixtures/process-nox-speciation.esm :: ProcessNoxSpeciation/the_speciation_chain_reaches_MOVESOutput_in_all_four_blocks[22] (out_emissionQuant@t=0.0) — ERROR
             assertion evaluation failed: `coords` position 642 along 'output_rows' resolves to index 642, outside 1..436
         - fixtures/process-nox-speciation.esm :: ProcessNoxSpeciation/the_speciation_chain_reaches_MOVESOutput_in_all_four_blocks[23] (out_emissionQuant@t=0.0) — ERROR
             assertion evaluation failed: `coords` position 735 along 'output_rows' resolves to index 735, outside 1..436
         - fixtures/process-nox-speciation.esm :: ProcessNoxSpeciation/the_speciation_chain_reaches_MOVESOutput_in_all_four_blocks[32] (out_dayID@t=0.0) — FAIL
             actual=5 expected=2 (rtol=0.00002, atol=0)
         - fixtures/process-nox-speciation.esm :: ProcessNoxSpeciation/the_speciation_chain_reaches_MOVESOutput_in_all_four_blocks[33] (out_dayID@t=0.0) — ERROR
             assertion evaluation failed: `coords` position 437 along 'output_rows' resolves to index 437, outside 1..436
       =========================================================
  [31mFAIL[0m fixture process-pm-exhaust — inline assertions
       
       ================ ESM inline-test summary ================
       Files discovered: 1
       Assertions:       376
         file                              pass   fail    err
         --------------------------------------------------------
         fixtures/process-pm-exhaust.esm    302     42     32
         --------------------------------------------------------
         TOTAL                              302     42     32
       
       Failures:
         - fixtures/process-pm-exhaust.esm :: ProcessPmExhaust/the_activity_chain_reproduces_the_reference_sho_table[1] (act_sho@t=0.0) — FAIL
             actual=260.05730384453915 expected=27.33 (rtol=0.00001, atol=0)
         - fixtures/process-pm-exhaust.esm :: ProcessPmExhaust/the_activity_chain_reproduces_the_reference_sho_table[2] (act_sho@t=0.0) — FAIL
             actual=23.19180710506584 expected=2.43728 (rtol=0.00001, atol=0)
         - fixtures/process-pm-exhaust.esm :: ProcessPmExhaust/the_activity_chain_reproduces_the_reference_sho_table[3] (act_sho@t=0.0) — ERROR
             assertion evaluation failed: `coords` position 42 along 'activity_rows' resolves to index 42, outside 1..41
         - fixtures/process-pm-exhaust.esm :: ProcessPmExhaust/the_activity_chain_reproduces_the_reference_sho_table[4] (act_sho@t=0.0) — ERROR
             assertion evaluation failed: `coords` position 82 along 'activity_rows' resolves to index 82, outside 1..41
         - fixtures/process-pm-exhaust.esm :: ProcessPmExhaust/the_activity_chain_reproduces_the_reference_sho_table[5] (act_dayID@t=0.0) — FAIL
             actual=5 expected=2 (rtol=0.00001, atol=0)
         - fixtures/process-pm-exhaust.esm :: ProcessPmExhaust/the_activity_chain_reproduces_the_reference_sho_table[6] (act_dayID@t=0.0) — ERROR
             assertion evaluation failed: `coords` position 42 along 'activity_rows' resolves to index 42, outside 1..41
         - fixtures/process-pm-exhaust.esm :: ProcessPmExhaust/the_activity_chain_reproduces_the_reference_sho_table[7] (act_hourDayID@t=0.0) — FAIL
             actual=75 expected=72 (rtol=0.00001, atol=0)
         - fixtures/process-pm-exhaust.esm :: ProcessPmExhaust/the_activity_chain_reproduces_the_reference_sho_table[8] (act_hourDayID@t=0.0) — ERROR
             assertion evaluation failed: `coords` position 42 along 'activity_rows' resolves to index 42, outside 1..41
         - fixtures/process-pm-exhaust.esm :: ProcessPmExhaust/the_activity_chain_reproduces_the_reference_sho_table[11] (day_noOfRealDays@t=0.0) — FAIL
             actual=5 expected=2 (rtol=0.00001, atol=0)
         - fixtures/process-pm-exhaust.esm :: ProcessPmExhaust/the_activity_chain_reproduces_the_reference_sho_table[12] (day_noOfRealDays@t=0.0) — ERROR
             assertion evaluation failed: `coords` position 2 along 'runspecday_rows' resolves to index 2, outside 1..1
         - fixtures/process-pm-exhaust.esm :: ProcessPmExhaust/the_drive_cycle_weights_are_one_distribution_over_twenty_three_running_modes[2] (day_WTotal@t=0.0) — ERROR
             assertion evaluation failed: `coords` position 2 along 'runspecday_rows' resolves to index 2, outside 1..1
         - fixtures/process-pm-exhaust.esm :: ProcessPmExhaust/the_drive_cycle_weights_are_one_distribution_over_twenty_three_running_modes[4] (day_WModeCount@t=0.0) — ERROR
             assertion evaluation failed: `coords` position 2 along 'runspecday_rows' resolves to index 2, outside 1..1
         - fixtures/process-pm-exhaust.esm :: ProcessPmExhaust/both_parents_reproduce_baseRateByAge_and_electricity_is_rated_at_exactly_zero[1] (rtDay_meanBaseRate@t=0.0) — FAIL
             actual=0.544631994920536 expected=0.669368 (rtol=0.00002, atol=0)
         - fixtures/process-pm-exhaust.esm :: ProcessPmExhaust/both_parents_reproduce_baseRateByAge_and_electricity_is_rated_at_exactly_zero[2] (rtDay_meanBaseRate@t=0.0) — FAIL
             actual=3.345490072060967 expected=4.11171 (rtol=0.00002, atol=0)
         - fixtures/process-pm-exhaust.esm :: ProcessPmExhaust/both_parents_reproduce_baseRateByAge_and_electricity_is_rated_at_exactly_zero[3] (rtDay_meanBaseRate@t=0.0) — ERROR
             assertion evaluation failed: `coords` position 2 along 'runspecday_rows' resolves to index 2, outside 1..1
         - fixtures/process-pm-exhaust.esm :: ProcessPmExhaust/both_parents_reproduce_baseRateByAge_and_electricity_is_rated_at_exactly_zero[4] (rtDay_meanBaseRate@t=0.0) — ERROR
             assertion evaluation failed: `coords` position 2 along 'runspecday_rows' resolves to index 2, outside 1..1
         - fixtures/process-pm-exhaust.esm :: ProcessPmExhaust/both_parents_reproduce_baseRateByAge_and_electricity_is_rated_at_exactly_zero[5] (rtDay_meanBaseRate@t=0.0) — ERROR
             assertion evaluation failed: `coords` position 2 along 'runspecday_rows' resolves to index 2, outside 1..1
         - fixtures/process-pm-exhaust.esm :: ProcessPmExhaust/both_parents_reproduce_baseRateByAge_and_electricity_is_rated_at_exactly_zero[6] (rtDay_meanBaseRate@t=0.0) — ERROR
             assertion evaluation failed: `coords` position 2 along 'runspecday_rows' resolves to index 2, outside 1..1
         - fixtures/process-pm-exhaust.esm :: ProcessPmExhaust/both_parents_reproduce_baseRateByAge_and_electricity_is_rated_at_exactly_zero[7] (rtDay_meanBaseRate@t=0.0) — ERROR
             assertion evaluation failed: `coords` position 2 along 'runspecday_rows' resolves to index 2, outside 1..1
         - fixtures/process-pm-exhaust.esm :: ProcessPmExhaust/both_parents_reproduce_baseRateByAge_and_electricity_is_rated_at_exactly_zero[8] (rtDay_meanBaseRate@t=0.0) — ERROR
             assertion evaluation failed: `coords` position 2 along 'runspecday_rows' resolves to index 2, outside 1..1
         - fixtures/process-pm-exhaust.esm :: ProcessPmExhaust/both_parents_reproduce_baseRateByAge_and_electricity_is_rated_at_exactly_zero[19] (rtDay_activity@t=0.0) — FAIL
             actual=4.638361421013168 expected=1.21863935644 (rtol=0.00002, atol=0)
         - fixtures/process-pm-exhaust.esm :: ProcessPmExhaust/both_parents_reproduce_baseRateByAge_and_electricity_is_rated_at_exactly_zero[20] (rtDay_activity@t=0.0) — ERROR
             assertion evaluation failed: `coords` position 2 along 'runspecday_rows' resolves to index 2, outside 1..1
         - fixtures/process-pm-exhaust.esm :: ProcessPmExhaust/both_parents_reproduce_baseRateByAge_and_electricity_is_rated_at_exactly_zero[21] (rtDay_activity@t=0.0) — ERROR
             assertion evaluation failed: `coords` position 2 along 'runspecday_rows' resolves to index 2, outside 1..1
         - fixtures/process-pm-exhaust.esm :: ProcessPmExhaust/the_two_parents_reach_every_rate_row_of_their_cohort_and_the_four_species_follow[1] (rtDay_ratedQuant@t=0.0) — FAIL
             actual=2.526200033888854 expected=0.815717971125 (rtol=0.00002, atol=0)
         - fixtures/process-pm-exhaust.esm :: ProcessPmExhaust/the_two_parents_reach_every_rate_row_of_their_cohort_and_the_four_species_follow[2] (rtDay_ratedQuant@t=0.0) — FAIL
             actual=15.517592084630152 expected=5.01068138387 (rtol=0.00002, atol=0)
         - fixtures/process-pm-exhaust.esm :: ProcessPmExhaust/the_two_parents_reach_every_rate_row_of_their_cohort_and_the_four_species_follow[5] (rtDay_ecQuant@t=0.0) — FAIL
             actual=2.526200033888854 expected=0.815717971125 (rtol=0.00002, atol=0)
         - fixtures/process-pm-exhaust.esm :: ProcessPmExhaust/the_two_parents_reach_every_rate_row_of_their_cohort_and_the_four_species_follow[6] (rtDay_ecQuant@t=0.0) — FAIL
             actual=2.526200033888854 expected=0.815717971125 (rtol=0.00002, atol=0)
         - fixtures/process-pm-exhaust.esm :: ProcessPmExhaust/the_two_parents_reach_every_rate_row_of_their_cohort_and_the_four_species_follow[7] (rtDay_ecQuant@t=0.0) — FAIL
             actual=2.526200033888854 expected=0.815717971125 (rtol=0.00002, atol=0)
         - fixtures/process-pm-exhaust.esm :: ProcessPmExhaust/the_two_parents_reach_every_rate_row_of_their_cohort_and_the_four_species_follow[8] (rtDay_nonECQuant@t=0.0) — FAIL
             actual=15.517592084630152 expected=5.01068138387 (rtol=0.00002, atol=0)
         - fixtures/process-pm-exhaust.esm :: ProcessPmExhaust/the_two_parents_reach_every_rate_row_of_their_cohort_and_the_four_species_follow[9] (rtDay_nonECQuant@t=0.0) — FAIL
             actual=15.517592084630152 expected=5.01068138387 (rtol=0.00002, atol=0)
         - fixtures/process-pm-exhaust.esm :: ProcessPmExhaust/the_two_parents_reach_every_rate_row_of_their_cohort_and_the_four_species_follow[10] (rtDay_nonECQuant@t=0.0) — FAIL
             actual=15.517592084630152 expected=5.01068138387 (rtol=0.00002, atol=0)
         - fixtures/process-pm-exhaust.esm :: ProcessPmExhaust/the_two_parents_reach_every_rate_row_of_their_cohort_and_the_four_species_follow[11] (rtDay_ecQuant@t=0.0) — ERROR
             assertion evaluation failed: `coords` position 2 along 'runspecday_rows' resolves to index 2, outside 1..1
         - fixtures/process-pm-exhaust.esm :: ProcessPmExhaust/the_two_parents_reach_every_rate_row_of_their_cohort_and_the_four_species_follow[12] (rtDay_nonECQuant@t=0.0) — ERROR
             assertion evaluation failed: `coords` position 2 along 'runspecday_rows' resolves to index 2, outside 1..1
         - fixtures/process-pm-exhaust.esm :: ProcessPmExhaust/the_two_parents_reach_every_rate_row_of_their_cohort_and_the_four_species_follow[13] (rtDay_spmEC@t=0.0) — FAIL
             actual=2.526200033888854 expected=0.815717971125 (rtol=0.00002, atol=0)
         - fixtures/process-pm-exhaust.esm :: ProcessPmExhaust/the_two_parents_reach_every_rate_row_of_their_cohort_and_the_four_species_follow[14] (rtDay_spmEC@t=0.0) — FAIL
             actual=2.526200033888854 expected=0.815717971125 (rtol=0.00002, atol=0)
         - fixtures/process-pm-exhaust.esm :: ProcessPmExhaust/the_two_parents_reach_every_rate_row_of_their_cohort_and_the_four_species_follow[15] (rtDay_spmSulfate@t=0.0) — FAIL
             actual=0.42282935593184157 expected=0.13653298596629 (rtol=0.00002, atol=0)
         - fixtures/process-pm-exhaust.esm :: ProcessPmExhaust/the_two_parents_reach_every_rate_row_of_their_cohort_and_the_four_species_follow[17] (rtDay_spmResidue@t=0.0) — FAIL
             actual=14.27618471785974 expected=4.60982687316 (rtol=0.00002, atol=0)
         - fixtures/process-pm-exhaust.esm :: ProcessPmExhaust/the_two_parents_reach_every_rate_row_of_their_cohort_and_the_four_species_follow[18] (rtDay_spmEC@t=0.0) — ERROR
             assertion evaluation failed: `coords` position 2 along 'runspecday_rows' resolves to index 2, outside 1..1
         - fixtures/process-pm-exhaust.esm :: ProcessPmExhaust/the_two_parents_reach_every_rate_row_of_their_cohort_and_the_four_species_follow[19] (rtDay_spmSulfate@t=0.0) — ERROR
             assertion evaluation failed: `coords` position 2 along 'runspecday_rows' resolves to index 2, outside 1..1
         - fixtures/process-pm-exhaust.esm :: ProcessPmExhaust/the_two_parents_reach_every_rate_row_of_their_cohort_and_the_four_species_follow[20] (rtDay_spmResidue@t=0.0) — ERROR
             assertion evaluation failed: `coords` position 2 along 'runspecday_rows' resolves to index 2, outside 1..1
         - fixtures/process-pm-exhaust.esm :: ProcessPmExhaust/the_worked_examples_reach_MOVESOutput_on_all_seven_pollutants[1] (out_emissionQuant@t=0.0) — FAIL
             actual=0.9059853249656551 expected=6.28755 (rtol=0.00002, atol=0)
         - fixtures/process-pm-exhaust.esm :: ProcessPmExhaust/the_worked_examples_reach_MOVESOutput_on_all_seven_pollutants[2] (out_emissionQuant@t=0.0) — FAIL
             actual=0.5095136347465765 expected=5.56209 (rtol=0.00002, atol=0)
         - fixtures/process-pm-exhaust.esm :: ProcessPmExhaust/the_worked_examples_reach_MOVESOutput_on_all_seven_pollutants[3] (out_emissionQuant@t=0.0) — FAIL
             actual=0.011222821478108136 expected=3.25788 (rtol=0.00002, atol=0)
         - fixtures/process-pm-exhaust.esm :: ProcessPmExhaust/the_worked_examples_reach_MOVESOutput_on_all_seven_pollutants[4] (out_emissionQuant@t=0.0) — FAIL
             actual=0 expected=0.815719 (rtol=0.00002, atol=0)
         - fixtures/process-pm-exhaust.esm :: ProcessPmExhaust/the_worked_examples_reach_MOVESOutput_on_all_seven_pollutants[5] (out_emissionQuant@t=0.0) — ERROR
             assertion evaluation failed: `coords` position 913 along 'output_rows' resolves to index 913, outside 1..728
         - fixtures/process-pm-exhaust.esm :: ProcessPmExhaust/the_worked_examples_reach_MOVESOutput_on_all_seven_pollutants[6] (out_emissionQuant@t=0.0) — ERROR
             assertion evaluation failed: `coords` position 1121 along 'output_rows' resolves to index 1121, outside 1..728
         - fixtures/process-pm-exhaust.esm :: ProcessPmExhaust/the_worked_examples_reach_MOVESOutput_on_all_seven_pollutants[7] (out_emissionQuant@t=0.0) — ERROR
             assertion evaluation failed: `coords` position 1329 along 'output_rows' resolves to index 1329, outside 1..728
         - fixtures/process-pm-exhaust.esm :: ProcessPmExhaust/the_worked_examples_reach_MOVESOutput_on_all_seven_pollutants[8] (out_emissionQuant@t=0.0) — FAIL
             actual=2.990905537444152 expected=2.43443 (rtol=0.00002, atol=0)
         - fixtures/process-pm-exhaust.esm :: ProcessPmExhaust/the_worked_examples_reach_MOVESOutput_on_all_seven_pollutants[9] (out_emissionQuant@t=0.0) — FAIL
             actual=0.8370004457625089 expected=2.15354 (rtol=0.00002, atol=0)
         - fixtures/process-pm-exhaust.esm :: ProcessPmExhaust/the_worked_examples_reach_MOVESOutput_on_all_seven_pollutants[10] (out_emissionQuant@t=0.0) — FAIL
             actual=0.07850892765912092 expected=0.687043 (rtol=0.00002, atol=0)
         - fixtures/process-pm-exhaust.esm :: ProcessPmExhaust/the_worked_examples_reach_MOVESOutput_on_all_seven_pollutants[11] (out_emissionQuant@t=0.0) — FAIL
             actual=0 expected=1.11695 (rtol=0.00002, atol=0)
         - fixtures/process-pm-exhaust.esm :: ProcessPmExhaust/the_worked_examples_reach_MOVESOutput_on_all_seven_pollutants[12] (out_emissionQuant@t=0.0) — ERROR
             assertion evaluation failed: `coords` position 834 along 'output_rows' resolves to index 834, outside 1..728
         - fixtures/process-pm-exhaust.esm :: ProcessPmExhaust/the_worked_examples_reach_MOVESOutput_on_all_seven_pollutants[13] (out_emissionQuant@t=0.0) — ERROR
             assertion evaluation failed: `coords` position 1042 along 'output_rows' resolves to index 1042, outside 1..728
         - fixtures/process-pm-exhaust.esm :: ProcessPmExhaust/the_worked_examples_reach_MOVESOutput_on_all_seven_pollutants[14] (out_emissionQuant@t=0.0) — FAIL
             actual=0.0018240848601070178 expected=0.0315705 (rtol=0.00002, atol=0)
         - fixtures/process-pm-exhaust.esm :: ProcessPmExhaust/the_worked_examples_reach_MOVESOutput_on_all_seven_pollutants[15] (out_emissionQuant@t=0.0) — FAIL
             actual=0.0009451448302948168 expected=0.0290448 (rtol=0.00002, atol=0)
         - fixtures/process-pm-exhaust.esm :: ProcessPmExhaust/the_worked_examples_reach_MOVESOutput_on_all_seven_pollutants[16] (out_emissionQuant@t=0.0) — FAIL
             actual=0.00003960971498970101 expected=0.00490041 (rtol=0.00002, atol=0)
         - fixtures/process-pm-exhaust.esm :: ProcessPmExhaust/the_worked_examples_reach_MOVESOutput_on_all_seven_pollutants[17] (out_emissionQuant@t=0.0) — FAIL
             actual=0 expected=0.00773614 (rtol=0.00002, atol=0)
         - fixtures/process-pm-exhaust.esm :: ProcessPmExhaust/the_worked_examples_reach_MOVESOutput_on_all_seven_pollutants[18] (out_emissionQuant@t=0.0) — ERROR
             assertion evaluation failed: `coords` position 934 along 'output_rows' resolves to index 934, outside 1..728
         - fixtures/process-pm-exhaust.esm :: ProcessPmExhaust/the_worked_examples_reach_MOVESOutput_on_all_seven_pollutants[19] (out_emissionQuant@t=0.0) — ERROR
             assertion evaluation failed: `coords` position 1142 along 'output_rows' resolves to index 1142, outside 1..728
         - fixtures/process-pm-exhaust.esm :: ProcessPmExhaust/the_worked_examples_reach_MOVESOutput_on_all_seven_pollutants[20] (out_emissionQuant@t=0.0) — FAIL
             actual=0.02162031822653266 expected=0.000811818 (rtol=0.00002, atol=0)
         - fixtures/process-pm-exhaust.esm :: ProcessPmExhaust/the_worked_examples_reach_MOVESOutput_on_all_seven_pollutants[21] (out_emissionQuant@t=0.0) — FAIL
             actual=0.003120344747536659 expected=0.00071815 (rtol=0.00002, atol=0)
         - fixtures/process-pm-exhaust.esm :: ProcessPmExhaust/the_worked_examples_reach_MOVESOutput_on_all_seven_pollutants[22] (out_emissionQuant@t=0.0) — ERROR
             assertion evaluation failed: `coords` position 788 along 'output_rows' resolves to index 788, outside 1..728
         - fixtures/process-pm-exhaust.esm :: ProcessPmExhaust/the_worked_examples_reach_MOVESOutput_on_all_seven_pollutants[26] (out_fuelTypeID@t=0.0) — FAIL
             actual=2 expected=1 (rtol=0.00002, atol=0)
         - fixtures/process-pm-exhaust.esm :: ProcessPmExhaust/the_worked_examples_reach_MOVESOutput_on_all_seven_pollutants[27] (out_dayID@t=0.0) — FAIL
             actual=5 expected=2 (rtol=0.00002, atol=0)
         - fixtures/process-pm-exhaust.esm :: ProcessPmExhaust/the_worked_examples_reach_MOVESOutput_on_all_seven_pollutants[28] (out_SCC@t=0.0) — FAIL
             actual=2202210401 expected=2201210401 (rtol=0.00002, atol=0)
         - fixtures/process-pm-exhaust.esm :: ProcessPmExhaust/the_worked_examples_reach_MOVESOutput_on_all_seven_pollutants[29] (out_pollutantID@t=0.0) — FAIL
             actual=119 expected=112 (rtol=0.00002, atol=0)
         - fixtures/process-pm-exhaust.esm :: ProcessPmExhaust/the_worked_examples_reach_MOVESOutput_on_all_seven_pollutants[30] (out_pollutantID@t=0.0) — ERROR
             assertion evaluation failed: `coords` position 913 along 'output_rows' resolves to index 913, outside 1..728
         - fixtures/process-pm-exhaust.esm :: ProcessPmExhaust/the_worked_examples_reach_MOVESOutput_on_all_seven_pollutants[31] (out_pollutantID@t=0.0) — ERROR
             assertion evaluation failed: `coords` position 1121 along 'output_rows' resolves to index 1121, outside 1..728
         - fixtures/process-pm-exhaust.esm :: ProcessPmExhaust/the_worked_examples_reach_MOVESOutput_on_all_seven_pollutants[32] (out_pollutantID@t=0.0) — ERROR
             assertion evaluation failed: `coords` position 1329 along 'output_rows' resolves to index 1329, outside 1..728
         - fixtures/process-pm-exhaust.esm :: ProcessPmExhaust/the_worked_examples_reach_MOVESOutput_on_all_seven_pollutants[33] (out_pollutantID@t=0.0) — FAIL
             actual=111 expected=110 (rtol=0.00002, atol=0)
         - fixtures/process-pm-exhaust.esm :: ProcessPmExhaust/the_worked_examples_reach_MOVESOutput_on_all_seven_pollutants[34] (out_pollutantID@t=0.0) — FAIL
             actual=115 expected=111 (rtol=0.00002, atol=0)
         - fixtures/process-pm-exhaust.esm :: ProcessPmExhaust/the_worked_examples_reach_MOVESOutput_on_all_seven_pollutants[36] (out_fuelTypeID@t=0.0) — FAIL
             actual=5 expected=2 (rtol=0.00002, atol=0)
         - fixtures/process-pm-exhaust.esm :: ProcessPmExhaust/the_worked_examples_reach_MOVESOutput_on_all_seven_pollutants[37] (out_SCC@t=0.0) — FAIL
             actual=2205210401 expected=2202210401 (rtol=0.00002, atol=0)
         - fixtures/process-pm-exhaust.esm :: ProcessPmExhaust/the_worked_examples_reach_MOVESOutput_on_all_seven_pollutants[38] (out_SCC@t=0.0) — ERROR
             assertion evaluation failed: `coords` position 788 along 'output_rows' resolves to index 788, outside 1..728
       =========================================================
  [31mFAIL[0m fixture process-refueling — inline assertions
       
       ================ ESM inline-test summary ================
       Files discovered: 1
       Assertions:       220
         file                             pass   fail    err
         -------------------------------------------------------
         fixtures/process-refueling.esm    178     21     21
         -------------------------------------------------------
         TOTAL                             178     21     21
       
       Failures:
         - fixtures/process-refueling.esm :: ProcessRefueling/the_drive_cycle_weights_are_a_distribution_over_the_twenty_three_running_modes[2] (dc_WTotal@t=0.0) — ERROR
             assertion evaluation failed: `coords` position 2 along 'runspecday_rows' resolves to index 2, outside 1..1
         - fixtures/process-refueling.esm :: ProcessRefueling/the_drive_cycle_weights_are_a_distribution_over_the_twenty_three_running_modes[4] (dc_WModeCount@t=0.0) — ERROR
             assertion evaluation failed: `coords` position 2 along 'runspecday_rows' resolves to index 2, outside 1..1
         - fixtures/process-refueling.esm :: ProcessRefueling/the_activity_chain_reproduces_the_worked_examples[3] (act_averageSpeed@t=0.0) — FAIL
             actual=56.361205525 expected=67.0416879 (rtol=0.000002, atol=0)
         - fixtures/process-refueling.esm :: ProcessRefueling/the_activity_chain_reproduces_the_worked_examples[4] (act_averageSpeed@t=0.0) — ERROR
             assertion evaluation failed: `coords` position 42 along 'activity_rows' resolves to index 42, outside 1..41
         - fixtures/process-refueling.esm :: ProcessRefueling/the_activity_chain_reproduces_the_worked_examples[5] (act_sho@t=0.0) — FAIL
             actual=260.05730384453915 expected=27.33 (rtol=0.000002, atol=0)
         - fixtures/process-refueling.esm :: ProcessRefueling/the_activity_chain_reproduces_the_worked_examples[6] (act_sho@t=0.0) — FAIL
             actual=23.19180710506584 expected=2.43728 (rtol=0.000002, atol=0)
         - fixtures/process-refueling.esm :: ProcessRefueling/the_activity_chain_reproduces_the_worked_examples[7] (act_sho@t=0.0) — ERROR
             assertion evaluation failed: `coords` position 42 along 'activity_rows' resolves to index 42, outside 1..41
         - fixtures/process-refueling.esm :: ProcessRefueling/the_activity_chain_reproduces_the_worked_examples[8] (act_sho@t=0.0) — ERROR
             assertion evaluation failed: `coords` position 62 along 'activity_rows' resolves to index 62, outside 1..41
         - fixtures/process-refueling.esm :: ProcessRefueling/the_activity_chain_reproduces_the_worked_examples[9] (act_sho@t=0.0) — ERROR
             assertion evaluation failed: `coords` position 82 along 'activity_rows' resolves to index 82, outside 1..41
         - fixtures/process-refueling.esm :: ProcessRefueling/the_energy_spine_is_running_exhaust_alone_and_reproduces_the_generator_table[1] (rtDay_meanBaseRate@t=0.0) — FAIL
             actual=176680.55526167256 expected=207997 (rtol=0.00002, atol=0)
         - fixtures/process-refueling.esm :: ProcessRefueling/the_energy_spine_is_running_exhaust_alone_and_reproduces_the_generator_table[2] (rtDay_meanBaseRate@t=0.0) — ERROR
             assertion evaluation failed: `coords` position 2 along 'runspecday_rows' resolves to index 2, outside 1..1
         - fixtures/process-refueling.esm :: ProcessRefueling/the_energy_spine_is_running_exhaust_alone_and_reproduces_the_generator_table[3] (rtDay_meanBaseRate@t=0.0) — FAIL
             actual=333650.7858159108 expected=392141 (rtol=0.00002, atol=0)
         - fixtures/process-refueling.esm :: ProcessRefueling/the_energy_spine_is_running_exhaust_alone_and_reproduces_the_generator_table[4] (rtDay_meanBaseRate@t=0.0) — ERROR
             assertion evaluation failed: `coords` position 2 along 'runspecday_rows' resolves to index 2, outside 1..1
         - fixtures/process-refueling.esm :: ProcessRefueling/the_energy_spine_is_running_exhaust_alone_and_reproduces_the_generator_table[5] (rtDay_meanBaseRate@t=0.0) — FAIL
             actual=118.5429018223025 expected=139.555 (rtol=0.00002, atol=0)
         - fixtures/process-refueling.esm :: ProcessRefueling/the_energy_spine_is_running_exhaust_alone_and_reproduces_the_generator_table[6] (rtDay_meanBaseRate@t=0.0) — ERROR
             assertion evaluation failed: `coords` position 2 along 'runspecday_rows' resolves to index 2, outside 1..1
         - fixtures/process-refueling.esm :: ProcessRefueling/the_energy_spine_is_running_exhaust_alone_and_reproduces_the_generator_table[7] (rtDay_meanBaseRate@t=0.0) — ERROR
             assertion evaluation failed: `coords` position 2 along 'runspecday_rows' resolves to index 2, outside 1..1
         - fixtures/process-refueling.esm :: ProcessRefueling/the_energy_spine_is_running_exhaust_alone_and_reproduces_the_generator_table[8] (rtDay_meanBaseRateACAdj@t=0.0) — FAIL
             actual=26899.600353735612 expected=30166.7 (rtol=0.00002, atol=0)
         - fixtures/process-refueling.esm :: ProcessRefueling/the_energy_spine_is_running_exhaust_alone_and_reproduces_the_generator_table[9] (rtDay_meanBaseRateACAdj@t=0.0) — ERROR
             assertion evaluation failed: `coords` position 2 along 'runspecday_rows' resolves to index 2, outside 1..1
         - fixtures/process-refueling.esm :: ProcessRefueling/the_energy_spine_is_running_exhaust_alone_and_reproduces_the_generator_table[10] (rtDay_meanBaseRateACAdj@t=0.0) — FAIL
             actual=51142.55927635045 expected=57185.1 (rtol=0.00002, atol=0)
         - fixtures/process-refueling.esm :: ProcessRefueling/the_energy_spine_is_running_exhaust_alone_and_reproduces_the_generator_table[11] (rtDay_meanBaseRateACAdj@t=0.0) — ERROR
             assertion evaluation failed: `coords` position 2 along 'runspecday_rows' resolves to index 2, outside 1..1
         - fixtures/process-refueling.esm :: ProcessRefueling/the_energy_spine_is_running_exhaust_alone_and_reproduces_the_generator_table[13] (rtDay_meanBaseRate@t=0.0) — ERROR
             assertion evaluation failed: `coords` position 2 along 'runspecday_rows' resolves to index 2, outside 1..1
         - fixtures/process-refueling.esm :: ProcessRefueling/the_energy_spine_is_running_exhaust_alone_and_reproduces_the_generator_table[15] (pp_energyTotal@t=0.0) — FAIL
             actual=253980991.98184073 expected=332539531.5465636 (rtol=0.00002, atol=0)
         - fixtures/process-refueling.esm :: ProcessRefueling/the_worked_examples_reach_MOVESOutput_in_both_blocks[1] (out_emissionQuant@t=0.0) — FAIL
             actual=9.856351122766071 expected=39.5603 (rtol=0.00002, atol=0)
         - fixtures/process-refueling.esm :: ProcessRefueling/the_worked_examples_reach_MOVESOutput_in_both_blocks[2] (out_emissionQuant@t=0.0) — FAIL
             actual=5.419817619031713 expected=2.81233 (rtol=0.00002, atol=0)
         - fixtures/process-refueling.esm :: ProcessRefueling/the_worked_examples_reach_MOVESOutput_in_both_blocks[3] (out_emissionQuant@t=0.0) — FAIL
             actual=0.01038391193911007 expected=38.2396 (rtol=0.00002, atol=0)
         - fixtures/process-refueling.esm :: ProcessRefueling/the_worked_examples_reach_MOVESOutput_in_both_blocks[4] (out_emissionQuant@t=0.0) — FAIL
             actual=7.834564983528764 expected=0.000399124 (rtol=0.00002, atol=0)
         - fixtures/process-refueling.esm :: ProcessRefueling/the_worked_examples_reach_MOVESOutput_in_both_blocks[5] (out_emissionQuant@t=0.0) — FAIL
             actual=0.00648835797331301 expected=0.00252297 (rtol=0.00002, atol=0)
         - fixtures/process-refueling.esm :: ProcessRefueling/the_worked_examples_reach_MOVESOutput_in_both_blocks[6] (out_emissionQuant@t=0.0) — ERROR
             assertion evaluation failed: `coords` position 210 along 'output_rows' resolves to index 210, outside 1..168
         - fixtures/process-refueling.esm :: ProcessRefueling/the_worked_examples_reach_MOVESOutput_in_both_blocks[7] (out_emissionQuant@t=0.0) — FAIL
             actual=0.0029638337043431783 expected=12.0751 (rtol=0.00002, atol=0)
         - fixtures/process-refueling.esm :: ProcessRefueling/the_worked_examples_reach_MOVESOutput_in_both_blocks[8] (out_emissionQuant@t=0.0) — ERROR
             assertion evaluation failed: `coords` position 259 along 'output_rows' resolves to index 259, outside 1..168
         - fixtures/process-refueling.esm :: ProcessRefueling/the_worked_examples_reach_MOVESOutput_in_both_blocks[9] (out_emissionQuant@t=0.0) — ERROR
             assertion evaluation failed: `coords` position 257 along 'output_rows' resolves to index 257, outside 1..168
         - fixtures/process-refueling.esm :: ProcessRefueling/the_worked_examples_reach_MOVESOutput_in_both_blocks[10] (out_emissionQuant@t=0.0) — ERROR
             assertion evaluation failed: `coords` position 292 along 'output_rows' resolves to index 292, outside 1..168
         - fixtures/process-refueling.esm :: ProcessRefueling/the_worked_examples_reach_MOVESOutput_in_both_blocks[11] (out_emissionQuant@t=0.0) — ERROR
             assertion evaluation failed: `coords` position 290 along 'output_rows' resolves to index 290, outside 1..168
         - fixtures/process-refueling.esm :: ProcessRefueling/the_worked_examples_reach_MOVESOutput_in_both_blocks[12] (out_emissionQuant@t=0.0) — ERROR
             assertion evaluation failed: `coords` position 209 along 'output_rows' resolves to index 209, outside 1..168
         - fixtures/process-refueling.esm :: ProcessRefueling/the_worked_examples_reach_MOVESOutput_in_both_blocks[17] (out_modelYearID@t=0.0) — FAIL
             actual=2003 expected=1980 (rtol=0.00002, atol=0)
         - fixtures/process-refueling.esm :: ProcessRefueling/the_worked_examples_reach_MOVESOutput_in_both_blocks[18] (out_modelYearID@t=0.0) — FAIL
             actual=2016 expected=1998 (rtol=0.00002, atol=0)
         - fixtures/process-refueling.esm :: ProcessRefueling/the_worked_examples_reach_MOVESOutput_in_both_blocks[19] (out_fuelTypeID@t=0.0) — FAIL
             actual=1 expected=5 (rtol=0.00002, atol=0)
         - fixtures/process-refueling.esm :: ProcessRefueling/the_worked_examples_reach_MOVESOutput_in_both_blocks[20] (out_fuelTypeID@t=0.0) — ERROR
             assertion evaluation failed: `coords` position 259 along 'output_rows' resolves to index 259, outside 1..168
         - fixtures/process-refueling.esm :: ProcessRefueling/the_worked_examples_reach_MOVESOutput_in_both_blocks[22] (out_dayID@t=0.0) — FAIL
             actual=5 expected=2 (rtol=0.00002, atol=0)
         - fixtures/process-refueling.esm :: ProcessRefueling/the_worked_examples_reach_MOVESOutput_in_both_blocks[24] (out_SCC@t=0.0) — FAIL
             actual=2201210419 expected=2205210418 (rtol=0.00002, atol=0)
         - fixtures/process-refueling.esm :: ProcessRefueling/the_worked_examples_reach_MOVESOutput_in_both_blocks[25] (out_SCC@t=0.0) — FAIL
             actual=2202210419 expected=2201210419 (rtol=0.00002, atol=0)
         - fixtures/process-refueling.esm :: ProcessRefueling/the_worked_examples_reach_MOVESOutput_in_both_blocks[26] (out_SCC@t=0.0) — ERROR
             assertion evaluation failed: `coords` position 259 along 'output_rows' resolves to index 259, outside 1..168
       =========================================================
  [31mFAIL[0m fixture process-tirewear — inline assertions
       
       ================ ESM inline-test summary ================
       Files discovered: 1
       Assertions:       141
         file                            pass   fail    err
         ------------------------------------------------------
         fixtures/process-tirewear.esm     98     19     24
         ------------------------------------------------------
         TOTAL                             98     19     24
       
       Failures:
         - fixtures/process-tirewear.esm :: ProcessTirewear/the_two_operating_mode_families_are_two_binnings_of_one_activity[2] (pp_WTotal@t=0.0) — ERROR
             assertion evaluation failed: `coords` position 2 along 'runspecday_rows' resolves to index 2, outside 1..1
         - fixtures/process-tirewear.esm :: ProcessTirewear/the_two_operating_mode_families_are_two_binnings_of_one_activity[4] (pp_WTotal@t=0.0) — ERROR
             assertion evaluation failed: `coords` position 2 along 'runspecday_rows' resolves to index 2, outside 1..1
         - fixtures/process-tirewear.esm :: ProcessTirewear/the_two_operating_mode_families_are_two_binnings_of_one_activity[6] (pp_WModeCount@t=0.0) — ERROR
             assertion evaluation failed: `coords` position 2 along 'runspecday_rows' resolves to index 2, outside 1..1
         - fixtures/process-tirewear.esm :: ProcessTirewear/the_two_operating_mode_families_are_two_binnings_of_one_activity[9] (pp_WModeCount@t=0.0) — ERROR
             assertion evaluation failed: `coords` position 2 along 'runspecday_rows' resolves to index 2, outside 1..1
         - fixtures/process-tirewear.esm :: ProcessTirewear/the_two_operating_mode_families_are_two_binnings_of_one_activity[11] (pp_tireIdleWeight@t=0.0) — ERROR
             assertion evaluation failed: `coords` position 2 along 'runspecday_rows' resolves to index 2, outside 1..1
         - fixtures/process-tirewear.esm :: ProcessTirewear/the_activity_chain_reproduces_the_worked_examples[3] (act_averageSpeed@t=0.0) — FAIL
             actual=56.361205525 expected=67.0416879 (rtol=0.000002, atol=0)
         - fixtures/process-tirewear.esm :: ProcessTirewear/the_activity_chain_reproduces_the_worked_examples[4] (act_averageSpeed@t=0.0) — ERROR
             assertion evaluation failed: `coords` position 42 along 'activity_rows' resolves to index 42, outside 1..41
         - fixtures/process-tirewear.esm :: ProcessTirewear/the_activity_chain_reproduces_the_worked_examples[5] (act_sho@t=0.0) — FAIL
             actual=260.05730384453915 expected=27.33 (rtol=0.000002, atol=0)
         - fixtures/process-tirewear.esm :: ProcessTirewear/the_activity_chain_reproduces_the_worked_examples[6] (act_sho@t=0.0) — FAIL
             actual=23.19180710506584 expected=2.43728 (rtol=0.000002, atol=0)
         - fixtures/process-tirewear.esm :: ProcessTirewear/the_activity_chain_reproduces_the_worked_examples[7] (act_sho@t=0.0) — ERROR
             assertion evaluation failed: `coords` position 42 along 'activity_rows' resolves to index 42, outside 1..41
         - fixtures/process-tirewear.esm :: ProcessTirewear/the_activity_chain_reproduces_the_worked_examples[8] (act_sho@t=0.0) — ERROR
             assertion evaluation failed: `coords` position 62 along 'activity_rows' resolves to index 62, outside 1..41
         - fixtures/process-tirewear.esm :: ProcessTirewear/the_activity_chain_reproduces_the_worked_examples[9] (act_sho@t=0.0) — ERROR
             assertion evaluation failed: `coords` position 82 along 'activity_rows' resolves to index 82, outside 1..41
         - fixtures/process-tirewear.esm :: ProcessTirewear/the_collapsed_base_rate_reproduces_both_of_the_references_generator_tables[1] (rtDay_meanBaseRate@t=0.0) — FAIL
             actual=176680.55526167256 expected=207997 (rtol=0.00002, atol=0)
         - fixtures/process-tirewear.esm :: ProcessTirewear/the_collapsed_base_rate_reproduces_both_of_the_references_generator_tables[2] (rtDay_meanBaseRate@t=0.0) — ERROR
             assertion evaluation failed: `coords` position 2 along 'runspecday_rows' resolves to index 2, outside 1..1
         - fixtures/process-tirewear.esm :: ProcessTirewear/the_collapsed_base_rate_reproduces_both_of_the_references_generator_tables[3] (rtDay_meanBaseRate@t=0.0) — FAIL
             actual=333650.7858159108 expected=392141 (rtol=0.00002, atol=0)
         - fixtures/process-tirewear.esm :: ProcessTirewear/the_collapsed_base_rate_reproduces_both_of_the_references_generator_tables[4] (rtDay_meanBaseRate@t=0.0) — FAIL
             actual=159.38479210813884 expected=187.636 (rtol=0.00002, atol=0)
         - fixtures/process-tirewear.esm :: ProcessTirewear/the_collapsed_base_rate_reproduces_both_of_the_references_generator_tables[5] (rtDay_meanBaseRate@t=0.0) — ERROR
             assertion evaluation failed: `coords` position 2 along 'runspecday_rows' resolves to index 2, outside 1..1
         - fixtures/process-tirewear.esm :: ProcessTirewear/the_collapsed_base_rate_reproduces_both_of_the_references_generator_tables[6] (rtDay_meanBaseRate@t=0.0) — FAIL
             actual=0.055598997654115356 expected=0.0599881 (rtol=0.00002, atol=0)
         - fixtures/process-tirewear.esm :: ProcessTirewear/the_collapsed_base_rate_reproduces_both_of_the_references_generator_tables[7] (rtDay_meanBaseRate@t=0.0) — ERROR
             assertion evaluation failed: `coords` position 2 along 'runspecday_rows' resolves to index 2, outside 1..1
         - fixtures/process-tirewear.esm :: ProcessTirewear/the_collapsed_base_rate_reproduces_both_of_the_references_generator_tables[8] (rtDay_meanBaseRate@t=0.0) — FAIL
             actual=0.055308191310694046 expected=0.0596743 (rtol=0.00002, atol=0)
         - fixtures/process-tirewear.esm :: ProcessTirewear/the_collapsed_base_rate_reproduces_both_of_the_references_generator_tables[9] (rtDay_meanBaseRate@t=0.0) — FAIL
             actual=0.00004248684650899963 expected=0.0000458408 (rtol=0.00002, atol=0)
         - fixtures/process-tirewear.esm :: ProcessTirewear/the_collapsed_base_rate_reproduces_both_of_the_references_generator_tables[10] (rtDay_meanBaseRate@t=0.0) — ERROR
             assertion evaluation failed: `coords` position 2 along 'runspecday_rows' resolves to index 2, outside 1..1
         - fixtures/process-tirewear.esm :: ProcessTirewear/the_collapsed_base_rate_reproduces_both_of_the_references_generator_tables[11] (rtDay_meanBaseRateACAdj@t=0.0) — FAIL
             actual=26899.600353735612 expected=30166.7 (rtol=0.00002, atol=0)
         - fixtures/process-tirewear.esm :: ProcessTirewear/the_collapsed_base_rate_reproduces_both_of_the_references_generator_tables[12] (rtDay_meanBaseRateACAdj@t=0.0) — ERROR
             assertion evaluation failed: `coords` position 2 along 'runspecday_rows' resolves to index 2, outside 1..1
         - fixtures/process-tirewear.esm :: ProcessTirewear/the_collapsed_base_rate_reproduces_both_of_the_references_generator_tables[13] (rtDay_meanBaseRateACAdj@t=0.0) — FAIL
             actual=51142.55927635045 expected=57185.1 (rtol=0.00002, atol=0)
         - fixtures/process-tirewear.esm :: ProcessTirewear/the_collapsed_base_rate_reproduces_both_of_the_references_generator_tables[14] (rtDay_meanBaseRateACAdj@t=0.0) — ERROR
             assertion evaluation failed: `coords` position 2 along 'runspecday_rows' resolves to index 2, outside 1..1
         - fixtures/process-tirewear.esm :: ProcessTirewear/the_PM10_chain_is_a_ratio_lookup_and_here_it_is_a_single_constant[9] (rtDay_quantDirect@t=0.0) — ERROR
             assertion evaluation failed: `coords` position 2 along 'runspecday_rows' resolves to index 2, outside 1..1
         - fixtures/process-tirewear.esm :: ProcessTirewear/the_worked_examples_reach_MOVESOutput_in_all_three_blocks[1] (out_emissionQuant@t=0.0) — FAIL
             actual=1.4668350113195403 expected=0.452942 (rtol=0.00002, atol=0)
         - fixtures/process-tirewear.esm :: ProcessTirewear/the_worked_examples_reach_MOVESOutput_in_all_three_blocks[2] (out_emissionQuant@t=0.0) — FAIL
             actual=0.14085158966319683 expected=0.0471637 (rtol=0.00002, atol=0)
         - fixtures/process-tirewear.esm :: ProcessTirewear/the_worked_examples_reach_MOVESOutput_in_all_three_blocks[3] (out_emissionQuant@t=0.0) — FAIL
             actual=19.278663628020304 expected=8.70984 (rtol=0.00002, atol=0)
         - fixtures/process-tirewear.esm :: ProcessTirewear/the_worked_examples_reach_MOVESOutput_in_all_three_blocks[4] (out_emissionQuant@t=0.0) — FAIL
             actual=0.002039642152884479 expected=0.000396237 (rtol=0.00002, atol=0)
         - fixtures/process-tirewear.esm :: ProcessTirewear/the_worked_examples_reach_MOVESOutput_in_all_three_blocks[5] (out_emissionQuant@t=0.0) — FAIL
             actual=2.8917850852776192 expected=5.46494 (rtol=0.00002, atol=0)
         - fixtures/process-tirewear.esm :: ProcessTirewear/the_worked_examples_reach_MOVESOutput_in_all_three_blocks[6] (out_emissionQuant@t=0.0) — FAIL
             actual=0.256539380841539 expected=0.484812 (rtol=0.00002, atol=0)
         - fixtures/process-tirewear.esm :: ProcessTirewear/the_worked_examples_reach_MOVESOutput_in_all_three_blocks[7] (out_emissionQuant@t=0.0) — ERROR
             assertion evaluation failed: `coords` position 376 along 'output_rows' resolves to index 376, outside 1..375
         - fixtures/process-tirewear.esm :: ProcessTirewear/the_worked_examples_reach_MOVESOutput_in_all_three_blocks[8] (out_emissionQuant@t=0.0) — ERROR
             assertion evaluation failed: `coords` position 500 along 'output_rows' resolves to index 500, outside 1..375
         - fixtures/process-tirewear.esm :: ProcessTirewear/the_worked_examples_reach_MOVESOutput_in_all_three_blocks[9] (out_emissionQuant@t=0.0) — ERROR
             assertion evaluation failed: `coords` position 501 along 'output_rows' resolves to index 501, outside 1..375
         - fixtures/process-tirewear.esm :: ProcessTirewear/the_worked_examples_reach_MOVESOutput_in_all_three_blocks[10] (out_emissionQuant@t=0.0) — ERROR
             assertion evaluation failed: `coords` position 541 along 'output_rows' resolves to index 541, outside 1..375
         - fixtures/process-tirewear.esm :: ProcessTirewear/the_worked_examples_reach_MOVESOutput_in_all_three_blocks[11] (out_emissionQuant@t=0.0) — ERROR
             assertion evaluation failed: `coords` position 626 along 'output_rows' resolves to index 626, outside 1..375
         - fixtures/process-tirewear.esm :: ProcessTirewear/the_worked_examples_reach_MOVESOutput_in_all_three_blocks[12] (out_emissionQuant@t=0.0) — ERROR
             assertion evaluation failed: `coords` position 750 along 'output_rows' resolves to index 750, outside 1..375
         - fixtures/process-tirewear.esm :: ProcessTirewear/the_worked_examples_reach_MOVESOutput_in_all_three_blocks[14] (out_pollutantID@t=0.0) — FAIL
             actual=117 expected=107 (rtol=0.00002, atol=0)
         - fixtures/process-tirewear.esm :: ProcessTirewear/the_worked_examples_reach_MOVESOutput_in_all_three_blocks[15] (out_pollutantID@t=0.0) — ERROR
             assertion evaluation failed: `coords` position 501 along 'output_rows' resolves to index 501, outside 1..375
         - fixtures/process-tirewear.esm :: ProcessTirewear/the_worked_examples_reach_MOVESOutput_in_all_three_blocks[21] (out_dayID@t=0.0) — FAIL
             actual=5 expected=2 (rtol=0.00002, atol=0)
         - fixtures/process-tirewear.esm :: ProcessTirewear/the_worked_examples_reach_MOVESOutput_in_all_three_blocks[26] (out_SCC@t=0.0) — ERROR
             assertion evaluation failed: `coords` position 750 along 'output_rows' resolves to index 750, outside 1..375
       =========================================================

[1mthe two chains agree[0m
  [32mok[0m   runs/ assembly and fixtures/ agree within 1 ulp of binary32
       modfrc[2020]: assembly (binary64 fold) 3.707270451304289
                     fixture  (binary32 fold)  3.707268476486206
                     differ by 5.327e-07 relative = 8.28 ulps of binary32
     
       each row divided by its own route's modfrc[2020]:
         assembly / 3.7072705    fixture / 3.7072685    ulps
           1.8675178289413452     1.8675178289413452    0.00
           11.911834716796875     11.911834716796875    0.00
            72.59779357910156       72.5978012084961    1.00
            325.0747985839844     325.07476806640625    1.00
       all 4 normalised rows agree within 1.0 ulp of binary32

[1mindependent oracles[0m
  [32mok[0m   ./run-oracle.sh
       144 rows compared, 0 missing, 0 extra, max |relative error| = 4.897e-06
  [32mok[0m   ./run-oracle.sh --float64
         running in binary64 (expect 140 rows, not 144)
       140 rows compared, 4 missing, 0 extra, max |relative error| = 6.879e-06
  [31mFAIL[0m oracle ./run-onroad-oracle.sh — the independent reproduction no longer agrees with the snapshot
             return pq.read_table(P + n + ".parquet").to_pylist()
           File "/u/ctessum/.local/lib/python3.9/site-packages/pyarrow/parquet/core.py", line 1843, in read_table
             dataset = ParquetDataset(
           File "/u/ctessum/.local/lib/python3.9/site-packages/pyarrow/parquet/core.py", line 1424, in __init__
             self._dataset = ds.dataset(path_or_paths, filesystem=filesystem,
           File "/u/ctessum/.local/lib/python3.9/site-packages/pyarrow/dataset.py", line 790, in dataset
             return _filesystem_dataset(source, **kwargs)
           File "/u/ctessum/.local/lib/python3.9/site-packages/pyarrow/dataset.py", line 472, in _filesystem_dataset
             fs, paths_or_selector = _ensure_single_source(source, filesystem)
           File "/u/ctessum/.local/lib/python3.9/site-packages/pyarrow/dataset.py", line 437, in _ensure_single_source
             raise FileNotFoundError(path)
         FileNotFoundError: /projects/illinois/eng/cee/ctessum/ctessum/code/moves.esm-wt-v2/moves.rs/characterization/snapshots/mixed-onroad/tables/db__movesexecution1ccc0233_campuscluster_illinois_edu__runspecday.parquet
  [32mok[0m   ./run-leaks-oracle.sh
         SHO:                         41 rows, 0 missing, 0 extra, worst relative error 3.603e-06
         SourceHours:                 41 rows, 0 missing, 0 extra, worst relative error 3.603e-06
         sourceBinDistribution:      125 rows, 0 missing, 0 extra, worst relative error 3.449e-06
         fractionOfOperating:          1 rows, 0 missing, 0 extra, worst ABSOLUTE error 0.000e+00
         OpModeDistribution:           3 rows, 0 missing, 0 extra, worst ABSOLUTE error 0.000e+00
         emissionQuant:               64 rows, 0 missing, 0 extra, worst relative error 7.294e-06
         key set:                   64 cohorts x 1 day types = 64 rows, exact; SCCs ['2201210413', '2205210413']
         NOTE: nothing above is read from the reference; see docs/evap-leaks.md §6.5.
  [32mok[0m   ./run-permeation-oracle.sh
         SHO:                           41 rows, 0 missing, 0 extra, worst relative error 3.603e-06
         SourceHours:                   41 rows, 0 missing, 0 extra, worst relative error 3.603e-06
         sourceBinDistribution:        125 rows, 0 missing, 0 extra, worst relative error 3.449e-06
         OpModeDistribution:             3 rows, 0 missing, 0 extra, worst ABSOLUTE error 0.000e+00
         ColdSoakTankTemperature:       24 rows, 0 missing, 0 extra, worst relative error 7.550e-07
         QuarterHourTemperature:        96 rows, 0 missing, 0 extra, worst relative error 0.000e+00
         emissionQuant:                 64 rows, 0 missing, 0 extra, worst relative error 6.174e-06
         key set:                     64 cohorts x 1 day types = 64 rows, exact; SCCs ['2201210411', '2205210411']
         NOTE: 192 of 288 AverageTankTemperature cells ARE read from the reference
  [32mok[0m   ./run-fvv-oracle.sh
         venting chain:               peak cold-soak hour 17; 16640 TankVaporGenerated, 41600 soak-day TVG rows,
                                      1344 HourlyTVV rows, of which 896 are non-zero
         SHO:                            41 cells, worst relative error 3.603e-06 (tolerance 1e-05)
         SourceHours:                    41 cells, worst relative error 3.603e-06 (tolerance 1e-05)
         sourceBinDistribution:         125 cells, worst relative error 3.449e-06 (tolerance 1e-05)
         ColdSoakTankTemperature:        24 cells, worst relative error 7.550e-07 (tolerance 1e-06)
         QuarterHourTemperature:         96 cells, worst relative error 0.000e+00 (tolerance 1e-12)
         emissionQuant:                  64 cells, worst relative error 7.517e-06 (tolerance 2e-05)
         key set:                     64 cohorts x 1 day types = 64 rows, exact; SCCs ['2201210412', '2205210412']
         NOTE: nothing above is read from the reference. Every table opened is an
  [32mok[0m   ./run-brakewear-oracle.sh
         sho:            41 rows, worst relative error 3.603e-06
         emissionQuant: 375 rows, worst relative error 8.251e-06 at (pollutant 106, process 9, day 5, MY 2016, fuel 9)
         key set:         3 pollutant-processes x 125 cohorts x 1 day types = 375 rows, exact
  [32mok[0m   ./run-tirewear-oracle.sh
         sho:            41 rows, worst relative error 3.603e-06
         emissionQuant: 375 rows, worst relative error 8.128e-06 at (pollutant 107, process 10, day 5, MY 2004, fuel 9)
         key set:         3 pollutant-processes x 125 cohorts x 1 day types = 375 rows, exact
  [32mok[0m   ./run-refueling-oracle.sh
         sho:            41 rows, worst relative error 3.603e-06
         emissionQuant: 168 rows, worst relative error 6.981e-06 at (pollutant 1, process 19, day 5, MY 2006, fuel 5)
         key set:        64 displacement + 104 spillage = 168 rows, exact
         NOTE:          both Stage II program reductions are 0.0, so this fixture cannot distinguish (1 - P) from 1; components/refueling_loss_rate.esm carries them at 0.2 and 0.3
  [31mFAIL[0m oracle ./run-nox-speciation-oracle.sh — the independent reproduction no longer agrees with the snapshot
         extracted 369 lines from docs/process-nox-speciation.md §6.5
         FAILED
         sho:             41 rows, worst relative error 3.603e-06
         baseRateByAge:  104 non-zero rows, worst relative error 5.946e-06
         emissionQuant:  436 rows, 0 missing, 0 extra, worst relative error 9.482e-06 at (pollutant 33, process 1, day 5, MY 1990, fuel 2)
         Traceback (most recent call last):
           File "/tmp/tmp.NaYiXLPIj9/repro.py", line 330, in <module>
             assert days == set(DAYS) and len(days) == 2, days
         AssertionError: {5}
  [32mok[0m   ./run-crankcase-running-oracle.sh
         sho:            41 rows, worst relative error 3.603e-06
         emissionQuant: 684 rows, worst relative error 7.812e-06 at (pollutant 3, process 1, day 5, MY 1998, fuel 5)
         key set:       process  1 -- 3 pollutants x 124 cohorts x 1 day types = 372 rows
         key set:       process 15 -- 3 pollutants x 104 cohorts x 1 day types = 312 rows
         key set:       684 rows, exact, and process 15 is a STRICT SUBSET of process 1: the 20 electricity cohorts carry no crankcaseEmissionRatio row and are dropped by its inner join
         NOTE:          the A/C activity term is -0.2970 before setup.rs:411's clamp(0,1), so the A/C increment is inert -- by a clamp, not by absence
  [31mFAIL[0m oracle ./run-airtoxics-oracle.sh — the independent reproduction no longer agrees with the snapshot
         extracted 478 lines from docs/process-airtoxics.md §6.5
         FAILED
         sho:             41 rows, worst relative error 3.603e-06
         baseRateByAge:  104 non-zero rows of 124, worst relative error 4.468e-06
         emissionQuant:  644 rows, 0 missing, 0 extra, worst relative error 7.564e-06 at (pollutant 1, process 1, day 5, MY 1990, fuel 2)
         Traceback (most recent call last):
           File "/tmp/tmp.ac8owCe6uk/repro.py", line 397, in <module>
             assert days == set(DAYS) and len(days) == 2, days
         AssertionError: {5}
  [31mFAIL[0m oracle ./run-pm-exhaust-oracle.sh — the independent reproduction no longer agrees with the snapshot
         extracted 601 lines from docs/process-pm-exhaust.md §6.5
         FAILED
         sho:             41 rows, worst relative error 3.603e-06
         sbWeightedRate: 4784 non-zero rows of 5704, worst relative error 4.795e-06
         baseRateByAge 11201: 104 non-zero rows of 124, worst relative error 4.397e-06
         baseRateByAge 11801: 104 non-zero rows of 124, worst relative error 3.462e-06
         emissionQuant:  728 rows, 0 missing, 0 extra, worst relative error 7.516e-06 at (pollutant 115, process 1, day 5, MY 1991, fuel 2)
         Traceback (most recent call last):
           File "/tmp/tmp.ofGrgOMoC2/repro.py", line 441, in <module>
             assert days==set(DAYS) and len(days)==2, days
         AssertionError: {5}
  [32mok[0m   ./run-meteorology-oracle.sh
                        580 rows compared, 1740 cells, 0 missing / 0 extra keys
                        worst relative error 2.393e-08 at expand-month zone 261610 month 2 hour 0
         subscription:  42 of them checked against ONROAD x processes {1,2,9,10,90,91}; 0 disagree
         NOTE: the county default-fill branches are NOT checked here. No county in
  [31mFAIL[0m oracle ./run-nr-airtoxics-oracle.sh — the independent reproduction no longer agrees with the snapshot
             rd = lambda t: pq.read_table(D + PRE + t + ".parquet").to_pandas()
           File "/u/ctessum/.local/lib/python3.9/site-packages/pyarrow/parquet/core.py", line 1843, in read_table
             dataset = ParquetDataset(
           File "/u/ctessum/.local/lib/python3.9/site-packages/pyarrow/parquet/core.py", line 1424, in __init__
             self._dataset = ds.dataset(path_or_paths, filesystem=filesystem,
           File "/u/ctessum/.local/lib/python3.9/site-packages/pyarrow/dataset.py", line 790, in dataset
             return _filesystem_dataset(source, **kwargs)
           File "/u/ctessum/.local/lib/python3.9/site-packages/pyarrow/dataset.py", line 472, in _filesystem_dataset
             fs, paths_or_selector = _ensure_single_source(source, filesystem)
           File "/u/ctessum/.local/lib/python3.9/site-packages/pyarrow/dataset.py", line 437, in _ensure_single_source
             raise FileNotFoundError(path)
         FileNotFoundError: /projects/illinois/eng/cee/ctessum/ctessum/code/moves.esm-wt-v2/moves.rs/characterization/snapshots/nr-airtoxics-lawn-garden-county/tables/db__movesexecution1ccc0236_campuscluster_illinois_edu__nrgrowthindex.parquet
  [31mFAIL[0m oracle ./run-fuel-effects-oracle.sh — the independent reproduction no longer agrees with the snapshot
         extracted 340 lines from docs/fuel-effects-generator.md §6.5
         FAILED
         generalFuelRatioExpression: 42 snapshots carry it; MOVES loaded the generator in 24 and not in 18
                        97 rows compared, 194 cells, 0 missing / 1015 extra keys, 0 extras unaccounted for
         Traceback (most recent call last):
           File "/tmp/tmp.2eMwli9jQi/repro.py", line 310, in <module>
             % (worst[("float", "double")], worst_key[0], worst_key[1], worst_key[2],
         TypeError: 'NoneType' object is not subscriptable
  [31mFAIL[0m oracle ./run-omd-oracle.sh — the independent reproduction no longer agrees with the snapshot
         FAILED
           FAIL: StartOpMode rows 201665 < 262442
           FAIL: StartOpModeDistribution rows 84 < 124
           FAIL: RatesOpModeDistribution rows 168 < 300
           StartOpMode           201665 rows, 0 missing / 0 extra
           StartOpModeDistribution   84 rows, key set: 0 missing / 0 extra
           SOMDGOpModes               0 snapshots disagreeing on the distinct set
           RatesOpModeDistribution  168 rows compared, 0 missing / 0 extra
           worst relative error  4.026e-06   (RatesOpModeDistribution, FLOAT storage)
           the four-decimal quotient is bit-exact on 84 of 84 StartOpModeDistribution rows
           the exact IEEE ratio  is bit-exact on 7 of 84, worst relative 0.005767
           scheduling predicate  42 snapshots, 0 disagreeing; 9 run StartOMDG, 5 run RatesOMDG
  [31mFAIL[0m oracle ./run-so2-co2e-oracle.sh — the independent reproduction no longer agrees with the snapshot
         extracted 681 lines from docs/chain-so2-co2e-mechanism.md §6.5
         FAILED
         sho:             41 rows, worst relative error 3.603e-06
         baseRateByAge:  104 non-zero rows of 124, worst relative error 4.468e-06
         baseRate:       229 non-zero rows of 249 over polProcessIDs [601, 9101], worst relative error 4.036e-06
         emissionQuant: 2767 rows, 0 missing, 0 extra, worst relative error 8.201e-06 at (pollutant 6, process 1, day 5, MY 2005, fuel 1)
         Traceback (most recent call last):
           File "/tmp/tmp.4tQ1AlgkU0/repro.py", line 541, in <module>
             assert len(rows) == len(out) == 5534, (len(rows), len(out))
         AssertionError: (2767, 2767)

[1msummary[0m
  21 failure(s):
    data sources
    fixture chain-so2-co2e-mechanism — inline assertions
    fixture mixed-onroad — inline assertions
    fixture process-airtoxics — inline assertions
    fixture process-brakewear — inline assertions
    fixture process-crankcase-running — inline assertions
    fixture process-evap-fvv — inline assertions
    fixture process-evap-leaks — inline assertions
    fixture process-evap-permeation — inline assertions
    fixture process-nox-speciation — inline assertions
    fixture process-pm-exhaust — inline assertions
    fixture process-refueling — inline assertions
    fixture process-tirewear — inline assertions
    oracle ./run-onroad-oracle.sh — the independent reproduction no longer agrees with the snapshot
    oracle ./run-nox-speciation-oracle.sh — the independent reproduction no longer agrees with the snapshot
    oracle ./run-airtoxics-oracle.sh — the independent reproduction no longer agrees with the snapshot
    oracle ./run-pm-exhaust-oracle.sh — the independent reproduction no longer agrees with the snapshot
    oracle ./run-nr-airtoxics-oracle.sh — the independent reproduction no longer agrees with the snapshot
    oracle ./run-fuel-effects-oracle.sh — the independent reproduction no longer agrees with the snapshot
    oracle ./run-omd-oracle.sh — the independent reproduction no longer agrees with the snapshot
    oracle ./run-so2-co2e-oracle.sh — the independent reproduction no longer agrees with the snapshot
EXIT=1
