i1,out_dayID,out_SHO,out_activity,out_yearID,out_monthID,out_hourID,out_stateID,out_countyID,out_sourceTypeID,out_roadTypeID,out_SCC,out_zoneID,out_linkID,out_regClassID,out_fuelSubTypeID,out_engTechID,out_sectorID,out_hpID,out_modelYearID,out_fuelTypeID,out_pollutantID,out_processID,out_meanBaseRate,out_adjustedMeanBaseRate,out_emissionQuant
1,5,260.05730384453915,52.01146076890783,2020,8,7,26,26161,21,4,2201210401,NaN,NaN,NaN,NaN,NaN,NaN,NaN,2020,1,1,1,0.48671633989381435,0.5048299357778239,26.256942399678547
2,5,310.4463445557139,62.08926891114278,2020,8,7,26,26161,21,4,2201210401,NaN,NaN,NaN,NaN,NaN,NaN,NaN,2019,1,1,1,0.5293499119407491,0.5490501553889608,34.09012274364992
3,5,327.8141613006279,65.56283226012559,2020,8,7,26,26161,21,4,2201210401,NaN,NaN,NaN,NaN,NaN,NaN,NaN,2018,1,1,1,0.5686418395826014,0.5898043682274917,38.66924486038839
4,5,368.3242419642923,73.66484839285846,2020,8,7,26,26161,21,4,2201210401,NaN,NaN,NaN,NaN,NaN,NaN,NaN,2017,1,1,1,0.6197439077925053,0.642808246868895,47.352372051276284
5,5,367.29985169622574,73.45997033924515,2020,8,7,26,26161,21,4,2201210401,NaN,NaN,NaN,NaN,NaN,NaN,NaN,2016,1,1,1,1.2943457833735494,0.8293262019287851,60.92227819524739
6,5,392.56334931271454,78.51266986254291,2020,8,7,26,26161,21,4,2201210401,NaN,NaN,NaN,NaN,NaN,NaN,NaN,2015,1,1,1,1.2822013315537797,0.8215448870502013,64.50168249423255
7,5,364.0998652152451,72.81997304304902,2020,8,7,26,26161,21,4,2201210401,NaN,NaN,NaN,NaN,NaN,NaN,NaN,2014,1,1,1,1.4573742881088616,0.9337834593131864,67.99808633523129
8,5,370.3959424661204,74.07918849322408,2020,8,7,26,26161,21,4,2201210401,NaN,NaN,NaN,NaN,NaN,NaN,NaN,2013,1,1,1,1.4555754271038512,0.9326308750623267,69.08853838834261
9,5,316.43263381169584,63.286526762339165,2020,8,7,26,26161,21,4,2201210401,NaN,NaN,NaN,NaN,NaN,NaN,NaN,2012,1,1,1,1.5876787459706314,1.0172734374326604,64.37970262269882
10,5,231.92053549096389,46.38410709819278,2020,8,7,26,26161,21,4,2201210401,NaN,NaN,NaN,NaN,NaN,NaN,NaN,2011,1,1,1,1.5886293740020634,1.0178825333519128,47.213572440374904
11,5,230.10402906651655,46.02080581330331,2020,8,7,26,26161,21,4,2201210401,NaN,NaN,NaN,NaN,NaN,NaN,NaN,2010,1,1,1,2.0607284233786243,1.3203705675255901,60.764517489696274
12,5,205.50535743034038,41.10107148606808,2020,8,7,26,26161,21,4,2201210401,NaN,NaN,NaN,NaN,NaN,NaN,NaN,2009,1,1,1,2.1046911230812193,1.3485387890620808,55.426389170976265
13,5,253.9388285109485,50.7877657021897,2020,8,7,26,26161,21,4,2201210401,NaN,NaN,NaN,NaN,NaN,NaN,NaN,2008,1,1,1,2.226881873400623,1.4268300711714876,72.46551135149618
14,5,268.1829985315532,53.63659970631064,2020,8,7,26,26161,21,4,2201210401,NaN,NaN,NaN,NaN,NaN,NaN,NaN,2007,1,1,1,2.253159134659043,1.443666701349041,77.43337296958842
15,5,229.81669167512396,45.963338335024794,2020,8,7,26,26161,21,4,2201210401,NaN,NaN,NaN,NaN,NaN,NaN,NaN,2006,1,1,1,2.378198245326143,1.5237830134459698,70.03815419618074
16,5,203.39262514967626,40.67852502993525,2020,8,7,26,26161,21,4,2201210401,NaN,NaN,NaN,NaN,NaN,NaN,NaN,2005,1,1,1,2.5001713446597953,1.6019348400345426,65.16434648667047
17,5,164.72170300101715,32.94434060020343,2020,8,7,26,26161,21,4,2201210401,NaN,NaN,NaN,NaN,NaN,NaN,NaN,2004,1,1,1,2.679816643193529,1.717038976070768,56.56671685149993
18,5,148.74713474802425,29.74942694960485,2020,8,7,26,26161,21,4,2201210401,NaN,NaN,NaN,NaN,NaN,NaN,NaN,2003,1,1,1,2.7476342758529246,1.7604917693194377,52.373621286749206
19,5,118.52562992373574,23.70512598474715,2020,8,7,26,26161,21,4,2201210401,NaN,NaN,NaN,NaN,NaN,NaN,NaN,2002,1,1,1,3.4484134426392234,2.2095020200941122,52.37652374988426
20,5,94.5116320580201,18.90232641160402,2020,8,7,26,26161,21,4,2201210401,NaN,NaN,NaN,NaN,NaN,NaN,NaN,2001,1,1,1,4.281768209237503,2.7434574378194094,51.857727986005315
21,5,83.62548218400153,16.725096436800307,2020,8,7,26,26161,21,4,2201210401,NaN,NaN,NaN,NaN,NaN,NaN,NaN,2000,1,1,1,6.8157846288737,6.73408528014119,112.62822572399881
22,5,60.874080684058114,12.174816136811623,2020,8,7,26,26161,21,4,2201210401,NaN,NaN,NaN,NaN,NaN,NaN,NaN,1999,1,1,1,9.57282483120352,9.458077432800327,115.15035375207127
23,5,46.82985881634186,9.365971763268373,2020,8,7,26,26161,21,4,2201210401,NaN,NaN,NaN,NaN,NaN,NaN,NaN,1998,1,1,1,12.517339740660915,12.367297073475793,115.83175517812586
24,5,36.74778034358123,7.349556068716247,2020,8,7,26,26161,21,4,2201210401,NaN,NaN,NaN,NaN,NaN,NaN,NaN,1997,1,1,1,16.346469654077826,16.15052802775995,118.69921127939497
25,5,26.865139913300695,5.373027982660139,2020,8,7,26,26161,21,4,2201210401,NaN,NaN,NaN,NaN,NaN,NaN,NaN,1996,1,1,1,18.059551492828387,17.843075521871963,95.87134407573622
26,5,25.04660490806586,5.009320981613172,2020,8,7,26,26161,21,4,2201210401,NaN,NaN,NaN,NaN,NaN,NaN,NaN,1995,1,1,1,24.227682412201233,23.937270378641713,119.9094707502774
27,5,18.41216437802274,3.6824328756045484,2020,8,7,26,26161,21,4,2201210401,NaN,NaN,NaN,NaN,NaN,NaN,NaN,1994,1,1,1,27.493284607101835,27.163728500325476,100.02860685359477
28,5,15.146433442304176,3.029286688460835,2020,8,7,26,26161,21,4,2201210401,NaN,NaN,NaN,NaN,NaN,NaN,NaN,1993,1,1,1,41.053206947944325,37.59694735626992,113.89193215311126
29,5,12.785088718582324,2.557017743716465,2020,8,7,26,26161,21,4,2201210401,NaN,NaN,NaN,NaN,NaN,NaN,NaN,1992,1,1,1,41.033751793001635,37.579130126129634,96.09050252594344
30,5,12.603265015943999,2.5206530031887997,2020,8,7,26,26161,21,4,2201210401,NaN,NaN,NaN,NaN,NaN,NaN,NaN,1991,1,1,1,40.96563727414941,37.51675015219161,94.56670894100564
31,5,10.501237834887378,2.1002475669774756,2020,8,7,26,26161,21,4,2201210401,NaN,NaN,NaN,NaN,NaN,NaN,NaN,1990,1,1,1,49.8436514754192,45.64732647906907,95.87068637669131
32,5,10.217773915995503,2.0435547831991006,2020,8,7,26,26161,21,4,2201210401,NaN,NaN,NaN,NaN,NaN,NaN,NaN,1989,1,1,1,46.338128067526085,42.436932241419164,86.72219586624826
33,5,9.15454189972411,1.830908379944822,2020,8,7,26,26161,21,4,2201210401,NaN,NaN,NaN,NaN,NaN,NaN,NaN,1988,1,1,1,46.36830534328145,42.46456889960689,77.74873504903452
34,5,9.00619255308734,1.801238510617468,2020,8,7,26,26161,21,4,2201210401,NaN,NaN,NaN,NaN,NaN,NaN,NaN,1987,1,1,1,45.788228687046434,41.93332875715655,75.5319266357733
35,5,7.780739775004618,1.5561479550009236,2020,8,7,26,26161,21,4,2201210401,NaN,NaN,NaN,NaN,NaN,NaN,NaN,1986,1,1,1,45.9683989923526,42.09833056791273,65.51123102221027
36,5,5.992761098455286,1.1985522196910572,2020,8,7,26,26161,21,4,2201210401,NaN,NaN,NaN,NaN,NaN,NaN,NaN,1985,1,1,1,58.23880190695482,53.335691220528474,63.925611101121234
37,5,4.779871405562617,0.9559742811125235,2020,8,7,26,26161,21,4,2201210401,NaN,NaN,NaN,NaN,NaN,NaN,NaN,1984,1,1,1,57.59962330212423,52.75032490828053,50.42795393264552
38,5,3.5629958872973577,0.7125991774594715,2020,8,7,26,26161,21,4,2201210401,NaN,NaN,NaN,NaN,NaN,NaN,NaN,1983,1,1,1,55.61286404613501,50.93083043488352,36.293267875225816
39,5,2.6061493961116446,0.5212298792223289,2020,8,7,26,26161,21,4,2201210401,NaN,NaN,NaN,NaN,NaN,NaN,NaN,1982,1,1,1,74.27879269274956,68.02527905061581,35.45680798361769
40,5,1.8323500164585729,0.3664700032917146,2020,8,7,26,26161,21,4,2201210401,NaN,NaN,NaN,NaN,NaN,NaN,NaN,1981,1,1,1,76.80000436767341,70.33423052269737,25.775385691173117
41,5,23.19180710506584,4.638361421013168,2020,8,7,26,26161,21,4,2201210401,NaN,NaN,NaN,NaN,NaN,NaN,NaN,1980,1,1,1,76.7493290371135,70.28782153599533,326.0203197796193
42,5,310.4463445557139,62.08926891114278,2020,8,7,26,26161,21,4,2202210401,NaN,NaN,NaN,NaN,NaN,NaN,NaN,2019,2,1,1,0.00004304488944766078,0.00004304488944766078,0.0026726257161662223
43,5,327.8141613006279,65.56283226012559,2020,8,7,26,26161,21,4,2202210401,NaN,NaN,NaN,NaN,NaN,NaN,NaN,2018,2,1,1,0.00051410467212033,0.00051410467212033,0.033706158382372065
44,5,368.3242419642923,73.66484839285846,2020,8,7,26,26161,21,4,2202210401,NaN,NaN,NaN,NaN,NaN,NaN,NaN,2017,2,1,1,0.0005824612417525544,0.0005824612417525544,0.042906919068418
45,5,367.29985169622574,73.45997033924515,2020,8,7,26,26161,21,4,2202210401,NaN,NaN,NaN,NaN,NaN,NaN,NaN,2016,2,1,1,0.0011418125815206048,0.0011418125815206048,0.08387751837148055
46,5,392.56334931271454,78.51266986254291,2020,8,7,26,26161,21,4,2202210401,NaN,NaN,NaN,NaN,NaN,NaN,NaN,2015,2,1,1,0.01338053334170313,0.01338053334170313,1.0505413968418857
47,5,364.0998652152451,72.81997304304902,2020,8,7,26,26161,21,4,2202210401,NaN,NaN,NaN,NaN,NaN,NaN,NaN,2014,2,1,1,0.01982146539336082,0.01982146539336082,1.443398575618264
48,5,370.3959424661204,74.07918849322408,2020,8,7,26,26161,21,4,2202210401,NaN,NaN,NaN,NaN,NaN,NaN,NaN,2013,2,1,1,0.019994430493517876,0.019994430493517876,1.4811711853439782
49,5,316.43263381169584,63.286526762339165,2020,8,7,26,26161,21,4,2202210401,NaN,NaN,NaN,NaN,NaN,NaN,NaN,2012,2,1,1,0.02028667161310218,0.02028667161310218,1.2838729859613773
50,5,231.92053549096389,46.38410709819278,2020,8,7,26,26161,21,4,2202210401,NaN,NaN,NaN,NaN,NaN,NaN,NaN,2011,2,1,1,0.018948388901611487,0.018948388901611487,0.8789041001505546
51,5,230.10402906651655,46.02080581330331,2020,8,7,26,26161,21,4,2202210401,NaN,NaN,NaN,NaN,NaN,NaN,NaN,2010,2,1,1,0.022122155256979165,0.022122155256979165,1.0180794112531852
52,5,205.50535743034038,41.10107148606808,2020,8,7,26,26161,21,4,2202210401,NaN,NaN,NaN,NaN,NaN,NaN,NaN,2009,2,1,1,0.016547877593376274,0.016547877593376274,0.6801354999080624
53,5,253.9388285109485,50.7877657021897,2020,8,7,26,26161,21,4,2202210401,NaN,NaN,NaN,NaN,NaN,NaN,NaN,2008,2,1,1,0.0015408466494175126,0.0015408466494175126,0.07825615861362067
54,5,268.1829985315532,53.63659970631064,2020,8,7,26,26161,21,4,2202210401,NaN,NaN,NaN,NaN,NaN,NaN,NaN,2007,2,1,1,0.0010572596785868437,0.0010572596785868437,0.05670781416598518
55,5,229.81669167512396,45.963338335024794,2020,8,7,26,26161,21,4,2202210401,NaN,NaN,NaN,NaN,NaN,NaN,NaN,2006,2,1,1,0.016644566633866674,0.016233861952176014,0.7461624893919522
56,5,203.39262514967626,40.67852502993525,2020,8,7,26,26161,21,4,2202210401,NaN,NaN,NaN,NaN,NaN,NaN,NaN,2005,2,1,1,0.012337579187772441,0.012033149421314155,0.48949076992387874
57,5,164.72170300101715,32.94434060020343,2020,8,7,26,26161,21,4,2202210401,NaN,NaN,NaN,NaN,NaN,NaN,NaN,2004,2,1,1,0.009090703715769475,0.008866390601582863,0.29209739187298844
58,5,148.74713474802425,29.74942694960485,2020,8,7,26,26161,21,4,2202210401,NaN,NaN,NaN,NaN,NaN,NaN,NaN,2003,2,1,1,0.01147633842564279,0.011193159774990054,0.33299008906132205
59,5,118.52562992373574,23.70512598474715,2020,8,7,26,26161,21,4,2202210401,NaN,NaN,NaN,NaN,NaN,NaN,NaN,2002,2,1,1,0.016090971876418978,0.01569392714536834,0.37202652017639964
60,5,94.5116320580201,18.90232641160402,2020,8,7,26,26161,21,4,2202210401,NaN,NaN,NaN,NaN,NaN,NaN,NaN,2001,2,1,1,0.014407986889834303,0.014052469813327641,0.26562437130073124
61,5,83.62548218400153,16.725096436800307,2020,8,7,26,26161,21,4,2202210401,NaN,NaN,NaN,NaN,NaN,NaN,NaN,2000,2,1,1,0.021135556261693986,0.020614036410936686,0.344771746924629
62,5,60.874080684058114,12.174816136811623,2020,8,7,26,26161,21,4,2202210401,NaN,NaN,NaN,NaN,NaN,NaN,NaN,1999,2,1,1,0.01802345994447472,0.017578731070344807,0.2140178186999058
63,5,46.82985881634186,9.365971763268373,2020,8,7,26,26161,21,4,2202210401,NaN,NaN,NaN,NaN,NaN,NaN,NaN,1998,2,1,1,0.027696500815721788,0.02701308965809385,0.25300383497634393
64,5,36.74778034358123,7.349556068716247,2020,8,7,26,26161,21,4,2202210401,NaN,NaN,NaN,NaN,NaN,NaN,NaN,1997,2,1,1,0.014846049233249725,0.014479722968419288,0.106419535815876
65,5,26.865139913300695,5.373027982660139,2020,8,7,26,26161,21,4,2202210401,NaN,NaN,NaN,NaN,NaN,NaN,NaN,1996,2,1,1,0.02248000852721579,0.021925314316806742,0.11780532735282158
66,5,25.04660490806586,5.009320981613172,2020,8,7,26,26161,21,4,2202210401,NaN,NaN,NaN,NaN,NaN,NaN,NaN,1995,2,1,1,0.02285953900287892,0.022295479877982884,0.11168521514791395
67,5,18.41216437802274,3.6824328756045484,2020,8,7,26,26161,21,4,2202210401,NaN,NaN,NaN,NaN,NaN,NaN,NaN,1994,2,1,1,0.004127502212354888,0.004025656095265031,0.014824208351081785
68,5,15.146433442304176,3.029286688460835,2020,8,7,26,26161,21,4,2202210401,NaN,NaN,NaN,NaN,NaN,NaN,NaN,1993,2,1,1,0.02841713721153816,0.027715944350843458,0.08395954128013136
69,5,12.785088718582324,2.557017743716465,2020,8,7,26,26161,21,4,2202210401,NaN,NaN,NaN,NaN,NaN,NaN,NaN,1992,2,1,1,0.04787229215423475,0.046691043345329,0.11938982630664083
70,5,12.603265015943999,2.5206530031887997,2020,8,7,26,26161,21,4,2202210401,NaN,NaN,NaN,NaN,NaN,NaN,NaN,1991,2,1,1,0.11598681100647565,0.11312483644489087,0.28514845872005595
71,5,10.501237834887378,2.1002475669774756,2020,8,7,26,26161,21,4,2202210401,NaN,NaN,NaN,NaN,NaN,NaN,NaN,1990,2,1,1,0.05309195011601053,0.05178190624689797,0.10875482260850321
72,5,10.217773915995503,2.0435547831991006,2020,8,7,26,26161,21,4,2202210401,NaN,NaN,NaN,NaN,NaN,NaN,NaN,1989,2,1,1,0.042235751190976445,0.0411935840303391,0.08418134568231354
73,5,9.15454189972411,1.830908379944822,2020,8,7,26,26161,21,4,2202210401,NaN,NaN,NaN,NaN,NaN,NaN,NaN,1988,2,1,1,0.012058475435637215,0.011760932554262866,0.02153318996956574
74,5,9.00619255308734,1.801238510617468,2020,8,7,26,26161,21,4,2202210401,NaN,NaN,NaN,NaN,NaN,NaN,NaN,1987,2,1,1,0.5921351316706254,0.5775241972966527,1.0402588249841715
75,5,7.780739775004618,1.5561479550009236,2020,8,7,26,26161,21,4,2202210401,NaN,NaN,NaN,NaN,NaN,NaN,NaN,1986,2,1,1,0.411964826364498,0.401799594273954,0.6252596169496144
76,5,5.992761098455286,1.1985522196910572,2020,8,7,26,26161,21,4,2202210401,NaN,NaN,NaN,NaN,NaN,NaN,NaN,1985,2,1,1,2.034157298799842,1.983964467451956,2.377885016252728
77,5,4.779871405562617,0.9559742811125235,2020,8,7,26,26161,21,4,2202210401,NaN,NaN,NaN,NaN,NaN,NaN,NaN,1984,2,1,1,2.6733359036304565,2.607371340208375,2.492579942549098
78,5,3.5629958872973577,0.7125991774594715,2020,8,7,26,26161,21,4,2202210401,NaN,NaN,NaN,NaN,NaN,NaN,NaN,1983,2,1,1,4.660095159619661,4.545107311556046,3.2388397316798683
79,5,2.6061493961116446,0.5212298792223289,2020,8,7,26,26161,21,4,2202210401,NaN,NaN,NaN,NaN,NaN,NaN,NaN,1982,2,1,1,8.874247432959622,8.655275377551344,4.511388139677084
80,5,1.8323500164585729,0.3664700032917146,2020,8,7,26,26161,21,4,2202210401,NaN,NaN,NaN,NaN,NaN,NaN,NaN,1981,2,1,1,6.353035758035761,6.196274600706229,2.270748773317179
81,5,23.19180710506584,4.638361421013168,2020,8,7,26,26161,21,4,2202210401,NaN,NaN,NaN,NaN,NaN,NaN,NaN,1980,2,1,1,3.75730190484949,3.664590480347329,16.997695107855165
82,5,260.05730384453915,52.01146076890783,2020,8,7,26,26161,21,4,2205210401,NaN,NaN,NaN,NaN,NaN,NaN,NaN,2020,5,1,1,0.0001623075354551031,0.00016946524843021937,0.008814135120421574
83,5,310.4463445557139,62.08926891114278,2020,8,7,26,26161,21,4,2205210401,NaN,NaN,NaN,NaN,NaN,NaN,NaN,2019,5,1,1,0.0002780315001868539,0.00029029260482872046,0.01802405560412653
84,5,327.8141613006279,65.56283226012559,2020,8,7,26,26161,21,4,2205210401,NaN,NaN,NaN,NaN,NaN,NaN,NaN,2018,5,1,1,0.0002525307105825644,0.0002636672381546447,0.017286770907623556
85,5,368.3242419642923,73.66484839285846,2020,8,7,26,26161,21,4,2205210401,NaN,NaN,NaN,NaN,NaN,NaN,NaN,2017,5,1,1,0.00017635498029420569,0.000184132181316566,0.01356406922093116
86,5,367.29985169622574,73.45997033924515,2020,8,7,26,26161,21,4,2205210401,NaN,NaN,NaN,NaN,NaN,NaN,NaN,2016,5,1,1,0.0007125722529125198,0.0004595965674750263,0.03376195021473431
87,5,392.56334931271454,78.51266986254291,2020,8,7,26,26161,21,4,2205210401,NaN,NaN,NaN,NaN,NaN,NaN,NaN,2015,5,1,1,0.0007446722574150436,0.0004803005056721596,0.03770967503665068
88,5,364.0998652152451,72.81997304304902,2020,8,7,26,26161,21,4,2205210401,NaN,NaN,NaN,NaN,NaN,NaN,NaN,2014,5,1,1,0.0010881821958856476,0.0007018583729191025,0.05110930779600729
89,5,370.3959424661204,74.07918849322408,2020,8,7,26,26161,21,4,2205210401,NaN,NaN,NaN,NaN,NaN,NaN,NaN,2013,5,1,1,0.0012206002158099776,0.0007872656662571623,0.05832000168490797
90,5,316.43263381169584,63.286526762339165,2020,8,7,26,26161,21,4,2205210401,NaN,NaN,NaN,NaN,NaN,NaN,NaN,2012,5,1,1,0.0013726721529198121,0.0008853493904258865,0.05603068789120853
91,5,231.92053549096389,46.38410709819278,2020,8,7,26,26161,21,4,2205210401,NaN,NaN,NaN,NaN,NaN,NaN,NaN,2011,5,1,1,0.0024498196790429406,0.0015800905954713518,0.07329109140519038
92,5,230.10402906651655,46.02080581330331,2020,8,7,26,26161,21,4,2205210401,NaN,NaN,NaN,NaN,NaN,NaN,NaN,2010,5,1,1,0.0019996864409691584,0.0012897625757097866,0.059355913042006
93,5,205.50535743034038,41.10107148606808,2020,8,7,26,26161,21,4,2205210401,NaN,NaN,NaN,NaN,NaN,NaN,NaN,2009,5,1,1,0.0017279160384538268,0.0011144754471037745,0.04580613502087992
94,5,253.9388285109485,50.7877657021897,2020,8,7,26,26161,21,4,2205210401,NaN,NaN,NaN,NaN,NaN,NaN,NaN,2008,5,1,1,0.002051092218762899,0.0013229183980503563,0.06718806964329763
95,5,268.1829985315532,53.63659970631064,2020,8,7,26,26161,21,4,2205210401,NaN,NaN,NaN,NaN,NaN,NaN,NaN,2007,5,1,1,0.0012206629187829531,0.0007873061085716535,0.04222842259179092
96,5,229.81669167512396,45.963338335024794,2020,8,7,26,26161,21,4,2205210401,NaN,NaN,NaN,NaN,NaN,NaN,NaN,2006,5,1,1,0.0015214755641524227,0.000981324972904087,0.04510497174619959
97,5,203.39262514967626,40.67852502993525,2020,8,7,26,26161,21,4,2205210401,NaN,NaN,NaN,NaN,NaN,NaN,NaN,2005,5,1,1,0.0006230990151323146,0.0004018879031303489,0.016348207126716092
98,5,164.72170300101715,32.94434060020343,2020,8,7,26,26161,21,4,2205210401,NaN,NaN,NaN,NaN,NaN,NaN,NaN,2004,5,1,1,0.00045735148417023027,0.0002949836615095535,0.009718042216265849
99,5,148.74713474802425,29.74942694960485,2020,8,7,26,26161,21,4,2205210401,NaN,NaN,NaN,NaN,NaN,NaN,NaN,2003,5,1,1,0.0007006179751518159,0.0004518862686204103,0.01344335753785241
100,5,118.52562992373574,23.70512598474715,2020,8,7,26,26161,21,4,2205210401,NaN,NaN,NaN,NaN,NaN,NaN,NaN,2002,5,1,1,0.0004910263139498131,0.00031670333430588126,0.007507492439510409
101,5,94.5116320580201,18.90232641160402,2020,8,7,26,26161,21,4,2205210401,NaN,NaN,NaN,NaN,NaN,NaN,NaN,2001,5,1,1,0.0007218458878009326,0.00046557789883519427,0.008800505413811596
102,5,83.62548218400153,16.725096436800307,2020,8,7,26,26161,21,4,2205210401,NaN,NaN,NaN,NaN,NaN,NaN,NaN,2000,5,1,1,0.0015245298985707562,0.0015245298985707562,0.025497909574381288
103,5,60.874080684058114,12.174816136811623,2020,8,7,26,26161,21,4,2205210401,NaN,NaN,NaN,NaN,NaN,NaN,NaN,1999,5,1,1,0.0029042420327281835,0.0029042420327281835,0.03535861276526568
104,5,46.82985881634186,9.365971763268373,2020,8,7,26,26161,21,4,2205210401,NaN,NaN,NaN,NaN,NaN,NaN,NaN,1998,5,1,1,0.0020216517625019624,0.0020216517625019624,0.01893473332275512
105,5,260.05730384453915,52.01146076890783,2020,8,7,26,26161,21,4,2209210401,NaN,NaN,NaN,NaN,NaN,NaN,NaN,2020,9,1,1,0,0,0
106,5,310.4463445557139,62.08926891114278,2020,8,7,26,26161,21,4,2209210401,NaN,NaN,NaN,NaN,NaN,NaN,NaN,2019,9,1,1,0,0,0
107,5,327.8141613006279,65.56283226012559,2020,8,7,26,26161,21,4,2209210401,NaN,NaN,NaN,NaN,NaN,NaN,NaN,2018,9,1,1,0,0,0
108,5,368.3242419642923,73.66484839285846,2020,8,7,26,26161,21,4,2209210401,NaN,NaN,NaN,NaN,NaN,NaN,NaN,2017,9,1,1,0,0,0
109,5,367.29985169622574,73.45997033924515,2020,8,7,26,26161,21,4,2209210401,NaN,NaN,NaN,NaN,NaN,NaN,NaN,2016,9,1,1,0,0,0
110,5,392.56334931271454,78.51266986254291,2020,8,7,26,26161,21,4,2209210401,NaN,NaN,NaN,NaN,NaN,NaN,NaN,2015,9,1,1,0,0,0
111,5,364.0998652152451,72.81997304304902,2020,8,7,26,26161,21,4,2209210401,NaN,NaN,NaN,NaN,NaN,NaN,NaN,2014,9,1,1,0,0,0
112,5,370.3959424661204,74.07918849322408,2020,8,7,26,26161,21,4,2209210401,NaN,NaN,NaN,NaN,NaN,NaN,NaN,2013,9,1,1,0,0,0
113,5,316.43263381169584,63.286526762339165,2020,8,7,26,26161,21,4,2209210401,NaN,NaN,NaN,NaN,NaN,NaN,NaN,2012,9,1,1,0,0,0
114,5,231.92053549096389,46.38410709819278,2020,8,7,26,26161,21,4,2209210401,NaN,NaN,NaN,NaN,NaN,NaN,NaN,2011,9,1,1,0,0,0
115,5,230.10402906651655,46.02080581330331,2020,8,7,26,26161,21,4,2209210401,NaN,NaN,NaN,NaN,NaN,NaN,NaN,2010,9,1,1,0,0,0
116,5,205.50535743034038,41.10107148606808,2020,8,7,26,26161,21,4,2209210401,NaN,NaN,NaN,NaN,NaN,NaN,NaN,2009,9,1,1,0,0,0
117,5,253.9388285109485,50.7877657021897,2020,8,7,26,26161,21,4,2209210401,NaN,NaN,NaN,NaN,NaN,NaN,NaN,2008,9,1,1,0,0,0
118,5,268.1829985315532,53.63659970631064,2020,8,7,26,26161,21,4,2209210401,NaN,NaN,NaN,NaN,NaN,NaN,NaN,2007,9,1,1,0,0,0
119,5,229.81669167512396,45.963338335024794,2020,8,7,26,26161,21,4,2209210401,NaN,NaN,NaN,NaN,NaN,NaN,NaN,2006,9,1,1,0,0,0
120,5,203.39262514967626,40.67852502993525,2020,8,7,26,26161,21,4,2209210401,NaN,NaN,NaN,NaN,NaN,NaN,NaN,2005,9,1,1,0,0,0
121,5,164.72170300101715,32.94434060020343,2020,8,7,26,26161,21,4,2209210401,NaN,NaN,NaN,NaN,NaN,NaN,NaN,2004,9,1,1,0,0,0
122,5,148.74713474802425,29.74942694960485,2020,8,7,26,26161,21,4,2209210401,NaN,NaN,NaN,NaN,NaN,NaN,NaN,2003,9,1,1,0,0,0
123,5,118.52562992373574,23.70512598474715,2020,8,7,26,26161,21,4,2209210401,NaN,NaN,NaN,NaN,NaN,NaN,NaN,2002,9,1,1,0,0,0
124,5,94.5116320580201,18.90232641160402,2020,8,7,26,26161,21,4,2209210401,NaN,NaN,NaN,NaN,NaN,NaN,NaN,2001,9,1,1,0,0,0
125,5,260.05730384453915,52.01146076890783,2020,8,7,26,26161,21,4,2201210401,NaN,NaN,NaN,NaN,NaN,NaN,NaN,2020,1,5,1,0,0.1706325182929045,8.87484653109135
126,5,310.4463445557139,62.08926891114278,2020,8,7,26,26161,21,4,2201210401,NaN,NaN,NaN,NaN,NaN,NaN,NaN,2019,1,5,1,0,0.1855789525214688,11.522461487353675
127,5,327.8141613006279,65.56283226012559,2020,8,7,26,26161,21,4,2201210401,NaN,NaN,NaN,NaN,NaN,NaN,NaN,2018,1,5,1,0,0.1993538764608922,13.070204762811274
128,5,368.3242419642923,73.66484839285846,2020,8,7,26,26161,21,4,2201210401,NaN,NaN,NaN,NaN,NaN,NaN,NaN,2017,1,5,1,0,0.21726918744168655,16.005101753331388
129,5,367.29985169622574,73.45997033924515,2020,8,7,26,26161,21,4,2201210401,NaN,NaN,NaN,NaN,NaN,NaN,NaN,2016,1,5,1,0,0.28031225625192935,20.591730029993613
130,5,392.56334931271454,78.51266986254291,2020,8,7,26,26161,21,4,2201210401,NaN,NaN,NaN,NaN,NaN,NaN,NaN,2015,1,5,1,0,0.27768217182296806,21.801568683050604
131,5,364.0998652152451,72.81997304304902,2020,8,7,26,26161,21,4,2201210401,NaN,NaN,NaN,NaN,NaN,NaN,NaN,2014,1,5,1,0,0.315618809247857,22.98335318130818
132,5,370.3959424661204,74.07918849322408,2020,8,7,26,26161,21,4,2201210401,NaN,NaN,NaN,NaN,NaN,NaN,NaN,2013,1,5,1,0,0.31522923577106643,23.351925975259803
133,5,316.43263381169584,63.286526762339165,2020,8,7,26,26161,21,4,2201210401,NaN,NaN,NaN,NaN,NaN,NaN,NaN,2012,1,5,1,0,0.34383842185223923,21.7603394864722
134,5,231.92053549096389,46.38410709819278,2020,8,7,26,26161,21,4,2201210401,NaN,NaN,NaN,NaN,NaN,NaN,NaN,2011,1,5,1,0,0.3440442962729465,15.958187484846718
135,5,230.10402906651655,46.02080581330331,2020,8,7,26,26161,21,4,2201210401,NaN,NaN,NaN,NaN,NaN,NaN,NaN,2010,1,5,1,0,0.4462852518236495,20.53840691151734
136,5,205.50535743034038,41.10107148606808,2020,8,7,26,26161,21,4,2201210401,NaN,NaN,NaN,NaN,NaN,NaN,NaN,2009,1,5,1,0,0.4558061107029833,18.73411953978998
137,5,253.9388285109485,50.7877657021897,2020,8,7,26,26161,21,4,2201210401,NaN,NaN,NaN,NaN,NaN,NaN,NaN,2008,1,5,1,0,0.4822685640559628,24.493342836805706
138,5,268.1829985315532,53.63659970631064,2020,8,7,26,26161,21,4,2201210401,NaN,NaN,NaN,NaN,NaN,NaN,NaN,2007,1,5,1,0,0.4879593450559758,26.172480063720887
139,5,229.81669167512396,45.963338335024794,2020,8,7,26,26161,21,4,2201210401,NaN,NaN,NaN,NaN,NaN,NaN,NaN,2006,1,5,1,0,0.5150386585447377,23.67289611830909
140,5,203.39262514967626,40.67852502993525,2020,8,7,26,26161,21,4,2201210401,NaN,NaN,NaN,NaN,NaN,NaN,NaN,2005,1,5,1,0,0.5414539759316754,22.02554911249462
141,5,164.72170300101715,32.94434060020343,2020,8,7,26,26161,21,4,2201210401,NaN,NaN,NaN,NaN,NaN,NaN,NaN,2004,1,5,1,0,0.5803591739119196,19.119550295806977
142,5,148.74713474802425,29.74942694960485,2020,8,7,26,26161,21,4,2201210401,NaN,NaN,NaN,NaN,NaN,NaN,NaN,2003,1,5,1,0,0.59504621802997,17.702283994921235
143,5,118.52562992373574,23.70512598474715,2020,8,7,26,26161,21,4,2201210401,NaN,NaN,NaN,NaN,NaN,NaN,NaN,2002,1,5,1,0,0.74681168279181,17.70326502746088
144,5,94.5116320580201,18.90232641160402,2020,8,7,26,26161,21,4,2201210401,NaN,NaN,NaN,NaN,NaN,NaN,NaN,2001,1,5,1,0,0.9272886139829604,17.527912059269795
145,5,83.62548218400153,16.725096436800307,2020,8,7,26,26161,21,4,2201210401,NaN,NaN,NaN,NaN,NaN,NaN,NaN,2000,1,5,1,0,0.9831764509006137,16.443720955703824
146,5,60.874080684058114,12.174816136811623,2020,8,7,26,26161,21,4,2201210401,NaN,NaN,NaN,NaN,NaN,NaN,NaN,1999,1,5,1,0,1.3808793051888477,16.811951647802406
147,5,46.82985881634186,9.365971763268373,2020,8,7,26,26161,21,4,2201210401,NaN,NaN,NaN,NaN,NaN,NaN,NaN,1998,1,5,1,0,1.805625372727466,16.91143625600638
148,5,36.74778034358123,7.349556068716247,2020,8,7,26,26161,21,4,2201210401,NaN,NaN,NaN,NaN,NaN,NaN,NaN,1997,1,5,1,0,2.3579770920529524,17.330084846791664
149,5,26.865139913300695,5.373027982660139,2020,8,7,26,26161,21,4,2201210401,NaN,NaN,NaN,NaN,NaN,NaN,NaN,1996,1,5,1,0,2.6050890261933066,13.997216235057488
150,5,25.04660490806586,5.009320981613172,2020,8,7,26,26161,21,4,2201210401,NaN,NaN,NaN,NaN,NaN,NaN,NaN,1995,1,5,1,0,3.49484147528169,17.5067827295405
151,5,18.41216437802274,3.6824328756045484,2020,8,7,26,26161,21,4,2201210401,NaN,NaN,NaN,NaN,NaN,NaN,NaN,1994,1,5,1,0,3.9659043610475195,14.604176600624836
152,5,15.146433442304176,3.029286688460835,2020,8,7,26,26161,21,4,2201210401,NaN,NaN,NaN,NaN,NaN,NaN,NaN,1993,1,5,1,0,5.4891543140154075,16.62822209435424
153,5,12.785088718582324,2.557017743716465,2020,8,7,26,26161,21,4,2201210401,NaN,NaN,NaN,NaN,NaN,NaN,NaN,1992,1,5,1,0,5.4865529984149255,14.029213368787739
154,5,12.603265015943999,2.5206530031887997,2020,8,7,26,26161,21,4,2201210401,NaN,NaN,NaN,NaN,NaN,NaN,NaN,1991,1,5,1,0,5.477445522219975,13.806739505386824
155,5,10.501237834887378,2.1002475669774756,2020,8,7,26,26161,21,4,2201210401,NaN,NaN,NaN,NaN,NaN,NaN,NaN,1990,1,5,1,0,6.664509665944083,13.997120210996929
156,5,10.217773915995503,2.0435547831991006,2020,8,7,26,26161,21,4,2201210401,NaN,NaN,NaN,NaN,NaN,NaN,NaN,1989,1,5,1,0,6.195792107247198,12.661440596472245
157,5,9.15454189972411,1.830908379944822,2020,8,7,26,26161,21,4,2201210401,NaN,NaN,NaN,NaN,NaN,NaN,NaN,1988,1,5,1,0,6.199827059342605,11.351315317159038
158,5,9.00619255308734,1.801238510617468,2020,8,7,26,26161,21,4,2201210401,NaN,NaN,NaN,NaN,NaN,NaN,NaN,1987,1,5,1,0,6.122265998544856,11.027661288822902
159,5,7.780739775004618,1.5561479550009236,2020,8,7,26,26161,21,4,2201210401,NaN,NaN,NaN,NaN,NaN,NaN,NaN,1986,1,5,1,0,6.1463562629152575,9.564639729242698
160,5,5.992761098455286,1.1985522196910572,2020,8,7,26,26161,21,4,2201210401,NaN,NaN,NaN,NaN,NaN,NaN,NaN,1985,1,5,1,0,7.787010918197156,9.333139220763698
161,5,4.779871405562617,0.9559742811125235,2020,8,7,26,26161,21,4,2201210401,NaN,NaN,NaN,NaN,NaN,NaN,NaN,1984,1,5,1,0,7.701547436608957,7.362481274166245
162,5,3.5629958872973577,0.7125991774594715,2020,8,7,26,26161,21,4,2201210401,NaN,NaN,NaN,NaN,NaN,NaN,NaN,1983,1,5,1,0,7.435901243492992,5.298817109782968
163,5,2.6061493961116446,0.5212298792223289,2020,8,7,26,26161,21,4,2201210401,NaN,NaN,NaN,NaN,NaN,NaN,NaN,1982,1,5,1,0,9.931690741389906,5.176693965608182
164,5,1.8323500164585729,0.3664700032917146,2020,8,7,26,26161,21,4,2201210401,NaN,NaN,NaN,NaN,NaN,NaN,NaN,1981,1,5,1,0,10.268797656313813,3.7632063109112743
165,5,23.19180710506584,4.638361421013168,2020,8,7,26,26161,21,4,2201210401,NaN,NaN,NaN,NaN,NaN,NaN,NaN,1980,1,5,1,0,10.262021944255318,47.598966687824415
166,5,310.4463445557139,62.08926891114278,2020,8,7,26,26161,21,4,2202210401,NaN,NaN,NaN,NaN,NaN,NaN,NaN,2019,2,5,1,0,0.000016357057990111095,0.0010155977721431645
167,5,327.8141613006279,65.56283226012559,2020,8,7,26,26161,21,4,2202210401,NaN,NaN,NaN,NaN,NaN,NaN,NaN,2018,2,5,1,0,0.0001953597754057254,0.012808340185301383
168,5,368.3242419642923,73.66484839285846,2020,8,7,26,26161,21,4,2202210401,NaN,NaN,NaN,NaN,NaN,NaN,NaN,2017,2,5,1,0,0.00022133527186597068,0.01630462924599884
169,5,367.29985169622574,73.45997033924515,2020,8,7,26,26161,21,4,2202210401,NaN,NaN,NaN,NaN,NaN,NaN,NaN,2016,2,5,1,0,0.00043388878097782983,0.03187345698116261
170,5,392.56334931271454,78.51266986254291,2020,8,7,26,26161,21,4,2202210401,NaN,NaN,NaN,NaN,NaN,NaN,NaN,2015,2,5,1,0,0.00508460266984719,0.39920573079991667
171,5,364.0998652152451,72.81997304304902,2020,8,7,26,26161,21,4,2202210401,NaN,NaN,NaN,NaN,NaN,NaN,NaN,2014,2,5,1,0,0.007532156849477112,0.5484914587349403
172,5,370.3959424661204,74.07918849322408,2020,8,7,26,26161,21,4,2202210401,NaN,NaN,NaN,NaN,NaN,NaN,NaN,2013,2,5,1,0,0.007597883587536793,0.5628450504307118
173,5,316.43263381169584,63.286526762339165,2020,8,7,26,26161,21,4,2202210401,NaN,NaN,NaN,NaN,NaN,NaN,NaN,2012,2,5,1,0,0.007708935212978828,0.48787173466532335
174,5,231.92053549096389,46.38410709819278,2020,8,7,26,26161,21,4,2202210401,NaN,NaN,NaN,NaN,NaN,NaN,NaN,2011,2,5,1,0,0.0072003877826123655,0.3339835580572108
175,5,230.10402906651655,46.02080581330331,2020,8,7,26,26161,21,4,2202210401,NaN,NaN,NaN,NaN,NaN,NaN,NaN,2010,2,5,1,0,0.008406418997652083,0.3868701762762104
176,5,205.50535743034038,41.10107148606808,2020,8,7,26,26161,21,4,2202210401,NaN,NaN,NaN,NaN,NaN,NaN,NaN,2009,2,5,1,0,0.009746699902498625,0.4005998094458488
177,5,253.9388285109485,50.7877657021897,2020,8,7,26,26161,21,4,2202210401,NaN,NaN,NaN,NaN,NaN,NaN,NaN,2008,2,5,1,0,0.0009075586765069149,0.04609287742342257
178,5,268.1829985315532,53.63659970631064,2020,8,7,26,26161,21,4,2202210401,NaN,NaN,NaN,NaN,NaN,NaN,NaN,2007,2,5,1,0,0.0006227259506876509,0.03340090254376527
179,5,229.81669167512396,45.963338335024794,2020,8,7,26,26161,21,4,2202210401,NaN,NaN,NaN,NaN,NaN,NaN,NaN,2006,2,5,1,0,0,0
180,5,203.39262514967626,40.67852502993525,2020,8,7,26,26161,21,4,2202210401,NaN,NaN,NaN,NaN,NaN,NaN,NaN,2005,2,5,1,0,0,0
181,5,164.72170300101715,32.94434060020343,2020,8,7,26,26161,21,4,2202210401,NaN,NaN,NaN,NaN,NaN,NaN,NaN,2004,2,5,1,0,0,0
182,5,148.74713474802425,29.74942694960485,2020,8,7,26,26161,21,4,2202210401,NaN,NaN,NaN,NaN,NaN,NaN,NaN,2003,2,5,1,0,0,0
183,5,118.52562992373574,23.70512598474715,2020,8,7,26,26161,21,4,2202210401,NaN,NaN,NaN,NaN,NaN,NaN,NaN,2002,2,5,1,0,0,0
184,5,94.5116320580201,18.90232641160402,2020,8,7,26,26161,21,4,2202210401,NaN,NaN,NaN,NaN,NaN,NaN,NaN,2001,2,5,1,0,0,0
185,5,83.62548218400153,16.725096436800307,2020,8,7,26,26161,21,4,2202210401,NaN,NaN,NaN,NaN,NaN,NaN,NaN,2000,2,5,1,0,0,0
186,5,60.874080684058114,12.174816136811623,2020,8,7,26,26161,21,4,2202210401,NaN,NaN,NaN,NaN,NaN,NaN,NaN,1999,2,5,1,0,0,0
187,5,46.82985881634186,9.365971763268373,2020,8,7,26,26161,21,4,2202210401,NaN,NaN,NaN,NaN,NaN,NaN,NaN,1998,2,5,1,0,0,0
188,5,36.74778034358123,7.349556068716247,2020,8,7,26,26161,21,4,2202210401,NaN,NaN,NaN,NaN,NaN,NaN,NaN,1997,2,5,1,0,0,0
189,5,26.865139913300695,5.373027982660139,2020,8,7,26,26161,21,4,2202210401,NaN,NaN,NaN,NaN,NaN,NaN,NaN,1996,2,5,1,0,0,0
190,5,25.04660490806586,5.009320981613172,2020,8,7,26,26161,21,4,2202210401,NaN,NaN,NaN,NaN,NaN,NaN,NaN,1995,2,5,1,0,0,0
191,5,18.41216437802274,3.6824328756045484,2020,8,7,26,26161,21,4,2202210401,NaN,NaN,NaN,NaN,NaN,NaN,NaN,1994,2,5,1,0,0,0
192,5,15.146433442304176,3.029286688460835,2020,8,7,26,26161,21,4,2202210401,NaN,NaN,NaN,NaN,NaN,NaN,NaN,1993,2,5,1,0,0,0
193,5,12.785088718582324,2.557017743716465,2020,8,7,26,26161,21,4,2202210401,NaN,NaN,NaN,NaN,NaN,NaN,NaN,1992,2,5,1,0,0,0
194,5,12.603265015943999,2.5206530031887997,2020,8,7,26,26161,21,4,2202210401,NaN,NaN,NaN,NaN,NaN,NaN,NaN,1991,2,5,1,0,0,0
195,5,10.501237834887378,2.1002475669774756,2020,8,7,26,26161,21,4,2202210401,NaN,NaN,NaN,NaN,NaN,NaN,NaN,1990,2,5,1,0,0,0
196,5,10.217773915995503,2.0435547831991006,2020,8,7,26,26161,21,4,2202210401,NaN,NaN,NaN,NaN,NaN,NaN,NaN,1989,2,5,1,0,0,0
197,5,9.15454189972411,1.830908379944822,2020,8,7,26,26161,21,4,2202210401,NaN,NaN,NaN,NaN,NaN,NaN,NaN,1988,2,5,1,0,0,0
198,5,9.00619255308734,1.801238510617468,2020,8,7,26,26161,21,4,2202210401,NaN,NaN,NaN,NaN,NaN,NaN,NaN,1987,2,5,1,0,0,0
199,5,7.780739775004618,1.5561479550009236,2020,8,7,26,26161,21,4,2202210401,NaN,NaN,NaN,NaN,NaN,NaN,NaN,1986,2,5,1,0,0,0
200,5,5.992761098455286,1.1985522196910572,2020,8,7,26,26161,21,4,2202210401,NaN,NaN,NaN,NaN,NaN,NaN,NaN,1985,2,5,1,0,0,0
201,5,4.779871405562617,0.9559742811125235,2020,8,7,26,26161,21,4,2202210401,NaN,NaN,NaN,NaN,NaN,NaN,NaN,1984,2,5,1,0,0,0
202,5,3.5629958872973577,0.7125991774594715,2020,8,7,26,26161,21,4,2202210401,NaN,NaN,NaN,NaN,NaN,NaN,NaN,1983,2,5,1,0,0,0
203,5,2.6061493961116446,0.5212298792223289,2020,8,7,26,26161,21,4,2202210401,NaN,NaN,NaN,NaN,NaN,NaN,NaN,1982,2,5,1,0,0,0
204,5,1.8323500164585729,0.3664700032917146,2020,8,7,26,26161,21,4,2202210401,NaN,NaN,NaN,NaN,NaN,NaN,NaN,1981,2,5,1,0,0,0
205,5,23.19180710506584,4.638361421013168,2020,8,7,26,26161,21,4,2202210401,NaN,NaN,NaN,NaN,NaN,NaN,NaN,1980,2,5,1,0,0,0
206,5,260.05730384453915,52.01146076890783,2020,8,7,26,26161,21,4,2205210401,NaN,NaN,NaN,NaN,NaN,NaN,NaN,2020,5,5,1,0,0.00013930043420964033,0.007245219068986534
207,5,310.4463445557139,62.08926891114278,2020,8,7,26,26161,21,4,2205210401,NaN,NaN,NaN,NaN,NaN,NaN,NaN,2019,5,5,1,0,0.00023862052116920823,0.014815773706592008
208,5,327.8141613006279,65.56283226012559,2020,8,7,26,26161,21,4,2205210401,NaN,NaN,NaN,NaN,NaN,NaN,NaN,2018,5,5,1,0,0.00021673446976311795,0.014209725686066564
209,5,368.3242419642923,73.66484839285846,2020,8,7,26,26161,21,4,2205210401,NaN,NaN,NaN,NaN,NaN,NaN,NaN,2017,5,5,1,0,0.00015135665304221726,0.011149664899605413
210,5,367.29985169622574,73.45997033924515,2020,8,7,26,26161,21,4,2205210401,NaN,NaN,NaN,NaN,NaN,NaN,NaN,2016,5,5,1,0,0.0003777883784644716,0.027752323076511605
211,5,392.56334931271454,78.51266986254291,2020,8,7,26,26161,21,4,2205210401,NaN,NaN,NaN,NaN,NaN,NaN,NaN,2015,5,5,1,0,0.0003948070156625152,0.030997352880126863
212,5,364.0998652152451,72.81997304304902,2020,8,7,26,26161,21,4,2205210401,NaN,NaN,NaN,NaN,NaN,NaN,NaN,2014,5,5,1,0,0.0005769275825395022,0.04201185100831799
213,5,370.3959424661204,74.07918849322408,2020,8,7,26,26161,21,4,2205210401,NaN,NaN,NaN,NaN,NaN,NaN,NaN,2013,5,5,1,0,0.0006471323776633873,0.047939041384994344
214,5,316.43263381169584,63.286526762339165,2020,8,7,26,26161,21,4,2205210401,NaN,NaN,NaN,NaN,NaN,NaN,NaN,2012,5,5,1,0,0.0007277571989300788,0.04605722544657342
215,5,231.92053549096389,46.38410709819278,2020,8,7,26,26161,21,4,2205210401,NaN,NaN,NaN,NaN,NaN,NaN,NaN,2011,5,5,1,0,0.0012988344694774513,0.0602452771350665
216,5,230.10402906651655,46.02080581330331,2020,8,7,26,26161,21,4,2205210401,NaN,NaN,NaN,NaN,NaN,NaN,NaN,2010,5,5,1,0,0.0010601848372334445,0.04879056052052893
217,5,205.50535743034038,41.10107148606808,2020,8,7,26,26161,21,4,2205210401,NaN,NaN,NaN,NaN,NaN,NaN,NaN,2009,5,5,1,0,0.0009160988175193026,0.037652642987163296
218,5,253.9388285109485,50.7877657021897,2020,8,7,26,26161,21,4,2205210401,NaN,NaN,NaN,NaN,NaN,NaN,NaN,2008,5,5,1,0,0.001087438923197393,0.05522859324679066
219,5,268.1829985315532,53.63659970631064,2020,8,7,26,26161,21,4,2205210401,NaN,NaN,NaN,NaN,NaN,NaN,NaN,2007,5,5,1,0,0.0006471656212458992,0.03471176337045214
220,5,229.81669167512396,45.963338335024794,2020,8,7,26,26161,21,4,2205210401,NaN,NaN,NaN,NaN,NaN,NaN,NaN,2006,5,5,1,0,0.0008066491277271595,0.03707628677537606
221,5,203.39262514967626,40.67852502993525,2020,8,7,26,26161,21,4,2205210401,NaN,NaN,NaN,NaN,NaN,NaN,NaN,2005,5,5,1,0,0.0003303518563731468,0.013438226258160628
222,5,164.72170300101715,32.94434060020343,2020,8,7,26,26161,21,4,2205210401,NaN,NaN,NaN,NaN,NaN,NaN,NaN,2004,5,5,1,0,0.00024247656976085293,0.007988230701770528
223,5,148.74713474802425,29.74942694960485,2020,8,7,26,26161,21,4,2205210401,NaN,NaN,NaN,NaN,NaN,NaN,NaN,2003,5,5,1,0,0.00037145051280597726,0.011050439896114681
224,5,118.52562992373574,23.70512598474715,2020,8,7,26,26161,21,4,2205210401,NaN,NaN,NaN,NaN,NaN,NaN,NaN,2002,5,5,1,0,0.00026033014079943436,0.006171158785277555
225,5,94.5116320580201,18.90232641160402,2020,8,7,26,26161,21,4,2205210401,NaN,NaN,NaN,NaN,NaN,NaN,NaN,2001,5,5,1,0,0.0003827050328425297,0.0072340154501531325
226,5,83.62548218400153,16.725096436800307,2020,8,7,26,26161,21,4,2205210401,NaN,NaN,NaN,NaN,NaN,NaN,NaN,2000,5,5,1,0,0.0012531635766251615,0.020959281670141418
227,5,60.874080684058114,12.174816136811623,2020,8,7,26,26161,21,4,2205210401,NaN,NaN,NaN,NaN,NaN,NaN,NaN,1999,5,5,1,0,0.0023872869509025665,0.029064779693048385
228,5,46.82985881634186,9.365971763268373,2020,8,7,26,26161,21,4,2205210401,NaN,NaN,NaN,NaN,NaN,NaN,NaN,1998,5,5,1,0,0.001661797748776613,0.015564350791304707
229,5,260.05730384453915,52.01146076890783,2020,8,7,26,26161,21,4,2201210401,NaN,NaN,NaN,NaN,NaN,NaN,NaN,2020,1,6,1,0.03819371711414953,0.03819371711414953,1.986511019301352
230,5,310.4463445557139,62.08926891114278,2020,8,7,26,26161,21,4,2201210401,NaN,NaN,NaN,NaN,NaN,NaN,NaN,2019,1,6,1,0.03855211963166836,0.03855211963166836,2.3936729229052034
231,5,327.8141613006279,65.56283226012559,2020,8,7,26,26161,21,4,2201210401,NaN,NaN,NaN,NaN,NaN,NaN,NaN,2018,1,6,1,0.03834798481678009,0.03834798481678009,2.514202496056396
232,5,368.3242419642923,73.66484839285846,2020,8,7,26,26161,21,4,2201210401,NaN,NaN,NaN,NaN,NaN,NaN,NaN,2017,1,6,1,0.03928976896518576,0.03928976896518576,2.8942748742108444
233,5,367.29985169622574,73.45997033924515,2020,8,7,26,26161,21,4,2201210401,NaN,NaN,NaN,NaN,NaN,NaN,NaN,2016,1,6,1,0.0394579999934747,0.0394579999934747,2.8985835091665866
234,5,392.56334931271454,78.51266986254291,2020,8,7,26,26161,21,4,2201210401,NaN,NaN,NaN,NaN,NaN,NaN,NaN,2015,1,6,1,0.03908777761087748,0.03908777761087748,3.0688857792233195
235,5,364.0998652152451,72.81997304304902,2020,8,7,26,26161,21,4,2201210401,NaN,NaN,NaN,NaN,NaN,NaN,NaN,2014,1,6,1,0.03908849504788221,0.03908849504788221,2.846423155680138
236,5,370.3959424661204,74.07918849322408,2020,8,7,26,26161,21,4,2201210401,NaN,NaN,NaN,NaN,NaN,NaN,NaN,2013,1,6,1,0.039040247476849914,0.039040247476849914,2.892069851659681
237,5,316.43263381169584,63.286526762339165,2020,8,7,26,26161,21,4,2201210401,NaN,NaN,NaN,NaN,NaN,NaN,NaN,2012,1,6,1,0.039226399194525585,0.039226399194525585,2.4825025624145427
238,5,231.92053549096389,46.38410709819278,2020,8,7,26,26161,21,4,2201210401,NaN,NaN,NaN,NaN,NaN,NaN,NaN,2011,1,6,1,0.03924988613402206,0.03924988613402206,1.820570922032351
239,5,230.10402906651655,46.02080581330331,2020,8,7,26,26161,21,4,2201210401,NaN,NaN,NaN,NaN,NaN,NaN,NaN,2010,1,6,1,0.03116169918545466,0.03116169918545466,1.4340865070263809
240,5,205.50535743034038,41.10107148606808,2020,8,7,26,26161,21,4,2201210401,NaN,NaN,NaN,NaN,NaN,NaN,NaN,2009,1,6,1,0.03125577118996732,0.03125577118996732,1.284645686031034
241,5,253.9388285109485,50.7877657021897,2020,8,7,26,26161,21,4,2201210401,NaN,NaN,NaN,NaN,NaN,NaN,NaN,2008,1,6,1,0.03147168470778472,0.03147168470778472,1.5983765491921569
242,5,268.1829985315532,53.63659970631064,2020,8,7,26,26161,21,4,2201210401,NaN,NaN,NaN,NaN,NaN,NaN,NaN,2007,1,6,1,0.03149547237443668,0.03149547237443668,1.6893100443088254
243,5,229.81669167512396,45.963338335024794,2020,8,7,26,26161,21,4,2201210401,NaN,NaN,NaN,NaN,NaN,NaN,NaN,2006,1,6,1,0.03129019309573076,0.03129019309573076,1.4382017318273297
244,5,203.39262514967626,40.67852502993525,2020,8,7,26,26161,21,4,2201210401,NaN,NaN,NaN,NaN,NaN,NaN,NaN,2005,1,6,1,0.03136322016591616,0.03136322016591616,1.2758095365385906
245,5,164.72170300101715,32.94434060020343,2020,8,7,26,26161,21,4,2201210401,NaN,NaN,NaN,NaN,NaN,NaN,NaN,2004,1,6,1,0.03142036098278599,0.03142036098278599,1.0351230739982444
246,5,148.74713474802425,29.74942694960485,2020,8,7,26,26161,21,4,2201210401,NaN,NaN,NaN,NaN,NaN,NaN,NaN,2003,1,6,1,0.0313916235080486,0.0313916235080486,0.93388281038219
247,5,118.52562992373574,23.70512598474715,2020,8,7,26,26161,21,4,2201210401,NaN,NaN,NaN,NaN,NaN,NaN,NaN,2002,1,6,1,0.03131474175536006,0.03131474175536006,0.7423198984906323
248,5,94.5116320580201,18.90232641160402,2020,8,7,26,26161,21,4,2201210401,NaN,NaN,NaN,NaN,NaN,NaN,NaN,2001,1,6,1,0.031409241797610385,0.031409241797610385,0.5937077407994277
249,5,83.62548218400153,16.725096436800307,2020,8,7,26,26161,21,4,2201210401,NaN,NaN,NaN,NaN,NaN,NaN,NaN,2000,1,6,1,0.10975227204821547,0.10975227204821547,1.8356173341643465
250,5,60.874080684058114,12.174816136811623,2020,8,7,26,26161,21,4,2201210401,NaN,NaN,NaN,NaN,NaN,NaN,NaN,1999,1,6,1,0.1596707761291737,0.1596707761291737,1.9439623417947003
251,5,46.82985881634186,9.365971763268373,2020,8,7,26,26161,21,4,2201210401,NaN,NaN,NaN,NaN,NaN,NaN,NaN,1998,1,6,1,0.2029020768938998,0.2029020768938998,1.9003751228967738
252,5,36.74778034358123,7.349556068716247,2020,8,7,26,26161,21,4,2201210401,NaN,NaN,NaN,NaN,NaN,NaN,NaN,1997,1,6,1,0.22702658691688216,0.22702658691688216,1.6685446296349078
253,5,26.865139913300695,5.373027982660139,2020,8,7,26,26161,21,4,2201210401,NaN,NaN,NaN,NaN,NaN,NaN,NaN,1996,1,6,1,0.2312798802271571,0.2312798802271571,1.2426732682868002
254,5,25.04660490806586,5.009320981613172,2020,8,7,26,26161,21,4,2201210401,NaN,NaN,NaN,NaN,NaN,NaN,NaN,1995,1,6,1,0.31795168805543816,0.31795168805543816,1.5927220621154325
255,5,18.41216437802274,3.6824328756045484,2020,8,7,26,26161,21,4,2201210401,NaN,NaN,NaN,NaN,NaN,NaN,NaN,1994,1,6,1,0.4915397195990923,0.4915397195990923,1.810062023117139
256,5,15.146433442304176,3.029286688460835,2020,8,7,26,26161,21,4,2201210401,NaN,NaN,NaN,NaN,NaN,NaN,NaN,1993,1,6,1,0.6645153624020675,0.6645153624020675,2.013007541602311
257,5,12.785088718582324,2.557017743716465,2020,8,7,26,26161,21,4,2201210401,NaN,NaN,NaN,NaN,NaN,NaN,NaN,1992,1,6,1,0.664200447921605,0.664200447921605,1.6983723307199678
258,5,12.603265015943999,2.5206530031887997,2020,8,7,26,26161,21,4,2201210401,NaN,NaN,NaN,NaN,NaN,NaN,NaN,1991,1,6,1,0.6630978996057736,0.6630978996057736,1.6714397120494784
259,5,10.501237834887378,2.1002475669774756,2020,8,7,26,26161,21,4,2201210401,NaN,NaN,NaN,NaN,NaN,NaN,NaN,1990,1,6,1,0.664267783720179,0.664267783720179,1.395126796579826
260,5,10.217773915995503,2.0435547831991006,2020,8,7,26,26161,21,4,2201210401,NaN,NaN,NaN,NaN,NaN,NaN,NaN,1989,1,6,1,0.6643697894364199,0.6643697894364199,1.3576760610157752
261,5,9.15454189972411,1.830908379944822,2020,8,7,26,26161,21,4,2201210401,NaN,NaN,NaN,NaN,NaN,NaN,NaN,1988,1,6,1,0.6648024540945638,0.6648024540945638,1.2171923842096197
262,5,9.00619255308734,1.801238510617468,2020,8,7,26,26161,21,4,2201210401,NaN,NaN,NaN,NaN,NaN,NaN,NaN,1987,1,6,1,0.6564856441147078,0.6564856441147078,1.1824872238469253
263,5,7.780739775004618,1.5561479550009236,2020,8,7,26,26161,21,4,2201210401,NaN,NaN,NaN,NaN,NaN,NaN,NaN,1986,1,6,1,0.6590688237292256,0.6590688237292256,1.0256086022510986
264,5,5.992761098455286,1.1985522196910572,2020,8,7,26,26161,21,4,2201210401,NaN,NaN,NaN,NaN,NaN,NaN,NaN,1985,1,6,1,0.642533031513245,0.642533031513245,0.7701093911450239
265,5,4.779871405562617,0.9559742811125235,2020,8,7,26,26161,21,4,2201210401,NaN,NaN,NaN,NaN,NaN,NaN,NaN,1984,1,6,1,0.6354811459456756,0.6354811459456756,0.6075036316559799
266,5,3.5629958872973577,0.7125991774594715,2020,8,7,26,26161,21,4,2201210401,NaN,NaN,NaN,NaN,NaN,NaN,NaN,1983,1,6,1,0.6089686517976928,0.6089686517976928,0.4339505603696392
267,5,2.6061493961116446,0.5212298792223289,2020,8,7,26,26161,21,4,2201210401,NaN,NaN,NaN,NaN,NaN,NaN,NaN,1982,1,6,1,0.588819779470397,0.588819779470397,0.3069104625370733
268,5,1.8323500164585729,0.3664700032917146,2020,8,7,26,26161,21,4,2201210401,NaN,NaN,NaN,NaN,NaN,NaN,NaN,1981,1,6,1,0.6084225316888319,0.6084225316888319,0.22296860719075953
269,5,23.19180710506584,4.638361421013168,2020,8,7,26,26161,21,4,2201210401,NaN,NaN,NaN,NaN,NaN,NaN,NaN,1980,1,6,1,0.5790564020204458,0.5790564020204458,2.6858728757223274
270,5,310.4463445557139,62.08926891114278,2020,8,7,26,26161,21,4,2202210401,NaN,NaN,NaN,NaN,NaN,NaN,NaN,2019,2,6,1,0.000001325109881077349,0.000001325109881077349,0.00008227510374302394
271,5,327.8141613006279,65.56283226012559,2020,8,7,26,26161,21,4,2202210401,NaN,NaN,NaN,NaN,NaN,NaN,NaN,2018,2,6,1,0.000014654809125213433,0.000014654809125213433,0.0009608107924805262
272,5,368.3242419642923,73.66484839285846,2020,8,7,26,26161,21,4,2202210401,NaN,NaN,NaN,NaN,NaN,NaN,NaN,2017,2,6,1,0.000015608426384707574,0.000015608426384707574,0.0011497923632805753
273,5,367.29985169622574,73.45997033924515,2020,8,7,26,26161,21,4,2202210401,NaN,NaN,NaN,NaN,NaN,NaN,NaN,2016,2,6,1,0.000014713109230705865,0.000014713109230705865,0.0010808245676857267
274,5,392.56334931271454,78.51266986254291,2020,8,7,26,26161,21,4,2202210401,NaN,NaN,NaN,NaN,NaN,NaN,NaN,2015,2,6,1,0.0001724181812389911,0.0001724181812389911,0.013537011741916998
275,5,364.0998652152451,72.81997304304902,2020,8,7,26,26161,21,4,2202210401,NaN,NaN,NaN,NaN,NaN,NaN,NaN,2014,2,6,1,0.00022471832299648692,0.00022471832299648692,0.01636398222288336
276,5,370.3959424661204,74.07918849322408,2020,8,7,26,26161,21,4,2202210401,NaN,NaN,NaN,NaN,NaN,NaN,NaN,2013,2,6,1,0.00022667924901647893,0.00022667924901647893,0.01679221481539422
277,5,316.43263381169584,63.286526762339165,2020,8,7,26,26161,21,4,2202210401,NaN,NaN,NaN,NaN,NaN,NaN,NaN,2012,2,6,1,0.00021186123120258706,0.00021186123120258706,0.01340796147840465
278,5,231.92053549096389,46.38410709819278,2020,8,7,26,26161,21,4,2202210401,NaN,NaN,NaN,NaN,NaN,NaN,NaN,2011,2,6,1,0.0001978850487927315,0.0001978850487927315,0.009178721296333162
279,5,230.10402906651655,46.02080581330331,2020,8,7,26,26161,21,4,2202210401,NaN,NaN,NaN,NaN,NaN,NaN,NaN,2010,2,6,1,0.00017871430273916984,0.00017871430273916984,0.008224576222419235
280,5,205.50535743034038,41.10107148606808,2020,8,7,26,26161,21,4,2202210401,NaN,NaN,NaN,NaN,NaN,NaN,NaN,2009,2,6,1,0.00013128516515965128,0.00013128516515965128,0.005395960958287082
281,5,253.9388285109485,50.7877657021897,2020,8,7,26,26161,21,4,2202210401,NaN,NaN,NaN,NaN,NaN,NaN,NaN,2008,2,6,1,0.000011633589502415614,0.000011633589502415614,0.0005908440179241379
282,5,268.1829985315532,53.63659970631064,2020,8,7,26,26161,21,4,2202210401,NaN,NaN,NaN,NaN,NaN,NaN,NaN,2007,2,6,1,0.000007895314523789271,0.000007895314523789271,0.00042347782466790575
283,5,229.81669167512396,45.963338335024794,2020,8,7,26,26161,21,4,2202210401,NaN,NaN,NaN,NaN,NaN,NaN,NaN,2006,2,6,1,0.00011699416080213257,0.00011699416080213257,0.005377442196170715
284,5,203.39262514967626,40.67852502993525,2020,8,7,26,26161,21,4,2202210401,NaN,NaN,NaN,NaN,NaN,NaN,NaN,2005,2,6,1,0.00008268225872065539,0.00008268225872065539,0.0033633923308997627
285,5,164.72170300101715,32.94434060020343,2020,8,7,26,26161,21,4,2202210401,NaN,NaN,NaN,NaN,NaN,NaN,NaN,2004,2,6,1,0.000056942312349061246,0.000056942312349061246,0.0018759269325906436
286,5,148.74713474802425,29.74942694960485,2020,8,7,26,26161,21,4,2202210401,NaN,NaN,NaN,NaN,NaN,NaN,NaN,2003,2,6,1,0.00007004702644750833,0.00007004702644750833,0.002083858896337188
287,5,118.52562992373574,23.70512598474715,2020,8,7,26,26161,21,4,2202210401,NaN,NaN,NaN,NaN,NaN,NaN,NaN,2002,2,6,1,0.00007806264932489546,0.00007806264932489546,0.0018504849369497837
288,5,94.5116320580201,18.90232641160402,2020,8,7,26,26161,21,4,2202210401,NaN,NaN,NaN,NaN,NaN,NaN,NaN,2001,2,6,1,0.00005646367090043132,0.00005646367090043132,0.0010672947377573401
289,5,83.62548218400153,16.725096436800307,2020,8,7,26,26161,21,4,2202210401,NaN,NaN,NaN,NaN,NaN,NaN,NaN,2000,2,6,1,0.000052049403012913564,0.000052049403012913564,0.0008705312848688638
290,5,60.874080684058114,12.174816136811623,2020,8,7,26,26161,21,4,2202210401,NaN,NaN,NaN,NaN,NaN,NaN,NaN,1999,2,6,1,0.000031647981807696636,0.000031647981807696636,0.0003853083596098657
291,5,46.82985881634186,9.365971763268373,2020,8,7,26,26161,21,4,2202210401,NaN,NaN,NaN,NaN,NaN,NaN,NaN,1998,2,6,1,0.00003718599171233269,0.00003718599171233269,0.0003482829483668397
292,5,36.74778034358123,7.349556068716247,2020,8,7,26,26161,21,4,2202210401,NaN,NaN,NaN,NaN,NaN,NaN,NaN,1997,2,6,1,0.000015285830450489527,0.000015285830450489527,0.0001123440679527629
293,5,26.865139913300695,5.373027982660139,2020,8,7,26,26161,21,4,2202210401,NaN,NaN,NaN,NaN,NaN,NaN,NaN,1996,2,6,1,0.00002094332424483636,0.00002094332424483636,0.00011252906721743028
294,5,25.04660490806586,5.009320981613172,2020,8,7,26,26161,21,4,2202210401,NaN,NaN,NaN,NaN,NaN,NaN,NaN,1995,2,6,1,0.000015879703372258086,0.000015879703372258086,0.00007954653128444587
295,5,18.41216437802274,3.6824328756045484,2020,8,7,26,26161,21,4,2202210401,NaN,NaN,NaN,NaN,NaN,NaN,NaN,1994,2,6,1,0.000002528668267265585,0.000002528668267265585,0.000009311651158876778
296,5,15.146433442304176,3.029286688460835,2020,8,7,26,26161,21,4,2202210401,NaN,NaN,NaN,NaN,NaN,NaN,NaN,1993,2,6,1,0.000011652767635118995,0.000011652767635118995,0.00003529957388079322
297,5,12.785088718582324,2.557017743716465,2020,8,7,26,26161,21,4,2202210401,NaN,NaN,NaN,NaN,NaN,NaN,NaN,1992,2,6,1,0.000019630573357239057,0.000019630573357239057,0.000050195724393787965
298,5,12.603265015943999,2.5206530031887997,2020,8,7,26,26161,21,4,2202210401,NaN,NaN,NaN,NaN,NaN,NaN,NaN,1991,2,6,1,0.00004756170008737363,0.00004756170008737363,0.00011988654216200335
299,5,10.501237834887378,2.1002475669774756,2020,8,7,26,26161,21,4,2202210401,NaN,NaN,NaN,NaN,NaN,NaN,NaN,1990,2,6,1,0.000017924739067309146,0.000017924739067309146,0.00003764638961482214
300,5,10.217773915995503,2.0435547831991006,2020,8,7,26,26161,21,4,2202210401,NaN,NaN,NaN,NaN,NaN,NaN,NaN,1989,2,6,1,0.00001534060325519974,0.00001534060325519974,0.00003134936315932312
301,5,9.15454189972411,1.830908379944822,2020,8,7,26,26161,21,4,2202210401,NaN,NaN,NaN,NaN,NaN,NaN,NaN,1988,2,6,1,0.000004379803420193548,0.000004379803420193548,0.000008019018784543359
302,5,9.00619255308734,1.801238510617468,2020,8,7,26,26161,21,4,2202210401,NaN,NaN,NaN,NaN,NaN,NaN,NaN,1987,2,6,1,0.00021507158916982236,0.00021507158916982236,0.0003873952289523828
303,5,7.780739775004618,1.5561479550009236,2020,8,7,26,26161,21,4,2202210401,NaN,NaN,NaN,NaN,NaN,NaN,NaN,1986,2,6,1,0.00014963126683313784,0.00014963126683313784,0.00023284838988658498
304,5,5.992761098455286,1.1985522196910572,2020,8,7,26,26161,21,4,2202210401,NaN,NaN,NaN,NaN,NaN,NaN,NaN,1985,2,6,1,0.0005685365441219399,0.0005685365441219399,0.0006814207369328337
305,5,4.779871405562617,0.9559742811125235,2020,8,7,26,26161,21,4,2202210401,NaN,NaN,NaN,NaN,NaN,NaN,NaN,1984,2,6,1,0.0007471836896900261,0.0007471836896900261,0.0007142883906104255
306,5,3.5629958872973577,0.7125991774594715,2020,8,7,26,26161,21,4,2202210401,NaN,NaN,NaN,NaN,NaN,NaN,NaN,1983,2,6,1,0.001302472723664347,0.001302472723664347,0.0009281409915466112
307,5,2.6061493961116446,0.5212298792223289,2020,8,7,26,26161,21,4,2202210401,NaN,NaN,NaN,NaN,NaN,NaN,NaN,1982,2,6,1,0.0021573803433656007,0.0021573803433656007,0.0011244910958090784
308,5,1.8323500164585729,0.3664700032917146,2020,8,7,26,26161,21,4,2202210401,NaN,NaN,NaN,NaN,NaN,NaN,NaN,1981,2,6,1,0.0015444593548496661,0.0015444593548496661,0.0005659980248556765
309,5,23.19180710506584,4.638361421013168,2020,8,7,26,26161,21,4,2202210401,NaN,NaN,NaN,NaN,NaN,NaN,NaN,1980,2,6,1,0.0009434475387122819,0.0009434475387122819,0.004376050666312876
310,5,260.05730384453915,52.01146076890783,2020,8,7,26,26161,21,4,2205210401,NaN,NaN,NaN,NaN,NaN,NaN,NaN,2020,5,6,1,0.000012736634434791011,0.000012736634434791011,0.0006624509622330533
311,5,310.4463445557139,62.08926891114278,2020,8,7,26,26161,21,4,2205210401,NaN,NaN,NaN,NaN,NaN,NaN,NaN,2019,5,6,1,0.000020248805968962874,0.000020248805968962874,0.001257233558936489
312,5,327.8141613006279,65.56283226012559,2020,8,7,26,26161,21,4,2205210401,NaN,NaN,NaN,NaN,NaN,NaN,NaN,2018,5,6,1,0.000017030128951290704,0.000017030128951290704,0.001116543487801781
313,5,368.3242419642923,73.66484839285846,2020,8,7,26,26161,21,4,2205210401,NaN,NaN,NaN,NaN,NaN,NaN,NaN,2017,5,6,1,0.000011180338111430197,0.000011180338111430197,0.000823597911959403
314,5,367.29985169622574,73.45997033924515,2020,8,7,26,26161,21,4,2205210401,NaN,NaN,NaN,NaN,NaN,NaN,NaN,2016,5,6,1,0.000021722692893926598,0.000021722692893926598,0.0015957483756763792
315,5,392.56334931271454,78.51266986254291,2020,8,7,26,26161,21,4,2205210401,NaN,NaN,NaN,NaN,NaN,NaN,NaN,2015,5,6,1,0.000022701258277088645,0.000022701258277088645,0.0017823363965733805
316,5,364.0998652152451,72.81997304304902,2020,8,7,26,26161,21,4,2205210401,NaN,NaN,NaN,NaN,NaN,NaN,NaN,2014,5,6,1,0.000029186328263184272,0.000029186328263184272,0.0021253476373506584
317,5,370.3959424661204,74.07918849322408,2020,8,7,26,26161,21,4,2205210401,NaN,NaN,NaN,NaN,NaN,NaN,NaN,2013,5,6,1,0.000032737935532706725,0.000032737935532706725,0.0024251996972063997
318,5,316.43263381169584,63.286526762339165,2020,8,7,26,26161,21,4,2205210401,NaN,NaN,NaN,NaN,NaN,NaN,NaN,2012,5,6,1,0.000033914282703786624,0.000033914282703786624,0.0021463171599587286
319,5,231.92053549096389,46.38410709819278,2020,8,7,26,26161,21,4,2205210401,NaN,NaN,NaN,NaN,NaN,NaN,NaN,2011,5,6,1,0.000060527109107323475,0.000060527109107323475,0.0028074959111780914
320,5,230.10402906651655,46.02080581330331,2020,8,7,26,26161,21,4,2205210401,NaN,NaN,NaN,NaN,NaN,NaN,NaN,2010,5,6,1,0.0000302386411677422,0.0000302386411677422,0.0013916066332388232
321,5,205.50535743034038,41.10107148606808,2020,8,7,26,26161,21,4,2205210401,NaN,NaN,NaN,NaN,NaN,NaN,NaN,2009,5,6,1,0.000025660462830442345,0.000025660462830442345,0.0010546725171596038
322,5,253.9388285109485,50.7877657021897,2020,8,7,26,26161,21,4,2205210401,NaN,NaN,NaN,NaN,NaN,NaN,NaN,2008,5,6,1,0.000028987315576340662,0.000028987315576340662,0.0014722009918266235
323,5,268.1829985315532,53.63659970631064,2020,8,7,26,26161,21,4,2205210401,NaN,NaN,NaN,NaN,NaN,NaN,NaN,2007,5,6,1,0.00001706286726296651,0.00001706286726296651,0.0009151941812256469
324,5,229.81669167512396,45.963338335024794,2020,8,7,26,26161,21,4,2205210401,NaN,NaN,NaN,NaN,NaN,NaN,NaN,2006,5,6,1,0.000020018206760654805,0.000020018206760654805,0.0009201036102004575
325,5,203.39262514967626,40.67852502993525,2020,8,7,26,26161,21,4,2205210401,NaN,NaN,NaN,NaN,NaN,NaN,NaN,2005,5,6,1,0.00000781642091791093,0.00000781642091791093,0.00031796047395374924
326,5,164.72170300101715,32.94434060020343,2020,8,7,26,26161,21,4,2205210401,NaN,NaN,NaN,NaN,NaN,NaN,NaN,2004,5,6,1,0.000005362362669528282,0.000005362362669528282,0.00017665950220675585
327,5,148.74713474802425,29.74942694960485,2020,8,7,26,26161,21,4,2205210401,NaN,NaN,NaN,NaN,NaN,NaN,NaN,2003,5,6,1,0.000008004535353275824,0.000008004535353275824,0.00023813033975780858
328,5,118.52562992373574,23.70512598474715,2020,8,7,26,26161,21,4,2205210401,NaN,NaN,NaN,NaN,NaN,NaN,NaN,2002,5,6,1,0.0000044589671372631415,0.0000044589671372631415,0.0001057003777506701
329,5,94.5116320580201,18.90232641160402,2020,8,7,26,26161,21,4,2205210401,NaN,NaN,NaN,NaN,NaN,NaN,NaN,2001,5,6,1,0.000005295156328555154,0.000005295156328555154,0.00010009077332282026
330,5,83.62548218400153,16.725096436800307,2020,8,7,26,26161,21,4,2205210401,NaN,NaN,NaN,NaN,NaN,NaN,NaN,2000,5,6,1,0.000024548988749549957,0.000024548988749549957,0.0004105842042621488
331,5,60.874080684058114,12.174816136811623,2020,8,7,26,26161,21,4,2205210401,NaN,NaN,NaN,NaN,NaN,NaN,NaN,1999,5,6,1,0.00004844156114934129,0.00004844156114934129,0.0005897671003733473
332,5,46.82985881634186,9.365971763268373,2020,8,7,26,26161,21,4,2205210401,NaN,NaN,NaN,NaN,NaN,NaN,NaN,1998,5,6,1,0.000032770328988945596,0.000032770328988945596,0.00030692597598347947
333,5,260.05730384453915,52.01146076890783,2020,8,7,26,26161,21,4,2209210401,NaN,NaN,NaN,NaN,NaN,NaN,NaN,2020,9,6,1,0,0,0
334,5,310.4463445557139,62.08926891114278,2020,8,7,26,26161,21,4,2209210401,NaN,NaN,NaN,NaN,NaN,NaN,NaN,2019,9,6,1,0,0,0
335,5,327.8141613006279,65.56283226012559,2020,8,7,26,26161,21,4,2209210401,NaN,NaN,NaN,NaN,NaN,NaN,NaN,2018,9,6,1,0,0,0
336,5,368.3242419642923,73.66484839285846,2020,8,7,26,26161,21,4,2209210401,NaN,NaN,NaN,NaN,NaN,NaN,NaN,2017,9,6,1,0,0,0
337,5,367.29985169622574,73.45997033924515,2020,8,7,26,26161,21,4,2209210401,NaN,NaN,NaN,NaN,NaN,NaN,NaN,2016,9,6,1,0,0,0
338,5,392.56334931271454,78.51266986254291,2020,8,7,26,26161,21,4,2209210401,NaN,NaN,NaN,NaN,NaN,NaN,NaN,2015,9,6,1,0,0,0
339,5,364.0998652152451,72.81997304304902,2020,8,7,26,26161,21,4,2209210401,NaN,NaN,NaN,NaN,NaN,NaN,NaN,2014,9,6,1,0,0,0
340,5,370.3959424661204,74.07918849322408,2020,8,7,26,26161,21,4,2209210401,NaN,NaN,NaN,NaN,NaN,NaN,NaN,2013,9,6,1,0,0,0
341,5,316.43263381169584,63.286526762339165,2020,8,7,26,26161,21,4,2209210401,NaN,NaN,NaN,NaN,NaN,NaN,NaN,2012,9,6,1,0,0,0
342,5,231.92053549096389,46.38410709819278,2020,8,7,26,26161,21,4,2209210401,NaN,NaN,NaN,NaN,NaN,NaN,NaN,2011,9,6,1,0,0,0
343,5,230.10402906651655,46.02080581330331,2020,8,7,26,26161,21,4,2209210401,NaN,NaN,NaN,NaN,NaN,NaN,NaN,2010,9,6,1,0,0,0
344,5,205.50535743034038,41.10107148606808,2020,8,7,26,26161,21,4,2209210401,NaN,NaN,NaN,NaN,NaN,NaN,NaN,2009,9,6,1,0,0,0
345,5,253.9388285109485,50.7877657021897,2020,8,7,26,26161,21,4,2209210401,NaN,NaN,NaN,NaN,NaN,NaN,NaN,2008,9,6,1,0,0,0
346,5,268.1829985315532,53.63659970631064,2020,8,7,26,26161,21,4,2209210401,NaN,NaN,NaN,NaN,NaN,NaN,NaN,2007,9,6,1,0,0,0
347,5,229.81669167512396,45.963338335024794,2020,8,7,26,26161,21,4,2209210401,NaN,NaN,NaN,NaN,NaN,NaN,NaN,2006,9,6,1,0,0,0
348,5,203.39262514967626,40.67852502993525,2020,8,7,26,26161,21,4,2209210401,NaN,NaN,NaN,NaN,NaN,NaN,NaN,2005,9,6,1,0,0,0
349,5,164.72170300101715,32.94434060020343,2020,8,7,26,26161,21,4,2209210401,NaN,NaN,NaN,NaN,NaN,NaN,NaN,2004,9,6,1,0,0,0
350,5,148.74713474802425,29.74942694960485,2020,8,7,26,26161,21,4,2209210401,NaN,NaN,NaN,NaN,NaN,NaN,NaN,2003,9,6,1,0,0,0
351,5,118.52562992373574,23.70512598474715,2020,8,7,26,26161,21,4,2209210401,NaN,NaN,NaN,NaN,NaN,NaN,NaN,2002,9,6,1,0,0,0
352,5,94.5116320580201,18.90232641160402,2020,8,7,26,26161,21,4,2209210401,NaN,NaN,NaN,NaN,NaN,NaN,NaN,2001,9,6,1,0,0,0
353,5,260.05730384453915,52.01146076890783,2020,8,7,26,26161,21,4,2201210401,NaN,NaN,NaN,NaN,NaN,NaN,NaN,2020,1,20,1,0,0.01534185002762274,0.7979520308341677
354,5,310.4463445557139,62.08926891114278,2020,8,7,26,26161,21,4,2201210401,NaN,NaN,NaN,NaN,NaN,NaN,NaN,2019,1,20,1,0,0.01668570848248501,1.036003440941948
355,5,327.8141613006279,65.56283226012559,2020,8,7,26,26161,21,4,2201210401,NaN,NaN,NaN,NaN,NaN,NaN,NaN,2018,1,20,1,0,0.01792423452274291,1.1751635814057455
356,5,368.3242419642923,73.66484839285846,2020,8,7,26,26161,21,4,2201210401,NaN,NaN,NaN,NaN,NaN,NaN,NaN,2017,1,20,1,0,0.019535029563543752,1.4390449911484584
357,5,367.29985169622574,73.45997033924515,2020,8,7,26,26161,21,4,2201210401,NaN,NaN,NaN,NaN,NaN,NaN,NaN,2016,1,20,1,0,0.02520333544476842,1.851436274222734
358,5,392.56334931271454,78.51266986254291,2020,8,7,26,26161,21,4,2201210401,NaN,NaN,NaN,NaN,NaN,NaN,NaN,2015,1,20,1,0,0.024966860233168686,1.960214854991024
359,5,364.0998652152451,72.81997304304902,2020,8,7,26,26161,21,4,2201210401,NaN,NaN,NaN,NaN,NaN,NaN,NaN,2014,1,20,1,0,0.02837780562474912,2.0664710406151157
360,5,370.3959424661204,74.07918849322408,2020,8,7,26,26161,21,4,2201210401,NaN,NaN,NaN,NaN,NaN,NaN,NaN,2013,1,20,1,0,0.028342778433475994,2.0996100259951547
361,5,316.43263381169584,63.286526762339165,2020,8,7,26,26161,21,4,2201210401,NaN,NaN,NaN,NaN,NaN,NaN,NaN,2012,1,20,1,0,0.030915077351999054,1.9565078701970735
362,5,231.92053549096389,46.38410709819278,2020,8,7,26,26161,21,4,2201210401,NaN,NaN,NaN,NaN,NaN,NaN,NaN,2011,1,20,1,0,0.03093358785936667,1.4348268522002194
363,5,230.10402906651655,46.02080581330331,2020,8,7,26,26161,21,4,2201210401,NaN,NaN,NaN,NaN,NaN,NaN,NaN,2010,1,20,1,0,0.040126240130061976,1.8466419050435607
364,5,205.50535743034038,41.10107148606808,2020,8,7,26,26161,21,4,2201210401,NaN,NaN,NaN,NaN,NaN,NaN,NaN,2009,1,20,1,0,0.04098227619236848,1.684415463444323
365,5,253.9388285109485,50.7877657021897,2020,8,7,26,26161,21,4,2201210401,NaN,NaN,NaN,NaN,NaN,NaN,NaN,2008,1,20,1,0,0.043361558844737656,2.2022366910882476
366,5,268.1829985315532,53.63659970631064,2020,8,7,26,26161,21,4,2201210401,NaN,NaN,NaN,NaN,NaN,NaN,NaN,2007,1,20,1,0,0.04387322631302395,2.3532106775760404
367,5,229.81669167512396,45.963338335024794,2020,8,7,26,26161,21,4,2201210401,NaN,NaN,NaN,NaN,NaN,NaN,NaN,2006,1,20,1,0,0.04630797187355315,2.1284689788329354
368,5,203.39262514967626,40.67852502993525,2020,8,7,26,26161,21,4,2201210401,NaN,NaN,NaN,NaN,NaN,NaN,NaN,2005,1,20,1,0,0.04868301645378253,1.9803533033479421
369,5,164.72170300101715,32.94434060020343,2020,8,7,26,26161,21,4,2201210401,NaN,NaN,NaN,NaN,NaN,NaN,NaN,2004,1,20,1,0,0.0521810467160054,1.7190701758872087
370,5,148.74713474802425,29.74942694960485,2020,8,7,26,26161,21,4,2201210401,NaN,NaN,NaN,NaN,NaN,NaN,NaN,2003,1,20,1,0,0.053501582979916223,1.5916414345492398
371,5,118.52562992373574,23.70512598474715,2020,8,7,26,26161,21,4,2201210401,NaN,NaN,NaN,NaN,NaN,NaN,NaN,2002,1,20,1,0,0.06714706523056078,1.5917296407964783
372,5,94.5116320580201,18.90232641160402,2020,8,7,26,26161,21,4,2201210401,NaN,NaN,NaN,NaN,NaN,NaN,NaN,2001,1,20,1,0,0.08337404259385132,1.5759633673639544
373,5,83.62548218400153,16.725096436800307,2020,8,7,26,26161,21,4,2201210401,NaN,NaN,NaN,NaN,NaN,NaN,NaN,2000,1,20,1,0,0.21903180312256726,3.663328029951196
374,5,60.874080684058114,12.174816136811623,2020,8,7,26,26161,21,4,2201210401,NaN,NaN,NaN,NaN,NaN,NaN,NaN,1999,1,20,1,0,0.306399658019154,3.7303595007651587
375,5,46.82985881634186,9.365971763268373,2020,8,7,26,26161,21,4,2201210401,NaN,NaN,NaN,NaN,NaN,NaN,NaN,1998,1,20,1,0,0.3990397205412048,3.737394755011427
376,5,36.74778034358123,7.349556068716247,2020,8,7,26,26161,21,4,2201210401,NaN,NaN,NaN,NaN,NaN,NaN,NaN,1997,1,20,1,0,0.5192271850721677,3.816089309089604
377,5,26.865139913300695,5.373027982660139,2020,8,7,26,26161,21,4,2201210401,NaN,NaN,NaN,NaN,NaN,NaN,NaN,1996,1,20,1,0,0.5717997186496062,3.0722958887815284
378,5,25.04660490806586,5.009320981613172,2020,8,7,26,26161,21,4,2201210401,NaN,NaN,NaN,NaN,NaN,NaN,NaN,1995,1,20,1,0,0.764323411479009,3.8287413018599574
379,5,18.41216437802274,3.6824328756045484,2020,8,7,26,26161,21,4,2201210401,NaN,NaN,NaN,NaN,NaN,NaN,NaN,1994,1,20,1,0,0.8673450776736581,3.193940028519259
380,5,15.146433442304176,3.029286688460835,2020,8,7,26,26161,21,4,2201210401,NaN,NaN,NaN,NaN,NaN,NaN,NaN,1993,1,20,1,0,1.2004805314051656,3.6365996935420575
381,5,12.785088718582324,2.557017743716465,2020,8,7,26,26161,21,4,2201210401,NaN,NaN,NaN,NaN,NaN,NaN,NaN,1992,1,20,1,0,1.1999116225066773,3.0681953096411867
382,5,12.603265015943999,2.5206530031887997,2020,8,7,26,26161,21,4,2201210401,NaN,NaN,NaN,NaN,NaN,NaN,NaN,1991,1,20,1,0,1.1979198133432225,3.0195401750829602
383,5,10.501237834887378,2.1002475669774756,2020,8,7,26,26161,21,4,2201210401,NaN,NaN,NaN,NaN,NaN,NaN,NaN,1990,1,20,1,0,1.4575312785249126,3.061176521515517
384,5,10.217773915995503,2.0435547831991006,2020,8,7,26,26161,21,4,2201210401,NaN,NaN,NaN,NaN,NaN,NaN,NaN,1989,1,20,1,0,1.3550225364211121,2.769062785645941
385,5,9.15454189972411,1.830908379944822,2020,8,7,26,26161,21,4,2201210401,NaN,NaN,NaN,NaN,NaN,NaN,NaN,1988,1,20,1,0,1.3559049822695228,2.4825377944462046
386,5,9.00619255308734,1.801238510617468,2020,8,7,26,26161,21,4,2201210401,NaN,NaN,NaN,NaN,NaN,NaN,NaN,1987,1,20,1,0,1.3389423431895664,2.4117545120494372
387,5,7.780739775004618,1.5561479550009236,2020,8,7,26,26161,21,4,2201210401,NaN,NaN,NaN,NaN,NaN,NaN,NaN,1986,1,20,1,0,1.344210894904214,2.091791035195154
388,5,5.992761098455286,1.1985522196910572,2020,8,7,26,26161,21,4,2201210401,NaN,NaN,NaN,NaN,NaN,NaN,NaN,1985,1,20,1,0,1.7030228101379097,2.0411617692752935
389,5,4.779871405562617,0.9559742811125235,2020,8,7,26,26161,21,4,2201210401,NaN,NaN,NaN,NaN,NaN,NaN,NaN,1984,1,20,1,0,1.6843319080565495,1.610177984959245
390,5,3.5629958872973577,0.7125991774594715,2020,8,7,26,26161,21,4,2201210401,NaN,NaN,NaN,NaN,NaN,NaN,NaN,1983,1,20,1,0,1.6262349654613377,1.1588536987435814
391,5,2.6061493961116446,0.5212298792223289,2020,8,7,26,26161,21,4,2201210401,NaN,NaN,NaN,NaN,NaN,NaN,NaN,1982,1,20,1,0,2.172065257581325,1.1321453118721307
392,5,1.8323500164585729,0.3664700032917146,2020,8,7,26,26161,21,4,2201210401,NaN,NaN,NaN,NaN,NaN,NaN,NaN,1981,1,20,1,0,2.2457906923600337,0.8230149224216835
393,5,23.19180710506584,4.638361421013168,2020,8,7,26,26161,21,4,2201210401,NaN,NaN,NaN,NaN,NaN,NaN,NaN,1980,1,20,1,0,2.2443088410679572,10.409915545248387
394,5,310.4463445557139,62.08926891114278,2020,8,7,26,26161,21,4,2202210401,NaN,NaN,NaN,NaN,NaN,NaN,NaN,2019,2,20,1,0,0,0
395,5,327.8141613006279,65.56283226012559,2020,8,7,26,26161,21,4,2202210401,NaN,NaN,NaN,NaN,NaN,NaN,NaN,2018,2,20,1,0,0,0
396,5,368.3242419642923,73.66484839285846,2020,8,7,26,26161,21,4,2202210401,NaN,NaN,NaN,NaN,NaN,NaN,NaN,2017,2,20,1,0,0,0
397,5,367.29985169622574,73.45997033924515,2020,8,7,26,26161,21,4,2202210401,NaN,NaN,NaN,NaN,NaN,NaN,NaN,2016,2,20,1,0,0,0
398,5,392.56334931271454,78.51266986254291,2020,8,7,26,26161,21,4,2202210401,NaN,NaN,NaN,NaN,NaN,NaN,NaN,2015,2,20,1,0,0,0
399,5,364.0998652152451,72.81997304304902,2020,8,7,26,26161,21,4,2202210401,NaN,NaN,NaN,NaN,NaN,NaN,NaN,2014,2,20,1,0,0,0
400,5,370.3959424661204,74.07918849322408,2020,8,7,26,26161,21,4,2202210401,NaN,NaN,NaN,NaN,NaN,NaN,NaN,2013,2,20,1,0,0,0
401,5,316.43263381169584,63.286526762339165,2020,8,7,26,26161,21,4,2202210401,NaN,NaN,NaN,NaN,NaN,NaN,NaN,2012,2,20,1,0,0,0
402,5,231.92053549096389,46.38410709819278,2020,8,7,26,26161,21,4,2202210401,NaN,NaN,NaN,NaN,NaN,NaN,NaN,2011,2,20,1,0,0,0
403,5,230.10402906651655,46.02080581330331,2020,8,7,26,26161,21,4,2202210401,NaN,NaN,NaN,NaN,NaN,NaN,NaN,2010,2,20,1,0,0,0
404,5,205.50535743034038,41.10107148606808,2020,8,7,26,26161,21,4,2202210401,NaN,NaN,NaN,NaN,NaN,NaN,NaN,2009,2,20,1,0,0.00011273972582156257,0.004633723530311758
405,5,253.9388285109485,50.7877657021897,2020,8,7,26,26161,21,4,2202210401,NaN,NaN,NaN,NaN,NaN,NaN,NaN,2008,2,20,1,0,0.000010497698439462567,0.0005331546487556673
406,5,268.1829985315532,53.63659970631064,2020,8,7,26,26161,21,4,2202210401,NaN,NaN,NaN,NaN,NaN,NaN,NaN,2007,2,20,1,0,0.0000072030485851421294,0.0003863470336263756
407,5,229.81669167512396,45.963338335024794,2020,8,7,26,26161,21,4,2202210401,NaN,NaN,NaN,NaN,NaN,NaN,NaN,2006,2,20,1,0,0.0001456433260749426,0.006694253472620925
408,5,203.39262514967626,40.67852502993525,2020,8,7,26,26161,21,4,2202210401,NaN,NaN,NaN,NaN,NaN,NaN,NaN,2005,2,20,1,0,0.0001079563144025658,0.004391503637564333
409,5,164.72170300101715,32.94434060020343,2020,8,7,26,26161,21,4,2202210401,NaN,NaN,NaN,NaN,NaN,NaN,NaN,2004,2,20,1,0,0.00007954549701718064,0.002620573946946465
410,5,148.74713474802425,29.74942694960485,2020,8,7,26,26161,21,4,2202210401,NaN,NaN,NaN,NaN,NaN,NaN,NaN,2003,2,20,1,0,0.00010042028346183462,0.002987445887106461
411,5,118.52562992373574,23.70512598474715,2020,8,7,26,26161,21,4,2202210401,NaN,NaN,NaN,NaN,NaN,NaN,NaN,2002,2,20,1,0,0.00014079925992735776,0.003337664195137176
412,5,94.5116320580201,18.90232641160402,2020,8,7,26,26161,21,4,2202210401,NaN,NaN,NaN,NaN,NaN,NaN,NaN,2001,2,20,1,0,0.00012607280074267412,0.00238306923126314
413,5,83.62548218400153,16.725096436800307,2020,8,7,26,26161,21,4,2202210401,NaN,NaN,NaN,NaN,NaN,NaN,NaN,2000,2,20,1,0,0.00018494039407033138,0.003093145925886144
414,5,60.874080684058114,12.174816136811623,2020,8,7,26,26161,21,4,2202210401,NaN,NaN,NaN,NaN,NaN,NaN,NaN,1999,2,20,1,0,0.00015770892156187,0.0019200771231506135
415,5,46.82985881634186,9.365971763268373,2020,8,7,26,26161,21,4,2202210401,NaN,NaN,NaN,NaN,NaN,NaN,NaN,1998,2,20,1,0,0.00024234998652542227,0.0022698431306255756
416,5,36.74778034358123,7.349556068716247,2020,8,7,26,26161,21,4,2202210401,NaN,NaN,NaN,NaN,NaN,NaN,NaN,1997,2,20,1,0,0.00012990593488948875,0.0009547509521292996
417,5,26.865139913300695,5.373027982660139,2020,8,7,26,26161,21,4,2202210401,NaN,NaN,NaN,NaN,NaN,NaN,NaN,1996,2,20,1,0,0.00019670462344360758,0.001056899446081129
418,5,25.04660490806586,5.009320981613172,2020,8,7,26,26161,21,4,2202210401,NaN,NaN,NaN,NaN,NaN,NaN,NaN,1995,2,20,1,0,0.0002000255919036643,0.0010019923943826194
419,5,18.41216437802274,3.6824328756045484,2020,8,7,26,26161,21,4,2202210401,NaN,NaN,NaN,NaN,NaN,NaN,NaN,1994,2,20,1,0,0.00003611647955831453,0.00013299651167663707
420,5,15.146433442304176,3.029286688460835,2020,8,7,26,26161,21,4,2202210401,NaN,NaN,NaN,NaN,NaN,NaN,NaN,1993,2,20,1,0,0.0002486557008096141,0.000753249404472464
421,5,12.785088718582324,2.557017743716465,2020,8,7,26,26161,21,4,2202210401,NaN,NaN,NaN,NaN,NaN,NaN,NaN,1992,2,20,1,0,0.00041889224330945567,0.0010711148988474728
422,5,12.603265015943999,2.5206530031887997,2020,8,7,26,26161,21,4,2202210401,NaN,NaN,NaN,NaN,NaN,NaN,NaN,1991,2,20,1,0,0.0010149080662417073,0.0025582310651326968
423,5,10.501237834887378,2.1002475669774756,2020,8,7,26,26161,21,4,2202210401,NaN,NaN,NaN,NaN,NaN,NaN,NaN,1990,2,20,1,0,0.0004645653066729551,0.0009757021550420188
424,5,10.217773915995503,2.0435547831991006,2020,8,7,26,26161,21,4,2202210401,NaN,NaN,NaN,NaN,NaN,NaN,NaN,1989,2,20,1,0,0.0003695713693266951,0.0007552393395210092
425,5,9.15454189972411,1.830908379944822,2020,8,7,26,26161,21,4,2202210401,NaN,NaN,NaN,NaN,NaN,NaN,NaN,1988,2,20,1,0,0.00010551410009472907,0.0001931866500657762
426,5,9.00619255308734,1.801238510617468,2020,8,7,26,26161,21,4,2202210401,NaN,NaN,NaN,NaN,NaN,NaN,NaN,1987,2,20,1,0,0.005181302220681461,0.009332761095039254
427,5,7.780739775004618,1.5561479550009236,2020,8,7,26,26161,21,4,2202210401,NaN,NaN,NaN,NaN,NaN,NaN,NaN,1986,2,20,1,0,0.0036047755917856055,0.005609564165394414
428,5,5.992761098455286,1.1985522196910572,2020,8,7,26,26161,21,4,2202210401,NaN,NaN,NaN,NaN,NaN,NaN,NaN,1985,2,20,1,0,0.017799287976295347,0.021333376112909135
429,5,4.779871405562617,0.9559742811125235,2020,8,7,26,26161,21,4,2202210401,NaN,NaN,NaN,NaN,NaN,NaN,NaN,1984,2,20,1,0,0.02339223010637506,0.022362370359560627
430,5,3.5629958872973577,0.7125991774594715,2020,8,7,26,26161,21,4,2202210401,NaN,NaN,NaN,NaN,NaN,NaN,NaN,1983,2,20,1,0,0.0407767756170818,0.029057496764181925
431,5,2.6061493961116446,0.5212298792223289,2020,8,7,26,26161,21,4,2202210401,NaN,NaN,NaN,NaN,NaN,NaN,NaN,1982,2,20,1,0,0.07765146074265843,0.04047426150433327
432,5,1.8323500164585729,0.3664700032917146,2020,8,7,26,26161,21,4,2202210401,NaN,NaN,NaN,NaN,NaN,NaN,NaN,1981,2,20,1,0,0.05559034841980878,0.020372195168394884
433,5,23.19180710506584,4.638361421013168,2020,8,7,26,26161,21,4,2202210401,NaN,NaN,NaN,NaN,NaN,NaN,NaN,1980,2,20,1,0,0.03287715195759783,0.15249611327290932
434,5,260.05730384453915,52.01146076890783,2020,8,7,26,26161,21,4,2205210401,NaN,NaN,NaN,NaN,NaN,NaN,NaN,2020,5,20,1,0,0.0000034134742274045423,0.00017753978086432933
435,5,310.4463445557139,62.08926891114278,2020,8,7,26,26161,21,4,2205210401,NaN,NaN,NaN,NaN,NaN,NaN,NaN,2019,5,20,1,0,0.0000058472538421173335,0.00036305171619493596
436,5,327.8141613006279,65.56283226012559,2020,8,7,26,26161,21,4,2205210401,NaN,NaN,NaN,NaN,NaN,NaN,NaN,2018,5,20,1,0,0.000005310949179190662,0.00034820087017732907
437,5,368.3242419642923,73.66484839285846,2020,8,7,26,26161,21,4,2205210401,NaN,NaN,NaN,NaN,NaN,NaN,NaN,2017,5,20,1,0,0.000003708904693924241,0.0002732159019814903
438,5,367.29985169622574,73.45997033924515,2020,8,7,26,26161,21,4,2205210401,NaN,NaN,NaN,NaN,NaN,NaN,NaN,2016,5,20,1,0,0.000009257479351146065,0.0006800541585513643
439,5,392.56334931271454,78.51266986254291,2020,8,7,26,26161,21,4,2205210401,NaN,NaN,NaN,NaN,NaN,NaN,NaN,2015,5,20,1,0,0.000009674510926034363,0.0007595716824173002
440,5,364.0998652152451,72.81997304304902,2020,8,7,26,26161,21,4,2205210401,NaN,NaN,NaN,NaN,NaN,NaN,NaN,2014,5,20,1,0,0.000014137267017514497,0.0010294754031177917
441,5,370.3959424661204,74.07918849322408,2020,8,7,26,26161,21,4,2205210401,NaN,NaN,NaN,NaN,NaN,NaN,NaN,2013,5,20,1,0,0.000015857593735484007,0.0011747176753798892
442,5,316.43263381169584,63.286526762339165,2020,8,7,26,26161,21,4,2205210401,NaN,NaN,NaN,NaN,NaN,NaN,NaN,2012,5,20,1,0,0.000017833256991987353,0.0011286048958830796
443,5,231.92053549096389,46.38410709819278,2020,8,7,26,26161,21,4,2205210401,NaN,NaN,NaN,NaN,NaN,NaN,NaN,2011,5,20,1,0,0.000031827165596294346,0.0014762746576504335
444,5,230.10402906651655,46.02080581330331,2020,8,7,26,26161,21,4,2205210401,NaN,NaN,NaN,NaN,NaN,NaN,NaN,2010,5,20,1,0,0.00002597919840461626,0.001195583644964124
445,5,205.50535743034038,41.10107148606808,2020,8,7,26,26161,21,4,2205210401,NaN,NaN,NaN,NaN,NaN,NaN,NaN,2009,5,20,1,0,0.00002244845625284852,0.000922655605200199
446,5,253.9388285109485,50.7877657021897,2020,8,7,26,26161,21,4,2205210401,NaN,NaN,NaN,NaN,NaN,NaN,NaN,2008,5,20,1,0,0.000026647043559279584,0.0013533438049447347
447,5,268.1829985315532,53.63659970631064,2020,8,7,26,26161,21,4,2205210401,NaN,NaN,NaN,NaN,NaN,NaN,NaN,2007,5,20,1,0,0.00001585840834968657,0.0008505911006313529
448,5,229.81669167512396,45.963338335024794,2020,8,7,26,26161,21,4,2205210401,NaN,NaN,NaN,NaN,NaN,NaN,NaN,2006,5,20,1,0,0.000019766456749956467,0.0009085323392828837
449,5,203.39262514967626,40.67852502993525,2020,8,7,26,26161,21,4,2205210401,NaN,NaN,NaN,NaN,NaN,NaN,NaN,2005,5,20,1,0,0.000008095075611953432,0.0003292957359000661
450,5,164.72170300101715,32.94434060020343,2020,8,7,26,26161,21,4,2205210401,NaN,NaN,NaN,NaN,NaN,NaN,NaN,2004,5,20,1,0,0.000005941744017699912,0.00019574683867832707
451,5,148.74713474802425,29.74942694960485,2020,8,7,26,26161,21,4,2205210401,NaN,NaN,NaN,NaN,NaN,NaN,NaN,2003,5,20,1,0,0.000009102173725540732,0.0002707844523305866
452,5,118.52562992373574,23.70512598474715,2020,8,7,26,26161,21,4,2205210401,NaN,NaN,NaN,NaN,NaN,NaN,NaN,2002,5,20,1,0,0.00000637923514939027,0.00015122057290262365
453,5,94.5116320580201,18.90232641160402,2020,8,7,26,26161,21,4,2205210401,NaN,NaN,NaN,NaN,NaN,NaN,NaN,2001,5,20,1,0,0.000009377959040242364,0.00017726524285331392
454,5,83.62548218400153,16.725096436800307,2020,8,7,26,26161,21,4,2205210401,NaN,NaN,NaN,NaN,NaN,NaN,NaN,2000,5,20,1,0,0.000004308754694013186,0.00007206433777988653
455,5,60.874080684058114,12.174816136811623,2020,8,7,26,26161,21,4,2205210401,NaN,NaN,NaN,NaN,NaN,NaN,NaN,1999,5,20,1,0,0.000008208213235305845,0.00009993348695159235
456,5,46.82985881634186,9.365971763268373,2020,8,7,26,26161,21,4,2205210401,NaN,NaN,NaN,NaN,NaN,NaN,NaN,1998,5,20,1,0,0.000005713762340447846,0.00005351493674266074
457,5,260.05730384453915,52.01146076890783,2020,8,7,26,26161,21,4,2201210401,NaN,NaN,NaN,NaN,NaN,NaN,NaN,2020,1,21,1,0,0.003655151599479289,0.19010977402072773
458,5,310.4463445557139,62.08926891114278,2020,8,7,26,26161,21,4,2201210401,NaN,NaN,NaN,NaN,NaN,NaN,NaN,2019,1,21,1,0,0.00397532200734533,0.2468248371224481
459,5,327.8141613006279,65.56283226012559,2020,8,7,26,26161,21,4,2201210401,NaN,NaN,NaN,NaN,NaN,NaN,NaN,2018,1,21,1,0,0.004270397270686753,0.2799793399421337
460,5,368.3242419642923,73.66484839285846,2020,8,7,26,26161,21,4,2201210401,NaN,NaN,NaN,NaN,NaN,NaN,NaN,2017,1,21,1,0,0.004654164551634996,0.34284832609160804
461,5,367.29985169622574,73.45997033924515,2020,8,7,26,26161,21,4,2201210401,NaN,NaN,NaN,NaN,NaN,NaN,NaN,2016,1,21,1,0,0.006004622108630592,0.4410993619983789
462,5,392.56334931271454,78.51266986254291,2020,8,7,26,26161,21,4,2201210401,NaN,NaN,NaN,NaN,NaN,NaN,NaN,2015,1,21,1,0,0.005948282570285495,0.46701554568994325
463,5,364.0998652152451,72.81997304304902,2020,8,7,26,26161,21,4,2201210401,NaN,NaN,NaN,NaN,NaN,NaN,NaN,2014,1,21,1,0,0.006760930489625352,0.4923307760004463
464,5,370.3959424661204,74.07918849322408,2020,8,7,26,26161,21,4,2201210401,NaN,NaN,NaN,NaN,NaN,NaN,NaN,2013,1,21,1,0,0.006752585362148762,0.5002260438592039
465,5,316.43263381169584,63.286526762339165,2020,8,7,26,26161,21,4,2201210401,NaN,NaN,NaN,NaN,NaN,NaN,NaN,2012,1,21,1,0,0.007365428173768613,0.46613236723529416
466,5,231.92053549096389,46.38410709819278,2020,8,7,26,26161,21,4,2201210401,NaN,NaN,NaN,NaN,NaN,NaN,NaN,2011,1,21,1,0,0.007369838248856696,0.3418433666313265
467,5,230.10402906651655,46.02080581330331,2020,8,7,26,26161,21,4,2201210401,NaN,NaN,NaN,NaN,NaN,NaN,NaN,2010,1,21,1,0,0.009559961186454942,0.4399571173445596
468,5,205.50535743034038,41.10107148606808,2020,8,7,26,26161,21,4,2201210401,NaN,NaN,NaN,NaN,NaN,NaN,NaN,2009,1,21,1,0,0.009763909313748455,0.40130713468786117
469,5,253.9388285109485,50.7877657021897,2020,8,7,26,26161,21,4,2201210401,NaN,NaN,NaN,NaN,NaN,NaN,NaN,2008,1,21,1,0,0.010330766555656202,0.5246765513526844
470,5,268.1829985315532,53.63659970631064,2020,8,7,26,26161,21,4,2201210401,NaN,NaN,NaN,NaN,NaN,NaN,NaN,2007,1,21,1,0,0.010452669856870909,0.5606456689752043
471,5,229.81669167512396,45.963338335024794,2020,8,7,26,26161,21,4,2201210401,NaN,NaN,NaN,NaN,NaN,NaN,NaN,2006,1,21,1,0,0.011032740976968568,0.5071016062870982
472,5,203.39262514967626,40.67852502993525,2020,8,7,26,26161,21,4,2201210401,NaN,NaN,NaN,NaN,NaN,NaN,NaN,2005,1,21,1,0,0.011598588510390532,0.4718134730318407
473,5,164.72170300101715,32.94434060020343,2020,8,7,26,26161,21,4,2201210401,NaN,NaN,NaN,NaN,NaN,NaN,NaN,2004,1,21,1,0,0.012431984149441248,0.40956352015552283
474,5,148.74713474802425,29.74942694960485,2020,8,7,26,26161,21,4,2201210401,NaN,NaN,NaN,NaN,NaN,NaN,NaN,2003,1,21,1,0,0.012746598112458325,0.37920398940255
475,5,118.52562992373574,23.70512598474715,2020,8,7,26,26161,21,4,2201210401,NaN,NaN,NaN,NaN,NaN,NaN,NaN,2002,1,21,1,0,0.015997594972961347,0.3792250042870064
476,5,94.5116320580201,18.90232641160402,2020,8,7,26,26161,21,4,2201210401,NaN,NaN,NaN,NaN,NaN,NaN,NaN,2001,1,21,1,0,0.019863625611857914,0.3754687350332359
477,5,83.62548218400153,16.725096436800307,2020,8,7,26,26161,21,4,2201210401,NaN,NaN,NaN,NaN,NaN,NaN,NaN,2000,1,21,1,0,0.13854629478700056,2.3172001412739482
478,5,60.874080684058114,12.174816136811623,2020,8,7,26,26161,21,4,2201210401,NaN,NaN,NaN,NaN,NaN,NaN,NaN,1999,1,21,1,0,0.19458939553191365,2.3690901127743618
479,5,46.82985881634186,9.365971763268373,2020,8,7,26,26161,21,4,2201210401,NaN,NaN,NaN,NaN,NaN,NaN,NaN,1998,1,21,1,0,0.2544433452770681,2.3831091872165646
480,5,36.74778034358123,7.349556068716247,2020,8,7,26,26161,21,4,2201210401,NaN,NaN,NaN,NaN,NaN,NaN,NaN,1997,1,21,1,0,0.33227910310230435,2.4421038987131323
481,5,26.865139913300695,5.373027982660139,2020,8,7,26,26161,21,4,2201210401,NaN,NaN,NaN,NaN,NaN,NaN,NaN,1996,1,21,1,0,0.36710138026469363,1.9724459886353591
482,5,25.04660490806586,5.009320981613172,2020,8,7,26,26161,21,4,2201210401,NaN,NaN,NaN,NaN,NaN,NaN,NaN,1995,1,21,1,0,0.49248264319662693,2.4670036376451767
483,5,18.41216437802274,3.6824328756045484,2020,8,7,26,26161,21,4,2201210401,NaN,NaN,NaN,NaN,NaN,NaN,NaN,1994,1,21,1,0,0.5588634209041731,2.057977034110349
484,5,15.146433442304176,3.029286688460835,2020,8,7,26,26161,21,4,2201210401,NaN,NaN,NaN,NaN,NaN,NaN,NaN,1993,1,21,1,0,0.7735152637395618,2.3431994917675265
485,5,12.785088718582324,2.557017743716465,2020,8,7,26,26161,21,4,2201210401,NaN,NaN,NaN,NaN,NaN,NaN,NaN,1992,1,21,1,0,0.7731486940992004,1.9769549293428688
486,5,12.603265015943999,2.5206530031887997,2020,8,7,26,26161,21,4,2201210401,NaN,NaN,NaN,NaN,NaN,NaN,NaN,1991,1,21,1,0,0.7718652957015726,1.9456045756673799
487,5,10.501237834887378,2.1002475669774756,2020,8,7,26,26161,21,4,2201210401,NaN,NaN,NaN,NaN,NaN,NaN,NaN,1990,1,21,1,0,0.9391428364083564,1.972432457210976
488,5,10.217773915995503,2.0435547831991006,2020,8,7,26,26161,21,4,2201210401,NaN,NaN,NaN,NaN,NaN,NaN,NaN,1989,1,21,1,0,0.8730925552003636,1.7842124673552278
489,5,9.15454189972411,1.830908379944822,2020,8,7,26,26161,21,4,2201210401,NaN,NaN,NaN,NaN,NaN,NaN,NaN,1988,1,21,1,0,0.8736611486221747,1.5995935182445582
490,5,9.00619255308734,1.801238510617468,2020,8,7,26,26161,21,4,2201210401,NaN,NaN,NaN,NaN,NaN,NaN,NaN,1987,1,21,1,0,0.8627314751302659,1.5539851573264514
491,5,7.780739775004618,1.5561479550009236,2020,8,7,26,26161,21,4,2201210401,NaN,NaN,NaN,NaN,NaN,NaN,NaN,1986,1,21,1,0,0.8661262033765549,1.34782052015714
492,5,5.992761098455286,1.1985522196910572,2020,8,7,26,26161,21,4,2201210401,NaN,NaN,NaN,NaN,NaN,NaN,NaN,1985,1,21,1,0,1.097322366899524,1.315198158564069
493,5,4.779871405562617,0.9559742811125235,2020,8,7,26,26161,21,4,2201210401,NaN,NaN,NaN,NaN,NaN,NaN,NaN,1984,1,21,1,0,1.085279107825534,1.0374989149099556
494,5,3.5629958872973577,0.7125991774594715,2020,8,7,26,26161,21,4,2201210401,NaN,NaN,NaN,NaN,NaN,NaN,NaN,1983,1,21,1,0,1.047845038135627,0.7466935122804365
495,5,2.6061493961116446,0.5212298792223289,2020,8,7,26,26161,21,4,2201210401,NaN,NaN,NaN,NaN,NaN,NaN,NaN,1982,1,21,1,0,1.3995442546752226,0.7294842828306706
496,5,1.8323500164585729,0.3664700032917146,2020,8,7,26,26161,21,4,2201210401,NaN,NaN,NaN,NaN,NaN,NaN,NaN,1981,1,21,1,0,1.4470483562706191,0.5302998158857639
497,5,23.19180710506584,4.638361421013168,2020,8,7,26,26161,21,4,2201210401,NaN,NaN,NaN,NaN,NaN,NaN,NaN,1980,1,21,1,0,1.4460935431245268,6.707504501605047
498,5,260.05730384453915,52.01146076890783,2020,8,7,26,26161,21,4,2205210401,NaN,NaN,NaN,NaN,NaN,NaN,NaN,2020,5,21,1,0,0.000009247993564241034,0.0004810016544576347
499,5,310.4463445557139,62.08926891114278,2020,8,7,26,26161,21,4,2205210401,NaN,NaN,NaN,NaN,NaN,NaN,NaN,2019,5,21,1,0,0.000015841738445320364,0.000983601958351485
500,5,327.8141613006279,65.56283226012559,2020,8,7,26,26161,21,4,2205210401,NaN,NaN,NaN,NaN,NaN,NaN,NaN,2018,5,21,1,0,0.00001438874898625259,0.0009433671362187307
501,5,368.3242419642923,73.66484839285846,2020,8,7,26,26161,21,4,2205210401,NaN,NaN,NaN,NaN,NaN,NaN,NaN,2017,5,21,1,0,0.0000100483918889509,0.0007402132650915968
502,5,367.29985169622574,73.45997033924515,2020,8,7,26,26161,21,4,2205210401,NaN,NaN,NaN,NaN,NaN,NaN,NaN,2016,5,21,1,0,0.000025080930382647,0.0018424444019899209
503,5,392.56334931271454,78.51266986254291,2020,8,7,26,26161,21,4,2205210401,NaN,NaN,NaN,NaN,NaN,NaN,NaN,2015,5,21,1,0,0.00002621077788220898,0.002057878150706315
504,5,364.0998652152451,72.81997304304902,2020,8,7,26,26161,21,4,2205210401,NaN,NaN,NaN,NaN,NaN,NaN,NaN,2014,5,21,1,0,0.000038301550175564434,0.0027891178512915913
505,5,370.3959424661204,74.07918849322408,2020,8,7,26,26161,21,4,2205210401,NaN,NaN,NaN,NaN,NaN,NaN,NaN,2013,5,21,1,0,0.000042962364746375145,0.0031826171161613696
506,5,316.43263381169584,63.286526762339165,2020,8,7,26,26161,21,4,2205210401,NaN,NaN,NaN,NaN,NaN,NaN,NaN,2012,5,21,1,0,0.000048314952715127104,0.0030576855480270427
507,5,231.92053549096389,46.38410709819278,2020,8,7,26,26161,21,4,2205210401,NaN,NaN,NaN,NaN,NaN,NaN,NaN,2011,5,21,1,0,0.00008622810749222067,0.003999613772793642
508,5,230.10402906651655,46.02080581330331,2020,8,7,26,26161,21,4,2205210401,NaN,NaN,NaN,NaN,NaN,NaN,NaN,2010,5,21,1,0,0.00007038443639655424,0.0032391484796846204
509,5,205.50535743034038,41.10107148606808,2020,8,7,26,26161,21,4,2205210401,NaN,NaN,NaN,NaN,NaN,NaN,NaN,2009,5,21,1,0,0.0000608187333851183,0.0024997151085538625
510,5,253.9388285109485,50.7877657021897,2020,8,7,26,26161,21,4,2205210401,NaN,NaN,NaN,NaN,NaN,NaN,NaN,2008,5,21,1,0,0.0000721938034170084,0.0036665619730929648
511,5,268.1829985315532,53.63659970631064,2020,8,7,26,26161,21,4,2205210401,NaN,NaN,NaN,NaN,NaN,NaN,NaN,2007,5,21,1,0,0.00004296457174909459,0.0023044735364592494
512,5,229.81669167512396,45.963338335024794,2020,8,7,26,26161,21,4,2205210401,NaN,NaN,NaN,NaN,NaN,NaN,NaN,2006,5,21,1,0,0.000053552495971366805,0.002461451491016985
513,5,203.39262514967626,40.67852502993525,2020,8,7,26,26161,21,4,2205210401,NaN,NaN,NaN,NaN,NaN,NaN,NaN,2005,5,21,1,0,0.00002193167493703699,0.0008921481878746628
514,5,164.72170300101715,32.94434060020343,2020,8,7,26,26161,21,4,2205210401,NaN,NaN,NaN,NaN,NaN,NaN,NaN,2004,5,21,1,0,0.000016097737019633937,0.0005303293312673241
515,5,148.74713474802425,29.74942694960485,2020,8,7,26,26161,21,4,2205210401,NaN,NaN,NaN,NaN,NaN,NaN,NaN,2003,5,21,1,0,0.000024660166864188968,0.0007336258326912558
516,5,118.52562992373574,23.70512598474715,2020,8,7,26,26161,21,4,2205210401,NaN,NaN,NaN,NaN,NaN,NaN,NaN,2002,5,21,1,0,0.000017283014804303576,0.00040969604333226635
517,5,94.5116320580201,18.90232641160402,2020,8,7,26,26161,21,4,2205210401,NaN,NaN,NaN,NaN,NaN,NaN,NaN,2001,5,21,1,0,0.000025407341339682853,0.00048025785925372584
518,5,83.62548218400153,16.725096436800307,2020,8,7,26,26161,21,4,2205210401,NaN,NaN,NaN,NaN,NaN,NaN,NaN,2000,5,21,1,0,0.0000943870646836841,0.001578632759221125
519,5,60.874080684058114,12.174816136811623,2020,8,7,26,26161,21,4,2205210401,NaN,NaN,NaN,NaN,NaN,NaN,NaN,1999,5,21,1,0,0.00017980813682773875,0.002189131005780386
520,5,46.82985881634186,9.365971763268373,2020,8,7,26,26161,21,4,2205210401,NaN,NaN,NaN,NaN,NaN,NaN,NaN,1998,5,21,1,0,0.00012516499404442507,0.0011722917999697393
521,5,260.05730384453915,52.01146076890783,2020,8,7,26,26161,21,4,2201210401,NaN,NaN,NaN,NaN,NaN,NaN,NaN,2020,1,24,1,0,0,0
522,5,310.4463445557139,62.08926891114278,2020,8,7,26,26161,21,4,2201210401,NaN,NaN,NaN,NaN,NaN,NaN,NaN,2019,1,24,1,0,0,0
523,5,327.8141613006279,65.56283226012559,2020,8,7,26,26161,21,4,2201210401,NaN,NaN,NaN,NaN,NaN,NaN,NaN,2018,1,24,1,0,0,0
524,5,368.3242419642923,73.66484839285846,2020,8,7,26,26161,21,4,2201210401,NaN,NaN,NaN,NaN,NaN,NaN,NaN,2017,1,24,1,0,0,0
525,5,367.29985169622574,73.45997033924515,2020,8,7,26,26161,21,4,2201210401,NaN,NaN,NaN,NaN,NaN,NaN,NaN,2016,1,24,1,0,0,0
526,5,392.56334931271454,78.51266986254291,2020,8,7,26,26161,21,4,2201210401,NaN,NaN,NaN,NaN,NaN,NaN,NaN,2015,1,24,1,0,0,0
527,5,364.0998652152451,72.81997304304902,2020,8,7,26,26161,21,4,2201210401,NaN,NaN,NaN,NaN,NaN,NaN,NaN,2014,1,24,1,0,0,0
528,5,370.3959424661204,74.07918849322408,2020,8,7,26,26161,21,4,2201210401,NaN,NaN,NaN,NaN,NaN,NaN,NaN,2013,1,24,1,0,0,0
529,5,316.43263381169584,63.286526762339165,2020,8,7,26,26161,21,4,2201210401,NaN,NaN,NaN,NaN,NaN,NaN,NaN,2012,1,24,1,0,0,0
530,5,231.92053549096389,46.38410709819278,2020,8,7,26,26161,21,4,2201210401,NaN,NaN,NaN,NaN,NaN,NaN,NaN,2011,1,24,1,0,0,0
531,5,230.10402906651655,46.02080581330331,2020,8,7,26,26161,21,4,2201210401,NaN,NaN,NaN,NaN,NaN,NaN,NaN,2010,1,24,1,0,0,0
532,5,205.50535743034038,41.10107148606808,2020,8,7,26,26161,21,4,2201210401,NaN,NaN,NaN,NaN,NaN,NaN,NaN,2009,1,24,1,0,0,0
533,5,253.9388285109485,50.7877657021897,2020,8,7,26,26161,21,4,2201210401,NaN,NaN,NaN,NaN,NaN,NaN,NaN,2008,1,24,1,0,0,0
534,5,268.1829985315532,53.63659970631064,2020,8,7,26,26161,21,4,2201210401,NaN,NaN,NaN,NaN,NaN,NaN,NaN,2007,1,24,1,0,0,0
535,5,229.81669167512396,45.963338335024794,2020,8,7,26,26161,21,4,2201210401,NaN,NaN,NaN,NaN,NaN,NaN,NaN,2006,1,24,1,0,0,0
536,5,203.39262514967626,40.67852502993525,2020,8,7,26,26161,21,4,2201210401,NaN,NaN,NaN,NaN,NaN,NaN,NaN,2005,1,24,1,0,0,0
537,5,164.72170300101715,32.94434060020343,2020,8,7,26,26161,21,4,2201210401,NaN,NaN,NaN,NaN,NaN,NaN,NaN,2004,1,24,1,0,0,0
538,5,148.74713474802425,29.74942694960485,2020,8,7,26,26161,21,4,2201210401,NaN,NaN,NaN,NaN,NaN,NaN,NaN,2003,1,24,1,0,0,0
539,5,118.52562992373574,23.70512598474715,2020,8,7,26,26161,21,4,2201210401,NaN,NaN,NaN,NaN,NaN,NaN,NaN,2002,1,24,1,0,0,0
540,5,94.5116320580201,18.90232641160402,2020,8,7,26,26161,21,4,2201210401,NaN,NaN,NaN,NaN,NaN,NaN,NaN,2001,1,24,1,0,0,0
541,5,83.62548218400153,16.725096436800307,2020,8,7,26,26161,21,4,2201210401,NaN,NaN,NaN,NaN,NaN,NaN,NaN,2000,1,24,1,0,0.03382041079632383,0.5656496321007183
542,5,60.874080684058114,12.174816136811623,2020,8,7,26,26161,21,4,2201210401,NaN,NaN,NaN,NaN,NaN,NaN,NaN,1999,1,24,1,0,0.04730538142848022,0.5759343211734899
543,5,46.82985881634186,9.365971763268373,2020,8,7,26,26161,21,4,2201210401,NaN,NaN,NaN,NaN,NaN,NaN,NaN,1998,1,24,1,0,0.061601174843619114,0.5769548641694946
544,5,36.74778034358123,7.349556068716247,2020,8,7,26,26161,21,4,2201210401,NaN,NaN,NaN,NaN,NaN,NaN,NaN,1997,1,24,1,0,0.08014674465268419,0.5890429935499865
545,5,26.865139913300695,5.373027982660139,2020,8,7,26,26161,21,4,2201210401,NaN,NaN,NaN,NaN,NaN,NaN,NaN,1996,1,24,1,0,0.08825365746953784,0.47418937115592974
546,5,25.04660490806586,5.009320981613172,2020,8,7,26,26161,21,4,2201210401,NaN,NaN,NaN,NaN,NaN,NaN,NaN,1995,1,24,1,0,0.1179562545821089,0.5908807409906629
547,5,18.41216437802274,3.6824328756045484,2020,8,7,26,26161,21,4,2201210401,NaN,NaN,NaN,NaN,NaN,NaN,NaN,1994,1,24,1,0,0.1338553487386181,0.49291333677059906
548,5,15.146433442304176,3.029286688460835,2020,8,7,26,26161,21,4,2201210401,NaN,NaN,NaN,NaN,NaN,NaN,NaN,1993,1,24,1,0,0.18526736857278908,0.5612279734237172
549,5,12.785088718582324,2.557017743716465,2020,8,7,26,26161,21,4,2201210401,NaN,NaN,NaN,NaN,NaN,NaN,NaN,1992,1,24,1,0,0.1851795701855406,0.47350744673821576
550,5,12.603265015943999,2.5206530031887997,2020,8,7,26,26161,21,4,2201210401,NaN,NaN,NaN,NaN,NaN,NaN,NaN,1991,1,24,1,0,0.1848721789094984,0.4659986129742842
551,5,10.501237834887378,2.1002475669774756,2020,8,7,26,26161,21,4,2201210401,NaN,NaN,NaN,NaN,NaN,NaN,NaN,1990,1,24,1,0,0.22493741257825242,0.47242425348968325
552,5,10.217773915995503,2.0435547831991006,2020,8,7,26,26161,21,4,2201210401,NaN,NaN,NaN,NaN,NaN,NaN,NaN,1989,1,24,1,0,0.20911747680382703,0.4273430199729877
553,5,9.15454189972411,1.830908379944822,2020,8,7,26,26161,21,4,2201210401,NaN,NaN,NaN,NaN,NaN,NaN,NaN,1988,1,24,1,0,0.20925366261939513,0.3831242844239971
554,5,9.00619255308734,1.801238510617468,2020,8,7,26,26161,21,4,2201210401,NaN,NaN,NaN,NaN,NaN,NaN,NaN,1987,1,24,1,0,0.20663585797851933,0.3722004650653908
555,5,7.780739775004618,1.5561479550009236,2020,8,7,26,26161,21,4,2201210401,NaN,NaN,NaN,NaN,NaN,NaN,NaN,1986,1,24,1,0,0.20744894131209068,0.32282124578991656
556,5,5.992761098455286,1.1985522196910572,2020,8,7,26,26161,21,4,2201210401,NaN,NaN,NaN,NaN,NaN,NaN,NaN,1985,1,24,1,0,0.2628235497366846,0.3150077489239863
557,5,4.779871405562617,0.9559742811125235,2020,8,7,26,26161,21,4,2201210401,NaN,NaN,NaN,NaN,NaN,NaN,NaN,1984,1,24,1,0,0.2599390262860527,0.24849502378689858
558,5,3.5629958872973577,0.7125991774594715,2020,8,7,26,26161,21,4,2201210401,NaN,NaN,NaN,NaN,NaN,NaN,NaN,1983,1,24,1,0,0.25097306024565336,0.178843196295539
559,5,2.6061493961116446,0.5212298792223289,2020,8,7,26,26161,21,4,2201210401,NaN,NaN,NaN,NaN,NaN,NaN,NaN,1982,1,24,1,0,0.33520977984494604,0.17472135306272468
560,5,1.8323500164585729,0.3664700032917146,2020,8,7,26,26161,21,4,2201210401,NaN,NaN,NaN,NaN,NaN,NaN,NaN,1981,1,24,1,0,0.34658765473838415,0.12701397897284328
561,5,23.19180710506584,4.638361421013168,2020,8,7,26,26161,21,4,2201210401,NaN,NaN,NaN,NaN,NaN,NaN,NaN,1980,1,24,1,0,0.34635896407467315,1.6065380567860497
562,5,310.4463445557139,62.08926891114278,2020,8,7,26,26161,21,4,2202210401,NaN,NaN,NaN,NaN,NaN,NaN,NaN,2019,2,24,1,0,0,0
563,5,327.8141613006279,65.56283226012559,2020,8,7,26,26161,21,4,2202210401,NaN,NaN,NaN,NaN,NaN,NaN,NaN,2018,2,24,1,0,0,0
564,5,368.3242419642923,73.66484839285846,2020,8,7,26,26161,21,4,2202210401,NaN,NaN,NaN,NaN,NaN,NaN,NaN,2017,2,24,1,0,0,0
565,5,367.29985169622574,73.45997033924515,2020,8,7,26,26161,21,4,2202210401,NaN,NaN,NaN,NaN,NaN,NaN,NaN,2016,2,24,1,0,0,0
566,5,392.56334931271454,78.51266986254291,2020,8,7,26,26161,21,4,2202210401,NaN,NaN,NaN,NaN,NaN,NaN,NaN,2015,2,24,1,0,0,0
567,5,364.0998652152451,72.81997304304902,2020,8,7,26,26161,21,4,2202210401,NaN,NaN,NaN,NaN,NaN,NaN,NaN,2014,2,24,1,0,0,0
568,5,370.3959424661204,74.07918849322408,2020,8,7,26,26161,21,4,2202210401,NaN,NaN,NaN,NaN,NaN,NaN,NaN,2013,2,24,1,0,0,0
569,5,316.43263381169584,63.286526762339165,2020,8,7,26,26161,21,4,2202210401,NaN,NaN,NaN,NaN,NaN,NaN,NaN,2012,2,24,1,0,0,0
570,5,231.92053549096389,46.38410709819278,2020,8,7,26,26161,21,4,2202210401,NaN,NaN,NaN,NaN,NaN,NaN,NaN,2011,2,24,1,0,0,0
571,5,230.10402906651655,46.02080581330331,2020,8,7,26,26161,21,4,2202210401,NaN,NaN,NaN,NaN,NaN,NaN,NaN,2010,2,24,1,0,0,0
572,5,205.50535743034038,41.10107148606808,2020,8,7,26,26161,21,4,2202210401,NaN,NaN,NaN,NaN,NaN,NaN,NaN,2009,2,24,1,0,0.000006991610489599281,0.0002873626825357635
573,5,253.9388285109485,50.7877657021897,2020,8,7,26,26161,21,4,2202210401,NaN,NaN,NaN,NaN,NaN,NaN,NaN,2008,2,24,1,0,0.000000651020019705945,0.000033063852228260454
574,5,268.1829985315532,53.63659970631064,2020,8,7,26,26161,21,4,2202210401,NaN,NaN,NaN,NaN,NaN,NaN,NaN,2007,2,24,1,0,0.000000446700660995762,0.000023959504542374055
575,5,229.81669167512396,45.963338335024794,2020,8,7,26,26161,21,4,2202210401,NaN,NaN,NaN,NaN,NaN,NaN,NaN,2006,2,24,1,0,0.00005423471466581123,0.0024928085396882125
576,5,203.39262514967626,40.67852502993525,2020,8,7,26,26161,21,4,2202210401,NaN,NaN,NaN,NaN,NaN,NaN,NaN,2005,2,24,1,0,0.000040200811570198626,0.0016353097196820355
577,5,164.72170300101715,32.94434060020343,2020,8,7,26,26161,21,4,2202210401,NaN,NaN,NaN,NaN,NaN,NaN,NaN,2004,2,24,1,0,0.00002962118107256794,0.0009758502782349775
578,5,148.74713474802425,29.74942694960485,2020,8,7,26,26161,21,4,2202210401,NaN,NaN,NaN,NaN,NaN,NaN,NaN,2003,2,24,1,0,0.0000373945416311767,0.0011124661845706486
579,5,118.52562992373574,23.70512598474715,2020,8,7,26,26161,21,4,2202210401,NaN,NaN,NaN,NaN,NaN,NaN,NaN,2002,2,24,1,0,0.000052430879554263486,0.0012428806053249193
580,5,94.5116320580201,18.90232641160402,2020,8,7,26,26161,21,4,2202210401,NaN,NaN,NaN,NaN,NaN,NaN,NaN,2001,2,24,1,0,0.000046947035333979343,0.0008874081859399849
581,5,83.62548218400153,16.725096436800307,2020,8,7,26,26161,21,4,2202210401,NaN,NaN,NaN,NaN,NaN,NaN,NaN,2000,2,24,1,0,0.00006886817111980778,0.001151826803404851
582,5,60.874080684058114,12.174816136811623,2020,8,7,26,26161,21,4,2202210401,NaN,NaN,NaN,NaN,NaN,NaN,NaN,1999,2,24,1,0,0.00005872770549581941,0.0007149990165484228
583,5,46.82985881634186,9.365971763268373,2020,8,7,26,26161,21,4,2202210401,NaN,NaN,NaN,NaN,NaN,NaN,NaN,1998,2,24,1,0,0.00009024637601112031,0.0008452450094574532
584,5,36.74778034358123,7.349556068716247,2020,8,7,26,26161,21,4,2202210401,NaN,NaN,NaN,NaN,NaN,NaN,NaN,1997,2,24,1,0,0.00004837441921987946,0.00035553050634808895
585,5,26.865139913300695,5.373027982660139,2020,8,7,26,26161,21,4,2202210401,NaN,NaN,NaN,NaN,NaN,NaN,NaN,1996,2,24,1,0,0.00007324893912694932,0.0003935685996292678
586,5,25.04660490806586,5.009320981613172,2020,8,7,26,26161,21,4,2202210401,NaN,NaN,NaN,NaN,NaN,NaN,NaN,1995,2,24,1,0,0.00007448560256838058,0.00037312229177388883
587,5,18.41216437802274,3.6824328756045484,2020,8,7,26,26161,21,4,2202210401,NaN,NaN,NaN,NaN,NaN,NaN,NaN,1994,2,24,1,0,0.000013449067776513732,0.00004952528932646793
588,5,15.146433442304176,3.029286688460835,2020,8,7,26,26161,21,4,2202210401,NaN,NaN,NaN,NaN,NaN,NaN,NaN,1993,2,24,1,0,0.00009259450018669221,0.000280495286840231
589,5,12.785088718582324,2.557017743716465,2020,8,7,26,26161,21,4,2202210401,NaN,NaN,NaN,NaN,NaN,NaN,NaN,1992,2,24,1,0,0.00015598724571780115,0.0003988621550938777
590,5,12.603265015943999,2.5206530031887997,2020,8,7,26,26161,21,4,2202210401,NaN,NaN,NaN,NaN,NaN,NaN,NaN,1991,2,24,1,0,0.0003779318343521354,0.0009526350132603622
591,5,10.501237834887378,2.1002475669774756,2020,8,7,26,26161,21,4,2202210401,NaN,NaN,NaN,NaN,NaN,NaN,NaN,1990,2,24,1,0,0.0001729949976429275,0.0003633323228988326
592,5,10.217773915995503,2.0435547831991006,2020,8,7,26,26161,21,4,2202210401,NaN,NaN,NaN,NaN,NaN,NaN,NaN,1989,2,24,1,0,0.0001376211207492801,0.00028123629957641237
593,5,9.15454189972411,1.830908379944822,2020,8,7,26,26161,21,4,2202210401,NaN,NaN,NaN,NaN,NaN,NaN,NaN,1988,2,24,1,0,0.00003929137891916091,0.00007193891492267903
594,5,9.00619255308734,1.801238510617468,2020,8,7,26,26161,21,4,2202210401,NaN,NaN,NaN,NaN,NaN,NaN,NaN,1987,2,24,1,0,0.0019294152029417247,0.0034753369665094518
595,5,7.780739775004618,1.5561479550009236,2020,8,7,26,26161,21,4,2202210401,NaN,NaN,NaN,NaN,NaN,NaN,NaN,1986,2,24,1,0,0.0013423476442317318,0.0020888915414715168
596,5,5.992761098455286,1.1985522196910572,2020,8,7,26,26161,21,4,2202210401,NaN,NaN,NaN,NaN,NaN,NaN,NaN,1985,2,24,1,0,0.006628105321848084,0.007944130345847131
597,5,4.779871405562617,0.9559742811125235,2020,8,7,26,26161,21,4,2202210401,NaN,NaN,NaN,NaN,NaN,NaN,NaN,1984,2,24,1,0,0.008710807143771492,0.008327307597176786
598,5,3.5629958872973577,0.7125991774594715,2020,8,7,26,26161,21,4,2202210401,NaN,NaN,NaN,NaN,NaN,NaN,NaN,1983,2,24,1,0,0.015184470515636785,0.010820441199600371
599,5,2.6061493961116446,0.5212298792223289,2020,8,7,26,26161,21,4,2202210401,NaN,NaN,NaN,NaN,NaN,NaN,NaN,1982,2,24,1,0,0.028915879156690583,0.015071820200449289
600,5,1.8323500164585729,0.3664700032917146,2020,8,7,26,26161,21,4,2202210401,NaN,NaN,NaN,NaN,NaN,NaN,NaN,1981,2,24,1,0,0.020700754136650186,0.007586205436599168
601,5,23.19180710506584,4.638361421013168,2020,8,7,26,26161,21,4,2202210401,NaN,NaN,NaN,NaN,NaN,NaN,NaN,1980,2,24,1,0,0.012242805787937908,0.056786558051727914
602,5,260.05730384453915,52.01146076890783,2020,8,7,26,26161,21,4,2205210401,NaN,NaN,NaN,NaN,NaN,NaN,NaN,2020,5,24,1,0,0,0
603,5,310.4463445557139,62.08926891114278,2020,8,7,26,26161,21,4,2205210401,NaN,NaN,NaN,NaN,NaN,NaN,NaN,2019,5,24,1,0,0,0
604,5,327.8141613006279,65.56283226012559,2020,8,7,26,26161,21,4,2205210401,NaN,NaN,NaN,NaN,NaN,NaN,NaN,2018,5,24,1,0,0,0
605,5,368.3242419642923,73.66484839285846,2020,8,7,26,26161,21,4,2205210401,NaN,NaN,NaN,NaN,NaN,NaN,NaN,2017,5,24,1,0,0,0
606,5,367.29985169622574,73.45997033924515,2020,8,7,26,26161,21,4,2205210401,NaN,NaN,NaN,NaN,NaN,NaN,NaN,2016,5,24,1,0,0,0
607,5,392.56334931271454,78.51266986254291,2020,8,7,26,26161,21,4,2205210401,NaN,NaN,NaN,NaN,NaN,NaN,NaN,2015,5,24,1,0,0,0
608,5,364.0998652152451,72.81997304304902,2020,8,7,26,26161,21,4,2205210401,NaN,NaN,NaN,NaN,NaN,NaN,NaN,2014,5,24,1,0,0,0
609,5,370.3959424661204,74.07918849322408,2020,8,7,26,26161,21,4,2205210401,NaN,NaN,NaN,NaN,NaN,NaN,NaN,2013,5,24,1,0,0,0
610,5,316.43263381169584,63.286526762339165,2020,8,7,26,26161,21,4,2205210401,NaN,NaN,NaN,NaN,NaN,NaN,NaN,2012,5,24,1,0,0,0
611,5,231.92053549096389,46.38410709819278,2020,8,7,26,26161,21,4,2205210401,NaN,NaN,NaN,NaN,NaN,NaN,NaN,2011,5,24,1,0,0,0
612,5,230.10402906651655,46.02080581330331,2020,8,7,26,26161,21,4,2205210401,NaN,NaN,NaN,NaN,NaN,NaN,NaN,2010,5,24,1,0,0,0
613,5,205.50535743034038,41.10107148606808,2020,8,7,26,26161,21,4,2205210401,NaN,NaN,NaN,NaN,NaN,NaN,NaN,2009,5,24,1,0,0,0
614,5,253.9388285109485,50.7877657021897,2020,8,7,26,26161,21,4,2205210401,NaN,NaN,NaN,NaN,NaN,NaN,NaN,2008,5,24,1,0,0,0
615,5,268.1829985315532,53.63659970631064,2020,8,7,26,26161,21,4,2205210401,NaN,NaN,NaN,NaN,NaN,NaN,NaN,2007,5,24,1,0,0,0
616,5,229.81669167512396,45.963338335024794,2020,8,7,26,26161,21,4,2205210401,NaN,NaN,NaN,NaN,NaN,NaN,NaN,2006,5,24,1,0,0,0
617,5,203.39262514967626,40.67852502993525,2020,8,7,26,26161,21,4,2205210401,NaN,NaN,NaN,NaN,NaN,NaN,NaN,2005,5,24,1,0,0,0
618,5,164.72170300101715,32.94434060020343,2020,8,7,26,26161,21,4,2205210401,NaN,NaN,NaN,NaN,NaN,NaN,NaN,2004,5,24,1,0,0,0
619,5,148.74713474802425,29.74942694960485,2020,8,7,26,26161,21,4,2205210401,NaN,NaN,NaN,NaN,NaN,NaN,NaN,2003,5,24,1,0,0,0
620,5,118.52562992373574,23.70512598474715,2020,8,7,26,26161,21,4,2205210401,NaN,NaN,NaN,NaN,NaN,NaN,NaN,2002,5,24,1,0,0,0
621,5,94.5116320580201,18.90232641160402,2020,8,7,26,26161,21,4,2205210401,NaN,NaN,NaN,NaN,NaN,NaN,NaN,2001,5,24,1,0,0,0
622,5,83.62548218400153,16.725096436800307,2020,8,7,26,26161,21,4,2205210401,NaN,NaN,NaN,NaN,NaN,NaN,NaN,2000,5,24,1,0,0.00000027880175765618764,0.000004662986283549167
623,5,60.874080684058114,12.174816136811623,2020,8,7,26,26161,21,4,2205210401,NaN,NaN,NaN,NaN,NaN,NaN,NaN,1999,5,24,1,0,0.0000005311196481897117,0.0000064662840633578135
624,5,46.82985881634186,9.365971763268373,2020,8,7,26,26161,21,4,2205210401,NaN,NaN,NaN,NaN,NaN,NaN,NaN,1998,5,24,1,0,0.00000036971401169809013,0.000003462730994048985
625,5,260.05730384453915,52.01146076890783,2020,8,7,26,26161,21,4,2201210401,NaN,NaN,NaN,NaN,NaN,NaN,NaN,2020,1,25,1,0,0.004909663504415499,0.25535877074844526
626,5,310.4463445557139,62.08926891114278,2020,8,7,26,26161,21,4,2201210401,NaN,NaN,NaN,NaN,NaN,NaN,NaN,2019,1,25,1,0,0.005339721991433564,0.3315394346368614
627,5,327.8141613006279,65.56283226012559,2020,8,7,26,26161,21,4,2201210401,NaN,NaN,NaN,NaN,NaN,NaN,NaN,2018,1,25,1,0,0.0057360722417732655,0.3760731422193432
628,5,368.3242419642923,73.66484839285846,2020,8,7,26,26161,21,4,2201210401,NaN,NaN,NaN,NaN,NaN,NaN,NaN,2017,1,25,1,0,0.006251555160109341,0.46051986308904663
629,5,367.29985169622574,73.45997033924515,2020,8,7,26,26161,21,4,2201210401,NaN,NaN,NaN,NaN,NaN,NaN,NaN,2016,1,25,1,0,0.008065513350732115,0.5924923715155669
630,5,392.56334931271454,78.51266986254291,2020,8,7,26,26161,21,4,2201210401,NaN,NaN,NaN,NaN,NaN,NaN,NaN,2015,1,25,1,0,0.007989837098259319,0.6273034423511317
631,5,364.0998652152451,72.81997304304902,2020,8,7,26,26161,21,4,2201210401,NaN,NaN,NaN,NaN,NaN,NaN,NaN,2014,1,25,1,0,0.009081399985032735,0.6613073021032295
632,5,370.3959424661204,74.07918849322408,2020,8,7,26,26161,21,4,2201210401,NaN,NaN,NaN,NaN,NaN,NaN,NaN,2013,1,25,1,0,0.009070190663970006,0.6719123638657154
633,5,316.43263381169584,63.286526762339165,2020,8,7,26,26161,21,4,2201210401,NaN,NaN,NaN,NaN,NaN,NaN,NaN,2012,1,25,1,0,0.009893371838338261,0.626117141616767
634,5,231.92053549096389,46.38410709819278,2020,8,7,26,26161,21,4,2201210401,NaN,NaN,NaN,NaN,NaN,NaN,NaN,2011,1,25,1,0,0.009899295528265316,0.45916998397971925
635,5,230.10402906651655,46.02080581330331,2020,8,7,26,26161,21,4,2201210401,NaN,NaN,NaN,NaN,NaN,NaN,NaN,2010,1,25,1,0,0.012841106931776243,0.5909580885351375
636,5,205.50535743034038,41.10107148606808,2020,8,7,26,26161,21,4,2201210401,NaN,NaN,NaN,NaN,NaN,NaN,NaN,2009,1,25,1,0,0.013115053620474323,0.5390427563987311
637,5,253.9388285109485,50.7877657021897,2020,8,7,26,26161,21,4,2201210401,NaN,NaN,NaN,NaN,NaN,NaN,NaN,2008,1,25,1,0,0.01387646617397951,0.7047547128184322
638,5,268.1829985315532,53.63659970631064,2020,8,7,26,26161,21,4,2201210401,NaN,NaN,NaN,NaN,NaN,NaN,NaN,2007,1,25,1,0,0.014040208818505356,0.7530690601911845
639,5,229.81669167512396,45.963338335024794,2020,8,7,26,26161,21,4,2201210401,NaN,NaN,NaN,NaN,NaN,NaN,NaN,2006,1,25,1,0,0.014819370484115782,0.6811477394734938
640,5,203.39262514967626,40.67852502993525,2020,8,7,26,26161,21,4,2201210401,NaN,NaN,NaN,NaN,NaN,NaN,NaN,2005,1,25,1,0,0.015579426779537595,0.6337481022034636
641,5,164.72170300101715,32.94434060020343,2020,8,7,26,26161,21,4,2201210401,NaN,NaN,NaN,NaN,NaN,NaN,NaN,2004,1,25,1,0,0.016698858366005646,0.5501328776442466
642,5,148.74713474802425,29.74942694960485,2020,8,7,26,26161,21,4,2201210401,NaN,NaN,NaN,NaN,NaN,NaN,NaN,2003,1,25,1,0,0.017121453339200333,0.5093534253856083
643,5,118.52562992373574,23.70512598474715,2020,8,7,26,26161,21,4,2201210401,NaN,NaN,NaN,NaN,NaN,NaN,NaN,2002,1,25,1,0,0.0214882491353733,0.5093816529456581
644,5,94.5116320580201,18.90232641160402,2020,8,7,26,26161,21,4,2201210401,NaN,NaN,NaN,NaN,NaN,NaN,NaN,2001,1,25,1,0,0.026681169050773418,0.5043361664409061
645,5,83.62548218400153,16.725096436800307,2020,8,7,26,26161,21,4,2201210401,NaN,NaN,NaN,NaN,NaN,NaN,NaN,2000,1,25,1,0,0.08311331625173042,1.3900782294924734
646,5,60.874080684058114,12.174816136811623,2020,8,7,26,26161,21,4,2201210401,NaN,NaN,NaN,NaN,NaN,NaN,NaN,1999,1,25,1,0,0.11669727264815997,1.4207678381587237
647,5,46.82985881634186,9.365971763268373,2020,8,7,26,26161,21,4,2201210401,NaN,NaN,NaN,NaN,NaN,NaN,NaN,1998,1,25,1,0,0.15254538971549858,1.4287358126921295
648,5,36.74778034358123,7.349556068716247,2020,8,7,26,26161,21,4,2201210401,NaN,NaN,NaN,NaN,NaN,NaN,NaN,1997,1,25,1,0,0.19915502499538343,1.463701022570156
649,5,26.865139913300695,5.373027982660139,2020,8,7,26,26161,21,4,2201210401,NaN,NaN,NaN,NaN,NaN,NaN,NaN,1996,1,25,1,0,0.21997234566286994,1.1819175686579888
650,5,25.04660490806586,5.009320981613172,2020,8,7,26,26161,21,4,2201210401,NaN,NaN,NaN,NaN,NaN,NaN,NaN,1995,1,25,1,0,0.2950216199639097,1.4778579909147203
651,5,18.41216437802274,3.6824328756045484,2020,8,7,26,26161,21,4,2201210401,NaN,NaN,NaN,NaN,NaN,NaN,NaN,1994,1,25,1,0,0.33478701036757813,1.2328306933029305
652,5,15.146433442304176,3.029286688460835,2020,8,7,26,26161,21,4,2201210401,NaN,NaN,NaN,NaN,NaN,NaN,NaN,1993,1,25,1,0,0.46337414998835713,1.4036931443365845
653,5,12.785088718582324,2.557017743716465,2020,8,7,26,26161,21,4,2201210401,NaN,NaN,NaN,NaN,NaN,NaN,NaN,1992,1,25,1,0,0.46315455652527177,1.1842944191182503
654,5,12.603265015943999,2.5206530031887997,2020,8,7,26,26161,21,4,2201210401,NaN,NaN,NaN,NaN,NaN,NaN,NaN,1991,1,25,1,0,0.4623857369951669,1.165513996588534
655,5,10.501237834887378,2.1002475669774756,2020,8,7,26,26161,21,4,2201210401,NaN,NaN,NaN,NaN,NaN,NaN,NaN,1990,1,25,1,0,0.562593311261273,1.1815852331742902
656,5,10.217773915995503,2.0435547831991006,2020,8,7,26,26161,21,4,2201210401,NaN,NaN,NaN,NaN,NaN,NaN,NaN,1989,1,25,1,0,0.5230259047135587,1.0688320893144299
657,5,9.15454189972411,1.830908379944822,2020,8,7,26,26161,21,4,2201210401,NaN,NaN,NaN,NaN,NaN,NaN,NaN,1988,1,25,1,0,0.5233665204788468,0.9582361481272839
658,5,9.00619255308734,1.801238510617468,2020,8,7,26,26161,21,4,2201210401,NaN,NaN,NaN,NaN,NaN,NaN,NaN,1987,1,25,1,0,0.5168191019580034,0.9309144694694914
659,5,7.780739775004618,1.5561479550009236,2020,8,7,26,26161,21,4,2201210401,NaN,NaN,NaN,NaN,NaN,NaN,NaN,1986,1,25,1,0,0.5188527131733282,0.8074115885513554
660,5,5.992761098455286,1.1985522196910572,2020,8,7,26,26161,21,4,2201210401,NaN,NaN,NaN,NaN,NaN,NaN,NaN,1985,1,25,1,0,0.6573507244925918,0.7878691699561204
661,5,4.779871405562617,0.9559742811125235,2020,8,7,26,26161,21,4,2201210401,NaN,NaN,NaN,NaN,NaN,NaN,NaN,1984,1,25,1,0,0.6501362127717492,0.6215134986296915
662,5,3.5629958872973577,0.7125991774594715,2020,8,7,26,26161,21,4,2201210401,NaN,NaN,NaN,NaN,NaN,NaN,NaN,1983,1,25,1,0,0.6277113414908564,0.4473065856283657
663,5,2.6061493961116446,0.5212298792223289,2020,8,7,26,26161,21,4,2201210401,NaN,NaN,NaN,NaN,NaN,NaN,NaN,1982,1,25,1,0,0.838396680430046,0.43699740048095437
664,5,1.8323500164585729,0.3664700032917146,2020,8,7,26,26161,21,4,2201210401,NaN,NaN,NaN,NaN,NaN,NaN,NaN,1981,1,25,1,0,0.8668540021269825,0.3176759890129112
665,5,23.19180710506584,4.638361421013168,2020,8,7,26,26161,21,4,2201210401,NaN,NaN,NaN,NaN,NaN,NaN,NaN,1980,1,25,1,0,0.8662820215201239,4.018129108336241
666,5,310.4463445557139,62.08926891114278,2020,8,7,26,26161,21,4,2202210401,NaN,NaN,NaN,NaN,NaN,NaN,NaN,2019,2,25,1,0,0.0000006850499456838426,0.00004253425029512786
667,5,327.8141613006279,65.56283226012559,2020,8,7,26,26161,21,4,2202210401,NaN,NaN,NaN,NaN,NaN,NaN,NaN,2018,2,25,1,0,0.000008181862753767184,0.0005364260953006071
668,5,368.3242419642923,73.66484839285846,2020,8,7,26,26161,21,4,2202210401,NaN,NaN,NaN,NaN,NaN,NaN,NaN,2017,2,25,1,0,0.000009269742521018716,0.0006828541774516773
669,5,367.29985169622574,73.45997033924515,2020,8,7,26,26161,21,4,2202210401,NaN,NaN,NaN,NaN,NaN,NaN,NaN,2016,2,25,1,0,0.000018171696036132487,0.001334892251828071
670,5,392.56334931271454,78.51266986254291,2020,8,7,26,26161,21,4,2202210401,NaN,NaN,NaN,NaN,NaN,NaN,NaN,2015,2,25,1,0,0.00021294824441587008,0.016719135211631302
671,5,364.0998652152451,72.81997304304902,2020,8,7,26,26161,21,4,2202210401,NaN,NaN,NaN,NaN,NaN,NaN,NaN,2014,2,25,1,0,0.00031545426101295084,0.02297137078327803
672,5,370.3959424661204,74.07918849322408,2020,8,7,26,26161,21,4,2202210401,NaN,NaN,NaN,NaN,NaN,NaN,NaN,2013,2,25,1,0,0.00031820696252962834,0.02357251355708863
673,5,316.43263381169584,63.286526762339165,2020,8,7,26,26161,21,4,2202210401,NaN,NaN,NaN,NaN,NaN,NaN,NaN,2012,2,25,1,0,0.0003228579156547662,0.020432556119518403
674,5,231.92053549096389,46.38410709819278,2020,8,7,26,26161,21,4,2202210401,NaN,NaN,NaN,NaN,NaN,NaN,NaN,2011,2,25,1,0,0.0003015594407235884,0.013987565394994041
675,5,230.10402906651655,46.02080581330331,2020,8,7,26,26161,21,4,2202210401,NaN,NaN,NaN,NaN,NaN,NaN,NaN,2010,2,25,1,0,0.0003520692340406668,0.01620250985262396
676,5,205.50535743034038,41.10107148606808,2020,8,7,26,26161,21,4,2202210401,NaN,NaN,NaN,NaN,NaN,NaN,NaN,2009,2,25,1,0,0.0018999701941701985,0.07809081077198798
677,5,253.9388285109485,50.7877657021897,2020,8,7,26,26161,21,4,2202210401,NaN,NaN,NaN,NaN,NaN,NaN,NaN,2008,2,25,1,0,0.0001769146944168916,0.00898510204931958
678,5,268.1829985315532,53.63659970631064,2020,8,7,26,26161,21,4,2202210401,NaN,NaN,NaN,NaN,NaN,NaN,NaN,2007,2,25,1,0,0.00012139090741262354,0.006510995508876706
679,5,229.81669167512396,45.963338335024794,2020,8,7,26,26161,21,4,2202210401,NaN,NaN,NaN,NaN,NaN,NaN,NaN,2006,2,25,1,0,0.0014540336152177656,0.06683223900675342
680,5,203.39262514967626,40.67852502993525,2020,8,7,26,26161,21,4,2202210401,NaN,NaN,NaN,NaN,NaN,NaN,NaN,2005,2,25,1,0,0.0010777844364497453,0.043842681174995624
681,5,164.72170300101715,32.94434060020343,2020,8,7,26,26161,21,4,2202210401,NaN,NaN,NaN,NaN,NaN,NaN,NaN,2004,2,25,1,0,0.0007941443643127864,0.026162562423652475
682,5,148.74713474802425,29.74942694960485,2020,8,7,26,26161,21,4,2202210401,NaN,NaN,NaN,NaN,NaN,NaN,NaN,2003,2,25,1,0,0.001002548292038254,0.029825237177443148
683,5,118.52562992373574,23.70512598474715,2020,8,7,26,26161,21,4,2202210401,NaN,NaN,NaN,NaN,NaN,NaN,NaN,2002,2,25,1,0,0.0014056727654435544,0.033321649998167384
684,5,94.5116320580201,18.90232641160402,2020,8,7,26,26161,21,4,2202210401,NaN,NaN,NaN,NaN,NaN,NaN,NaN,2001,2,25,1,0,0.0012586508093764138,0.023791428437062563
685,5,83.62548218400153,16.725096436800307,2020,8,7,26,26161,21,4,2202210401,NaN,NaN,NaN,NaN,NaN,NaN,NaN,2000,2,25,1,0,0.0018463568296394949,0.030880496032465427
686,5,60.874080684058114,12.174816136811623,2020,8,7,26,26161,21,4,2202210401,NaN,NaN,NaN,NaN,NaN,NaN,NaN,1999,2,25,1,0,0.0015744907751743082,0.019169135696853207
687,5,46.82985881634186,9.365971763268373,2020,8,7,26,26161,21,4,2202210401,NaN,NaN,NaN,NaN,NaN,NaN,NaN,1998,2,25,1,0,0.0024195068634604816,0.022661032964204898
688,5,36.74778034358123,7.349556068716247,2020,8,7,26,26161,21,4,2202210401,NaN,NaN,NaN,NaN,NaN,NaN,NaN,1997,2,25,1,0,0.0012969189954396712,0.009531778873567013
689,5,26.865139913300695,5.373027982660139,2020,8,7,26,26161,21,4,2202210401,NaN,NaN,NaN,NaN,NaN,NaN,NaN,1996,2,25,1,0,0.001963805293821602,0.010551580796199583
690,5,25.04660490806586,5.009320981613172,2020,8,7,26,26161,21,4,2202210401,NaN,NaN,NaN,NaN,NaN,NaN,NaN,1995,2,25,1,0,0.0019969602615508867,0.010003414937634585
691,5,18.41216437802274,3.6824328756045484,2020,8,7,26,26161,21,4,2202210401,NaN,NaN,NaN,NaN,NaN,NaN,NaN,1994,2,25,1,0,0.0003605697339958618,0.0013277738424143483
692,5,15.146433442304176,3.029286688460835,2020,8,7,26,26161,21,4,2202210401,NaN,NaN,NaN,NaN,NaN,NaN,NaN,1993,2,25,1,0,0.0024824601122242175,0.007520083372595812
693,5,12.785088718582324,2.557017743716465,2020,8,7,26,26161,21,4,2202210401,NaN,NaN,NaN,NaN,NaN,NaN,NaN,1992,2,25,1,0,0.004182020689451409,0.010693501107516616
694,5,12.603265015943999,2.5206530031887997,2020,8,7,26,26161,21,4,2202210401,NaN,NaN,NaN,NaN,NaN,NaN,NaN,1991,2,25,1,0,0.01013235885530214,0.025540160778003966
695,5,10.501237834887378,2.1002475669774756,2020,8,7,26,26161,21,4,2202210401,NaN,NaN,NaN,NaN,NaN,NaN,NaN,1990,2,25,1,0,0.004637998805512333,0.009740945706921715
696,5,10.217773915995503,2.0435547831991006,2020,8,7,26,26161,21,4,2202210401,NaN,NaN,NaN,NaN,NaN,NaN,NaN,1989,2,25,1,0,0.003689624569179123,0.007539949936554918
697,5,9.15454189972411,1.830908379944822,2020,8,7,26,26161,21,4,2202210401,NaN,NaN,NaN,NaN,NaN,NaN,NaN,1988,2,25,1,0,0.001053402531731824,0.001928683522802888
698,5,9.00619255308734,1.801238510617468,2020,8,7,26,26161,21,4,2202210401,NaN,NaN,NaN,NaN,NaN,NaN,NaN,1987,2,25,1,0,0.05172765414322314,0.09317384270667474
699,5,7.780739775004618,1.5561479550009236,2020,8,7,26,26161,21,4,2202210401,NaN,NaN,NaN,NaN,NaN,NaN,NaN,1986,2,25,1,0,0.03598836298942887,0.05600321746983066
700,5,5.992761098455286,1.1985522196910572,2020,8,7,26,26161,21,4,2202210401,NaN,NaN,NaN,NaN,NaN,NaN,NaN,1985,2,25,1,0,0.17769961550560556,0.21298226860249095
701,5,4.779871405562617,0.9559742811125235,2020,8,7,26,26161,21,4,2202210401,NaN,NaN,NaN,NaN,NaN,NaN,NaN,1984,2,25,1,0,0.23353688648992083,0.22325525717545905
702,5,3.5629958872973577,0.7125991774594715,2020,8,7,26,26161,21,4,2202210401,NaN,NaN,NaN,NaN,NaN,NaN,NaN,1983,2,25,1,0,0.40709591071080226,0.2900962111196322
703,5,2.6061493961116446,0.5212298792223289,2020,8,7,26,26161,21,4,2202210401,NaN,NaN,NaN,NaN,NaN,NaN,NaN,1982,2,25,1,0,0.7752352080485303,0.40407575386003247
704,5,1.8323500164585729,0.3664700032917146,2020,8,7,26,26161,21,4,2202210401,NaN,NaN,NaN,NaN,NaN,NaN,NaN,1981,2,25,1,0,0.5549875676587993,0.20338629574678085
705,5,23.19180710506584,4.638361421013168,2020,8,7,26,26161,21,4,2202210401,NaN,NaN,NaN,NaN,NaN,NaN,NaN,1980,2,25,1,0,0.3282298297305529,1.5224485794479177
706,5,260.05730384453915,52.01146076890783,2020,8,7,26,26161,21,4,2205210401,NaN,NaN,NaN,NaN,NaN,NaN,NaN,2020,5,25,1,0,0.0000025739634465349487,0.00013387559882005527
707,5,310.4463445557139,62.08926891114278,2020,8,7,26,26161,21,4,2205210401,NaN,NaN,NaN,NaN,NaN,NaN,NaN,2019,5,25,1,0,0.000004409178640163599,0.00027376267826638456
708,5,327.8141613006279,65.56283226012559,2020,8,7,26,26161,21,4,2205210401,NaN,NaN,NaN,NaN,NaN,NaN,NaN,2018,5,25,1,0,0.000004004772892056013,0.0002625642533617664
709,5,368.3242419642923,73.66484839285846,2020,8,7,26,26161,21,4,2205210401,NaN,NaN,NaN,NaN,NaN,NaN,NaN,2017,5,25,1,0,0.0000027967356636823644,0.00020602110866006177
710,5,367.29985169622574,73.45997033924515,2020,8,7,26,26161,21,4,2205210401,NaN,NaN,NaN,NaN,NaN,NaN,NaN,2016,5,25,1,0,0.000006980692359004608,0.0005128014536398737
711,5,392.56334931271454,78.51266986254291,2020,8,7,26,26161,21,4,2205210401,NaN,NaN,NaN,NaN,NaN,NaN,NaN,2015,5,25,1,0,0.00000729515907482029,0.0005727624160360993
712,5,364.0998652152451,72.81997304304902,2020,8,7,26,26161,21,4,2205210401,NaN,NaN,NaN,NaN,NaN,NaN,NaN,2014,5,25,1,0,0.000010660343718093616,0.0007762859421812141
713,5,370.3959424661204,74.07918849322408,2020,8,7,26,26161,21,4,2205210401,NaN,NaN,NaN,NaN,NaN,NaN,NaN,2013,5,25,1,0,0.00001195757281465482,0.0008858072904582664
714,5,316.43263381169584,63.286526762339165,2020,8,7,26,26161,21,4,2205210401,NaN,NaN,NaN,NaN,NaN,NaN,NaN,2012,5,25,1,0,0.00001344734091194274,0.0008510355005059626
715,5,231.92053549096389,46.38410709819278,2020,8,7,26,26161,21,4,2205210401,NaN,NaN,NaN,NaN,NaN,NaN,NaN,2011,5,25,1,0,0.000023999583824005093,0.0011131992664047072
716,5,230.10402906651655,46.02080581330331,2020,8,7,26,26161,21,4,2205210401,NaN,NaN,NaN,NaN,NaN,NaN,NaN,2010,5,25,1,0,0.000019589867275665938,0.0009015414778018073
717,5,205.50535743034038,41.10107148606808,2020,8,7,26,26161,21,4,2205210401,NaN,NaN,NaN,NaN,NaN,NaN,NaN,2009,5,25,1,0,0.000016927476810014044,0.0006957374344471469
718,5,253.9388285109485,50.7877657021897,2020,8,7,26,26161,21,4,2205210401,NaN,NaN,NaN,NaN,NaN,NaN,NaN,2008,5,25,1,0,0.000020093462411158123,0.0010205020610836546
719,5,268.1829985315532,53.63659970631064,2020,8,7,26,26161,21,4,2205210401,NaN,NaN,NaN,NaN,NaN,NaN,NaN,2007,5,25,1,0,0.000011958187082418613,0.0006413964937528619
720,5,229.81669167512396,45.963338335024794,2020,8,7,26,26161,21,4,2205210401,NaN,NaN,NaN,NaN,NaN,NaN,NaN,2006,5,25,1,0,0.000014905088995087411,0.0006850876483948574
721,5,203.39262514967626,40.67852502993525,2020,8,7,26,26161,21,4,2205210401,NaN,NaN,NaN,NaN,NaN,NaN,NaN,2005,5,25,1,0,0.000006104170511915006,0.00024830865295592726
722,5,164.72170300101715,32.94434060020343,2020,8,7,26,26161,21,4,2205210401,NaN,NaN,NaN,NaN,NaN,NaN,NaN,2004,5,25,1,0,0.000004480429876236694,0.00014760480787806896
723,5,148.74713474802425,29.74942694960485,2020,8,7,26,26161,21,4,2205210401,NaN,NaN,NaN,NaN,NaN,NaN,NaN,2003,5,25,1,0,0.0000068635826412454895,0.0002041876503983086
724,5,118.52562992373574,23.70512598474715,2020,8,7,26,26161,21,4,2205210401,NaN,NaN,NaN,NaN,NaN,NaN,NaN,2002,5,25,1,0,0.000004810324319884044,0.00011402934403034442
725,5,94.5116320580201,18.90232641160402,2020,8,7,26,26161,21,4,2205210401,NaN,NaN,NaN,NaN,NaN,NaN,NaN,2001,5,25,1,0,0.0000070715412405617316,0.00013366858076221708
726,5,83.62548218400153,16.725096436800307,2020,8,7,26,26161,21,4,2205210401,NaN,NaN,NaN,NaN,NaN,NaN,NaN,2000,5,25,1,0,0.000007375574028231251,0.0001233571868989274
727,5,60.874080684058114,12.174816136811623,2020,8,7,26,26161,21,4,2205210401,NaN,NaN,NaN,NaN,NaN,NaN,NaN,1999,5,25,1,0,0.000014050529365392674,0.0001710626116485283
728,5,46.82985881634186,9.365971763268373,2020,8,7,26,26161,21,4,2205210401,NaN,NaN,NaN,NaN,NaN,NaN,NaN,1998,5,25,1,0,0.00000978061646912684,0.00009160497767719959
729,5,260.05730384453915,52.01146076890783,2020,8,7,26,26161,21,4,2201210401,NaN,NaN,NaN,NaN,NaN,NaN,NaN,2020,1,26,1,0,0.002116639116958913,0.11008949239364423
730,5,310.4463445557139,62.08926891114278,2020,8,7,26,26161,21,4,2201210401,NaN,NaN,NaN,NaN,NaN,NaN,NaN,2019,1,26,1,0,0.002302044616823404,0.14293226725939698
731,5,327.8141613006279,65.56283226012559,2020,8,7,26,26161,21,4,2201210401,NaN,NaN,NaN,NaN,NaN,NaN,NaN,2018,1,26,1,0,0.002472917924766195,0.16213150309450391
732,5,368.3242419642923,73.66484839285846,2020,8,7,26,26161,21,4,2201210401,NaN,NaN,NaN,NaN,NaN,NaN,NaN,2017,1,26,1,0,0.0026951513442445368,0.19853791516958247
733,5,367.29985169622574,73.45997033924515,2020,8,7,26,26161,21,4,2201210401,NaN,NaN,NaN,NaN,NaN,NaN,NaN,2016,1,26,1,0,0.003477179452555245,0.25543349944894095
734,5,392.56334931271454,78.51266986254291,2020,8,7,26,26161,21,4,2201210401,NaN,NaN,NaN,NaN,NaN,NaN,NaN,2015,1,26,1,0,0.0034445541379965745,0.27044114186018114
735,5,364.0998652152451,72.81997304304902,2020,8,7,26,26161,21,4,2201210401,NaN,NaN,NaN,NaN,NaN,NaN,NaN,2014,1,26,1,0,0.003915145391895606,0.28510078189745564
736,5,370.3959424661204,74.07918849322408,2020,8,7,26,26161,21,4,2201210401,NaN,NaN,NaN,NaN,NaN,NaN,NaN,2013,1,26,1,0,0.00391031286367558,0.28967280369570214
737,5,316.43263381169584,63.286526762339165,2020,8,7,26,26161,21,4,2201210401,NaN,NaN,NaN,NaN,NaN,NaN,NaN,2012,1,26,1,0,0.00426520021439626,0.26992970751512363
738,5,231.92053549096389,46.38410709819278,2020,8,7,26,26161,21,4,2201210401,NaN,NaN,NaN,NaN,NaN,NaN,NaN,2011,1,26,1,0,0.004267754017483796,0.1979559594157109
739,5,230.10402906651655,46.02080581330331,2020,8,7,26,26161,21,4,2201210401,NaN,NaN,NaN,NaN,NaN,NaN,NaN,2010,1,26,1,0,0.005536018754117377,0.2547720440620411
740,5,205.50535743034038,41.10107148606808,2020,8,7,26,26161,21,4,2201210401,NaN,NaN,NaN,NaN,NaN,NaN,NaN,2009,1,26,1,0,0.005654121812858214,0.23239046482122228
741,5,253.9388285109485,50.7877657021897,2020,8,7,26,26161,21,4,2201210401,NaN,NaN,NaN,NaN,NaN,NaN,NaN,2008,1,26,1,0,0.005982379664632215,0.30383169674888516
742,5,268.1829985315532,53.63659970631064,2020,8,7,26,26161,21,4,2201210401,NaN,NaN,NaN,NaN,NaN,NaN,NaN,2007,1,26,1,0,0.00605297189283808,0.32466083044970556
743,5,229.81669167512396,45.963338335024794,2020,8,7,26,26161,21,4,2201210401,NaN,NaN,NaN,NaN,NaN,NaN,NaN,2006,1,26,1,0,0.006388881687548589,0.29365433058723994
744,5,203.39262514967626,40.67852502993525,2020,8,7,26,26161,21,4,2201210401,NaN,NaN,NaN,NaN,NaN,NaN,NaN,2005,1,26,1,0,0.006716554833484934,0.2732195439088495
745,5,164.72170300101715,32.94434060020343,2020,8,7,26,26161,21,4,2201210401,NaN,NaN,NaN,NaN,NaN,NaN,NaN,2004,1,26,1,0,0.00719916075597773,0.23717160398054835
746,5,148.74713474802425,29.74942694960485,2020,8,7,26,26161,21,4,2201210401,NaN,NaN,NaN,NaN,NaN,NaN,NaN,2003,1,26,1,0,0.007381348608585068,0.21959089122066888
747,5,118.52562992373574,23.70512598474715,2020,8,7,26,26161,21,4,2201210401,NaN,NaN,NaN,NaN,NaN,NaN,NaN,2002,1,26,1,0,0.009263948259180027,0.2196030606000416
748,5,94.5116320580201,18.90232641160402,2020,8,7,26,26161,21,4,2201210401,NaN,NaN,NaN,NaN,NaN,NaN,NaN,2001,1,26,1,0,0.01150270401388412,0.21742786588650537
749,5,83.62548218400153,16.725096436800307,2020,8,7,26,26161,21,4,2201210401,NaN,NaN,NaN,NaN,NaN,NaN,NaN,2000,1,26,1,0,0.07071870854548994,1.1827772203092932
750,5,60.874080684058114,12.174816136811623,2020,8,7,26,26161,21,4,2201210401,NaN,NaN,NaN,NaN,NaN,NaN,NaN,1999,1,26,1,0,0.09917681873764213,1.2074595331646867
751,5,46.82985881634186,9.365971763268373,2020,8,7,26,26161,21,4,2201210401,NaN,NaN,NaN,NaN,NaN,NaN,NaN,1998,1,26,1,0,0.12948974842172864,1.2127973273506358
752,5,36.74778034358123,7.349556068716247,2020,8,7,26,26161,21,4,2201210401,NaN,NaN,NaN,NaN,NaN,NaN,NaN,1997,1,26,1,0,0.16887555958096717,1.2411603937761493
753,5,26.865139913300695,5.373027982660139,2020,8,7,26,26161,21,4,2201210401,NaN,NaN,NaN,NaN,NaN,NaN,NaN,1996,1,26,1,0,0.18635215870832533,1.0012753633689553
754,5,25.04660490806586,5.009320981613172,2020,8,7,26,26161,21,4,2201210401,NaN,NaN,NaN,NaN,NaN,NaN,NaN,1995,1,26,1,0,0.2496666552294665,1.2506604144501485
755,5,18.41216437802274,3.6824328756045484,2020,8,7,26,26161,21,4,2201210401,NaN,NaN,NaN,NaN,NaN,NaN,NaN,1994,1,26,1,0,0.28331873814187253,1.0433022356084276
756,5,15.146433442304176,3.029286688460835,2020,8,7,26,26161,21,4,2201210401,NaN,NaN,NaN,NaN,NaN,NaN,NaN,1993,1,26,1,0,0.3921376140553449,1.1878972543026487
757,5,12.785088718582324,2.557017743716465,2020,8,7,26,26161,21,4,2201210401,NaN,NaN,NaN,NaN,NaN,NaN,NaN,1992,1,26,1,0,0.3919517796563422,1.0022276552625131
758,5,12.603265015943999,2.5206530031887997,2020,8,7,26,26161,21,4,2201210401,NaN,NaN,NaN,NaN,NaN,NaN,NaN,1991,1,26,1,0,0.39130115411717037,0.9863344292766888
759,5,10.501237834887378,2.1002475669774756,2020,8,7,26,26161,21,4,2201210401,NaN,NaN,NaN,NaN,NaN,NaN,NaN,1990,1,26,1,0,0.47610337945488496,0.9999349643298759
760,5,10.217773915995503,2.0435547831991006,2020,8,7,26,26161,21,4,2201210401,NaN,NaN,NaN,NaN,NaN,NaN,NaN,1989,1,26,1,0,0.44261884347382435,0.9045158547149877
761,5,9.15454189972411,1.830908379944822,2020,8,7,26,26161,21,4,2201210401,NaN,NaN,NaN,NaN,NaN,NaN,NaN,1988,1,26,1,0,0.4429070948868846,0.8109223115654135
762,5,9.00619255308734,1.801238510617468,2020,8,7,26,26161,21,4,2201210401,NaN,NaN,NaN,NaN,NaN,NaN,NaN,1987,1,26,1,0,0.43736623966859106,0.7878009141350155
763,5,7.780739775004618,1.5561479550009236,2020,8,7,26,26161,21,4,2201210401,NaN,NaN,NaN,NaN,NaN,NaN,NaN,1986,1,26,1,0,0.4390872149321306,0.683284671583686
764,5,5.992761098455286,1.1985522196910572,2020,8,7,26,26161,21,4,2201210401,NaN,NaN,NaN,NaN,NaN,NaN,NaN,1985,1,26,1,0,0.5562933208651241,0.666746594522204
765,5,4.779871405562617,0.9559742811125235,2020,8,7,26,26161,21,4,2201210401,NaN,NaN,NaN,NaN,NaN,NaN,NaN,1984,1,26,1,0,0.5501879276038543,0.5259655085678837
766,5,3.5629958872973577,0.7125991774594715,2020,8,7,26,26161,21,4,2201210401,NaN,NaN,NaN,NaN,NaN,NaN,NaN,1983,1,26,1,0,0.5312105299225023,0.37854018668058514
767,5,2.6061493961116446,0.5212298792223289,2020,8,7,26,26161,21,4,2201210401,NaN,NaN,NaN,NaN,NaN,NaN,NaN,1982,1,26,1,0,0.7095062896884092,0.3698158776817722
768,5,1.8323500164585729,0.3664700032917146,2020,8,7,26,26161,21,4,2201210401,NaN,NaN,NaN,NaN,NaN,NaN,NaN,1981,1,26,1,0,0.7335887427836508,0.2688382689826893
769,5,23.19180710506584,4.638361421013168,2020,8,7,26,26161,21,4,2201210401,NaN,NaN,NaN,NaN,NaN,NaN,NaN,1980,1,26,1,0,0.7331046952586322,3.400404536051255
770,5,310.4463445557139,62.08926891114278,2020,8,7,26,26161,21,4,2202210401,NaN,NaN,NaN,NaN,NaN,NaN,NaN,2019,2,26,1,0,0.0000010739316817675277,0.00006667963298145984
771,5,327.8141613006279,65.56283226012559,2020,8,7,26,26161,21,4,2202210401,NaN,NaN,NaN,NaN,NaN,NaN,NaN,2018,2,26,1,0,0.000012826454016244045,0.0008409386531592225
772,5,368.3242419642923,73.66484839285846,2020,8,7,26,26161,21,4,2202210401,NaN,NaN,NaN,NaN,NaN,NaN,NaN,2017,2,26,1,0,0.000014531889591221071,0.001070489443599058
773,5,367.29985169622574,73.45997033924515,2020,8,7,26,26161,21,4,2202210401,NaN,NaN,NaN,NaN,NaN,NaN,NaN,2016,2,26,1,0,0.000028487207695741533,0.002092669432377089
774,5,392.56334931271454,78.51266986254291,2020,8,7,26,26161,21,4,2202210401,NaN,NaN,NaN,NaN,NaN,NaN,NaN,2015,2,26,1,0,0.00033383239820081894,0.02621007286936186
775,5,364.0998652152451,72.81997304304902,2020,8,7,26,26161,21,4,2202210401,NaN,NaN,NaN,NaN,NaN,NaN,NaN,2014,2,26,1,0,0.0004945279204601522,0.03601150983694337
776,5,370.3959424661204,74.07918849322408,2020,8,7,26,26161,21,4,2202210401,NaN,NaN,NaN,NaN,NaN,NaN,NaN,2013,2,26,1,0,0.0004988432457701317,0.03695390283197729
777,5,316.43263381169584,63.286526762339165,2020,8,7,26,26161,21,4,2202210401,NaN,NaN,NaN,NaN,NaN,NaN,NaN,2012,2,26,1,0,0.0005061344016091637,0.03203148835277885
778,5,231.92053549096389,46.38410709819278,2020,8,7,26,26161,21,4,2202210401,NaN,NaN,NaN,NaN,NaN,NaN,NaN,2011,2,26,1,0,0.0004727454390290841,0.0219278750741072
779,5,230.10402906651655,46.02080581330331,2020,8,7,26,26161,21,4,2202210401,NaN,NaN,NaN,NaN,NaN,NaN,NaN,2010,2,26,1,0,0.0005519280849434514,0.025400175220090953
780,5,205.50535743034038,41.10107148606808,2020,8,7,26,26161,21,4,2202210401,NaN,NaN,NaN,NaN,NaN,NaN,NaN,2009,2,26,1,0,0.0006056483032369557,0.024892794206757954
781,5,253.9388285109485,50.7877657021897,2020,8,7,26,26161,21,4,2202210401,NaN,NaN,NaN,NaN,NaN,NaN,NaN,2008,2,26,1,0,0.00005639461335764336,0.0028641564100735685
782,5,268.1829985315532,53.63659970631064,2020,8,7,26,26161,21,4,2202210401,NaN,NaN,NaN,NaN,NaN,NaN,NaN,2007,2,26,1,0,0.00003869544760672384,0.002075492233738363
783,5,229.81669167512396,45.963338335024794,2020,8,7,26,26161,21,4,2202210401,NaN,NaN,NaN,NaN,NaN,NaN,NaN,2006,2,26,1,0,0.0006609588859619974,0.030379876901012355
784,5,203.39262514967626,40.67852502993525,2020,8,7,26,26161,21,4,2202210401,NaN,NaN,NaN,NaN,NaN,NaN,NaN,2005,2,26,1,0,0.0004899276006877691,0.01992953216743354
785,5,164.72170300101715,32.94434060020343,2020,8,7,26,26161,21,4,2202210401,NaN,NaN,NaN,NaN,NaN,NaN,NaN,2004,2,26,1,0,0.00036099356220905935,0.011892694867895978
786,5,148.74713474802425,29.74942694960485,2020,8,7,26,26161,21,4,2202210401,NaN,NaN,NaN,NaN,NaN,NaN,NaN,2003,2,26,1,0,0.00045572756729524844,0.013557633972171121
787,5,118.52562992373574,23.70512598474715,2020,8,7,26,26161,21,4,2202210401,NaN,NaN,NaN,NaN,NaN,NaN,NaN,2002,2,26,1,0,0.000638975533544006,0.01514699552383169
788,5,94.5116320580201,18.90232641160402,2020,8,7,26,26161,21,4,2202210401,NaN,NaN,NaN,NaN,NaN,NaN,NaN,2001,2,26,1,0,0.0005721438817327532,0.010814850406914668
789,5,83.62548218400153,16.725096436800307,2020,8,7,26,26161,21,4,2202210401,NaN,NaN,NaN,NaN,NaN,NaN,NaN,2000,2,26,1,0,0.0008392969326393983,0.014037322137504629
790,5,60.874080684058114,12.174816136811623,2020,8,7,26,26161,21,4,2202210401,NaN,NaN,NaN,NaN,NaN,NaN,NaN,1999,2,26,1,0,0.000715714999863187,0.008713698529692459
791,5,46.82985881634186,9.365971763268373,2020,8,7,26,26161,21,4,2202210401,NaN,NaN,NaN,NaN,NaN,NaN,NaN,1998,2,26,1,0,0.001099833280546778,0.010301007449903945
792,5,36.74778034358123,7.349556068716247,2020,8,7,26,26161,21,4,2202210401,NaN,NaN,NaN,NaN,NaN,NaN,NaN,1997,2,26,1,0,0.0005895394201600879,0.0043328530231850305
793,5,26.865139913300695,5.373027982660139,2020,8,7,26,26161,21,4,2202210401,NaN,NaN,NaN,NaN,NaN,NaN,NaN,1996,2,26,1,0,0.0008926853861327015,0.004796423559402776
794,5,25.04660490806586,5.009320981613172,2020,8,7,26,26161,21,4,2202210401,NaN,NaN,NaN,NaN,NaN,NaN,NaN,1995,2,26,1,0,0.0009077566130322062,0.00454724424786034
795,5,18.41216437802274,3.6824328756045484,2020,8,7,26,26161,21,4,2202210401,NaN,NaN,NaN,NaN,NaN,NaN,NaN,1994,2,26,1,0,0.00016390389272934788,0.0006035650830261119
796,5,15.146433442304176,3.029286688460835,2020,8,7,26,26161,21,4,2202210401,NaN,NaN,NaN,NaN,NaN,NaN,NaN,1993,2,26,1,0,0.0011284498879863077,0.003418398224272042
797,5,12.785088718582324,2.557017743716465,2020,8,7,26,26161,21,4,2202210401,NaN,NaN,NaN,NaN,NaN,NaN,NaN,1992,2,26,1,0,0.0019010177667425187,0.0048609361606808685
798,5,12.603265015943999,2.5206530031887997,2020,8,7,26,26161,21,4,2202210401,NaN,NaN,NaN,NaN,NaN,NaN,NaN,1991,2,26,1,0,0.004605858180358976,0.011609770254583552
799,5,10.501237834887378,2.1002475669774756,2020,8,7,26,26161,21,4,2202210401,NaN,NaN,NaN,NaN,NaN,NaN,NaN,1990,2,26,1,0,0.002108291370640281,0.004427933821666857
800,5,10.217773915995503,2.0435547831991006,2020,8,7,26,26161,21,4,2202210401,NaN,NaN,NaN,NaN,NaN,NaN,NaN,1989,2,26,1,0,0.001677189660087338,0.003427428952203553
801,5,9.15454189972411,1.830908379944822,2020,8,7,26,26161,21,4,2202210401,NaN,NaN,NaN,NaN,NaN,NaN,NaN,1988,2,26,1,0,0.00047884433795482664,0.0008767201110506225
802,5,9.00619255308734,1.801238510617468,2020,8,7,26,26161,21,4,2202210401,NaN,NaN,NaN,NaN,NaN,NaN,NaN,1987,2,26,1,0,0.02351379796044933,0.04235395841723981
803,5,7.780739775004618,1.5561479550009236,2020,8,7,26,26161,21,4,2202210401,NaN,NaN,NaN,NaN,NaN,NaN,NaN,1986,2,26,1,0,0.0163592010942102,0.02545733732820407
804,5,5.992761098455286,1.1985522196910572,2020,8,7,26,26161,21,4,2202210401,NaN,NaN,NaN,NaN,NaN,NaN,NaN,1985,2,26,1,0,0.08077677068206564,0.09681517780046528
805,5,4.779871405562617,0.9559742811125235,2020,8,7,26,26161,21,4,2202210401,NaN,NaN,NaN,NaN,NaN,NaN,NaN,1984,2,26,1,0,0.10615867385039361,0.10148496191798888
806,5,3.5629958872973577,0.7125991774594715,2020,8,7,26,26161,21,4,2202210401,NaN,NaN,NaN,NaN,NaN,NaN,NaN,1983,2,26,1,0,0.18505325929675867,0.13186880036106455
807,5,2.6061493961116446,0.5212298792223289,2020,8,7,26,26161,21,4,2202210401,NaN,NaN,NaN,NaN,NaN,NaN,NaN,1982,2,26,1,0,0.352398042320042,0.18368038903666065
808,5,1.8323500164585729,0.3664700032917146,2020,8,7,26,26161,21,4,2202210401,NaN,NaN,NaN,NaN,NaN,NaN,NaN,1981,2,26,1,0,0.2522802503349145,0.0924531441706707
809,5,23.19180710506584,4.638361421013168,2020,8,7,26,26161,21,4,2202210401,NaN,NaN,NaN,NaN,NaN,NaN,NaN,1980,2,26,1,0,0.14920316857028856,0.6920582209893509
810,5,260.05730384453915,52.01146076890783,2020,8,7,26,26161,21,4,2205210401,NaN,NaN,NaN,NaN,NaN,NaN,NaN,2020,5,26,1,0,0.000005030078771686021,0.00026162174469806354
811,5,310.4463445557139,62.08926891114278,2020,8,7,26,26161,21,4,2205210401,NaN,NaN,NaN,NaN,NaN,NaN,NaN,2019,5,26,1,0,0.00000861648439814284,0.000534991216864957
812,5,327.8141613006279,65.56283226012559,2020,8,7,26,26161,21,4,2205210401,NaN,NaN,NaN,NaN,NaN,NaN,NaN,2018,5,26,1,0,0.000007826188494196655,0.0005131070834811401
813,5,368.3242419642923,73.66484839285846,2020,8,7,26,26161,21,4,2205210401,NaN,NaN,NaN,NaN,NaN,NaN,NaN,2017,5,26,1,0,0.000005465423648826035,0.00040260960449351314
814,5,367.29985169622574,73.45997033924515,2020,8,7,26,26161,21,4,2205210401,NaN,NaN,NaN,NaN,NaN,NaN,NaN,2016,5,26,1,0,0.000013641775874466801,0.0010021244511129613
815,5,392.56334931271454,78.51266986254291,2020,8,7,26,26161,21,4,2205210401,NaN,NaN,NaN,NaN,NaN,NaN,NaN,2015,5,26,1,0,0.000014256311544643347,0.0011193010817621423
816,5,364.0998652152451,72.81997304304902,2020,8,7,26,26161,21,4,2205210401,NaN,NaN,NaN,NaN,NaN,NaN,NaN,2014,5,26,1,0,0.000020832606891696606,0.001517029872269784
817,5,370.3959424661204,74.07918849322408,2020,8,7,26,26161,21,4,2205210401,NaN,NaN,NaN,NaN,NaN,NaN,NaN,2013,5,26,1,0,0.00002336767185130591,0.001731058167720697
818,5,316.43263381169584,63.286526762339165,2020,8,7,26,26161,21,4,2205210401,NaN,NaN,NaN,NaN,NaN,NaN,NaN,2012,5,26,1,0,0.00002627899947368957,0.0016631066034791518
819,5,231.92053549096389,46.38410709819278,2020,8,7,26,26161,21,4,2205210401,NaN,NaN,NaN,NaN,NaN,NaN,NaN,2011,5,26,1,0,0.000046900354115338874,0.0021754310482290447
820,5,230.10402906651655,46.02080581330331,2020,8,7,26,26161,21,4,2205210401,NaN,NaN,NaN,NaN,NaN,NaN,NaN,2010,5,26,1,0,0.0000382828185288046,0.0017618061575000465
821,5,205.50535743034038,41.10107148606808,2020,8,7,26,26161,21,4,2205210401,NaN,NaN,NaN,NaN,NaN,NaN,NaN,2009,5,26,1,0,0.00003307993432264266,0.001359620745349373
822,5,253.9388285109485,50.7877657021897,2020,8,7,26,26161,21,4,2205210401,NaN,NaN,NaN,NaN,NaN,NaN,NaN,2008,5,26,1,0,0.000039266951852055034,0.001994280750501335
823,5,268.1829985315532,53.63659970631064,2020,8,7,26,26161,21,4,2205210401,NaN,NaN,NaN,NaN,NaN,NaN,NaN,2007,5,26,1,0,0.000023368872262773658,0.0012534268471462964
824,5,229.81669167512396,45.963338335024794,2020,8,7,26,26161,21,4,2205210401,NaN,NaN,NaN,NaN,NaN,NaN,NaN,2006,5,26,1,0,0.000029127753094244312,0.0013388087704098166
825,5,203.39262514967626,40.67852502993525,2020,8,7,26,26161,21,4,2205210401,NaN,NaN,NaN,NaN,NaN,NaN,NaN,2005,5,26,1,0,0.000011928863462326779,0.0004852485709309399
826,5,164.72170300101715,32.94434060020343,2020,8,7,26,26161,21,4,2205210401,NaN,NaN,NaN,NaN,NaN,NaN,NaN,2004,5,26,1,0,0.00000875572465445267,0.00028845157521788727
827,5,148.74713474802425,29.74942694960485,2020,8,7,26,26161,21,4,2205210401,NaN,NaN,NaN,NaN,NaN,NaN,NaN,2003,5,26,1,0,0.000013412918271204687,0.000399026632290224
828,5,118.52562992373574,23.70512598474715,2020,8,7,26,26161,21,4,2205210401,NaN,NaN,NaN,NaN,NaN,NaN,NaN,2002,5,26,1,0,0.000009400409426538914,0.00022283788976430966
829,5,94.5116320580201,18.90232641160402,2020,8,7,26,26161,21,4,2205210401,NaN,NaN,NaN,NaN,NaN,NaN,NaN,2001,5,26,1,0,0.000013819314149599297,0.0002612171868402239
830,5,83.62548218400153,16.725096436800307,2020,8,7,26,26161,21,4,2205210401,NaN,NaN,NaN,NaN,NaN,NaN,NaN,2000,5,26,1,0,0.000041668189275744615,0.0006969044839836771
831,5,60.874080684058114,12.174816136811623,2020,8,7,26,26161,21,4,2205210401,NaN,NaN,NaN,NaN,NaN,NaN,NaN,1999,5,26,1,0,0.00007937824429402277,0.0009664155295426435
832,5,46.82985881634186,9.365971763268373,2020,8,7,26,26161,21,4,2205210401,NaN,NaN,NaN,NaN,NaN,NaN,NaN,1998,5,26,1,0,0.00005525543865590827,0.0005175208782182446
833,5,260.05730384453915,52.01146076890783,2020,8,7,26,26161,21,4,2201210401,NaN,NaN,NaN,NaN,NaN,NaN,NaN,2020,1,27,1,0,0.000249367971520605,0.012969992467766074
834,5,310.4463445557139,62.08926891114278,2020,8,7,26,26161,21,4,2201210401,NaN,NaN,NaN,NaN,NaN,NaN,NaN,2019,1,27,1,0,0.0002712111818437701,0.016839304001206687
835,5,327.8141613006279,65.56283226012559,2020,8,7,26,26161,21,4,2201210401,NaN,NaN,NaN,NaN,NaN,NaN,NaN,2018,1,27,1,0,0.0002913423085187462,0.019101226903692314
836,5,368.3242419642923,73.66484839285846,2020,8,7,26,26161,21,4,2201210401,NaN,NaN,NaN,NaN,NaN,NaN,NaN,2017,1,27,1,0,0.0003175243329249773,0.02339038184596197
837,5,367.29985169622574,73.45997033924515,2020,8,7,26,26161,21,4,2201210401,NaN,NaN,NaN,NaN,NaN,NaN,NaN,2016,1,27,1,0,0.000409657546130317,0.030093431187981034
838,5,392.56334931271454,78.51266986254291,2020,8,7,26,26161,21,4,2201210401,NaN,NaN,NaN,NaN,NaN,NaN,NaN,2015,1,27,1,0,0.00040581385428576375,0.03186152916718426
839,5,364.0998652152451,72.81997304304902,2020,8,7,26,26161,21,4,2201210401,NaN,NaN,NaN,NaN,NaN,NaN,NaN,2014,1,27,1,0,0.0004612557033283833,0.033588627882325486
840,5,370.3959424661204,74.07918849322408,2020,8,7,26,26161,21,4,2201210401,NaN,NaN,NaN,NaN,NaN,NaN,NaN,2013,1,27,1,0,0.00046068636784275953,0.03412727227968255
841,5,316.43263381169584,63.286526762339165,2020,8,7,26,26161,21,4,2201210401,NaN,NaN,NaN,NaN,NaN,NaN,NaN,2012,1,27,1,0,0.0005024967728657408,0.031801275463956766
842,5,231.92053549096389,46.38410709819278,2020,8,7,26,26161,21,4,2201210401,NaN,NaN,NaN,NaN,NaN,NaN,NaN,2011,1,27,1,0,0.0005027976445119743,0.023321819791762476
843,5,230.10402906651655,46.02080581330331,2020,8,7,26,26161,21,4,2201210401,NaN,NaN,NaN,NaN,NaN,NaN,NaN,2010,1,27,1,0,0.000652215937971383,0.030015503029722494
844,5,205.50535743034038,41.10107148606808,2020,8,7,26,26161,21,4,2201210401,NaN,NaN,NaN,NaN,NaN,NaN,NaN,2009,1,27,1,0,0.0006661300341215549,0.027378658151446997
845,5,253.9388285109485,50.7877657021897,2020,8,7,26,26161,21,4,2201210401,NaN,NaN,NaN,NaN,NaN,NaN,NaN,2008,1,27,1,0,0.0007048031333649453,0.035795376403508
846,5,268.1829985315532,53.63659970631064,2020,8,7,26,26161,21,4,2201210401,NaN,NaN,NaN,NaN,NaN,NaN,NaN,2007,1,27,1,0,0.000713119827794229,0.03824932274603224
847,5,229.81669167512396,45.963338335024794,2020,8,7,26,26161,21,4,2201210401,NaN,NaN,NaN,NaN,NaN,NaN,NaN,2006,1,27,1,0,0.0007526944267184009,0.034596348598145386
848,5,203.39262514967626,40.67852502993525,2020,8,7,26,26161,21,4,2201210401,NaN,NaN,NaN,NaN,NaN,NaN,NaN,2005,1,27,1,0,0.0007912986399114938,0.032188861529793424
849,5,164.72170300101715,32.94434060020343,2020,8,7,26,26161,21,4,2201210401,NaN,NaN,NaN,NaN,NaN,NaN,NaN,2004,1,27,1,0,0.0008481559751896808,0.027941939328746536
850,5,148.74713474802425,29.74942694960485,2020,8,7,26,26161,21,4,2201210401,NaN,NaN,NaN,NaN,NaN,NaN,NaN,2003,1,27,1,0,0.0008696201042782811,0.025870699766134476
851,5,118.52562992373574,23.70512598474715,2020,8,7,26,26161,21,4,2201210401,NaN,NaN,NaN,NaN,NaN,NaN,NaN,2002,1,27,1,0,0.0010914151435425855,0.02587213347933788
852,5,94.5116320580201,18.90232641160402,2020,8,7,26,26161,21,4,2201210401,NaN,NaN,NaN,NaN,NaN,NaN,NaN,2001,1,27,1,0,0.0013551700636929523,0.025615866887158393
853,5,83.62548218400153,16.725096436800307,2020,8,7,26,26161,21,4,2201210401,NaN,NaN,NaN,NaN,NaN,NaN,NaN,2000,1,27,1,0,0.003643355971855025,0.060935479982867594
854,5,60.874080684058114,12.174816136811623,2020,8,7,26,26161,21,4,2201210401,NaN,NaN,NaN,NaN,NaN,NaN,NaN,1999,1,27,1,0,0.0051171230335737335,0.062300032083203935
855,5,46.82985881634186,9.365971763268373,2020,8,7,26,26161,21,4,2201210401,NaN,NaN,NaN,NaN,NaN,NaN,NaN,1998,1,27,1,0,0.006691104103066615,0.06266869209441107
856,5,36.74778034358123,7.349556068716247,2020,8,7,26,26161,21,4,2201210401,NaN,NaN,NaN,NaN,NaN,NaN,NaN,1997,1,27,1,0,0.008737953306305241,0.06422007775051487
857,5,26.865139913300695,5.373027982660139,2020,8,7,26,26161,21,4,2201210401,NaN,NaN,NaN,NaN,NaN,NaN,NaN,1996,1,27,1,0,0.009653675748743923,0.051869469933528665
858,5,25.04660490806586,5.009320981613172,2020,8,7,26,26161,21,4,2201210401,NaN,NaN,NaN,NaN,NaN,NaN,NaN,1995,1,27,1,0,0.012950830492319538,0.0648748669144919
859,5,18.41216437802274,3.6824328756045484,2020,8,7,26,26161,21,4,2201210401,NaN,NaN,NaN,NaN,NaN,NaN,NaN,1994,1,27,1,0,0.014696447747901758,0.054118682341477854
860,5,15.146433442304176,3.029286688460835,2020,8,7,26,26161,21,4,2201210401,NaN,NaN,NaN,NaN,NaN,NaN,NaN,1993,1,27,1,0,0.020341153545818037,0.061619185664284495
861,5,12.785088718582324,2.557017743716465,2020,8,7,26,26161,21,4,2201210401,NaN,NaN,NaN,NaN,NaN,NaN,NaN,1992,1,27,1,0,0.020331513853249106,0.051988041679375076
862,5,12.603265015943999,2.5206530031887997,2020,8,7,26,26161,21,4,2201210401,NaN,NaN,NaN,NaN,NaN,NaN,NaN,1991,1,27,1,0,0.020297764287997615,0.05116362051055955
863,5,10.501237834887378,2.1002475669774756,2020,8,7,26,26161,21,4,2201210401,NaN,NaN,NaN,NaN,NaN,NaN,NaN,1990,1,27,1,0,0.02469666667530611,0.051869114097265356
864,5,10.217773915995503,2.0435547831991006,2020,8,7,26,26161,21,4,2201210401,NaN,NaN,NaN,NaN,NaN,NaN,NaN,1989,1,27,1,0,0.022959740495852452,0.046919487511309366
865,5,9.15454189972411,1.830908379944822,2020,8,7,26,26161,21,4,2201210401,NaN,NaN,NaN,NaN,NaN,NaN,NaN,1988,1,27,1,0,0.022974692813719184,0.04206455759929654
866,5,9.00619255308734,1.801238510617468,2020,8,7,26,26161,21,4,2201210401,NaN,NaN,NaN,NaN,NaN,NaN,NaN,1987,1,27,1,0,0.0226872748697865,0.040865193196423344
867,5,7.780739775004618,1.5561479550009236,2020,8,7,26,26161,21,4,2201210401,NaN,NaN,NaN,NaN,NaN,NaN,NaN,1986,1,27,1,0,0.022776546137906348,0.03544367569448715
868,5,5.992761098455286,1.1985522196910572,2020,8,7,26,26161,21,4,2201210401,NaN,NaN,NaN,NaN,NaN,NaN,NaN,1985,1,27,1,0,0.02885631842150562,0.0345858044962075
869,5,4.779871405562617,0.9559742811125235,2020,8,7,26,26161,21,4,2201210401,NaN,NaN,NaN,NaN,NaN,NaN,NaN,1984,1,27,1,0,0.028539616484905467,0.027283139352384626
870,5,3.5629958872973577,0.7125991774594715,2020,8,7,26,26161,21,4,2201210401,NaN,NaN,NaN,NaN,NaN,NaN,NaN,1983,1,27,1,0,0.02755521165787464,0.019635821162123108
871,5,2.6061493961116446,0.5212298792223289,2020,8,7,26,26161,21,4,2201210401,NaN,NaN,NaN,NaN,NaN,NaN,NaN,1982,1,27,1,0,0.03680385625603026,0.019183269551246607
872,5,1.8323500164585729,0.3664700032917146,2020,8,7,26,26161,21,4,2201210401,NaN,NaN,NaN,NaN,NaN,NaN,NaN,1981,1,27,1,0,0.03805307300701792,0.013945309790141714
873,5,23.19180710506584,4.638361421013168,2020,8,7,26,26161,21,4,2201210401,NaN,NaN,NaN,NaN,NaN,NaN,NaN,1980,1,27,1,0,0.038027964257749895,0.17638744233281478
874,5,310.4463445557139,62.08926891114278,2020,8,7,26,26161,21,4,2202210401,NaN,NaN,NaN,NaN,NaN,NaN,NaN,2019,2,27,1,0,0.00000009271352648352759,0.000005756515077536103
875,5,327.8141613006279,65.56283226012559,2020,8,7,26,26161,21,4,2202210401,NaN,NaN,NaN,NaN,NaN,NaN,NaN,2018,2,27,1,0,0.0000011073197711865364,0.00007259902041662352
876,5,368.3242419642923,73.66484839285846,2020,8,7,26,26161,21,4,2202210401,NaN,NaN,NaN,NaN,NaN,NaN,NaN,2017,2,27,1,0,0.0000012545516193859918,0.00009241635484308416
877,5,367.29985169622574,73.45997033924515,2020,8,7,26,26161,21,4,2202210401,NaN,NaN,NaN,NaN,NaN,NaN,NaN,2016,2,27,1,0,0.0000024593272830856,0.00018066210926996455
878,5,392.56334931271454,78.51266986254291,2020,8,7,26,26161,21,4,2202210401,NaN,NaN,NaN,NaN,NaN,NaN,NaN,2015,2,27,1,0,0.000028820063154027535,0.0022627401038298007
879,5,364.0998652152451,72.81997304304902,2020,8,7,26,26161,21,4,2202210401,NaN,NaN,NaN,NaN,NaN,NaN,NaN,2014,2,27,1,0,0.000042693057881452,0.003108907324052666
880,5,370.3959424661204,74.07918849322408,2020,8,7,26,26161,21,4,2202210401,NaN,NaN,NaN,NaN,NaN,NaN,NaN,2013,2,27,1,0,0.000043065603951378283,0.0031902649926886877
881,5,316.43263381169584,63.286526762339165,2020,8,7,26,26161,21,4,2202210401,NaN,NaN,NaN,NaN,NaN,NaN,NaN,2012,2,27,1,0,0.00004369505625402852,0.002765308347002491
882,5,231.92053549096389,46.38410709819278,2020,8,7,26,26161,21,4,2202210401,NaN,NaN,NaN,NaN,NaN,NaN,NaN,2011,2,27,1,0,0.00004081255588740295,0.0018930539632322767
883,5,230.10402906651655,46.02080581330331,2020,8,7,26,26161,21,4,2202210401,NaN,NaN,NaN,NaN,NaN,NaN,NaN,2010,2,27,1,0,0.00004764846776490228,0.0021928208823100105
884,5,205.50535743034038,41.10107148606808,2020,8,7,26,26161,21,4,2202210401,NaN,NaN,NaN,NaN,NaN,NaN,NaN,2009,2,27,1,0,0.00008739513137434432,0.003592033542151237
885,5,253.9388285109485,50.7877657021897,2020,8,7,26,26161,21,4,2202210401,NaN,NaN,NaN,NaN,NaN,NaN,NaN,2008,2,27,1,0,0.000008137750270008281,0.00041329815405611155
886,5,268.1829985315532,53.63659970631064,2020,8,7,26,26161,21,4,2202210401,NaN,NaN,NaN,NaN,NaN,NaN,NaN,2007,2,27,1,0,0.0000055837582786978995,0.00029949380765131737
887,5,229.81669167512396,45.963338335024794,2020,8,7,26,26161,21,4,2202210401,NaN,NaN,NaN,NaN,NaN,NaN,NaN,2006,2,27,1,0,0.00012308186633395272,0.005657253465213767
888,5,203.39262514967626,40.67852502993525,2020,8,7,26,26161,21,4,2202210401,NaN,NaN,NaN,NaN,NaN,NaN,NaN,2005,2,27,1,0,0.00009123291136845876,0.0037112202686557143
889,5,164.72170300101715,32.94434060020343,2020,8,7,26,26161,21,4,2202210401,NaN,NaN,NaN,NaN,NaN,NaN,NaN,2004,2,27,1,0,0.00006722318485296458,0.0022146234980265013
890,5,148.74713474802425,29.74942694960485,2020,8,7,26,26161,21,4,2202210401,NaN,NaN,NaN,NaN,NaN,NaN,NaN,2003,2,27,1,0,0.0000848642793278919,0.002524663678495981
891,5,118.52562992373574,23.70512598474715,2020,8,7,26,26161,21,4,2202210401,NaN,NaN,NaN,NaN,NaN,NaN,NaN,2002,2,27,1,0,0.00011898818955412505,0.002820630024077509
892,5,94.5116320580201,18.90232641160402,2020,8,7,26,26161,21,4,2202210401,NaN,NaN,NaN,NaN,NaN,NaN,NaN,2001,2,27,1,0,0.00010654299120697273,0.002013910396662855
893,5,83.62548218400153,16.725096436800307,2020,8,7,26,26161,21,4,2202210401,NaN,NaN,NaN,NaN,NaN,NaN,NaN,2000,2,27,1,0,0.0001562914654324784,0.0026139898316070425
894,5,60.874080684058114,12.174816136811623,2020,8,7,26,26161,21,4,2202210401,NaN,NaN,NaN,NaN,NaN,NaN,NaN,1999,2,27,1,0,0.00013327839267665234,0.001622639925848023
895,5,46.82985881634186,9.365971763268373,2020,8,7,26,26161,21,4,2202210401,NaN,NaN,NaN,NaN,NaN,NaN,NaN,1998,2,27,1,0,0.00020480779621998222,0.0019182240362935765
896,5,36.74778034358123,7.349556068716247,2020,8,7,26,26161,21,4,2202210401,NaN,NaN,NaN,NaN,NaN,NaN,NaN,1997,2,27,1,0,0.0001097823384356647,0.0008068514516877004
897,5,26.865139913300695,5.373027982660139,2020,8,7,26,26161,21,4,2202210401,NaN,NaN,NaN,NaN,NaN,NaN,NaN,1996,2,27,1,0,0.00016623330998015424,0.0008931762261735856
898,5,25.04660490806586,5.009320981613172,2020,8,7,26,26161,21,4,2202210401,NaN,NaN,NaN,NaN,NaN,NaN,NaN,1995,2,27,1,0,0.000169039830588518,0.0008467747700953992
899,5,18.41216437802274,3.6824328756045484,2020,8,7,26,26161,21,4,2202210401,NaN,NaN,NaN,NaN,NaN,NaN,NaN,1994,2,27,1,0,0.000030521712386340505,0.00011239415711120682
900,5,15.146433442304176,3.029286688460835,2020,8,7,26,26161,21,4,2202210401,NaN,NaN,NaN,NaN,NaN,NaN,NaN,1993,2,27,1,0,0.00021013669870788358,0.0006365643041528968
901,5,12.785088718582324,2.557017743716465,2020,8,7,26,26161,21,4,2202210401,NaN,NaN,NaN,NaN,NaN,NaN,NaN,1992,2,27,1,0,0.00035400207128484686,0.0009051895775877343
902,5,12.603265015943999,2.5206530031887997,2020,8,7,26,26161,21,4,2202210401,NaN,NaN,NaN,NaN,NaN,NaN,NaN,1991,2,27,1,0,0.0008576896883427036,0.0021619380887251015
903,5,10.501237834887378,2.1002475669774756,2020,8,7,26,26161,21,4,2202210401,NaN,NaN,NaN,NaN,NaN,NaN,NaN,1990,2,27,1,0,0.00039259996678385353,0.0008245571250332261
904,5,10.217773915995503,2.0435547831991006,2020,8,7,26,26161,21,4,2202210401,NaN,NaN,NaN,NaN,NaN,NaN,NaN,1989,2,27,1,0,0.000312321443805245,0.0006382459803838575
905,5,9.15454189972411,1.830908379944822,2020,8,7,26,26161,21,4,2202210401,NaN,NaN,NaN,NaN,NaN,NaN,NaN,1988,2,27,1,0,0.00008916901799897233,0.00016326030228576912
906,5,9.00619255308734,1.801238510617468,2020,8,7,26,26161,21,4,2202210401,NaN,NaN,NaN,NaN,NaN,NaN,NaN,1987,2,27,1,0,0.004378671955305243,0.007887032551256492
907,5,7.780739775004618,1.5561479550009236,2020,8,7,26,26161,21,4,2202210401,NaN,NaN,NaN,NaN,NaN,NaN,NaN,1986,2,27,1,0,0.003046363465523637,0.004740592277064134
908,5,5.992761098455286,1.1985522196910572,2020,8,7,26,26161,21,4,2202210401,NaN,NaN,NaN,NaN,NaN,NaN,NaN,1985,2,27,1,0,0.015042018351123263,0.018028644483372405
909,5,4.779871405562617,0.9559742811125235,2020,8,7,26,26161,21,4,2202210401,NaN,NaN,NaN,NaN,NaN,NaN,NaN,1984,2,27,1,0,0.019768563495483567,0.01889823827622218
910,5,3.5629958872973577,0.7125991774594715,2020,8,7,26,26161,21,4,2202210401,NaN,NaN,NaN,NaN,NaN,NaN,NaN,1983,2,27,1,0,0.0344600867151902,0.0245562294484266
911,5,2.6061493961116446,0.5212298792223289,2020,8,7,26,26161,21,4,2202210401,NaN,NaN,NaN,NaN,NaN,NaN,NaN,1982,2,27,1,0,0.06562255181432851,0.03420443475644347
912,5,1.8323500164585729,0.3664700032917146,2020,8,7,26,26161,21,4,2202210401,NaN,NaN,NaN,NaN,NaN,NaN,NaN,1981,2,27,1,0,0.04697890399827894,0.017216359102890426
913,5,23.19180710506584,4.638361421013168,2020,8,7,26,26161,21,4,2202210401,NaN,NaN,NaN,NaN,NaN,NaN,NaN,1980,2,27,1,0,0.02778418573470293,0.12887309522611048
914,5,260.05730384453915,52.01146076890783,2020,8,7,26,26161,21,4,2205210401,NaN,NaN,NaN,NaN,NaN,NaN,NaN,2020,5,27,1,0,0.00000008315788388731288,0.000004325163015430366
915,5,310.4463445557139,62.08926891114278,2020,8,7,26,26161,21,4,2205210401,NaN,NaN,NaN,NaN,NaN,NaN,NaN,2019,5,27,1,0,0.00000014244878492378633,0.00000884454091319851
916,5,327.8141613006279,65.56283226012559,2020,8,7,26,26161,21,4,2205210401,NaN,NaN,NaN,NaN,NaN,NaN,NaN,2018,5,27,1,0,0.0000001293835153723619,0.000008482749715583544
917,5,368.3242419642923,73.66484839285846,2020,8,7,26,26161,21,4,2205210401,NaN,NaN,NaN,NaN,NaN,NaN,NaN,2017,5,27,1,0,0.00000009035505919755383,0.000006655991737315554
918,5,367.29985169622574,73.45997033924515,2020,8,7,26,26161,21,4,2205210401,NaN,NaN,NaN,NaN,NaN,NaN,NaN,2016,5,27,1,0,0.0000002255275246525438,0.000016567245271659247
919,5,392.56334931271454,78.51266986254291,2020,8,7,26,26161,21,4,2205210401,NaN,NaN,NaN,NaN,NaN,NaN,NaN,2015,5,27,1,0,0.00000023568710429825657,0.000018504423810627737
920,5,364.0998652152451,72.81997304304902,2020,8,7,26,26161,21,4,2205210401,NaN,NaN,NaN,NaN,NaN,NaN,NaN,2014,5,27,1,0,0.0000003444072316961077,0.0000250797253279417
921,5,370.3959424661204,74.07918849322408,2020,8,7,26,26161,21,4,2205210401,NaN,NaN,NaN,NaN,NaN,NaN,NaN,2013,5,27,1,0,0.0000003863172389000953,0.000028618067558662037
922,5,316.43263381169584,63.286526762339165,2020,8,7,26,26161,21,4,2205210401,NaN,NaN,NaN,NaN,NaN,NaN,NaN,2012,5,27,1,0,0.0000004344476669448549,0.000027494683900941373
923,5,231.92053549096389,46.38410709819278,2020,8,7,26,26161,21,4,2205210401,NaN,NaN,NaN,NaN,NaN,NaN,NaN,2011,5,27,1,0,0.0000007753624503359277,0.00003596449493629885
924,5,230.10402906651655,46.02080581330331,2020,8,7,26,26161,21,4,2205210401,NaN,NaN,NaN,NaN,NaN,NaN,NaN,2010,5,27,1,0,0.0000006328962870357448,0.000029126397125632684
925,5,205.50535743034038,41.10107148606808,2020,8,7,26,26161,21,4,2205210401,NaN,NaN,NaN,NaN,NaN,NaN,NaN,2009,5,27,1,0,0.0000005468815623498079,0.000022477418188552053
926,5,253.9388285109485,50.7877657021897,2020,8,7,26,26161,21,4,2205210401,NaN,NaN,NaN,NaN,NaN,NaN,NaN,2008,5,27,1,0,0.0000006491661007581776,0.0000329696958271104
927,5,268.1829985315532,53.63659970631064,2020,8,7,26,26161,21,4,2205210401,NaN,NaN,NaN,NaN,NaN,NaN,NaN,2007,5,27,1,0,0.00000038633708425083093,0.000020721807539665027
928,5,229.81669167512396,45.963338335024794,2020,8,7,26,26161,21,4,2205210401,NaN,NaN,NaN,NaN,NaN,NaN,NaN,2006,5,27,1,0,0.0000004815436138582764,0.000022133352046838495
929,5,203.39262514967626,40.67852502993525,2020,8,7,26,26161,21,4,2205210401,NaN,NaN,NaN,NaN,NaN,NaN,NaN,2005,5,27,1,0,0.00000019720944496765406,0.000008022189343256354
930,5,164.72170300101715,32.94434060020343,2020,8,7,26,26161,21,4,2205210401,NaN,NaN,NaN,NaN,NaN,NaN,NaN,2004,5,27,1,0,0.0000001447507220488726,0.000004768717089303436
931,5,148.74713474802425,29.74942694960485,2020,8,7,26,26161,21,4,2205210401,NaN,NaN,NaN,NaN,NaN,NaN,NaN,2003,5,27,1,0,0.0000002217440224724337,0.000006596757598055202
932,5,118.52562992373574,23.70512598474715,2020,8,7,26,26161,21,4,2205210401,NaN,NaN,NaN,NaN,NaN,NaN,NaN,2002,5,27,1,0,0.0000001554087303732824,0.00000368398353262826
933,5,94.5116320580201,18.90232641160402,2020,8,7,26,26161,21,4,2205210401,NaN,NaN,NaN,NaN,NaN,NaN,NaN,2001,5,27,1,0,0.00000022846260935780245,0.000004318474814927961
934,5,83.62548218400153,16.725096436800307,2020,8,7,26,26161,21,4,2205210401,NaN,NaN,NaN,NaN,NaN,NaN,NaN,2000,5,27,1,0,0.0000002534561567357064,0.000004239078663905463
935,5,60.874080684058114,12.174816136811623,2020,8,7,26,26161,21,4,2205210401,NaN,NaN,NaN,NaN,NaN,NaN,NaN,1999,5,27,1,0,0.0000004828360693586077,0.0000058784403686618735
936,5,46.82985881634186,9.365971763268373,2020,8,7,26,26161,21,4,2205210401,NaN,NaN,NaN,NaN,NaN,NaN,NaN,1998,5,27,1,0,0.0000003361036647835431,0.0000031479374338936834
937,5,260.05730384453915,52.01146076890783,2020,8,7,26,26161,21,4,2201210401,NaN,NaN,NaN,NaN,NaN,NaN,NaN,2020,1,31,1,0,0.06040566063669814,3.1417866484255854
938,5,310.4463445557139,62.08926891114278,2020,8,7,26,26161,21,4,2201210401,NaN,NaN,NaN,NaN,NaN,NaN,NaN,2019,1,31,1,0,0.06180981414979119,3.8377261720941434
939,5,327.8141613006279,65.56283226012559,2020,8,7,26,26161,21,4,2201210401,NaN,NaN,NaN,NaN,NaN,NaN,NaN,2018,1,31,1,0,0.06193479458486193,4.060620548432637
940,5,368.3242419642923,73.66484839285846,2020,8,7,26,26161,21,4,2201210401,NaN,NaN,NaN,NaN,NaN,NaN,NaN,2017,1,31,1,0,0.06514826920667649,4.7991373741669525
941,5,367.29985169622574,73.45997033924515,2020,8,7,26,26161,21,4,2201210401,NaN,NaN,NaN,NaN,NaN,NaN,NaN,2016,1,31,1,0,0.06637106462203435,4.875616438518766
942,5,392.56334931271454,78.51266986254291,2020,8,7,26,26161,21,4,2201210401,NaN,NaN,NaN,NaN,NaN,NaN,NaN,2015,1,31,1,0,0.06978394000204372,5.47892344308796
943,5,364.0998652152451,72.81997304304902,2020,8,7,26,26161,21,4,2201210401,NaN,NaN,NaN,NaN,NaN,NaN,NaN,2014,1,31,1,0,0.07298023381715192,5.314418659240417
944,5,370.3959424661204,74.07918849322408,2020,8,7,26,26161,21,4,2201210401,NaN,NaN,NaN,NaN,NaN,NaN,NaN,2013,1,31,1,0,0.07498960342692262,5.555168967295123
945,5,316.43263381169584,63.286526762339165,2020,8,7,26,26161,21,4,2201210401,NaN,NaN,NaN,NaN,NaN,NaN,NaN,2012,1,31,1,0,0.07754081793106982,4.907289049168319
946,5,231.92053549096389,46.38410709819278,2020,8,7,26,26161,21,4,2201210401,NaN,NaN,NaN,NaN,NaN,NaN,NaN,2011,1,31,1,0,0.08459464517722617,3.9238470818340763
947,5,230.10402906651655,46.02080581330331,2020,8,7,26,26161,21,4,2201210401,NaN,NaN,NaN,NaN,NaN,NaN,NaN,2010,1,31,1,0,0.08428797860197301,3.8790006956372647
948,5,205.50535743034038,41.10107148606808,2020,8,7,26,26161,21,4,2201210401,NaN,NaN,NaN,NaN,NaN,NaN,NaN,2009,1,31,1,0,0.08316914416825787,3.4183409398946685
949,5,253.9388285109485,50.7877657021897,2020,8,7,26,26161,21,4,2201210401,NaN,NaN,NaN,NaN,NaN,NaN,NaN,2008,1,31,1,0,0.08478079776927802,4.30582729315082
950,5,268.1829985315532,53.63659970631064,2020,8,7,26,26161,21,4,2201210401,NaN,NaN,NaN,NaN,NaN,NaN,NaN,2007,1,31,1,0,0.08648811612551675,4.638928463977252
951,5,229.81669167512396,45.963338335024794,2020,8,7,26,26161,21,4,2201210401,NaN,NaN,NaN,NaN,NaN,NaN,NaN,2006,1,31,1,0,0.0859244091303078,3.949372688093431
952,5,203.39262514967626,40.67852502993525,2020,8,7,26,26161,21,4,2201210401,NaN,NaN,NaN,NaN,NaN,NaN,NaN,2005,1,31,1,0,0.08612494505659632,3.5034357331865515
953,5,164.72170300101715,32.94434060020343,2020,8,7,26,26161,21,4,2201210401,NaN,NaN,NaN,NaN,NaN,NaN,NaN,2004,1,31,1,0,0.08628185654997518,2.8424988698002758
954,5,148.74713474802425,29.74942694960485,2020,8,7,26,26161,21,4,2201210401,NaN,NaN,NaN,NaN,NaN,NaN,NaN,2003,1,31,1,0,0.08620294203100264,2.5644881267923343
955,5,118.52562992373574,23.70512598474715,2020,8,7,26,26161,21,4,2201210401,NaN,NaN,NaN,NaN,NaN,NaN,NaN,2002,1,31,1,0,0.08599182095698259,2.038446949443092
956,5,94.5116320580201,18.90232641160402,2020,8,7,26,26161,21,4,2201210401,NaN,NaN,NaN,NaN,NaN,NaN,NaN,2001,1,31,1,0,0.08625132272062801,1.6303506554979086
957,5,83.62548218400153,16.725096436800307,2020,8,7,26,26161,21,4,2201210401,NaN,NaN,NaN,NaN,NaN,NaN,NaN,2000,1,31,1,0,0.08382370593818879,1.401959565506198
958,5,60.874080684058114,12.174816136811623,2020,8,7,26,26161,21,4,2201210401,NaN,NaN,NaN,NaN,NaN,NaN,NaN,1999,1,31,1,0,0.08394539850490744,1.0220197923286294
959,5,46.82985881634186,9.365971763268373,2020,8,7,26,26161,21,4,2201210401,NaN,NaN,NaN,NaN,NaN,NaN,NaN,1998,1,31,1,0,0.08322090964169933,0.7794446898176646
960,5,36.74778034358123,7.349556068716247,2020,8,7,26,26161,21,4,2201210401,NaN,NaN,NaN,NaN,NaN,NaN,NaN,1997,1,31,1,0,0.08295461145670767,0.6096795680596442
961,5,26.865139913300695,5.373027982660139,2020,8,7,26,26161,21,4,2201210401,NaN,NaN,NaN,NaN,NaN,NaN,NaN,1996,1,31,1,0,0.08417152902937433,0.45225598081811846
962,5,25.04660490806586,5.009320981613172,2020,8,7,26,26161,21,4,2201210401,NaN,NaN,NaN,NaN,NaN,NaN,NaN,1995,1,31,1,0,0.08316532486253835,0.4166018067765889
963,5,18.41216437802274,3.6824328756045484,2020,8,7,26,26161,21,4,2201210401,NaN,NaN,NaN,NaN,NaN,NaN,NaN,1994,1,31,1,0,0.08382630502517045,0.3086847414651424
964,5,15.146433442304176,3.029286688460835,2020,8,7,26,26161,21,4,2201210401,NaN,NaN,NaN,NaN,NaN,NaN,NaN,1993,1,31,1,0,0.08265481811360573,0.25038514024869735
965,5,12.785088718582324,2.557017743716465,2020,8,7,26,26161,21,4,2201210401,NaN,NaN,NaN,NaN,NaN,NaN,NaN,1992,1,31,1,0,0.08388110027235034,0.21448546175885982
966,5,12.603265015943999,2.5206530031887997,2020,8,7,26,26161,21,4,2201210401,NaN,NaN,NaN,NaN,NaN,NaN,NaN,1991,1,31,1,0,0.08156542677686593,0.20559813796148324
967,5,10.501237834887378,2.1002475669774756,2020,8,7,26,26161,21,4,2201210401,NaN,NaN,NaN,NaN,NaN,NaN,NaN,1990,1,31,1,0,0.08567655194368223,0.17994196976673793
968,5,10.217773915995503,2.0435547831991006,2020,8,7,26,26161,21,4,2201210401,NaN,NaN,NaN,NaN,NaN,NaN,NaN,1989,1,31,1,0,0.08540749135391115,0.17453488747732096
969,5,9.15454189972411,1.830908379944822,2020,8,7,26,26161,21,4,2201210401,NaN,NaN,NaN,NaN,NaN,NaN,NaN,1988,1,31,1,0,0.08467263318558042,0.15502783365147324
970,5,9.00619255308734,1.801238510617468,2020,8,7,26,26161,21,4,2201210401,NaN,NaN,NaN,NaN,NaN,NaN,NaN,1987,1,31,1,0,0.08372366552872236,0.1508062906003909
971,5,7.780739775004618,1.5561479550009236,2020,8,7,26,26161,21,4,2201210401,NaN,NaN,NaN,NaN,NaN,NaN,NaN,1986,1,31,1,0,0.0849774436496829,0.13223747515666026
972,5,5.992761098455286,1.1985522196910572,2020,8,7,26,26161,21,4,2201210401,NaN,NaN,NaN,NaN,NaN,NaN,NaN,1985,1,31,1,0,0.09389385598613871,0.112536689507539
973,5,4.779871405562617,0.9559742811125235,2020,8,7,26,26161,21,4,2201210401,NaN,NaN,NaN,NaN,NaN,NaN,NaN,1984,1,31,1,0,0.09370045291567218,0.08957522311597757
974,5,3.5629958872973577,0.7125991774594715,2020,8,7,26,26161,21,4,2201210401,NaN,NaN,NaN,NaN,NaN,NaN,NaN,1983,1,31,1,0,0.09252340855142088,0.06593210482948916
975,5,2.6061493961116446,0.5212298792223289,2020,8,7,26,26161,21,4,2201210401,NaN,NaN,NaN,NaN,NaN,NaN,NaN,1982,1,31,1,0,0.08769955972491093,0.045711630923266744
976,5,1.8323500164585729,0.3664700032917146,2020,8,7,26,26161,21,4,2201210401,NaN,NaN,NaN,NaN,NaN,NaN,NaN,1981,1,31,1,0,0.10766930034534491,0.039457568851975156
977,5,23.19180710506584,4.638361421013168,2020,8,7,26,26161,21,4,2201210401,NaN,NaN,NaN,NaN,NaN,NaN,NaN,1980,1,31,1,0,0.11407251980453602,0.5291095750591205
978,5,310.4463445557139,62.08926891114278,2020,8,7,26,26161,21,4,2202210401,NaN,NaN,NaN,NaN,NaN,NaN,NaN,2019,2,31,1,0,0.0000035353284792258934,0.00021950596063587797
979,5,327.8141613006279,65.56283226012559,2020,8,7,26,26161,21,4,2202210401,NaN,NaN,NaN,NaN,NaN,NaN,NaN,2018,2,31,1,0,0.00003938589162623576,0.00258225060610638
980,5,368.3242419642923,73.66484839285846,2020,8,7,26,26161,21,4,2202210401,NaN,NaN,NaN,NaN,NaN,NaN,NaN,2017,2,31,1,0,0.00004306762256251136,0.00317256988670825
981,5,367.29985169622574,73.45997033924515,2020,8,7,26,26161,21,4,2202210401,NaN,NaN,NaN,NaN,NaN,NaN,NaN,2016,2,31,1,0,0.00004118284453746876,0.0030252905382081993
982,5,392.56334931271454,78.51266986254291,2020,8,7,26,26161,21,4,2202210401,NaN,NaN,NaN,NaN,NaN,NaN,NaN,2015,2,31,1,0,0.0005122319642041928,0.04021669909860568
983,5,364.0998652152451,72.81997304304902,2020,8,7,26,26161,21,4,2202210401,NaN,NaN,NaN,NaN,NaN,NaN,NaN,2014,2,31,1,0,0.000698173972371607,0.05084100984745887
984,5,370.3959424661204,74.07918849322408,2020,8,7,26,26161,21,4,2202210401,NaN,NaN,NaN,NaN,NaN,NaN,NaN,2013,2,31,1,0,0.0007245504072987244,0.053674106195124485
985,5,316.43263381169584,63.286526762339165,2020,8,7,26,26161,21,4,2202210401,NaN,NaN,NaN,NaN,NaN,NaN,NaN,2012,2,31,1,0,0.0006969031796840088,0.04410458173183128
986,5,231.92053549096389,46.38410709819278,2020,8,7,26,26161,21,4,2202210401,NaN,NaN,NaN,NaN,NaN,NaN,NaN,2011,2,31,1,0,0.0008201025409170392,0.038039724089395974
987,5,230.10402906651655,46.02080581330331,2020,8,7,26,26161,21,4,2202210401,NaN,NaN,NaN,NaN,NaN,NaN,NaN,2010,2,31,1,0,0.000735761171324402,0.03386032199048889
988,5,205.50535743034038,41.10107148606808,2020,8,7,26,26161,21,4,2202210401,NaN,NaN,NaN,NaN,NaN,NaN,NaN,2009,2,31,1,0,0.000531943250706918,0.02186343757383647
989,5,253.9388285109485,50.7877657021897,2020,8,7,26,26161,21,4,2202210401,NaN,NaN,NaN,NaN,NaN,NaN,NaN,2008,2,31,1,0,0.000047705631793083194,0.0024228624501820414
990,5,268.1829985315532,53.63659970631064,2020,8,7,26,26161,21,4,2202210401,NaN,NaN,NaN,NaN,NaN,NaN,NaN,2007,2,31,1,0,0.00003215110488877745,0.001724475943034963
991,5,229.81669167512396,45.963338335024794,2020,8,7,26,26161,21,4,2202210401,NaN,NaN,NaN,NaN,NaN,NaN,NaN,2006,2,31,1,0,0.0005127323499930156,0.023566890478041322
992,5,203.39262514967626,40.67852502993525,2020,8,7,26,26161,21,4,2202210401,NaN,NaN,NaN,NaN,NaN,NaN,NaN,2005,2,31,1,0,0.00036235884360306806,0.014740223289325798
993,5,164.72170300101715,32.94434060020343,2020,8,7,26,26161,21,4,2202210401,NaN,NaN,NaN,NaN,NaN,NaN,NaN,2004,2,31,1,0,0.0002495523317112276,0.00822133701346963
994,5,148.74713474802425,29.74942694960485,2020,8,7,26,26161,21,4,2202210401,NaN,NaN,NaN,NaN,NaN,NaN,NaN,2003,2,31,1,0,0.00030698435062238757,0.009132608513512601
995,5,118.52562992373574,23.70512598474715,2020,8,7,26,26161,21,4,2202210401,NaN,NaN,NaN,NaN,NaN,NaN,NaN,2002,2,31,1,0,0.0003421131906123709,0.008109836284510067
996,5,94.5116320580201,18.90232641160402,2020,8,7,26,26161,21,4,2202210401,NaN,NaN,NaN,NaN,NaN,NaN,NaN,2001,2,31,1,0,0.00024745466330557836,0.004677468817875613
997,5,83.62548218400153,16.725096436800307,2020,8,7,26,26161,21,4,2202210401,NaN,NaN,NaN,NaN,NaN,NaN,NaN,2000,2,31,1,0,0.00022810892902321893,0.003815143836008573
998,5,60.874080684058114,12.174816136811623,2020,8,7,26,26161,21,4,2202210401,NaN,NaN,NaN,NaN,NaN,NaN,NaN,1999,2,31,1,0,0.00013869875191669151,0.0016886318029909679
999,5,46.82985881634186,9.365971763268373,2020,8,7,26,26161,21,4,2202210401,NaN,NaN,NaN,NaN,NaN,NaN,NaN,1998,2,31,1,0,0.00016296933784354814,0.0015263662165212158
1000,5,36.74778034358123,7.349556068716247,2020,8,7,26,26161,21,4,2202210401,NaN,NaN,NaN,NaN,NaN,NaN,NaN,1997,2,31,1,0,0.00006699086274681352,0.0004923531018493804
1001,5,26.865139913300695,5.373027982660139,2020,8,7,26,26161,21,4,2202210401,NaN,NaN,NaN,NaN,NaN,NaN,NaN,1996,2,31,1,0,0.00009178509237637875,0.0004931638697293288
1002,5,25.04660490806586,5.009320981613172,2020,8,7,26,26161,21,4,2202210401,NaN,NaN,NaN,NaN,NaN,NaN,NaN,1995,2,31,1,0,0.00006959353844180478,0.0003486163723012356
1003,5,18.41216437802274,3.6824328756045484,2020,8,7,26,26161,21,4,2202210401,NaN,NaN,NaN,NaN,NaN,NaN,NaN,1994,2,31,1,0,0.000011082006265429082,0.00004080874419947163
1004,5,15.146433442304176,3.029286688460835,2020,8,7,26,26161,21,4,2202210401,NaN,NaN,NaN,NaN,NaN,NaN,NaN,1993,2,31,1,0,0.00005106879601950366,0.0001547020239776041
1005,5,12.785088718582324,2.557017743716465,2020,8,7,26,26161,21,4,2202210401,NaN,NaN,NaN,NaN,NaN,NaN,NaN,1992,2,31,1,0,0.00008603190056801535,0.00021998509627806586
1006,5,12.603265015943999,2.5206530031887997,2020,8,7,26,26161,21,4,2202210401,NaN,NaN,NaN,NaN,NaN,NaN,NaN,1991,2,31,1,0,0.00020844136227196725,0.0005254083457995988
1007,5,10.501237834887378,2.1002475669774756,2020,8,7,26,26161,21,4,2202210401,NaN,NaN,NaN,NaN,NaN,NaN,NaN,1990,2,31,1,0,0.00007855600247038575,0.00016498705305990425
1008,5,10.217773915995503,2.0435547831991006,2020,8,7,26,26161,21,4,2202210401,NaN,NaN,NaN,NaN,NaN,NaN,NaN,1989,2,31,1,0,0.00006723090711041447,0.00013739004180430192
1009,5,9.15454189972411,1.830908379944822,2020,8,7,26,26161,21,4,2202210401,NaN,NaN,NaN,NaN,NaN,NaN,NaN,1988,2,31,1,0,0.000019194692151698836,0.000035143722711006504
1010,5,9.00619255308734,1.801238510617468,2020,8,7,26,26161,21,4,2202210401,NaN,NaN,NaN,NaN,NaN,NaN,NaN,1987,2,31,1,0,0.0009425612404560739,0.0016977776049248517
1011,5,7.780739775004618,1.5561479550009236,2020,8,7,26,26161,21,4,2202210401,NaN,NaN,NaN,NaN,NaN,NaN,NaN,1986,2,31,1,0,0.0006557659848130496,0.0010204688962259939
1012,5,5.992761098455286,1.1985522196910572,2020,8,7,26,26161,21,4,2202210401,NaN,NaN,NaN,NaN,NaN,NaN,NaN,1985,2,31,1,0,0.0012870858847130648,0.001542639644055872
1013,5,4.779871405562617,0.9559742811125235,2020,8,7,26,26161,21,4,2202210401,NaN,NaN,NaN,NaN,NaN,NaN,NaN,1984,2,31,1,0,0.0017996244865599097,0.0017203947248116038
1014,5,3.5629958872973577,0.7125991774594715,2020,8,7,26,26161,21,4,2202210401,NaN,NaN,NaN,NaN,NaN,NaN,NaN,1983,2,31,1,0,0.003516266411766181,0.0025056885527529483
1015,5,2.6061493961116446,0.5212298792223289,2020,8,7,26,26161,21,4,2202210401,NaN,NaN,NaN,NaN,NaN,NaN,NaN,1982,2,31,1,0,0.005426746945061344,0.0028285826547444666
1016,5,1.8323500164585729,0.3664700032917146,2020,8,7,26,26161,21,4,2202210401,NaN,NaN,NaN,NaN,NaN,NaN,NaN,1981,2,31,1,0,0.004488779127989535,0.0016450029018101045
1017,5,23.19180710506584,4.638361421013168,2020,8,7,26,26161,21,4,2202210401,NaN,NaN,NaN,NaN,NaN,NaN,NaN,1980,2,31,1,0,0.003058037016563413,0.014184280921657941
1018,5,260.05730384453915,52.01146076890783,2020,8,7,26,26161,21,4,2205210401,NaN,NaN,NaN,NaN,NaN,NaN,NaN,2020,5,31,1,0,0.00002884319848762056,0.0015001768865886985
1019,5,310.4463445557139,62.08926891114278,2020,8,7,26,26161,21,4,2205210401,NaN,NaN,NaN,NaN,NaN,NaN,NaN,2019,5,31,1,0,0.000046484869815907266,0.0028862115822993304
1020,5,327.8141613006279,65.56283226012559,2020,8,7,26,26161,21,4,2205210401,NaN,NaN,NaN,NaN,NaN,NaN,NaN,2018,5,31,1,0,0.00003938339167571871,0.0025820867022699726
1021,5,368.3242419642923,73.66484839285846,2020,8,7,26,26161,21,4,2205210401,NaN,NaN,NaN,NaN,NaN,NaN,NaN,2017,5,31,1,0,0.000026544916781550983,0.0019554272703139973
1022,5,367.29985169622574,73.45997033924515,2020,8,7,26,26161,21,4,2205210401,NaN,NaN,NaN,NaN,NaN,NaN,NaN,2016,5,31,1,0,0.00005231911647459855,0.0038433607443995217
1023,5,392.56334931271454,78.51266986254291,2020,8,7,26,26161,21,4,2205210401,NaN,NaN,NaN,NaN,NaN,NaN,NaN,2015,5,31,1,0,0.00005803198961491012,0.0045562464421019565
1024,5,364.0998652152451,72.81997304304902,2020,8,7,26,26161,21,4,2205210401,NaN,NaN,NaN,NaN,NaN,NaN,NaN,2014,5,31,1,0,0.00007802589997551375,0.00568184393287655
1025,5,370.3959424661204,74.07918849322408,2020,8,7,26,26161,21,4,2205210401,NaN,NaN,NaN,NaN,NaN,NaN,NaN,2013,5,31,1,0,0.00009004151786000935,0.006670202573767635
1026,5,316.43263381169584,63.286526762339165,2020,8,7,26,26161,21,4,2205210401,NaN,NaN,NaN,NaN,NaN,NaN,NaN,2012,5,31,1,0,0.0000959925643410112,0.0060750359921529695
1027,5,231.92053549096389,46.38410709819278,2020,8,7,26,26161,21,4,2205210401,NaN,NaN,NaN,NaN,NaN,NaN,NaN,2011,5,31,1,0,0.00018679163650975938,0.008664163272915375
1028,5,230.10402906651655,46.02080581330331,2020,8,7,26,26161,21,4,2205210401,NaN,NaN,NaN,NaN,NaN,NaN,NaN,2010,5,31,1,0,0.00011711426647531404,0.005389692915427886
1029,5,205.50535743034038,41.10107148606808,2020,8,7,26,26161,21,4,2205210401,NaN,NaN,NaN,NaN,NaN,NaN,NaN,2009,5,31,1,0,0.00009776862835798206,0.004018395383236243
1030,5,253.9388285109485,50.7877657021897,2020,8,7,26,26161,21,4,2205210401,NaN,NaN,NaN,NaN,NaN,NaN,NaN,2008,5,31,1,0,0.00011181202916625657,0.0056786831399822406
1031,5,268.1829985315532,53.63659970631064,2020,8,7,26,26161,21,4,2205210401,NaN,NaN,NaN,NaN,NaN,NaN,NaN,2007,5,31,1,0,0.00006709085812909142,0.003598525501422954
1032,5,229.81669167512396,45.963338335024794,2020,8,7,26,26161,21,4,2205210401,NaN,NaN,NaN,NaN,NaN,NaN,NaN,2006,5,31,1,0,0.00007871119484665163,0.0036178292794907087
1033,5,203.39262514967626,40.67852502993525,2020,8,7,26,26161,21,4,2205210401,NaN,NaN,NaN,NaN,NaN,NaN,NaN,2005,5,31,1,0,0.00003073401315258499,0.0012502143232977878
1034,5,164.72170300101715,32.94434060020343,2020,8,7,26,26161,21,4,2205210401,NaN,NaN,NaN,NaN,NaN,NaN,NaN,2004,5,31,1,0,0.00002108470443762393,0.0006946216844477035
1035,5,148.74713474802425,29.74942694960485,2020,8,7,26,26161,21,4,2205210401,NaN,NaN,NaN,NaN,NaN,NaN,NaN,2003,5,31,1,0,0.000031473675408675604,0.0009363238074059694
1036,5,118.52562992373574,23.70512598474715,2020,8,7,26,26161,21,4,2205210401,NaN,NaN,NaN,NaN,NaN,NaN,NaN,2002,5,31,1,0,0.000017532570991611392,0.0004156118041926713
1037,5,94.5116320580201,18.90232641160402,2020,8,7,26,26161,21,4,2205210401,NaN,NaN,NaN,NaN,NaN,NaN,NaN,2001,5,31,1,0,0.000020820450428135746,0.0003935549500292425
1038,5,83.62548218400153,16.725096436800307,2020,8,7,26,26161,21,4,2205210401,NaN,NaN,NaN,NaN,NaN,NaN,NaN,2000,5,31,1,0,0.000026846641795530613,0.0004490126730344833
1039,5,60.874080684058114,12.174816136811623,2020,8,7,26,26161,21,4,2205210401,NaN,NaN,NaN,NaN,NaN,NaN,NaN,1999,5,31,1,0,0.00003646637663000858,0.00044397143064607873
1040,5,46.82985881634186,9.365971763268373,2020,8,7,26,26161,21,4,2205210401,NaN,NaN,NaN,NaN,NaN,NaN,NaN,1998,5,31,1,0,0.000019245526244524102,0.00018025305537545315
1041,5,260.05730384453915,52.01146076890783,2020,8,7,26,26161,21,4,2201210401,NaN,NaN,NaN,NaN,NaN,NaN,NaN,2020,1,40,1,0,0.003993986652413922,0.20773308008356822
1042,5,310.4463445557139,62.08926891114278,2020,8,7,26,26161,21,4,2201210401,NaN,NaN,NaN,NaN,NaN,NaN,NaN,2019,1,40,1,0,0.004343837076045341,0.26970566832077136
1043,5,327.8141613006279,65.56283226012559,2020,8,7,26,26161,21,4,2201210401,NaN,NaN,NaN,NaN,NaN,NaN,NaN,2018,1,40,1,0,0.004666266018092795,0.3059336162253421
1044,5,368.3242419642923,73.66484839285846,2020,8,7,26,26161,21,4,2201210401,NaN,NaN,NaN,NaN,NaN,NaN,NaN,2017,1,40,1,0,0.00508560878843338,0.3746306003853336
1045,5,367.29985169622574,73.45997033924515,2020,8,7,26,26161,21,4,2201210401,NaN,NaN,NaN,NaN,NaN,NaN,NaN,2016,1,40,1,0,0.0065612546845051885,0.48198957451198443
1046,5,392.56334931271454,78.51266986254291,2020,8,7,26,26161,21,4,2201210401,NaN,NaN,NaN,NaN,NaN,NaN,NaN,2015,1,40,1,0,0.00649969243242636,0.5103082061551593
1047,5,364.0998652152451,72.81997304304902,2020,8,7,26,26161,21,4,2201210401,NaN,NaN,NaN,NaN,NaN,NaN,NaN,2014,1,40,1,0,0.00738767336963775,0.5379701756278721
1048,5,370.3959424661204,74.07918849322408,2020,8,7,26,26161,21,4,2201210401,NaN,NaN,NaN,NaN,NaN,NaN,NaN,2013,1,40,1,0,0.007378554643137065,0.5465973402165044
1049,5,316.43263381169584,63.286526762339165,2020,8,7,26,26161,21,4,2201210401,NaN,NaN,NaN,NaN,NaN,NaN,NaN,2012,1,40,1,0,0.0080482084025013,0.5093431564537815
1050,5,231.92053549096389,46.38410709819278,2020,8,7,26,26161,21,4,2201210401,NaN,NaN,NaN,NaN,NaN,NaN,NaN,2011,1,40,1,0,0.008053027294565984,0.3735324804958182
1051,5,230.10402906651655,46.02080581330331,2020,8,7,26,26161,21,4,2201210401,NaN,NaN,NaN,NaN,NaN,NaN,NaN,2010,1,40,1,0,0.010446176126247578,0.4807414429976048
1052,5,205.50535743034038,41.10107148606808,2020,8,7,26,26161,21,4,2201210401,NaN,NaN,NaN,NaN,NaN,NaN,NaN,2009,1,40,1,0,0.010669030384416007,0.4385085805169147
1053,5,253.9388285109485,50.7877657021897,2020,8,7,26,26161,21,4,2201210401,NaN,NaN,NaN,NaN,NaN,NaN,NaN,2008,1,40,1,0,0.011288435680307494,0.5733144264756954
1054,5,268.1829985315532,53.63659970631064,2020,8,7,26,26161,21,4,2201210401,NaN,NaN,NaN,NaN,NaN,NaN,NaN,2007,1,40,1,0,0.011421639500911294,0.6126179059001647
1055,5,229.81669167512396,45.963338335024794,2020,8,7,26,26161,21,4,2201210401,NaN,NaN,NaN,NaN,NaN,NaN,NaN,2006,1,40,1,0,0.012055483610537524,0.5541102719834825
1056,5,203.39262514967626,40.67852502993525,2020,8,7,26,26161,21,4,2201210401,NaN,NaN,NaN,NaN,NaN,NaN,NaN,2005,1,40,1,0,0.012673785597276083,0.515550904642828
1057,5,164.72170300101715,32.94434060020343,2020,8,7,26,26161,21,4,2201210401,NaN,NaN,NaN,NaN,NaN,NaN,NaN,2004,1,40,1,0,0.013584437582004354,0.4475303385637554
1058,5,148.74713474802425,29.74942694960485,2020,8,7,26,26161,21,4,2201210401,NaN,NaN,NaN,NaN,NaN,NaN,NaN,2003,1,40,1,0,0.020988811949015355,0.6244051278362257
1059,5,118.52562992373574,23.70512598474715,2020,8,7,26,26161,21,4,2201210401,NaN,NaN,NaN,NaN,NaN,NaN,NaN,2002,1,40,1,0,0.026341970583964855,0.6244397313793904
1060,5,94.5116320580201,18.90232641160402,2020,8,7,26,26161,21,4,2201210401,NaN,NaN,NaN,NaN,NaN,NaN,NaN,2001,1,40,1,0,0.0327078565523648,0.6182545807767207
1061,5,83.62548218400153,16.725096436800307,2020,8,7,26,26161,21,4,2201210401,NaN,NaN,NaN,NaN,NaN,NaN,NaN,2000,1,40,1,0,0.10718497868667953,1.7926791051111006
1062,5,60.874080684058114,12.174816136811623,2020,8,7,26,26161,21,4,2201210401,NaN,NaN,NaN,NaN,NaN,NaN,NaN,1999,1,40,1,0,0.15054217252657257,1.832823271347195
1063,5,46.82985881634186,9.365971763268373,2020,8,7,26,26161,21,4,2201210401,NaN,NaN,NaN,NaN,NaN,NaN,NaN,1998,1,40,1,0,0.1968475922248113,1.8436689904449495
1064,5,36.74778034358123,7.349556068716247,2020,8,7,26,26161,21,4,2201210401,NaN,NaN,NaN,NaN,NaN,NaN,NaN,1997,1,40,1,0,0.2570644609356322,1.889309668920746
1065,5,26.865139913300695,5.373027982660139,2020,8,7,26,26161,21,4,2201210401,NaN,NaN,NaN,NaN,NaN,NaN,NaN,1996,1,40,1,0,0.2840043732675392,1.525963444764343
1066,5,25.04660490806586,5.009320981613172,2020,8,7,26,26161,21,4,2201210401,NaN,NaN,NaN,NaN,NaN,NaN,NaN,1995,1,40,1,0,0.3810043545065119,1.908573107115453
1067,5,18.41216437802274,3.6824328756045484,2020,8,7,26,26161,21,4,2201210401,NaN,NaN,NaN,NaN,NaN,NaN,NaN,1994,1,40,1,0,0.4323591904819315,1.5921336971004336
1068,5,15.146433442304176,3.029286688460835,2020,8,7,26,26161,21,4,2201210401,NaN,NaN,NaN,NaN,NaN,NaN,NaN,1993,1,40,1,0,0.5984224780980963,1.8127932469783088
1069,5,12.785088718582324,2.557017743716465,2020,8,7,26,26161,21,4,2201210401,NaN,NaN,NaN,NaN,NaN,NaN,NaN,1992,1,40,1,0,0.5981388851001765,1.5294517424079352
1070,5,12.603265015943999,2.5206530031887997,2020,8,7,26,26161,21,4,2201210401,NaN,NaN,NaN,NaN,NaN,NaN,NaN,1991,1,40,1,0,0.5971459965490411,1.505197849543509
1071,5,10.501237834887378,2.1002475669774756,2020,8,7,26,26161,21,4,2201210401,NaN,NaN,NaN,NaN,NaN,NaN,NaN,1990,1,40,1,0,0.7265586211376786,1.5259529763109188
1072,5,10.217773915995503,2.0435547831991006,2020,8,7,26,26161,21,4,2201210401,NaN,NaN,NaN,NaN,NaN,NaN,NaN,1989,1,40,1,0,0.6754594705294865,1.3803384318576641
1073,5,9.15454189972411,1.830908379944822,2020,8,7,26,26161,21,4,2201210401,NaN,NaN,NaN,NaN,NaN,NaN,NaN,1988,1,40,1,0,0.6758993572394986,1.237509797169117
1074,5,9.00619255308734,1.801238510617468,2020,8,7,26,26161,21,4,2201210401,NaN,NaN,NaN,NaN,NaN,NaN,NaN,1987,1,40,1,0,0.6674437228099842,1.202225337195234
1075,5,7.780739775004618,1.5561479550009236,2020,8,7,26,26161,21,4,2201210401,NaN,NaN,NaN,NaN,NaN,NaN,NaN,1986,1,40,1,0,0.6700700209385986,1.0427280927910263
1076,5,5.992761098455286,1.1985522196910572,2020,8,7,26,26161,21,4,2201210401,NaN,NaN,NaN,NaN,NaN,NaN,NaN,1985,1,40,1,0,0.848932659580427,1.0174901235083533
1077,5,4.779871405562617,0.9559742811125235,2020,8,7,26,26161,21,4,2201210401,NaN,NaN,NaN,NaN,NaN,NaN,NaN,1984,1,40,1,0,0.8396155106148172,0.8026508341709242
1078,5,3.5629958872973577,0.7125991774594715,2020,8,7,26,26161,21,4,2201210401,NaN,NaN,NaN,NaN,NaN,NaN,NaN,1983,1,40,1,0,0.8106550106748013,0.5776720938102625
1079,5,2.6061493961116446,0.5212298792223289,2020,8,7,26,26161,21,4,2201210401,NaN,NaN,NaN,NaN,NaN,NaN,NaN,1982,1,40,1,0,1.0827436514202877,0.5643583426585399
1080,5,1.8323500164585729,0.3664700032917146,2020,8,7,26,26161,21,4,2201210401,NaN,NaN,NaN,NaN,NaN,NaN,NaN,1981,1,40,1,0,1.1194947325290274,0.4102612383149698
1081,5,23.19180710506584,4.638361421013168,2020,8,7,26,26161,21,4,2201210401,NaN,NaN,NaN,NaN,NaN,NaN,NaN,1980,1,40,1,0,1.1187560507268832,5.189194905216626
1082,5,310.4463445557139,62.08926891114278,2020,8,7,26,26161,21,4,2202210401,NaN,NaN,NaN,NaN,NaN,NaN,NaN,2019,2,40,1,0,0.00000011589190810440948,0.000007195643846920128
1083,5,327.8141613006279,65.56283226012559,2020,8,7,26,26161,21,4,2202210401,NaN,NaN,NaN,NaN,NaN,NaN,NaN,2018,2,40,1,0,0.0000013841497139831702,0.0000907487755207794
1084,5,368.3242419642923,73.66484839285846,2020,8,7,26,26161,21,4,2202210401,NaN,NaN,NaN,NaN,NaN,NaN,NaN,2017,2,40,1,0,0.0000015681895242324898,0.0001155204435538552
1085,5,367.29985169622574,73.45997033924515,2020,8,7,26,26161,21,4,2202210401,NaN,NaN,NaN,NaN,NaN,NaN,NaN,2016,2,40,1,0,0.0000030741591038569997,0.00022582763658745563
1086,5,392.56334931271454,78.51266986254291,2020,8,7,26,26161,21,4,2202210401,NaN,NaN,NaN,NaN,NaN,NaN,NaN,2015,2,40,1,0,0.000036025078942534416,0.002828425129787251
1087,5,364.0998652152451,72.81997304304902,2020,8,7,26,26161,21,4,2202210401,NaN,NaN,NaN,NaN,NaN,NaN,NaN,2014,2,40,1,0,0.000053366322351815,0.0038861341550658324
1088,5,370.3959424661204,74.07918849322408,2020,8,7,26,26161,21,4,2202210401,NaN,NaN,NaN,NaN,NaN,NaN,NaN,2013,2,40,1,0,0.00005383200493922285,0.003987831240860859
1089,5,316.43263381169584,63.286526762339165,2020,8,7,26,26161,21,4,2202210401,NaN,NaN,NaN,NaN,NaN,NaN,NaN,2012,2,40,1,0,0.000054618820317535644,0.0034566354337531137
1090,5,231.92053549096389,46.38410709819278,2020,8,7,26,26161,21,4,2202210401,NaN,NaN,NaN,NaN,NaN,NaN,NaN,2011,2,40,1,0,0.00005101569485925368,0.0023663174540403454
1091,5,230.10402906651655,46.02080581330331,2020,8,7,26,26161,21,4,2202210401,NaN,NaN,NaN,NaN,NaN,NaN,NaN,2010,2,40,1,0,0.00005956058470612785,0.002741026102887513
1092,5,205.50535743034038,41.10107148606808,2020,8,7,26,26161,21,4,2202210401,NaN,NaN,NaN,NaN,NaN,NaN,NaN,2009,2,40,1,0,0.00006816820399566667,0.0028017862255027676
1093,5,253.9388285109485,50.7877657021897,2020,8,7,26,26161,21,4,2202210401,NaN,NaN,NaN,NaN,NaN,NaN,NaN,2008,2,40,1,0,0.000006347445352482921,0.0003223725673693555
1094,5,268.1829985315532,53.63659970631064,2020,8,7,26,26161,21,4,2202210401,NaN,NaN,NaN,NaN,NaN,NaN,NaN,2007,2,40,1,0,0.00000435533155473361,0.0002336051751895102
1095,5,229.81669167512396,45.963338335024794,2020,8,7,26,26161,21,4,2202210401,NaN,NaN,NaN,NaN,NaN,NaN,NaN,2006,2,40,1,0,0.000033606691658916694,0.0015446757390396436
1096,5,203.39262514967626,40.67852502993525,2020,8,7,26,26161,21,4,2202210401,NaN,NaN,NaN,NaN,NaN,NaN,NaN,2005,2,40,1,0,0.00002491054460602771,0.0010133242122656169
1097,5,164.72170300101715,32.94434060020343,2020,8,7,26,26161,21,4,2202210401,NaN,NaN,NaN,NaN,NaN,NaN,NaN,2004,2,40,1,0,0.00001835484716777278,0.0006046883367597858
1098,5,148.74713474802425,29.74942694960485,2020,8,7,26,26161,21,4,2202210401,NaN,NaN,NaN,NaN,NaN,NaN,NaN,2003,2,40,1,0,0.00002317163163979341,0.0006893427627711865
1099,5,118.52562992373574,23.70512598474715,2020,8,7,26,26161,21,4,2202210401,NaN,NaN,NaN,NaN,NaN,NaN,NaN,2002,2,40,1,0,0.00003248894021925572,0.0007701544210083755
1100,5,94.5116320580201,18.90232641160402,2020,8,7,26,26161,21,4,2202210401,NaN,NaN,NaN,NaN,NaN,NaN,NaN,2001,2,40,1,0,0.00002909086090875835,0.0005498849484919219
1101,5,83.62548218400153,16.725096436800307,2020,8,7,26,26161,21,4,2202210401,NaN,NaN,NaN,NaN,NaN,NaN,NaN,2000,2,40,1,0,0.00004267435361646469,0.0007137326796134899
1102,5,60.874080684058114,12.174816136811623,2020,8,7,26,26161,21,4,2202210401,NaN,NaN,NaN,NaN,NaN,NaN,NaN,1999,2,40,1,0,0.000036390785912585,0.00044305112755979695
1103,5,46.82985881634186,9.365971763268373,2020,8,7,26,26161,21,4,2202210401,NaN,NaN,NaN,NaN,NaN,NaN,NaN,1998,2,40,1,0,0.00005592141768659957,0.0005237584190146282
1104,5,36.74778034358123,7.349556068716247,2020,8,7,26,26161,21,4,2202210401,NaN,NaN,NaN,NaN,NaN,NaN,NaN,1997,2,40,1,0,0.000029975343300302872,0.00022030546626459387
1105,5,26.865139913300695,5.373027982660139,2020,8,7,26,26161,21,4,2202210401,NaN,NaN,NaN,NaN,NaN,NaN,NaN,1996,2,40,1,0,0.000045388908686080645,0.00024387587647271714
1106,5,25.04660490806586,5.009320981613172,2020,8,7,26,26161,21,4,2202210401,NaN,NaN,NaN,NaN,NaN,NaN,NaN,1995,2,40,1,0,0.00004615521062420504,0.0002312062649906055
1107,5,18.41216437802274,3.6824328756045484,2020,8,7,26,26161,21,4,2202210401,NaN,NaN,NaN,NaN,NaN,NaN,NaN,1994,2,40,1,0,0.000008333752222173857,0.000030688483160075474
1108,5,15.146433442304176,3.029286688460835,2020,8,7,26,26161,21,4,2202210401,NaN,NaN,NaN,NaN,NaN,NaN,NaN,1993,2,40,1,0,0.00005737643935734209,0.00017380968397647672
1109,5,12.785088718582324,2.557017743716465,2020,8,7,26,26161,21,4,2202210401,NaN,NaN,NaN,NaN,NaN,NaN,NaN,1992,2,40,1,0,0.00009665793029176629,0.0002471560428269556
1110,5,12.603265015943999,2.5206530031887997,2020,8,7,26,26161,21,4,2202210401,NaN,NaN,NaN,NaN,NaN,NaN,NaN,1991,2,40,1,0,0.00023418651141475527,0.000590302933303911
1111,5,10.501237834887378,2.1002475669774756,2020,8,7,26,26161,21,4,2202210401,NaN,NaN,NaN,NaN,NaN,NaN,NaN,1990,2,40,1,0,0.0001071968310360783,0.000225139883571219
1112,5,10.217773915995503,2.0435547831991006,2020,8,7,26,26161,21,4,2202210401,NaN,NaN,NaN,NaN,NaN,NaN,NaN,1989,2,40,1,0,0.00008527730991624679,0.0001742688545776982
1113,5,9.15454189972411,1.830908379944822,2020,8,7,26,26161,21,4,2202210401,NaN,NaN,NaN,NaN,NaN,NaN,NaN,1988,2,40,1,0,0.000024347012136532816,0.000044577148547396216
1114,5,9.00619255308734,1.801238510617468,2020,8,7,26,26161,21,4,2202210401,NaN,NaN,NaN,NaN,NaN,NaN,NaN,1987,2,40,1,0,0.0011955674922756385,0.002153502209129232
1115,5,7.780739775004618,1.5561479550009236,2020,8,7,26,26161,21,4,2202210401,NaN,NaN,NaN,NaN,NaN,NaN,NaN,1986,2,40,1,0,0.0008317894480821686,0.0012943874486244136
1116,5,5.992761098455286,1.1985522196910572,2020,8,7,26,26161,21,4,2202210401,NaN,NaN,NaN,NaN,NaN,NaN,NaN,1985,2,40,1,0,0.004107123881940341,0.004922602445245747
1117,5,4.779871405562617,0.9559742811125235,2020,8,7,26,26161,21,4,2202210401,NaN,NaN,NaN,NaN,NaN,NaN,NaN,1984,2,40,1,0,0.00539767585364577,0.005160039293867442
1118,5,3.5629958872973577,0.7125991774594715,2020,8,7,26,26161,21,4,2202210401,NaN,NaN,NaN,NaN,NaN,NaN,NaN,1983,2,40,1,0,0.009409099352090862,0.006704916458934395
1119,5,2.6061493961116446,0.5212298792223289,2020,8,7,26,26161,21,4,2202210401,NaN,NaN,NaN,NaN,NaN,NaN,NaN,1982,2,40,1,0,0.01791780487559169,0.009339295271233911
1120,5,1.8323500164585729,0.3664700032917146,2020,8,7,26,26161,21,4,2202210401,NaN,NaN,NaN,NaN,NaN,NaN,NaN,1981,2,40,1,0,0.012827279827398005,0.004700813280570291
1121,5,23.19180710506584,4.638361421013168,2020,8,7,26,26161,21,4,2202210401,NaN,NaN,NaN,NaN,NaN,NaN,NaN,1980,2,40,1,0,0.007586288628795826,0.03518794850447745
1122,5,260.05730384453915,52.01146076890783,2020,8,7,26,26161,21,4,2205210401,NaN,NaN,NaN,NaN,NaN,NaN,NaN,2020,5,40,1,0,0.0000008466802043027873,0.00004403707422990529
1123,5,310.4463445557139,62.08926891114278,2020,8,7,26,26161,21,4,2205210401,NaN,NaN,NaN,NaN,NaN,NaN,NaN,2019,5,40,1,0,0.0000014503563665159121,0.00009005156645759442
1124,5,327.8141613006279,65.56283226012559,2020,8,7,26,26161,21,4,2205210401,NaN,NaN,NaN,NaN,NaN,NaN,NaN,2018,5,40,1,0,0.0000013173310347498793,0.00008636795366236401
1125,5,368.3242419642923,73.66484839285846,2020,8,7,26,26161,21,4,2205210401,NaN,NaN,NaN,NaN,NaN,NaN,NaN,2017,5,40,1,0,0.0000009199589552428107,0.00006776863696561412
1126,5,367.29985169622574,73.45997033924515,2020,8,7,26,26161,21,4,2205210401,NaN,NaN,NaN,NaN,NaN,NaN,NaN,2016,5,40,1,0,0.000002296230756755107,0.0001686810432832926
1127,5,392.56334931271454,78.51266986254291,2020,8,7,26,26161,21,4,2205210401,NaN,NaN,NaN,NaN,NaN,NaN,NaN,2015,5,40,1,0,0.000002399671519890914,0.0001884046178197419
1128,5,364.0998652152451,72.81997304304902,2020,8,7,26,26161,21,4,2205210401,NaN,NaN,NaN,NaN,NaN,NaN,NaN,2014,5,40,1,0,0.0000035066162300494373,0.0002553516993445182
1129,5,370.3959424661204,74.07918849322408,2020,8,7,26,26161,21,4,2205210401,NaN,NaN,NaN,NaN,NaN,NaN,NaN,2013,5,40,1,0,0.000003933327105832283,0.00029137768007845725
1130,5,316.43263381169584,63.286526762339165,2020,8,7,26,26161,21,4,2205210401,NaN,NaN,NaN,NaN,NaN,NaN,NaN,2012,5,40,1,0,0.000004423371810497201,0.0002799398384648077
1131,5,231.92053549096389,46.38410709819278,2020,8,7,26,26161,21,4,2205210401,NaN,NaN,NaN,NaN,NaN,NaN,NaN,2011,5,40,1,0,0.000007894429333347802,0.00036617605567711907
1132,5,230.10402906651655,46.02080581330331,2020,8,7,26,26161,21,4,2205210401,NaN,NaN,NaN,NaN,NaN,NaN,NaN,2010,5,40,1,0,0.00000644389602717698,0.0002965532877478285
1133,5,205.50535743034038,41.10107148606808,2020,8,7,26,26161,21,4,2205210401,NaN,NaN,NaN,NaN,NaN,NaN,NaN,2009,5,40,1,0,0.000005568128616250257,0.00022885605230012315
1134,5,253.9388285109485,50.7877657021897,2020,8,7,26,26161,21,4,2205210401,NaN,NaN,NaN,NaN,NaN,NaN,NaN,2008,5,40,1,0,0.000006609548741778817,0.00033568421289466527
1135,5,268.1829985315532,53.63659970631064,2020,8,7,26,26161,21,4,2205210401,NaN,NaN,NaN,NaN,NaN,NaN,NaN,2007,5,40,1,0,0.000003933529163229969,0.0002109811291612649
1136,5,229.81669167512396,45.963338335024794,2020,8,7,26,26161,21,4,2205210401,NaN,NaN,NaN,NaN,NaN,NaN,NaN,2006,5,40,1,0,0.000004902883843397458,0.0002253529089114041
1137,5,203.39262514967626,40.67852502993525,2020,8,7,26,26161,21,4,2205210401,NaN,NaN,NaN,NaN,NaN,NaN,NaN,2005,5,40,1,0,0.000002007907432828834,0.00008167871276412077
1138,5,164.72170300101715,32.94434060020343,2020,8,7,26,26161,21,4,2205210401,NaN,NaN,NaN,NaN,NaN,NaN,NaN,2004,5,40,1,0,0.00000147379376660658,0.000048553163821543896
1139,5,148.74713474802425,29.74942694960485,2020,8,7,26,26161,21,4,2205210401,NaN,NaN,NaN,NaN,NaN,NaN,NaN,2003,5,40,1,0,0.0000022577086557938,0.00006716553872902821
1140,5,118.52562992373574,23.70512598474715,2020,8,7,26,26161,21,4,2205210401,NaN,NaN,NaN,NaN,NaN,NaN,NaN,2002,5,40,1,0,0.0000015823093305403664,0.0000375088420273003
1141,5,94.5116320580201,18.90232641160402,2020,8,7,26,26161,21,4,2205210401,NaN,NaN,NaN,NaN,NaN,NaN,NaN,2001,5,40,1,0,0.0000023261146114388298,0.00004396897765621821
1142,5,83.62548218400153,16.725096436800307,2020,8,7,26,26161,21,4,2205210401,NaN,NaN,NaN,NaN,NaN,NaN,NaN,2000,5,40,1,0,0.0000019769579286380464,0.000033064812007968305
1143,5,60.874080684058114,12.174816136811623,2020,8,7,26,26161,21,4,2205210401,NaN,NaN,NaN,NaN,NaN,NaN,NaN,1999,5,40,1,0,0.000003766121162115984,0.000045851832697717425
1144,5,46.82985881634186,9.365971763268373,2020,8,7,26,26161,21,4,2205210401,NaN,NaN,NaN,NaN,NaN,NaN,NaN,1998,5,40,1,0,0.000002621608460791916,0.000024553910818122547
1145,5,260.05730384453915,52.01146076890783,2020,8,7,26,26161,21,4,2201210401,NaN,NaN,NaN,NaN,NaN,NaN,NaN,2020,1,41,1,0,0.005403437524863169,0.28104067884166517
1146,5,310.4463445557139,62.08926891114278,2020,8,7,26,26161,21,4,2201210401,NaN,NaN,NaN,NaN,NaN,NaN,NaN,2019,1,41,1,0,0.005876747796442758,0.3648829742563002
1147,5,327.8141613006279,65.56283226012559,2020,8,7,26,26161,21,4,2201210401,NaN,NaN,NaN,NaN,NaN,NaN,NaN,2018,1,41,1,0,0.006312959731079085,0.41389551991366563
1148,5,368.3242419642923,73.66484839285846,2020,8,7,26,26161,21,4,2201210401,NaN,NaN,NaN,NaN,NaN,NaN,NaN,2017,1,41,1,0,0.006880285728442876,0.5068352050852922
1149,5,367.29985169622574,73.45997033924515,2020,8,7,26,26161,21,4,2201210401,NaN,NaN,NaN,NaN,NaN,NaN,NaN,2016,1,41,1,0,0.008876677079281673,0.6520804349550889
1150,5,392.56334931271454,78.51266986254291,2020,8,7,26,26161,21,4,2201210401,NaN,NaN,NaN,NaN,NaN,NaN,NaN,2015,1,41,1,0,0.008793389924879998,0.6903925201447142
1151,5,364.0998652152451,72.81997304304902,2020,8,7,26,26161,21,4,2201210401,NaN,NaN,NaN,NaN,NaN,NaN,NaN,2014,1,41,1,0,0.00999473332811627,0.7278162115258904
1152,5,370.3959424661204,74.07918849322408,2020,8,7,26,26161,21,4,2201210401,NaN,NaN,NaN,NaN,NaN,NaN,NaN,2013,1,41,1,0,0.00998239666471681,0.7394878441396879
1153,5,316.43263381169584,63.286526762339165,2020,8,7,26,26161,21,4,2201210401,NaN,NaN,NaN,NaN,NaN,NaN,NaN,2012,1,41,1,0,0.01088836670591048,0.6890869109317663
1154,5,231.92053549096389,46.38410709819278,2020,8,7,26,26161,21,4,2201210401,NaN,NaN,NaN,NaN,NaN,NaN,NaN,2011,1,41,1,0,0.010894886152387557,0.5053495661149618
1155,5,230.10402906651655,46.02080581330331,2020,8,7,26,26161,21,4,2201210401,NaN,NaN,NaN,NaN,NaN,NaN,NaN,2010,1,41,1,0,0.014132561018395254,0.6503918462722281
1156,5,205.50535743034038,41.10107148606808,2020,8,7,26,26161,21,4,2201210401,NaN,NaN,NaN,NaN,NaN,NaN,NaN,2009,1,41,1,0,0.01443405903678123,0.5932552923048723
1157,5,253.9388285109485,50.7877657021897,2020,8,7,26,26161,21,4,2201210401,NaN,NaN,NaN,NaN,NaN,NaN,NaN,2008,1,41,1,0,0.015272048271646648,0.7756332094129211
1158,5,268.1829985315532,53.63659970631064,2020,8,7,26,26161,21,4,2201210401,NaN,NaN,NaN,NaN,NaN,NaN,NaN,2007,1,41,1,0,0.015452258819488791,0.8288066208592285
1159,5,229.81669167512396,45.963338335024794,2020,8,7,26,26161,21,4,2201210401,NaN,NaN,NaN,NaN,NaN,NaN,NaN,2006,1,41,1,0,0.016309782227785077,0.74965203870626
1160,5,203.39262514967626,40.67852502993525,2020,8,7,26,26161,21,4,2201210401,NaN,NaN,NaN,NaN,NaN,NaN,NaN,2005,1,41,1,0,0.017146278803160796,0.6974853314646247
1161,5,164.72170300101715,32.94434060020343,2020,8,7,26,26161,21,4,2201210401,NaN,NaN,NaN,NaN,NaN,NaN,NaN,2004,1,41,1,0,0.01837829371322512,0.6054607677390659
1162,5,148.74713474802425,29.74942694960485,2020,8,7,26,26161,21,4,2201210401,NaN,NaN,NaN,NaN,NaN,NaN,NaN,2003,1,41,1,0,0.02193098144158879,0.6524341303296853
1163,5,118.52562992373574,23.70512598474715,2020,8,7,26,26161,21,4,2201210401,NaN,NaN,NaN,NaN,NaN,NaN,NaN,2002,1,41,1,0,0.027524438706446785,0.6524702871957718
1164,5,94.5116320580201,18.90232641160402,2020,8,7,26,26161,21,4,2201210401,NaN,NaN,NaN,NaN,NaN,NaN,NaN,2001,1,41,1,0,0.034176083752930665,0.6460074905682123
1165,5,83.62548218400153,16.725096436800307,2020,8,7,26,26161,21,4,2201210401,NaN,NaN,NaN,NaN,NaN,NaN,NaN,2000,1,41,1,0,0.11199641904957536,1.8731509091804468
1166,5,60.874080684058114,12.174816136811623,2020,8,7,26,26161,21,4,2201210401,NaN,NaN,NaN,NaN,NaN,NaN,NaN,1999,1,41,1,0,0.1572998795680574,1.9150971120837104
1167,5,46.82985881634186,9.365971763268373,2020,8,7,26,26161,21,4,2201210401,NaN,NaN,NaN,NaN,NaN,NaN,NaN,1998,1,41,1,0,0.20568390923652538,1.9264296860679515
1168,5,36.74778034358123,7.349556068716247,2020,8,7,26,26161,21,4,2201210401,NaN,NaN,NaN,NaN,NaN,NaN,NaN,1997,1,41,1,0,0.26860386075048204,1.974119134859319
1169,5,26.865139913300695,5.373027982660139,2020,8,7,26,26161,21,4,2201210401,NaN,NaN,NaN,NaN,NaN,NaN,NaN,1996,1,41,1,0,0.2967530822892837,1.5944626150809682
1170,5,25.04660490806586,5.009320981613172,2020,8,7,26,26161,21,4,2201210401,NaN,NaN,NaN,NaN,NaN,NaN,NaN,1995,1,41,1,0,0.39810730822421897,1.994247292021122
1171,5,18.41216437802274,3.6824328756045484,2020,8,7,26,26161,21,4,2201210401,NaN,NaN,NaN,NaN,NaN,NaN,NaN,1994,1,41,1,0,0.45176741806981696,1.6636031924272783
1172,5,15.146433442304176,3.029286688460835,2020,8,7,26,26161,21,4,2201210401,NaN,NaN,NaN,NaN,NaN,NaN,NaN,1993,1,41,1,0,0.6252851420689681,1.894167957361867
1173,5,12.785088718582324,2.557017743716465,2020,8,7,26,26161,21,4,2201210401,NaN,NaN,NaN,NaN,NaN,NaN,NaN,1992,1,41,1,0,0.6249888188283077,1.598107499368378
1174,5,12.603265015943999,2.5206530031887997,2020,8,7,26,26161,21,4,2201210401,NaN,NaN,NaN,NaN,NaN,NaN,NaN,1991,1,41,1,0,0.6239513603746605,1.5727648703721249
1175,5,10.501237834887378,2.1002475669774756,2020,8,7,26,26161,21,4,2201210401,NaN,NaN,NaN,NaN,NaN,NaN,NaN,1990,1,41,1,0,0.7591732049962113,1.5944516767077852
1176,5,10.217773915995503,2.0435547831991006,2020,8,7,26,26161,21,4,2201210401,NaN,NaN,NaN,NaN,NaN,NaN,NaN,1989,1,41,1,0,0.70578025801134,1.4423006221465693
1177,5,9.15454189972411,1.830908379944822,2020,8,7,26,26161,21,4,2201210401,NaN,NaN,NaN,NaN,NaN,NaN,NaN,1988,1,41,1,0,0.7062398908527372,1.293060534413593
1178,5,9.00619255308734,1.801238510617468,2020,8,7,26,26161,21,4,2201210401,NaN,NaN,NaN,NaN,NaN,NaN,NaN,1987,1,41,1,0,0.697404690356349,1.2561921857551066
1179,5,7.780739775004618,1.5561479550009236,2020,8,7,26,26161,21,4,2201210401,NaN,NaN,NaN,NaN,NaN,NaN,NaN,1986,1,41,1,0,0.7001488807211316,1.0895352489303745
1180,5,5.992761098455286,1.1985522196910572,2020,8,7,26,26161,21,4,2201210401,NaN,NaN,NaN,NaN,NaN,NaN,NaN,1985,1,41,1,0,0.8870405074685694,1.0631643691823356
1181,5,4.779871405562617,0.9559742811125235,2020,8,7,26,26161,21,4,2201210401,NaN,NaN,NaN,NaN,NaN,NaN,NaN,1984,1,41,1,0,0.8773051197987164,0.8386811312159141
1182,5,3.5629958872973577,0.7125991774594715,2020,8,7,26,26161,21,4,2201210401,NaN,NaN,NaN,NaN,NaN,NaN,NaN,1983,1,41,1,0,0.8470446082334863,0.6036032910986626
1183,5,2.6061493961116446,0.5212298792223289,2020,8,7,26,26161,21,4,2201210401,NaN,NaN,NaN,NaN,NaN,NaN,NaN,1982,1,41,1,0,1.1313470711433182,0.5896918972505673
1184,5,1.8323500164585729,0.3664700032917146,2020,8,7,26,26161,21,4,2201210401,NaN,NaN,NaN,NaN,NaN,NaN,NaN,1981,1,41,1,0,1.1697478762823585,0.4286775080716721
1185,5,23.19180710506584,4.638361421013168,2020,8,7,26,26161,21,4,2201210401,NaN,NaN,NaN,NaN,NaN,NaN,NaN,1980,1,41,1,0,1.1689760356973167,5.422133346067346
1186,5,310.4463445557139,62.08926891114278,2020,8,7,26,26161,21,4,2202210401,NaN,NaN,NaN,NaN,NaN,NaN,NaN,2019,2,41,1,0,0.0000002884420823931969,0.000017909158019001205
1187,5,327.8141613006279,65.56283226012559,2020,8,7,26,26161,21,4,2202210401,NaN,NaN,NaN,NaN,NaN,NaN,NaN,2018,2,41,1,0,0.000003444994843691446,0.00022586361907393987
1188,5,368.3242419642923,73.66484839285846,2020,8,7,26,26161,21,4,2202210401,NaN,NaN,NaN,NaN,NaN,NaN,NaN,2017,2,41,1,0,0.000003903049482534197,0.0002875175484007063
1189,5,367.29985169622574,73.45997033924515,2020,8,7,26,26161,21,4,2202210401,NaN,NaN,NaN,NaN,NaN,NaN,NaN,2016,2,41,1,0,0.00000765124043626631,0.0005620598955065562
1190,5,392.56334931271454,78.51266986254291,2020,8,7,26,26161,21,4,2202210401,NaN,NaN,NaN,NaN,NaN,NaN,NaN,2015,2,41,1,0,0.00008966241870141899,0.007039635878581602
1191,5,364.0998652152451,72.81997304304902,2020,8,7,26,26161,21,4,2202210401,NaN,NaN,NaN,NaN,NaN,NaN,NaN,2014,2,41,1,0,0.0001328228467422951,0.00967215611927496
1192,5,370.3959424661204,74.07918849322408,2020,8,7,26,26161,21,4,2202210401,NaN,NaN,NaN,NaN,NaN,NaN,NaN,2013,2,41,1,0,0.00013398187895984352,0.009925268866142582
1193,5,316.43263381169584,63.286526762339165,2020,8,7,26,26161,21,4,2202210401,NaN,NaN,NaN,NaN,NaN,NaN,NaN,2012,2,41,1,0,0.00013594017501253317,0.00860318152400775
1194,5,231.92053549096389,46.38410709819278,2020,8,7,26,26161,21,4,2202210401,NaN,NaN,NaN,NaN,NaN,NaN,NaN,2011,2,41,1,0,0.0001269723960941425,0.005889501218944861
1195,5,230.10402906651655,46.02080581330331,2020,8,7,26,26161,21,4,2202210401,NaN,NaN,NaN,NaN,NaN,NaN,NaN,2010,2,41,1,0,0.00014823967749080707,0.006822109411631142
1196,5,205.50535743034038,41.10107148606808,2020,8,7,26,26161,21,4,2202210401,NaN,NaN,NaN,NaN,NaN,NaN,NaN,2009,2,41,1,0,0.00005505893399650001,0.002262981182136851
1197,5,253.9388285109485,50.7877657021897,2020,8,7,26,26161,21,4,2202210401,NaN,NaN,NaN,NaN,NaN,NaN,NaN,2008,2,41,1,0,0.000005126782784697743,0.00026037784287524866
1198,5,268.1829985315532,53.63659970631064,2020,8,7,26,26161,21,4,2202210401,NaN,NaN,NaN,NaN,NaN,NaN,NaN,2007,2,41,1,0,0.000003517767794207915,0.00018868110303768128
1199,5,229.81669167512396,45.963338335024794,2020,8,7,26,26161,21,4,2202210401,NaN,NaN,NaN,NaN,NaN,NaN,NaN,2006,2,41,1,0,0.000049347021399170515,0.002268153840395783
1200,5,203.39262514967626,40.67852502993525,2020,8,7,26,26161,21,4,2202210401,NaN,NaN,NaN,NaN,NaN,NaN,NaN,2005,2,41,1,0,0.00003657786937835898,0.001487933775049278
1201,5,164.72170300101715,32.94434060020343,2020,8,7,26,26161,21,4,2202210401,NaN,NaN,NaN,NaN,NaN,NaN,NaN,2004,2,41,1,0,0.000026951687037788728,0.0008879055575229998
1202,5,148.74713474802425,29.74942694960485,2020,8,7,26,26161,21,4,2202210401,NaN,NaN,NaN,NaN,NaN,NaN,NaN,2003,2,41,1,0,0.000034024503631234276,0.001012209485273969
1203,5,118.52562992373574,23.70512598474715,2020,8,7,26,26161,21,4,2202210401,NaN,NaN,NaN,NaN,NaN,NaN,NaN,2002,2,41,1,0,0.000047705749929437226,0.0011308708122741518
1204,5,94.5116320580201,18.90232641160402,2020,8,7,26,26161,21,4,2202210401,NaN,NaN,NaN,NaN,NaN,NaN,NaN,2001,2,41,1,0,0.00004271611589604074,0.0008074339657028691
1205,5,83.62548218400153,16.725096436800307,2020,8,7,26,26161,21,4,2202210401,NaN,NaN,NaN,NaN,NaN,NaN,NaN,2000,2,41,1,0,0.00006266169435778774,0.0010480228810273056
1206,5,60.874080684058114,12.174816136811623,2020,8,7,26,26161,21,4,2202210401,NaN,NaN,NaN,NaN,NaN,NaN,NaN,1999,2,41,1,0,0.00005343509886027417,0.0006505625038761903
1207,5,46.82985881634186,9.365971763268373,2020,8,7,26,26161,21,4,2202210401,NaN,NaN,NaN,NaN,NaN,NaN,NaN,1998,2,41,1,0,0.00008211327146569639,0.000769070581937303
1208,5,36.74778034358123,7.349556068716247,2020,8,7,26,26161,21,4,2202210401,NaN,NaN,NaN,NaN,NaN,NaN,NaN,1997,2,41,1,0,0.00004401486234647144,0.0003234896986722194
1209,5,26.865139913300695,5.373027982660139,2020,8,7,26,26161,21,4,2202210401,NaN,NaN,NaN,NaN,NaN,NaN,NaN,1996,2,41,1,0,0.00006664766264258983,0.00035809975635752795
1210,5,25.04660490806586,5.009320981613172,2020,8,7,26,26161,21,4,2202210401,NaN,NaN,NaN,NaN,NaN,NaN,NaN,1995,2,41,1,0,0.00006777287658874801,0.00033949609268029557
1211,5,18.41216437802274,3.6824328756045484,2020,8,7,26,26161,21,4,2202210401,NaN,NaN,NaN,NaN,NaN,NaN,NaN,1994,2,41,1,0,0.000012237022716096016,0.00004506201474927163
1212,5,15.146433442304176,3.029286688460835,2020,8,7,26,26161,21,4,2202210401,NaN,NaN,NaN,NaN,NaN,NaN,NaN,1993,2,41,1,0,0.00008424978005901808,0.00025521673723853655
1213,5,12.785088718582324,2.557017743716465,2020,8,7,26,26161,21,4,2202210401,NaN,NaN,NaN,NaN,NaN,NaN,NaN,1992,2,41,1,0,0.0001419295003184814,0.0003629162506711686
1214,5,12.603265015943999,2.5206530031887997,2020,8,7,26,26161,21,4,2202210401,NaN,NaN,NaN,NaN,NaN,NaN,NaN,1991,2,41,1,0,0.00034387219389132623,0.0008667824782452927
1215,5,10.501237834887378,2.1002475669774756,2020,8,7,26,26161,21,4,2202210401,NaN,NaN,NaN,NaN,NaN,NaN,NaN,1990,2,41,1,0,0.0001574044945794923,0.00033058840677189794
1216,5,10.217773915995503,2.0435547831991006,2020,8,7,26,26161,21,4,2202210401,NaN,NaN,NaN,NaN,NaN,NaN,NaN,1989,2,41,1,0,0.00012521855111507802,0.0002558909690764788
1217,5,9.15454189972411,1.830908379944822,2020,8,7,26,26161,21,4,2202210401,NaN,NaN,NaN,NaN,NaN,NaN,NaN,1988,2,41,1,0,0.00003575039581703585,0.00006545569928775524
1218,5,9.00619255308734,1.801238510617468,2020,8,7,26,26161,21,4,2202210401,NaN,NaN,NaN,NaN,NaN,NaN,NaN,1987,2,41,1,0,0.0017555341425529757,0.003162135704270236
1219,5,7.780739775004618,1.5561479550009236,2020,8,7,26,26161,21,4,2202210401,NaN,NaN,NaN,NaN,NaN,NaN,NaN,1986,2,41,1,0,0.0012213737701617644,0.0019006382947289978
1220,5,5.992761098455286,1.1985522196910572,2020,8,7,26,26161,21,4,2202210401,NaN,NaN,NaN,NaN,NaN,NaN,NaN,1985,2,41,1,0,0.006030773042111681,0.007228196416075945
1221,5,4.779871405562617,0.9559742811125235,2020,8,7,26,26161,21,4,2202210401,NaN,NaN,NaN,NaN,NaN,NaN,NaN,1984,2,41,1,0,0.007925779441755076,0.007576841304088227
1222,5,3.5629958872973577,0.7125991774594715,2020,8,7,26,26161,21,4,2202210401,NaN,NaN,NaN,NaN,NaN,NaN,NaN,1983,2,41,1,0,0.013816029015499831,0.009845290912201371
1223,5,2.6061493961116446,0.5212298792223289,2020,8,7,26,26161,21,4,2202210401,NaN,NaN,NaN,NaN,NaN,NaN,NaN,1982,2,41,1,0,0.026309947721003566,0.013713530872964477
1224,5,1.8323500164585729,0.3664700032917146,2020,8,7,26,26161,21,4,2202210401,NaN,NaN,NaN,NaN,NaN,NaN,NaN,1981,2,41,1,0,0.018835178974476948,0.0069025281007766
1225,5,23.19180710506584,4.638361421013168,2020,8,7,26,26161,21,4,2202210401,NaN,NaN,NaN,NaN,NaN,NaN,NaN,1980,2,41,1,0,0.01113947040979097,0.051668889799292184
1226,5,260.05730384453915,52.01146076890783,2020,8,7,26,26161,21,4,2205210401,NaN,NaN,NaN,NaN,NaN,NaN,NaN,2020,5,41,1,0,0.0000005970180927776065,0.000031051783110830656
1227,5,310.4463445557139,62.08926891114278,2020,8,7,26,26161,21,4,2205210401,NaN,NaN,NaN,NaN,NaN,NaN,NaN,2019,5,41,1,0,0.0000010226871815176305,0.00006349789942522685
1228,5,327.8141613006279,65.56283226012559,2020,8,7,26,26161,21,4,2205210401,NaN,NaN,NaN,NaN,NaN,NaN,NaN,2018,5,41,1,0,0.0000009288872680928637,0.00006090048014653873
1229,5,368.3242419642923,73.66484839285846,2020,8,7,26,26161,21,4,2205210401,NaN,NaN,NaN,NaN,NaN,NaN,NaN,2017,5,41,1,0,0.000000648689006901982,0.000047785577347548415
1230,5,367.29985169622574,73.45997033924515,2020,8,7,26,26161,21,4,2205210401,NaN,NaN,NaN,NaN,NaN,NaN,NaN,2016,5,41,1,0,0.0000016191370720709086,0.00011894176128950118
1231,5,392.56334931271454,78.51266986254291,2020,8,7,26,26161,21,4,2205210401,NaN,NaN,NaN,NaN,NaN,NaN,NaN,2015,5,41,1,0,0.0000016920760717179523,0.00013284941000110006
1232,5,364.0998652152451,72.81997304304902,2020,8,7,26,26161,21,4,2205210401,NaN,NaN,NaN,NaN,NaN,NaN,NaN,2014,5,41,1,0,0.000002472614008368193,0.0001800556854352372
1233,5,370.3959424661204,74.07918849322408,2020,8,7,26,26161,21,4,2205210401,NaN,NaN,NaN,NaN,NaN,NaN,NaN,2013,5,41,1,0,0.000002773499882317636,0.00020545862056814296
1234,5,316.43263381169584,63.286526762339165,2020,8,7,26,26161,21,4,2205210401,NaN,NaN,NaN,NaN,NaN,NaN,NaN,2012,5,41,1,0,0.0000031190442253505903,0.00019739347584056956
1235,5,231.92053549096389,46.38410709819278,2020,8,7,26,26161,21,4,2205210401,NaN,NaN,NaN,NaN,NaN,NaN,NaN,2011,5,41,1,0,0.000005566584786334988,0.00025820106490053265
1236,5,230.10402906651655,46.02080581330331,2020,8,7,26,26161,21,4,2205210401,NaN,NaN,NaN,NaN,NaN,NaN,NaN,2010,5,41,1,0,0.000004543772839676076,0.00020910808751449446
1237,5,205.50535743034038,41.10107148606808,2020,8,7,26,26161,21,4,2205210401,NaN,NaN,NaN,NaN,NaN,NaN,NaN,2009,5,41,1,0,0.000003926244537099541,0.0001613728573911125
1238,5,253.9388285109485,50.7877657021897,2020,8,7,26,26161,21,4,2205210401,NaN,NaN,NaN,NaN,NaN,NaN,NaN,2008,5,41,1,0,0.0000046605792409978836,0.00023670040652828964
1239,5,268.1829985315532,53.63659970631064,2020,8,7,26,26161,21,4,2205210401,NaN,NaN,NaN,NaN,NaN,NaN,NaN,2007,5,41,1,0,0.000002773642358687799,0.00014876874492140475
1240,5,229.81669167512396,45.963338335024794,2020,8,7,26,26161,21,4,2205210401,NaN,NaN,NaN,NaN,NaN,NaN,NaN,2006,5,41,1,0,0.0000034571616844469255,0.00015890269218111827
1241,5,203.39262514967626,40.67852502993525,2020,8,7,26,26161,21,4,2205210401,NaN,NaN,NaN,NaN,NaN,NaN,NaN,2005,5,41,1,0,0.000001415832164174178,0.000057593964128546695
1242,5,164.72170300101715,32.94434060020343,2020,8,7,26,26161,21,4,2205210401,NaN,NaN,NaN,NaN,NaN,NaN,NaN,2004,5,41,1,0,0.0000010392135533764346,0.000034236205258780955
1243,5,148.74713474802425,29.74942694960485,2020,8,7,26,26161,21,4,2205210401,NaN,NaN,NaN,NaN,NaN,NaN,NaN,2003,5,41,1,0,0.000001591974052162295,0.00004736031577046861
1244,5,118.52562992373574,23.70512598474715,2020,8,7,26,26161,21,4,2205210401,NaN,NaN,NaN,NaN,NaN,NaN,NaN,2002,5,41,1,0,0.0000011157309382015404,0.000026448542455147653
1245,5,94.5116320580201,18.90232641160402,2020,8,7,26,26161,21,4,2205210401,NaN,NaN,NaN,NaN,NaN,NaN,NaN,2001,5,41,1,0,0.0000016402090208863542,0.0000310037662960513
1246,5,83.62548218400153,16.725096436800307,2020,8,7,26,26161,21,4,2205210401,NaN,NaN,NaN,NaN,NaN,NaN,NaN,2000,5,41,1,0,0.0000013940087958345199,0.000023314931544080213
1247,5,60.874080684058114,12.174816136811623,2020,8,7,26,26161,21,4,2205210401,NaN,NaN,NaN,NaN,NaN,NaN,NaN,1999,5,41,1,0,0.0000026555982553381937,0.00003233142049198024
1248,5,46.82985881634186,9.365971763268373,2020,8,7,26,26161,21,4,2205210401,NaN,NaN,NaN,NaN,NaN,NaN,NaN,1998,5,41,1,0,0.00000184857006850712,0.000017313655064060767
1249,5,260.05730384453915,52.01146076890783,2020,8,7,26,26161,21,4,2201210401,NaN,NaN,NaN,NaN,NaN,NaN,NaN,2020,1,42,1,0,0.009475546165588366,0.4928369976554743
1250,5,310.4463445557139,62.08926891114278,2020,8,7,26,26161,21,4,2201210401,NaN,NaN,NaN,NaN,NaN,NaN,NaN,2019,1,42,1,0,0.010305549900870403,0.6398640590723433
1251,5,327.8141613006279,65.56283226012559,2020,8,7,26,26161,21,4,2201210401,NaN,NaN,NaN,NaN,NaN,NaN,NaN,2018,1,42,1,0,0.01107049745612724,0.7258131677522173
1252,5,368.3242419642923,73.66484839285846,2020,8,7,26,26161,21,4,2201210401,NaN,NaN,NaN,NaN,NaN,NaN,NaN,2017,1,42,1,0,0.012065368527407961,0.8887935433754733
1253,5,367.29985169622574,73.45997033924515,2020,8,7,26,26161,21,4,2201210401,NaN,NaN,NaN,NaN,NaN,NaN,NaN,2016,1,42,1,0,0.015566269263728283,1.143497678406183
1254,5,392.56334931271454,78.51266986254291,2020,8,7,26,26161,21,4,2201210401,NaN,NaN,NaN,NaN,NaN,NaN,NaN,2015,1,42,1,0,0.015420215705617874,1.2106823049043753
1255,5,364.0998652152451,72.81997304304902,2020,8,7,26,26161,21,4,2201210401,NaN,NaN,NaN,NaN,NaN,NaN,NaN,2014,1,42,1,0,0.017526908866353292,1.2763090311758236
1256,5,370.3959424661204,74.07918849322408,2020,8,7,26,26161,21,4,2201210401,NaN,NaN,NaN,NaN,NaN,NaN,NaN,2013,1,42,1,0,0.017505275115054602,1.2967765748738747
1257,5,316.43263381169584,63.286526762339165,2020,8,7,26,26161,21,4,2201210401,NaN,NaN,NaN,NaN,NaN,NaN,NaN,2012,1,42,1,0,0.01909399727765386,1.208392769712272
1258,5,231.92053549096389,46.38410709819278,2020,8,7,26,26161,21,4,2201210401,NaN,NaN,NaN,NaN,NaN,NaN,NaN,2011,1,42,1,0,0.01910542987325312,0.8861883053979843
1259,5,230.10402906651655,46.02080581330331,2020,8,7,26,26161,21,4,2201210401,NaN,NaN,NaN,NaN,NaN,NaN,NaN,2010,1,42,1,0,0.024783063328041317,1.140536544878588
1260,5,205.50535743034038,41.10107148606808,2020,8,7,26,26161,21,4,2201210401,NaN,NaN,NaN,NaN,NaN,NaN,NaN,2009,1,42,1,0,0.025311774612090457,1.040341057770773
1261,5,253.9388285109485,50.7877657021897,2020,8,7,26,26161,21,4,2201210401,NaN,NaN,NaN,NaN,NaN,NaN,NaN,2008,1,42,1,0,0.026781284649857465,1.3601616100006104
1262,5,268.1829985315532,53.63659970631064,2020,8,7,26,26161,21,4,2201210401,NaN,NaN,NaN,NaN,NaN,NaN,NaN,2007,1,42,1,0,0.02709730447200715,1.4534072730850687
1263,5,229.81669167512396,45.963338335024794,2020,8,7,26,26161,21,4,2201210401,NaN,NaN,NaN,NaN,NaN,NaN,NaN,2006,1,42,1,0,0.02860106991872431,1.3146006534180257
1264,5,203.39262514967626,40.67852502993525,2020,8,7,26,26161,21,4,2201210401,NaN,NaN,NaN,NaN,NaN,NaN,NaN,2005,1,42,1,0,0.030067962407229563,1.22312036138164
1265,5,164.72170300101715,32.94434060020343,2020,8,7,26,26161,21,4,2201210401,NaN,NaN,NaN,NaN,NaN,NaN,NaN,2004,1,42,1,0,0.032228441565782126,1.06174475595688
1266,5,148.74713474802425,29.74942694960485,2020,8,7,26,26161,21,4,2201210401,NaN,NaN,NaN,NaN,NaN,NaN,NaN,2003,1,42,1,0,0.018082843393608147,0.5379542285792902
1267,5,118.52562992373574,23.70512598474715,2020,8,7,26,26161,21,4,2201210401,NaN,NaN,NaN,NaN,NaN,NaN,NaN,2002,1,42,1,0,0.022694839989321806,0.5379840411505511
1268,5,94.5116320580201,18.90232641160402,2020,8,7,26,26161,21,4,2201210401,NaN,NaN,NaN,NaN,NaN,NaN,NaN,2001,1,42,1,0,0.02817934856025805,0.5326552445523615
1269,5,83.62548218400153,16.725096436800307,2020,8,7,26,26161,21,4,2201210401,NaN,NaN,NaN,NaN,NaN,NaN,NaN,2000,1,42,1,0,0.09234487347100079,1.5444769142466104
1270,5,60.874080684058114,12.174816136811623,2020,8,7,26,26161,21,4,2201210401,NaN,NaN,NaN,NaN,NaN,NaN,NaN,1999,1,42,1,0,0.12969912430223365,1.5790629914851708
1271,5,46.82985881634186,9.365971763268373,2020,8,7,26,26161,21,4,2201210401,NaN,NaN,NaN,NaN,NaN,NaN,NaN,1998,1,42,1,0,0.16959340963446423,1.5884070858727983
1272,5,36.74778034358123,7.349556068716247,2020,8,7,26,26161,21,4,2201210401,NaN,NaN,NaN,NaN,NaN,NaN,NaN,1997,1,42,1,0,0.22147305909705894,1.6277286655439416
1273,5,26.865139913300695,5.373027982660139,2020,8,7,26,26161,21,4,2201210401,NaN,NaN,NaN,NaN,NaN,NaN,NaN,1996,1,42,1,0,0.24468305387517025,1.314688895354028
1274,5,25.04660490806586,5.009320981613172,2020,8,7,26,26161,21,4,2201210401,NaN,NaN,NaN,NaN,NaN,NaN,NaN,1995,1,42,1,0,0.32825307556996935,1.6443250187317016
1275,5,18.41216437802274,3.6824328756045484,2020,8,7,26,26161,21,4,2201210401,NaN,NaN,NaN,NaN,NaN,NaN,NaN,1994,1,42,1,0,0.3724976692470074,1.3716976633212494
1276,5,15.146433442304176,3.029286688460835,2020,8,7,26,26161,21,4,2201210401,NaN,NaN,NaN,NaN,NaN,NaN,NaN,1993,1,42,1,0,0.5155689603084193,1.561806188445887
1277,5,12.785088718582324,2.557017743716465,2020,8,7,26,26161,21,4,2201210401,NaN,NaN,NaN,NaN,NaN,NaN,NaN,1992,1,42,1,0,0.5153246316736513,1.3176942269636782
1278,5,12.603265015943999,2.5206530031887997,2020,8,7,26,26161,21,4,2201210401,NaN,NaN,NaN,NaN,NaN,NaN,NaN,1991,1,42,1,0,0.5144692117374918,1.2967983636142832
1279,5,10.501237834887378,2.1002475669774756,2020,8,7,26,26161,21,4,2201210401,NaN,NaN,NaN,NaN,NaN,NaN,NaN,1990,1,42,1,0,0.6259642420077457,1.3146798762916676
1280,5,10.217773915995503,2.0435547831991006,2020,8,7,26,26161,21,4,2201210401,NaN,NaN,NaN,NaN,NaN,NaN,NaN,1989,1,42,1,0,0.5819399332360583,1.1892261340991122
1281,5,9.15454189972411,1.830908379944822,2020,8,7,26,26161,21,4,2201210401,NaN,NaN,NaN,NaN,NaN,NaN,NaN,1988,1,42,1,0,0.5823189162155333,1.0661725834994067
1282,5,9.00619255308734,1.801238510617468,2020,8,7,26,26161,21,4,2201210401,NaN,NaN,NaN,NaN,NaN,NaN,NaN,1987,1,42,1,0,0.5750339915826418,1.0357733705527352
1283,5,7.780739775004618,1.5561479550009236,2020,8,7,26,26161,21,4,2201210401,NaN,NaN,NaN,NaN,NaN,NaN,NaN,1986,1,42,1,0,0.5772966702840386,0.8983590328913492
1284,5,5.992761098455286,1.1985522196910572,2020,8,7,26,26161,21,4,2201210401,NaN,NaN,NaN,NaN,NaN,NaN,NaN,1985,1,42,1,0,0.731395201033867,0.8766153416705283
1285,5,4.779871405562617,0.9559742811125235,2020,8,7,26,26161,21,4,2201210401,NaN,NaN,NaN,NaN,NaN,NaN,NaN,1984,1,42,1,0,0.723368041324718,0.6915212432851715
1286,5,3.5629958872973577,0.7125991774594715,2020,8,7,26,26161,21,4,2201210401,NaN,NaN,NaN,NaN,NaN,NaN,NaN,1983,1,42,1,0,0.6984172157950018,0.49769153349905254
1287,5,2.6061493961116446,0.5212298792223289,2020,8,7,26,26161,21,4,2201210401,NaN,NaN,NaN,NaN,NaN,NaN,NaN,1982,1,42,1,0,0.9328343086600962,0.4862211140373466
1288,5,1.8323500164585729,0.3664700032917146,2020,8,7,26,26161,21,4,2201210401,NaN,NaN,NaN,NaN,NaN,NaN,NaN,1981,1,42,1,0,0.9644970843259818,0.3534592496677917
1289,5,23.19180710506584,4.638361421013168,2020,8,7,26,26161,21,4,2201210401,NaN,NaN,NaN,NaN,NaN,NaN,NaN,1980,1,42,1,0,0.9638606753963899,4.470734171990311
1290,5,310.4463445557139,62.08926891114278,2020,8,7,26,26161,21,4,2202210401,NaN,NaN,NaN,NaN,NaN,NaN,NaN,2019,2,42,1,0,0.000000023178381620881897,0.0000014391287693840257
1291,5,327.8141613006279,65.56283226012559,2020,8,7,26,26161,21,4,2202210401,NaN,NaN,NaN,NaN,NaN,NaN,NaN,2018,2,42,1,0,0.0000002768299427966341,0.00001814975510415588
1292,5,368.3242419642923,73.66484839285846,2020,8,7,26,26161,21,4,2202210401,NaN,NaN,NaN,NaN,NaN,NaN,NaN,2017,2,42,1,0,0.00000031363790484649795,0.00002310408871077104
1293,5,367.29985169622574,73.45997033924515,2020,8,7,26,26161,21,4,2202210401,NaN,NaN,NaN,NaN,NaN,NaN,NaN,2016,2,42,1,0,0.0000006148318207714,0.00004516552731749114
1294,5,392.56334931271454,78.51266986254291,2020,8,7,26,26161,21,4,2202210401,NaN,NaN,NaN,NaN,NaN,NaN,NaN,2015,2,42,1,0,0.000007205015788506884,0.0005656850259574502
1295,5,364.0998652152451,72.81997304304902,2020,8,7,26,26161,21,4,2202210401,NaN,NaN,NaN,NaN,NaN,NaN,NaN,2014,2,42,1,0,0.000010673264470363,0.0007772268310131665
1296,5,370.3959424661204,74.07918849322408,2020,8,7,26,26161,21,4,2202210401,NaN,NaN,NaN,NaN,NaN,NaN,NaN,2013,2,42,1,0,0.000010766400987844571,0.0007975662481721719
1297,5,316.43263381169584,63.286526762339165,2020,8,7,26,26161,21,4,2202210401,NaN,NaN,NaN,NaN,NaN,NaN,NaN,2012,2,42,1,0,0.00001092376406350713,0.0006913270867506228
1298,5,231.92053549096389,46.38410709819278,2020,8,7,26,26161,21,4,2202210401,NaN,NaN,NaN,NaN,NaN,NaN,NaN,2011,2,42,1,0,0.000010203138971850738,0.0004732634908080692
1299,5,230.10402906651655,46.02080581330331,2020,8,7,26,26161,21,4,2202210401,NaN,NaN,NaN,NaN,NaN,NaN,NaN,2010,2,42,1,0,0.00001191211694122557,0.0005482052205775026
1300,5,205.50535743034038,41.10107148606808,2020,8,7,26,26161,21,4,2202210401,NaN,NaN,NaN,NaN,NaN,NaN,NaN,2009,2,42,1,0,0.00004719337199700001,0.0019396981561173008
1301,5,253.9388285109485,50.7877657021897,2020,8,7,26,26161,21,4,2202210401,NaN,NaN,NaN,NaN,NaN,NaN,NaN,2008,2,42,1,0,0.000004394385244026638,0.00022318100817878464
1302,5,268.1829985315532,53.63659970631064,2020,8,7,26,26161,21,4,2202210401,NaN,NaN,NaN,NaN,NaN,NaN,NaN,2007,2,42,1,0,0.000003015229537892499,0.00016172665974658397
1303,5,229.81669167512396,45.963338335024794,2020,8,7,26,26161,21,4,2202210401,NaN,NaN,NaN,NaN,NaN,NaN,NaN,2006,2,42,1,0,0.00003661791071242583,0.001683081419196957
1304,5,203.39262514967626,40.67852502993525,2020,8,7,26,26161,21,4,2202210401,NaN,NaN,NaN,NaN,NaN,NaN,NaN,2005,2,42,1,0,0.000027142573492187274,0.0011041198551787971
1305,5,164.72170300101715,32.94434060020343,2020,8,7,26,26161,21,4,2202210401,NaN,NaN,NaN,NaN,NaN,NaN,NaN,2004,2,42,1,0,0.000019999473960460386,0.0006588694819783064
1306,5,148.74713474802425,29.74942694960485,2020,8,7,26,26161,21,4,2202210401,NaN,NaN,NaN,NaN,NaN,NaN,NaN,2003,2,42,1,0,0.000025247850846456314,0.0007511090943911711
1307,5,118.52562992373574,23.70512598474715,2020,8,7,26,26161,21,4,2202210401,NaN,NaN,NaN,NaN,NaN,NaN,NaN,2002,2,42,1,0,0.00003540000676545009,0.0008391616202358958
1308,5,94.5116320580201,18.90232641160402,2020,8,7,26,26161,21,4,2202210401,NaN,NaN,NaN,NaN,NaN,NaN,NaN,2001,2,42,1,0,0.000031697453534432495,0.0005991556131244945
1309,5,83.62548218400153,16.725096436800307,2020,8,7,26,26161,21,4,2202210401,NaN,NaN,NaN,NaN,NaN,NaN,NaN,2000,2,42,1,0,0.00004649805123032933,0.0007776843909505393
1310,5,60.874080684058114,12.174816136811623,2020,8,7,26,26161,21,4,2202210401,NaN,NaN,NaN,NaN,NaN,NaN,NaN,1999,2,42,1,0,0.00003965146473882326,0.0004827492927504425
1311,5,46.82985881634186,9.365971763268373,2020,8,7,26,26161,21,4,2202210401,NaN,NaN,NaN,NaN,NaN,NaN,NaN,1998,2,42,1,0,0.00006093207568727939,0.0005706881003643902
1312,5,36.74778034358123,7.349556068716247,2020,8,7,26,26161,21,4,2202210401,NaN,NaN,NaN,NaN,NaN,NaN,NaN,1997,2,42,1,0,0.00003266118711371497,0.00024004522596308072
1313,5,26.865139913300695,5.373027982660139,2020,8,7,26,26161,21,4,2202210401,NaN,NaN,NaN,NaN,NaN,NaN,NaN,1996,2,42,1,0,0.000049455835238705124,0.00026572758664339196
1314,5,25.04660490806586,5.009320981613172,2020,8,7,26,26161,21,4,2202210401,NaN,NaN,NaN,NaN,NaN,NaN,NaN,1995,2,42,1,0,0.000050290799186772087,0.00025192275554839204
1315,5,18.41216437802274,3.6824328756045484,2020,8,7,26,26161,21,4,2202210401,NaN,NaN,NaN,NaN,NaN,NaN,NaN,1994,2,42,1,0,0.000009080471171284566,0.000033438225567117624
1316,5,15.146433442304176,3.029286688460835,2020,8,7,26,26161,21,4,2202210401,NaN,NaN,NaN,NaN,NaN,NaN,NaN,1993,2,42,1,0,0.00006251746987498004,0.0001893833392885283
1317,5,12.785088718582324,2.557017743716465,2020,8,7,26,26161,21,4,2202210401,NaN,NaN,NaN,NaN,NaN,NaN,NaN,1992,2,42,1,0,0.00010531865192189136,0.0002693016617085744
1318,5,12.603265015943999,2.5206530031887997,2020,8,7,26,26161,21,4,2202210401,NaN,NaN,NaN,NaN,NaN,NaN,NaN,1991,2,42,1,0,0.00025517003732691807,0.0006431951209118942
1319,5,10.501237834887378,2.1002475669774756,2020,8,7,26,26161,21,4,2202210401,NaN,NaN,NaN,NaN,NaN,NaN,NaN,1990,2,42,1,0,0.00011680185682581541,0.0002453128156168703
1320,5,10.217773915995503,2.0435547831991006,2020,8,7,26,26161,21,4,2202210401,NaN,NaN,NaN,NaN,NaN,NaN,NaN,1989,2,42,1,0,0.00009291830781803439,0.00018988365238831057
1321,5,9.15454189972411,1.830908379944822,2020,8,7,26,26161,21,4,2202210401,NaN,NaN,NaN,NaN,NaN,NaN,NaN,1988,2,42,1,0,0.000026528547516023033,0.000048571339954850965
1322,5,9.00619255308734,1.801238510617468,2020,8,7,26,26161,21,4,2202210401,NaN,NaN,NaN,NaN,NaN,NaN,NaN,1987,2,42,1,0,0.0013026924556321946,0.0023464598185755463
1323,5,7.780739775004618,1.5561479550009236,2020,8,7,26,26161,21,4,2202210401,NaN,NaN,NaN,NaN,NaN,NaN,NaN,1986,2,42,1,0,0.0009063192548240443,0.0014103668549723975
1324,5,5.992761098455286,1.1985522196910572,2020,8,7,26,26161,21,4,2202210401,NaN,NaN,NaN,NaN,NaN,NaN,NaN,1985,2,42,1,0,0.004475129451008005,0.005363676336910466
1325,5,4.779871405562617,0.9559742811125235,2020,8,7,26,26161,21,4,2202210401,NaN,NaN,NaN,NaN,NaN,NaN,NaN,1984,2,42,1,0,0.005881317163541021,0.005622387947410873
1326,5,3.5629958872973577,0.7125991774594715,2020,8,7,26,26161,21,4,2202210401,NaN,NaN,NaN,NaN,NaN,NaN,NaN,1983,2,42,1,0,0.010252171307311394,0.007305688840763694
1327,5,2.6061493961116446,0.5212298792223289,2020,8,7,26,26161,21,4,2202210401,NaN,NaN,NaN,NaN,NaN,NaN,NaN,1982,2,42,1,0,0.019523271905373688,0.010176112657262613
1328,5,1.8323500164585729,0.3664700032917146,2020,8,7,26,26161,21,4,2202210401,NaN,NaN,NaN,NaN,NaN,NaN,NaN,1981,2,42,1,0,0.013976626803083004,0.005122014470532895
1329,5,23.19180710506584,4.638361421013168,2020,8,7,26,26161,21,4,2202210401,NaN,NaN,NaN,NaN,NaN,NaN,NaN,1980,2,42,1,0,0.008266033516995452,0.0383408509700335
1330,5,260.05730384453915,52.01146076890783,2020,8,7,26,26161,21,4,2205210401,NaN,NaN,NaN,NaN,NaN,NaN,NaN,2020,5,42,1,0,0.0000004884693486362235,0.000025406004363406904
1331,5,310.4463445557139,62.08926891114278,2020,8,7,26,26161,21,4,2205210401,NaN,NaN,NaN,NaN,NaN,NaN,NaN,2019,5,42,1,0,0.000000836744057605334,0.00005195282680245833
1332,5,327.8141613006279,65.56283226012559,2020,8,7,26,26161,21,4,2205210401,NaN,NaN,NaN,NaN,NaN,NaN,NaN,2018,5,42,1,0,0.0000007599986738941613,0.000049827665574440785
1333,5,368.3242419642923,73.66484839285846,2020,8,7,26,26161,21,4,2205210401,NaN,NaN,NaN,NaN,NaN,NaN,NaN,2017,5,42,1,0,0.0000005307455511016216,0.00003909729055708507
1334,5,367.29985169622574,73.45997033924515,2020,8,7,26,26161,21,4,2205210401,NaN,NaN,NaN,NaN,NaN,NaN,NaN,2016,5,42,1,0,0.0000013247485135125616,0.00009731598650959187
1335,5,392.56334931271454,78.51266986254291,2020,8,7,26,26161,21,4,2205210401,NaN,NaN,NaN,NaN,NaN,NaN,NaN,2015,5,42,1,0,0.000001384425876860143,0.00010869497181908189
1336,5,364.0998652152451,72.81997304304902,2020,8,7,26,26161,21,4,2205210401,NaN,NaN,NaN,NaN,NaN,NaN,NaN,2014,5,42,1,0,0.000002023047825028522,0.0001473182880833759
1337,5,370.3959424661204,74.07918849322408,2020,8,7,26,26161,21,4,2205210401,NaN,NaN,NaN,NaN,NaN,NaN,NaN,2013,5,42,1,0,0.0000022692271764417024,0.00016810250773757152
1338,5,316.43263381169584,63.286526762339165,2020,8,7,26,26161,21,4,2205210401,NaN,NaN,NaN,NaN,NaN,NaN,NaN,2012,5,42,1,0,0.0000025519452752868465,0.000161503752960466
1339,5,231.92053549096389,46.38410709819278,2020,8,7,26,26161,21,4,2205210401,NaN,NaN,NaN,NaN,NaN,NaN,NaN,2011,5,42,1,0,0.000004554478461546809,0.00021125541673679946
1340,5,230.10402906651655,46.02080581330331,2020,8,7,26,26161,21,4,2205210401,NaN,NaN,NaN,NaN,NaN,NaN,NaN,2010,5,42,1,0,0.000003717632323371335,0.00017108843523913183
1341,5,205.50535743034038,41.10107148606808,2020,8,7,26,26161,21,4,2205210401,NaN,NaN,NaN,NaN,NaN,NaN,NaN,2009,5,42,1,0,0.000003212381893990533,0.00013203233786545566
1342,5,253.9388285109485,50.7877657021897,2020,8,7,26,26161,21,4,2205210401,NaN,NaN,NaN,NaN,NaN,NaN,NaN,2008,5,42,1,0,0.000003813201197180087,0.00019366396897769155
1343,5,268.1829985315532,53.63659970631064,2020,8,7,26,26161,21,4,2205210401,NaN,NaN,NaN,NaN,NaN,NaN,NaN,2007,5,42,1,0,0.00000226934374801729,0.00012171988220842207
1344,5,229.81669167512396,45.963338335024794,2020,8,7,26,26161,21,4,2205210401,NaN,NaN,NaN,NaN,NaN,NaN,NaN,2006,5,42,1,0,0.000002828586832729303,0.00013001129360273314
1345,5,203.39262514967626,40.67852502993525,2020,8,7,26,26161,21,4,2205210401,NaN,NaN,NaN,NaN,NaN,NaN,NaN,2005,5,42,1,0,0.0000011584081343243275,0.000047122334286992754
1346,5,164.72170300101715,32.94434060020343,2020,8,7,26,26161,21,4,2205210401,NaN,NaN,NaN,NaN,NaN,NaN,NaN,2004,5,42,1,0,0.0000008502656345807192,0.000028011440666275324
1347,5,148.74713474802425,29.74942694960485,2020,8,7,26,26161,21,4,2205210401,NaN,NaN,NaN,NaN,NaN,NaN,NaN,2003,5,42,1,0,0.0000013025242244964232,0.000038749349266747046
1348,5,118.52562992373574,23.70512598474715,2020,8,7,26,26161,21,4,2205210401,NaN,NaN,NaN,NaN,NaN,NaN,NaN,2002,5,42,1,0,0.0000009128707676194422,0.000021639716554211715
1349,5,94.5116320580201,18.90232641160402,2020,8,7,26,26161,21,4,2205210401,NaN,NaN,NaN,NaN,NaN,NaN,NaN,2001,5,42,1,0,0.000001341989198907017,0.000025366717878587427
1350,5,83.62548218400153,16.725096436800307,2020,8,7,26,26161,21,4,2205210401,NaN,NaN,NaN,NaN,NaN,NaN,NaN,2000,5,42,1,0,0.0000011405526511373345,0.00001907585308152018
1351,5,60.874080684058114,12.174816136811623,2020,8,7,26,26161,21,4,2205210401,NaN,NaN,NaN,NaN,NaN,NaN,NaN,1999,5,42,1,0,0.0000021727622089130675,0.000026452980402529282
1352,5,46.82985881634186,9.365971763268373,2020,8,7,26,26161,21,4,2205210401,NaN,NaN,NaN,NaN,NaN,NaN,NaN,1998,5,42,1,0,0.0000015124664196876436,0.000014165717779686081
1353,5,260.05730384453915,52.01146076890783,2020,8,7,26,26161,21,4,2201210401,NaN,NaN,NaN,NaN,NaN,NaN,NaN,2020,1,43,1,0,0.0001757744737003682,0.009142287143042122
1354,5,310.4463445557139,62.08926891114278,2020,8,7,26,26161,21,4,2201210401,NaN,NaN,NaN,NaN,NaN,NaN,NaN,2019,1,43,1,0,0.00019117131386018615,0.011869687114361574
1355,5,327.8141613006279,65.56283226012559,2020,8,7,26,26161,21,4,2201210401,NaN,NaN,NaN,NaN,NaN,NaN,NaN,2018,1,43,1,0,0.00020536134064956066,0.013464071129721656
1356,5,368.3242419642923,73.66484839285846,2020,8,7,26,26161,21,4,2201210401,NaN,NaN,NaN,NaN,NaN,NaN,NaN,2017,1,43,1,0,0.0002238165236963346,0.0164874102859071
1357,5,367.29985169622574,73.45997033924515,2020,8,7,26,26161,21,4,2201210401,NaN,NaN,NaN,NaN,NaN,NaN,NaN,2016,1,43,1,0,0.000288759374868199,0.021212255112996868
1358,5,392.56334931271454,78.51266986254291,2020,8,7,26,26161,21,4,2201210401,NaN,NaN,NaN,NaN,NaN,NaN,NaN,2015,1,43,1,0,0.0002860500337009156,0.022458551860129256
1359,5,364.0998652152451,72.81997304304902,2020,8,7,26,26161,21,4,2201210401,NaN,NaN,NaN,NaN,NaN,NaN,NaN,2014,1,43,1,0,0.00032512987934836063,0.0236759490496374
1360,5,370.3959424661204,74.07918849322408,2020,8,7,26,26161,21,4,2201210401,NaN,NaN,NaN,NaN,NaN,NaN,NaN,2013,1,43,1,0,0.0003247285662016312,0.02405562866478503
1361,5,316.43263381169584,63.286526762339165,2020,8,7,26,26161,21,4,2201210401,NaN,NaN,NaN,NaN,NaN,NaN,NaN,2012,1,43,1,0,0.00035419988079467827,0.022416080235129747
1362,5,231.92053549096389,46.38410709819278,2020,8,7,26,26161,21,4,2201210401,NaN,NaN,NaN,NaN,NaN,NaN,NaN,2011,1,43,1,0,0.00035441195917405307,0.016439082271209604
1363,5,230.10402906651655,46.02080581330331,2020,8,7,26,26161,21,4,2201210401,NaN,NaN,NaN,NaN,NaN,NaN,NaN,2010,1,43,1,0,0.0004597339126465926,0.021157325119698988
1364,5,205.50535743034038,41.10107148606808,2020,8,7,26,26161,21,4,2201210401,NaN,NaN,NaN,NaN,NaN,NaN,NaN,2009,1,43,1,0,0.0004695416795097509,0.019298666135218738
1365,5,253.9388285109485,50.7877657021897,2020,8,7,26,26161,21,4,2201210401,NaN,NaN,NaN,NaN,NaN,NaN,NaN,2008,1,43,1,0,0.0004968015702824813,0.02523144175198659
1366,5,268.1829985315532,53.63659970631064,2020,8,7,26,26161,21,4,2201210401,NaN,NaN,NaN,NaN,NaN,NaN,NaN,2007,1,43,1,0,0.0005026638411159004,0.026961179232770083
1367,5,229.81669167512396,45.963338335024794,2020,8,7,26,26161,21,4,2201210401,NaN,NaN,NaN,NaN,NaN,NaN,NaN,2006,1,43,1,0,0.0005305591809038519,0.02438627113863737
1368,5,203.39262514967626,40.67852502993525,2020,8,7,26,26161,21,4,2201210401,NaN,NaN,NaN,NaN,NaN,NaN,NaN,2005,1,43,1,0,0.000557770515283544,0.022689281866921526
1369,5,164.72170300101715,32.94434060020343,2020,8,7,26,26161,21,4,2201210401,NaN,NaN,NaN,NaN,NaN,NaN,NaN,2004,1,43,1,0,0.0005978481087434679,0.019695711721632266
1370,5,148.74713474802425,29.74942694960485,2020,8,7,26,26161,21,4,2201210401,NaN,NaN,NaN,NaN,NaN,NaN,NaN,2003,1,43,1,0,0.0009762238115821097,0.02904209896912678
1371,5,118.52562992373574,23.70512598474715,2020,8,7,26,26161,21,4,2201210401,NaN,NaN,NaN,NaN,NaN,NaN,NaN,2002,1,43,1,0,0.0012252079341379004,0.029043708436250714
1372,5,94.5116320580201,18.90232641160402,2020,8,7,26,26161,21,4,2201210401,NaN,NaN,NaN,NaN,NaN,NaN,NaN,2001,1,43,1,0,0.001521295653598363,0.028756027012870732
1373,5,83.62548218400153,16.725096436800307,2020,8,7,26,26161,21,4,2201210401,NaN,NaN,NaN,NaN,NaN,NaN,NaN,2000,1,43,1,0,0.00498534784589207,0.08338042349353955
1374,5,60.874080684058114,12.174816136811623,2020,8,7,26,26161,21,4,2201210401,NaN,NaN,NaN,NaN,NaN,NaN,NaN,1999,1,43,1,0,0.007001961512863839,0.08524759401614859
1375,5,46.82985881634186,9.365971763268373,2020,8,7,26,26161,21,4,2201210401,NaN,NaN,NaN,NaN,NaN,NaN,NaN,1998,1,43,1,0,0.009155701963944711,0.08575204606720695
1376,5,36.74778034358123,7.349556068716247,2020,8,7,26,26161,21,4,2201210401,NaN,NaN,NaN,NaN,NaN,NaN,NaN,1997,1,43,1,0,0.011956486555145682,0.08787486832189516
1377,5,26.865139913300695,5.373027982660139,2020,8,7,26,26161,21,4,2201210401,NaN,NaN,NaN,NaN,NaN,NaN,NaN,1996,1,43,1,0,0.013209505733373914,0.07097504394252757
1378,5,25.04660490806586,5.009320981613172,2020,8,7,26,26161,21,4,2201210401,NaN,NaN,NaN,NaN,NaN,NaN,NaN,1995,1,43,1,0,0.017721132767744736,0.08877084219141641
1379,5,18.41216437802274,3.6824328756045484,2020,8,7,26,26161,21,4,2201210401,NaN,NaN,NaN,NaN,NaN,NaN,NaN,1994,1,43,1,0,0.020109729789857277,0.07405273009769459
1380,5,15.146433442304176,3.029286688460835,2020,8,7,26,26161,21,4,2201210401,NaN,NaN,NaN,NaN,NaN,NaN,NaN,1993,1,43,1,0,0.027833603632469596,0.08431596497573529
1381,5,12.785088718582324,2.557017743716465,2020,8,7,26,26161,21,4,2201210401,NaN,NaN,NaN,NaN,NaN,NaN,NaN,1992,1,43,1,0,0.02782041326047333,0.07113729034455514
1382,5,12.603265015943999,2.5206530031887997,2020,8,7,26,26161,21,4,2201210401,NaN,NaN,NaN,NaN,NaN,NaN,NaN,1991,1,43,1,0,0.027774232397629817,0.07000920230434926
1383,5,10.501237834887378,2.1002475669774756,2020,8,7,26,26161,21,4,2201210401,NaN,NaN,NaN,NaN,NaN,NaN,NaN,1990,1,43,1,0,0.03379342423896179,0.07097455703771716
1384,5,10.217773915995503,2.0435547831991006,2020,8,7,26,26161,21,4,2201210401,NaN,NaN,NaN,NaN,NaN,NaN,NaN,1989,1,43,1,0,0.031416719559511,0.06420178752826344
1385,5,9.15454189972411,1.830908379944822,2020,8,7,26,26161,21,4,2201210401,NaN,NaN,NaN,NaN,NaN,NaN,NaN,1988,1,43,1,0,0.031437179406488304,0.057558595217168225
1386,5,9.00619255308734,1.801238510617468,2020,8,7,26,26161,21,4,2201210401,NaN,NaN,NaN,NaN,NaN,NaN,NaN,1987,1,43,1,0,0.03104389408418531,0.05591745754396437
1387,5,7.780739775004618,1.5561479550009236,2020,8,7,26,26161,21,4,2201210401,NaN,NaN,NaN,NaN,NaN,NaN,NaN,1986,1,43,1,0,0.031166047485516213,0.048498981060047734
1388,5,5.992761098455286,1.1985522196910572,2020,8,7,26,26161,21,4,2201210401,NaN,NaN,NaN,NaN,NaN,NaN,NaN,1985,1,43,1,0,0.039485239980484976,0.04732512202364434
1389,5,4.779871405562617,0.9559742811125235,2020,8,7,26,26161,21,4,2201210401,NaN,NaN,NaN,NaN,NaN,NaN,NaN,1984,1,43,1,0,0.03905188421464266,0.03733259693818252
1390,5,3.5629958872973577,0.7125991774594715,2020,8,7,26,26161,21,4,2201210401,NaN,NaN,NaN,NaN,NaN,NaN,NaN,1983,1,43,1,0,0.03770488421743262,0.026868469479547095
1391,5,2.6061493961116446,0.5212298792223289,2020,8,7,26,26161,21,4,2201210401,NaN,NaN,NaN,NaN,NaN,NaN,NaN,1982,1,43,1,0,0.05036016983350175,0.02624922523993209
1392,5,1.8323500164585729,0.3664700032917146,2020,8,7,26,26161,21,4,2201210401,NaN,NaN,NaN,NaN,NaN,NaN,NaN,1981,1,43,1,0,0.05206952244321057,0.019081918061161385
1393,5,23.19180710506584,4.638361421013168,2020,8,7,26,26161,21,4,2201210401,NaN,NaN,NaN,NaN,NaN,NaN,NaN,1980,1,43,1,0,0.052035165150087596,0.24135790256821518
1394,5,310.4463445557139,62.08926891114278,2020,8,7,26,26161,21,4,2202210401,NaN,NaN,NaN,NaN,NaN,NaN,NaN,2019,2,43,1,0,0.00000007468589633395278,0.000004637192701348527
1395,5,327.8141613006279,65.56283226012559,2020,8,7,26,26161,21,4,2202210401,NaN,NaN,NaN,NaN,NaN,NaN,NaN,2018,2,43,1,0,0.0000008920075934558209,0.00005848254422450229
1396,5,368.3242419642923,73.66484839285846,2020,8,7,26,26161,21,4,2202210401,NaN,NaN,NaN,NaN,NaN,NaN,NaN,2017,2,43,1,0,0.0000010106110267276046,0.00007444650806804002
1397,5,367.29985169622574,73.45997033924515,2020,8,7,26,26161,21,4,2202210401,NaN,NaN,NaN,NaN,NaN,NaN,NaN,2016,2,43,1,0,0.0000019811247558189556,0.00014553336580080476
1398,5,392.56334931271454,78.51266986254291,2020,8,7,26,26161,21,4,2202210401,NaN,NaN,NaN,NaN,NaN,NaN,NaN,2015,2,43,1,0,0.000023216161985188845,0.0018227628614184506
1399,5,364.0998652152451,72.81997304304902,2020,8,7,26,26161,21,4,2202210401,NaN,NaN,NaN,NaN,NaN,NaN,NaN,2014,2,43,1,0,0.000034391629960058554,0.002504397566597981
1400,5,370.3959424661204,74.07918849322408,2020,8,7,26,26161,21,4,2202210401,NaN,NaN,NaN,NaN,NaN,NaN,NaN,2013,2,43,1,0,0.000034691736516388056,0.002569935688554776
1401,5,316.43263381169584,63.286526762339165,2020,8,7,26,26161,21,4,2202210401,NaN,NaN,NaN,NaN,NaN,NaN,NaN,2012,2,43,1,0,0.00003519879531574519,0.0022276095017520064
1402,5,231.92053549096389,46.38410709819278,2020,8,7,26,26161,21,4,2202210401,NaN,NaN,NaN,NaN,NaN,NaN,NaN,2011,2,43,1,0,0.00003287678113151904,0.0015249601370482227
1403,5,230.10402906651655,46.02080581330331,2020,8,7,26,26161,21,4,2202210401,NaN,NaN,NaN,NaN,NaN,NaN,NaN,2010,2,43,1,0,0.000038383487921726834,0.0017664390440830637
1404,5,205.50535743034038,41.10107148606808,2020,8,7,26,26161,21,4,2202210401,NaN,NaN,NaN,NaN,NaN,NaN,NaN,2009,2,43,1,0,0.000027092491331611112,0.0011135304229562281
1405,5,253.9388285109485,50.7877657021897,2020,8,7,26,26161,21,4,2202210401,NaN,NaN,NaN,NaN,NaN,NaN,NaN,2008,2,43,1,0,0.0000025227026400893656,0.0001281224306211541
1406,5,268.1829985315532,53.63659970631064,2020,8,7,26,26161,21,4,2202210401,NaN,NaN,NaN,NaN,NaN,NaN,NaN,2007,2,43,1,0,0.0000017309651050864342,0.000092843082447113
1407,5,229.81669167512396,45.963338335024794,2020,8,7,26,26161,21,4,2202210401,NaN,NaN,NaN,NaN,NaN,NaN,NaN,2006,2,43,1,0,0.00008699077265693039,0.003998386315655715
1408,5,203.39262514967626,40.67852502993525,2020,8,7,26,26161,21,4,2202210401,NaN,NaN,NaN,NaN,NaN,NaN,NaN,2005,2,43,1,0,0.00006448083448905404,0.0026229852397140966
1409,5,164.72170300101715,32.94434060020343,2020,8,7,26,26161,21,4,2202210401,NaN,NaN,NaN,NaN,NaN,NaN,NaN,2004,2,43,1,0,0.000047511440677641926,0.0015652330840905957
1410,5,148.74713474802425,29.74942694960485,2020,8,7,26,26161,21,4,2202210401,NaN,NaN,NaN,NaN,NaN,NaN,NaN,2003,2,43,1,0,0.000059979665970261694,0.0017843606912440002
1411,5,118.52562992373574,23.70512598474715,2020,8,7,26,26161,21,4,2202210401,NaN,NaN,NaN,NaN,NaN,NaN,NaN,2002,2,43,1,0,0.00008409747800117078,0.001993541311017255
1412,5,94.5116320580201,18.90232641160402,2020,8,7,26,26161,21,4,2202210401,NaN,NaN,NaN,NaN,NaN,NaN,NaN,2001,2,43,1,0,0.00007530156474169749,0.0014233747560520984
1413,5,83.62548218400153,16.725096436800307,2020,8,7,26,26161,21,4,2202210401,NaN,NaN,NaN,NaN,NaN,NaN,NaN,2000,2,43,1,0,0.00011046237551164533,0.0018474938830703167
1414,5,60.874080684058114,12.174816136811623,2020,8,7,26,26161,21,4,2202210401,NaN,NaN,NaN,NaN,NaN,NaN,NaN,1999,2,43,1,0,0.00009419738831354967,0.0011468358832853152
1415,5,46.82985881634186,9.365971763268373,2020,8,7,26,26161,21,4,2202210401,NaN,NaN,NaN,NaN,NaN,NaN,NaN,1998,2,43,1,0,0.0001447523422418617,0.0013557463501042363
1416,5,36.74778034358123,7.349556068716247,2020,8,7,26,26161,21,4,2202210401,NaN,NaN,NaN,NaN,NaN,NaN,NaN,1997,2,43,1,0,0.00007759104349857159,0.000570259724622953
1417,5,26.865139913300695,5.373027982660139,2020,8,7,26,26161,21,4,2202210401,NaN,NaN,NaN,NaN,NaN,NaN,NaN,1996,2,43,1,0,0.0001174889892980406,0.0006312716271528296
1418,5,25.04660490806586,5.009320981613172,2020,8,7,26,26161,21,4,2202210401,NaN,NaN,NaN,NaN,NaN,NaN,NaN,1995,2,43,1,0,0.00011947255847415907,0.0005984763938916116
1419,5,18.41216437802274,3.6824328756045484,2020,8,7,26,26161,21,4,2202210401,NaN,NaN,NaN,NaN,NaN,NaN,NaN,1994,2,43,1,0,0.000021571880752087192,0.00007943700287010685
1420,5,15.146433442304176,3.029286688460835,2020,8,7,26,26161,21,4,2202210401,NaN,NaN,NaN,NaN,NaN,NaN,NaN,1993,2,43,1,0,0.00014851865939842973,0.00044990559790371185
1421,5,12.785088718582324,2.557017743716465,2020,8,7,26,26161,21,4,2202210401,NaN,NaN,NaN,NaN,NaN,NaN,NaN,1992,2,43,1,0,0.00025019862487028,0.0006397623232467656
1422,5,12.603265015943999,2.5206530031887997,2020,8,7,26,26161,21,4,2202210401,NaN,NaN,NaN,NaN,NaN,NaN,NaN,1991,2,43,1,0,0.0006061907485735922,0.0015279965308972916
1423,5,10.501237834887378,2.1002475669774756,2020,8,7,26,26161,21,4,2202210401,NaN,NaN,NaN,NaN,NaN,NaN,NaN,1990,2,43,1,0,0.0002774785228146275,0.0005827735924299253
1424,5,10.217773915995503,2.0435547831991006,2020,8,7,26,26161,21,4,2202210401,NaN,NaN,NaN,NaN,NaN,NaN,NaN,1989,2,43,1,0,0.0002207399393849751,0.0004510941589732454
1425,5,9.15454189972411,1.830908379944822,2020,8,7,26,26161,21,4,2202210401,NaN,NaN,NaN,NaN,NaN,NaN,NaN,1988,2,43,1,0,0.00006302213318527298,0.00011538775177091497
1426,5,9.00619255308734,1.801238510617468,2020,8,7,26,26161,21,4,2202210401,NaN,NaN,NaN,NaN,NaN,NaN,NaN,1987,2,43,1,0,0.003094721163633843,0.00557433093956018
1427,5,7.780739775004618,1.5561479550009236,2020,8,7,26,26161,21,4,2202210401,NaN,NaN,NaN,NaN,NaN,NaN,NaN,1986,2,43,1,0,0.00215308330587641,0.0033505161833862034
1428,5,5.992761098455286,1.1985522196910572,2020,8,7,26,26161,21,4,2202210401,NaN,NaN,NaN,NaN,NaN,NaN,NaN,1985,2,43,1,0,0.010631271995288051,0.012742134648091869
1429,5,4.779871405562617,0.9559742811125235,2020,8,7,26,26161,21,4,2202210401,NaN,NaN,NaN,NaN,NaN,NaN,NaN,1984,2,43,1,0,0.013971860063640597,0.013356738880143597
1430,5,3.5629958872973577,0.7125991774594715,2020,8,7,26,26161,21,4,2202210401,NaN,NaN,NaN,NaN,NaN,NaN,NaN,1983,2,43,1,0,0.024355412039704222,0.01735564658617974
1431,5,2.6061493961116446,0.5212298792223289,2020,8,7,26,26161,21,4,2202210401,NaN,NaN,NaN,NaN,NaN,NaN,NaN,1982,2,43,1,0,0.046380158638146624,0.024174724485273618
1432,5,1.8323500164585729,0.3664700032917146,2020,8,7,26,26161,21,4,2202210401,NaN,NaN,NaN,NaN,NaN,NaN,NaN,1981,2,43,1,0,0.03320335707534439,0.012168034376697435
1433,5,23.19180710506584,4.638361421013168,2020,8,7,26,26161,21,4,2202210401,NaN,NaN,NaN,NaN,NaN,NaN,NaN,1980,2,43,1,0,0.019637074547989193,0.09108384900495267
1434,5,260.05730384453915,52.01146076890783,2020,8,7,26,26161,21,4,2205210401,NaN,NaN,NaN,NaN,NaN,NaN,NaN,2020,5,43,1,0,0.00000027137186035345753,0.00001411444686855939
1435,5,310.4463445557139,62.08926891114278,2020,8,7,26,26161,21,4,2205210401,NaN,NaN,NaN,NaN,NaN,NaN,NaN,2019,5,43,1,0,0.0000004648578097807411,0.000028862681556921295
1436,5,327.8141613006279,65.56283226012559,2020,8,7,26,26161,21,4,2205210401,NaN,NaN,NaN,NaN,NaN,NaN,NaN,2018,5,43,1,0,0.00000042222148549675625,0.00002768203643024488
1437,5,368.3242419642923,73.66484839285846,2020,8,7,26,26161,21,4,2205210401,NaN,NaN,NaN,NaN,NaN,NaN,NaN,2017,5,43,1,0,0.00000029485863950090095,0.000021720716976158374
1438,5,367.29985169622574,73.45997033924515,2020,8,7,26,26161,21,4,2205210401,NaN,NaN,NaN,NaN,NaN,NaN,NaN,2016,5,43,1,0,0.0000007359713963958675,0.00005406443694977326
1439,5,392.56334931271454,78.51266986254291,2020,8,7,26,26161,21,4,2205210401,NaN,NaN,NaN,NaN,NaN,NaN,NaN,2015,5,43,1,0,0.0000007691254871445238,0.00006038609545504549
1440,5,364.0998652152451,72.81997304304902,2020,8,7,26,26161,21,4,2205210401,NaN,NaN,NaN,NaN,NaN,NaN,NaN,2014,5,43,1,0,0.0000011239154583491786,0.00008184349337965328
1441,5,370.3959424661204,74.07918849322408,2020,8,7,26,26161,21,4,2205210401,NaN,NaN,NaN,NaN,NaN,NaN,NaN,2013,5,43,1,0,0.0000012606817646898344,0.0000933902820764286
1442,5,316.43263381169584,63.286526762339165,2020,8,7,26,26161,21,4,2205210401,NaN,NaN,NaN,NaN,NaN,NaN,NaN,2012,5,43,1,0,0.000001417747375159359,0.00008972430720025888
1443,5,231.92053549096389,46.38410709819278,2020,8,7,26,26161,21,4,2205210401,NaN,NaN,NaN,NaN,NaN,NaN,NaN,2011,5,43,1,0,0.000002530265811970449,0.00011736412040933301
1444,5,230.10402906651655,46.02080581330331,2020,8,7,26,26161,21,4,2205210401,NaN,NaN,NaN,NaN,NaN,NaN,NaN,2010,5,43,1,0,0.0000020653512907618526,0.00009504913068840657
1445,5,205.50535743034038,41.10107148606808,2020,8,7,26,26161,21,4,2205210401,NaN,NaN,NaN,NaN,NaN,NaN,NaN,2009,5,43,1,0,0.0000017846566077725183,0.00007335129881414203
1446,5,253.9388285109485,50.7877657021897,2020,8,7,26,26161,21,4,2205210401,NaN,NaN,NaN,NaN,NaN,NaN,NaN,2008,5,43,1,0,0.0000021184451095444926,0.00010759109387649529
1447,5,268.1829985315532,53.63659970631064,2020,8,7,26,26161,21,4,2205210401,NaN,NaN,NaN,NaN,NaN,NaN,NaN,2007,5,43,1,0,0.000001260746526676272,0.0000676221567824567
1448,5,229.81669167512396,45.963338335024794,2020,8,7,26,26161,21,4,2205210401,NaN,NaN,NaN,NaN,NaN,NaN,NaN,2006,5,43,1,0,0.000001571437129294057,0.00007222849644596284
1449,5,203.39262514967626,40.67852502993525,2020,8,7,26,26161,21,4,2205210401,NaN,NaN,NaN,NaN,NaN,NaN,NaN,2005,5,43,1,0,0.0000006435600746246263,0.00002617907460388486
1450,5,164.72170300101715,32.94434060020343,2020,8,7,26,26161,21,4,2205210401,NaN,NaN,NaN,NaN,NaN,NaN,NaN,2004,5,43,1,0,0.00000047236979698928847,0.00001556191148126407
1451,5,148.74713474802425,29.74942694960485,2020,8,7,26,26161,21,4,2205210401,NaN,NaN,NaN,NaN,NaN,NaN,NaN,2003,5,43,1,0,0.0000007236245691646795,0.000021527416259303914
1452,5,118.52562992373574,23.70512598474715,2020,8,7,26,26161,21,4,2205210401,NaN,NaN,NaN,NaN,NaN,NaN,NaN,2002,5,43,1,0,0.0000005071504264552456,0.00001202206475233984
1453,5,94.5116320580201,18.90232641160402,2020,8,7,26,26161,21,4,2205210401,NaN,NaN,NaN,NaN,NaN,NaN,NaN,2001,5,43,1,0,0.0000007455495549483428,0.000014092621043659682
1454,5,83.62548218400153,16.725096436800307,2020,8,7,26,26161,21,4,2205210401,NaN,NaN,NaN,NaN,NaN,NaN,NaN,2000,5,43,1,0,0.0000006336403617429637,0.0000105976961564001
1455,5,60.874080684058114,12.174816136811623,2020,8,7,26,26161,21,4,2205210401,NaN,NaN,NaN,NaN,NaN,NaN,NaN,1999,5,43,1,0,0.0000012070901160628153,0.000014696100223627379
1456,5,46.82985881634186,9.365971763268373,2020,8,7,26,26161,21,4,2205210401,NaN,NaN,NaN,NaN,NaN,NaN,NaN,1998,5,43,1,0,0.0000008402591220486909,0.000007869843210936713
1457,5,260.05730384453915,52.01146076890783,2020,8,7,26,26161,21,4,2201210401,NaN,NaN,NaN,NaN,NaN,NaN,NaN,2020,1,44,1,0,0.00027017187624315853,0.014052033942083262
1458,5,310.4463445557139,62.08926891114278,2020,8,7,26,26161,21,4,2201210401,NaN,NaN,NaN,NaN,NaN,NaN,NaN,2019,1,44,1,0,0.0002938373898221379,0.01824414871281501
1459,5,327.8141613006279,65.56283226012559,2020,8,7,26,26161,21,4,2201210401,NaN,NaN,NaN,NaN,NaN,NaN,NaN,2018,1,44,1,0,0.0003156479865539543,0.020694775995683284
1460,5,368.3242419642923,73.66484839285846,2020,8,7,26,26161,21,4,2201210401,NaN,NaN,NaN,NaN,NaN,NaN,NaN,2017,1,44,1,0,0.0003440142864221439,0.025341760254264614
1461,5,367.29985169622574,73.45997033924515,2020,8,7,26,26161,21,4,2201210401,NaN,NaN,NaN,NaN,NaN,NaN,NaN,2016,1,44,1,0,0.00044383385396408367,0.032604021747754446
1462,5,392.56334931271454,78.51266986254291,2020,8,7,26,26161,21,4,2201210401,NaN,NaN,NaN,NaN,NaN,NaN,NaN,2015,1,44,1,0,0.0004396694962439999,0.03451962600723571
1463,5,364.0998652152451,72.81997304304902,2020,8,7,26,26161,21,4,2201210401,NaN,NaN,NaN,NaN,NaN,NaN,NaN,2014,1,44,1,0,0.0004997366664058135,0.03639081057629452
1464,5,370.3959424661204,74.07918849322408,2020,8,7,26,26161,21,4,2201210401,NaN,NaN,NaN,NaN,NaN,NaN,NaN,2013,1,44,1,0,0.0004991198332358406,0.036974392206984404
1465,5,316.43263381169584,63.286526762339165,2020,8,7,26,26161,21,4,2201210401,NaN,NaN,NaN,NaN,NaN,NaN,NaN,2012,1,44,1,0,0.0005444183352955241,0.03445434554658832
1466,5,231.92053549096389,46.38410709819278,2020,8,7,26,26161,21,4,2201210401,NaN,NaN,NaN,NaN,NaN,NaN,NaN,2011,1,44,1,0,0.0005447443076193779,0.025267478305748096
1467,5,230.10402906651655,46.02080581330331,2020,8,7,26,26161,21,4,2201210401,NaN,NaN,NaN,NaN,NaN,NaN,NaN,2010,1,44,1,0,0.0007066280509197628,0.03251959231361141
1468,5,205.50535743034038,41.10107148606808,2020,8,7,26,26161,21,4,2201210401,NaN,NaN,NaN,NaN,NaN,NaN,NaN,2009,1,44,1,0,0.0007217029518390615,0.029662764615243614
1469,5,253.9388285109485,50.7877657021897,2020,8,7,26,26161,21,4,2201210401,NaN,NaN,NaN,NaN,NaN,NaN,NaN,2008,1,44,1,0,0.0007636024135823325,0.03878166047064606
1470,5,268.1829985315532,53.63659970631064,2020,8,7,26,26161,21,4,2201210401,NaN,NaN,NaN,NaN,NaN,NaN,NaN,2007,1,44,1,0,0.0007726129409744396,0.04144033104296143
1471,5,229.81669167512396,45.963338335024794,2020,8,7,26,26161,21,4,2201210401,NaN,NaN,NaN,NaN,NaN,NaN,NaN,2006,1,44,1,0,0.0008154891113892539,0.037482601935313
1472,5,203.39262514967626,40.67852502993525,2020,8,7,26,26161,21,4,2201210401,NaN,NaN,NaN,NaN,NaN,NaN,NaN,2005,1,44,1,0,0.0008573139401580398,0.034874266573231234
1473,5,164.72170300101715,32.94434060020343,2020,8,7,26,26161,21,4,2201210401,NaN,NaN,NaN,NaN,NaN,NaN,NaN,2004,1,44,1,0,0.0009189146856612562,0.030273038386953298
1474,5,148.74713474802425,29.74942694960485,2020,8,7,26,26161,21,4,2201210401,NaN,NaN,NaN,NaN,NaN,NaN,NaN,2003,1,44,1,0,0.0011010896479472633,0.032756786046573234
1475,5,118.52562992373574,23.70512598474715,2020,8,7,26,26161,21,4,2201210401,NaN,NaN,NaN,NaN,NaN,NaN,NaN,2002,1,44,1,0,0.001381920576876469,0.032758601375771156
1476,5,94.5116320580201,18.90232641160402,2020,8,7,26,26161,21,4,2201210401,NaN,NaN,NaN,NaN,NaN,NaN,NaN,2001,1,44,1,0,0.0017158799813842003,0.03243412349126118
1477,5,83.62548218400153,16.725096436800307,2020,8,7,26,26161,21,4,2201210401,NaN,NaN,NaN,NaN,NaN,NaN,NaN,2000,1,44,1,0,0.005623008616878266,0.0940453613822481
1478,5,60.874080684058114,12.174816136811623,2020,8,7,26,26161,21,4,2201210401,NaN,NaN,NaN,NaN,NaN,NaN,NaN,1999,1,44,1,0,0.0078975612412534,0.09615135604146993
1479,5,46.82985881634186,9.365971763268373,2020,8,7,26,26161,21,4,2201210401,NaN,NaN,NaN,NaN,NaN,NaN,NaN,1998,1,44,1,0,0.010326780122123687,0.09672033102929158
1480,5,36.74778034358123,7.349556068716247,2020,8,7,26,26161,21,4,2201210401,NaN,NaN,NaN,NaN,NaN,NaN,NaN,1997,1,44,1,0,0.013485804602896874,0.09911467706074222
1481,5,26.865139913300695,5.373027982660139,2020,8,7,26,26161,21,4,2201210401,NaN,NaN,NaN,NaN,NaN,NaN,NaN,1996,1,44,1,0,0.014899093676014764,0.08005324723750204
1482,5,25.04660490806586,5.009320981613172,2020,8,7,26,26161,21,4,2201210401,NaN,NaN,NaN,NaN,NaN,NaN,NaN,1995,1,44,1,0,0.019987789284549296,0.10012525223915572
1483,5,18.41216437802274,3.6824328756045484,2020,8,7,26,26161,21,4,2201210401,NaN,NaN,NaN,NaN,NaN,NaN,NaN,1994,1,44,1,0,0.022681904530420415,0.08352459092414388
1484,5,15.146433442304176,3.029286688460835,2020,8,7,26,26161,21,4,2201210401,NaN,NaN,NaN,NaN,NaN,NaN,NaN,1993,1,44,1,0,0.031393715724994775,0.09510056514705026
1485,5,12.785088718582324,2.557017743716465,2020,8,7,26,26161,21,4,2201210401,NaN,NaN,NaN,NaN,NaN,NaN,NaN,1992,1,44,1,0,0.03137883821239433,0.08023624608630055
1486,5,12.603265015943999,2.5206530031887997,2020,8,7,26,26161,21,4,2201210401,NaN,NaN,NaN,NaN,NaN,NaN,NaN,1991,1,44,1,0,0.031326750495001075,0.07896386771537067
1487,5,10.501237834887378,2.1002475669774756,2020,8,7,26,26161,21,4,2201210401,NaN,NaN,NaN,NaN,NaN,NaN,NaN,1990,1,44,1,0,0.03811583896720109,0.08005269805416934
1488,5,10.217773915995503,2.0435547831991006,2020,8,7,26,26161,21,4,2201210401,NaN,NaN,NaN,NaN,NaN,NaN,NaN,1989,1,44,1,0,0.035435137177587984,0.07241364407257621
1489,5,9.15454189972411,1.830908379944822,2020,8,7,26,26161,21,4,2201210401,NaN,NaN,NaN,NaN,NaN,NaN,NaN,1988,1,44,1,0,0.035458213981736805,0.06492074111703858
1490,5,9.00619255308734,1.801238510617468,2020,8,7,26,26161,21,4,2201210401,NaN,NaN,NaN,NaN,NaN,NaN,NaN,1987,1,44,1,0,0.035014624722860176,0.06306969048563424
1491,5,7.780739775004618,1.5561479550009236,2020,8,7,26,26161,21,4,2201210401,NaN,NaN,NaN,NaN,NaN,NaN,NaN,1986,1,44,1,0,0.035152402396454334,0.05470233910261198
1492,5,5.992761098455286,1.1985522196910572,2020,8,7,26,26161,21,4,2201210401,NaN,NaN,NaN,NaN,NaN,NaN,NaN,1985,1,44,1,0,0.04453567765240747,0.053378335305738385
1493,5,4.779871405562617,0.9559742811125235,2020,8,7,26,26161,21,4,2201210401,NaN,NaN,NaN,NaN,NaN,NaN,NaN,1984,1,44,1,0,0.0440468926607016,0.0421076965465547
1494,5,3.5629958872973577,0.7125991774594715,2020,8,7,26,26161,21,4,2201210401,NaN,NaN,NaN,NaN,NaN,NaN,NaN,1983,1,44,1,0,0.042527601966174,0.030305134180419396
1495,5,2.6061493961116446,0.5212298792223289,2020,8,7,26,26161,21,4,2201210401,NaN,NaN,NaN,NaN,NaN,NaN,NaN,1982,1,44,1,0,0.05680158690522871,0.02960668428224898
1496,5,1.8323500164585729,0.3664700032917146,2020,8,7,26,26161,21,4,2201210401,NaN,NaN,NaN,NaN,NaN,NaN,NaN,1981,1,44,1,0,0.05872957763943518,0.02152262851084482
1497,5,23.19180710506584,4.638361421013168,2020,8,7,26,26161,21,4,2201210401,NaN,NaN,NaN,NaN,NaN,NaN,NaN,1980,1,44,1,0,0.05869082580881973,0.2722292621990334
1498,5,310.4463445557139,62.08926891114278,2020,8,7,26,26161,21,4,2202210401,NaN,NaN,NaN,NaN,NaN,NaN,NaN,2019,2,44,1,0,0,0
1499,5,327.8141613006279,65.56283226012559,2020,8,7,26,26161,21,4,2202210401,NaN,NaN,NaN,NaN,NaN,NaN,NaN,2018,2,44,1,0,0,0
1500,5,368.3242419642923,73.66484839285846,2020,8,7,26,26161,21,4,2202210401,NaN,NaN,NaN,NaN,NaN,NaN,NaN,2017,2,44,1,0,0,0
1501,5,367.29985169622574,73.45997033924515,2020,8,7,26,26161,21,4,2202210401,NaN,NaN,NaN,NaN,NaN,NaN,NaN,2016,2,44,1,0,0,0
1502,5,392.56334931271454,78.51266986254291,2020,8,7,26,26161,21,4,2202210401,NaN,NaN,NaN,NaN,NaN,NaN,NaN,2015,2,44,1,0,0,0
1503,5,364.0998652152451,72.81997304304902,2020,8,7,26,26161,21,4,2202210401,NaN,NaN,NaN,NaN,NaN,NaN,NaN,2014,2,44,1,0,0,0
1504,5,370.3959424661204,74.07918849322408,2020,8,7,26,26161,21,4,2202210401,NaN,NaN,NaN,NaN,NaN,NaN,NaN,2013,2,44,1,0,0,0
1505,5,316.43263381169584,63.286526762339165,2020,8,7,26,26161,21,4,2202210401,NaN,NaN,NaN,NaN,NaN,NaN,NaN,2012,2,44,1,0,0,0
1506,5,231.92053549096389,46.38410709819278,2020,8,7,26,26161,21,4,2202210401,NaN,NaN,NaN,NaN,NaN,NaN,NaN,2011,2,44,1,0,0,0
1507,5,230.10402906651655,46.02080581330331,2020,8,7,26,26161,21,4,2202210401,NaN,NaN,NaN,NaN,NaN,NaN,NaN,2010,2,44,1,0,0,0
1508,5,205.50535743034038,41.10107148606808,2020,8,7,26,26161,21,4,2202210401,NaN,NaN,NaN,NaN,NaN,NaN,NaN,2009,2,44,1,0,0,0
1509,5,253.9388285109485,50.7877657021897,2020,8,7,26,26161,21,4,2202210401,NaN,NaN,NaN,NaN,NaN,NaN,NaN,2008,2,44,1,0,0,0
1510,5,268.1829985315532,53.63659970631064,2020,8,7,26,26161,21,4,2202210401,NaN,NaN,NaN,NaN,NaN,NaN,NaN,2007,2,44,1,0,0,0
1511,5,229.81669167512396,45.963338335024794,2020,8,7,26,26161,21,4,2202210401,NaN,NaN,NaN,NaN,NaN,NaN,NaN,2006,2,44,1,0,0.000024384963421948534,0.0011208143240502245
1512,5,203.39262514967626,40.67852502993525,2020,8,7,26,26161,21,4,2202210401,NaN,NaN,NaN,NaN,NaN,NaN,NaN,2005,2,44,1,0,0.000018075052587856665,0.0007352664791125234
1513,5,164.72170300101715,32.94434060020343,2020,8,7,26,26161,21,4,2202210401,NaN,NaN,NaN,NaN,NaN,NaN,NaN,2004,2,44,1,0,0.00001331824867928766,0.0004387609206886622
1514,5,148.74713474802425,29.74942694960485,2020,8,7,26,26161,21,4,2202210401,NaN,NaN,NaN,NaN,NaN,NaN,NaN,2003,2,44,1,0,0.000016813300032563857,0.0005001860411005473
1515,5,118.52562992373574,23.70512598474715,2020,8,7,26,26161,21,4,2202210401,NaN,NaN,NaN,NaN,NaN,NaN,NaN,2002,2,44,1,0,0.000023573924708361525,0.0005588228551666536
1516,5,94.5116320580201,18.90232641160402,2020,8,7,26,26161,21,4,2202210401,NaN,NaN,NaN,NaN,NaN,NaN,NaN,2001,2,44,1,0,0.000021108283623176836,0.00039899566703400407
1517,5,83.62548218400153,16.725096436800307,2020,8,7,26,26161,21,4,2202210401,NaN,NaN,NaN,NaN,NaN,NaN,NaN,2000,2,44,1,0,0.000030964444895506046,0.0005178833269893277
1518,5,60.874080684058114,12.174816136811623,2020,8,7,26,26161,21,4,2202210401,NaN,NaN,NaN,NaN,NaN,NaN,NaN,1999,2,44,1,0,0.000026405097900759865,0.00032147721201626194
1519,5,46.82985881634186,9.365971763268373,2020,8,7,26,26161,21,4,2202210401,NaN,NaN,NaN,NaN,NaN,NaN,NaN,1998,2,44,1,0,0.0000405764940694312,0.0003800382977067192
1520,5,36.74778034358123,7.349556068716247,2020,8,7,26,26161,21,4,2202210401,NaN,NaN,NaN,NaN,NaN,NaN,NaN,1997,2,44,1,0,0.000021750062676707926,0.00015985330514055746
1521,5,26.865139913300695,5.373027982660139,2020,8,7,26,26161,21,4,2202210401,NaN,NaN,NaN,NaN,NaN,NaN,NaN,1996,2,44,1,0,0.000032934121850062416,0.00017695595828472405
1522,5,25.04660490806586,5.009320981613172,2020,8,7,26,26161,21,4,2202210401,NaN,NaN,NaN,NaN,NaN,NaN,NaN,1995,2,44,1,0,0.00003349014934961469,0.0001677629078143836
1523,5,18.41216437802274,3.6824328756045484,2020,8,7,26,26161,21,4,2202210401,NaN,NaN,NaN,NaN,NaN,NaN,NaN,1994,2,44,1,0,0.000006046957706155909,0.000022267515854538785
1524,5,15.146433442304176,3.029286688460835,2020,8,7,26,26161,21,4,2202210401,NaN,NaN,NaN,NaN,NaN,NaN,NaN,1993,2,44,1,0,0.000041632255540369834,0.0001261160375190422
1525,5,12.785088718582324,2.557017743716465,2020,8,7,26,26161,21,4,2202210401,NaN,NaN,NaN,NaN,NaN,NaN,NaN,1992,2,44,1,0,0.00007013484452822066,0.00017933604191145585
1526,5,12.603265015943999,2.5206530031887997,2020,8,7,26,26161,21,4,2202210401,NaN,NaN,NaN,NaN,NaN,NaN,NaN,1991,2,44,1,0,0.00016992537000432077,0.0004283228942193591
1527,5,10.501237834887378,2.1002475669774756,2020,8,7,26,26161,21,4,2202210401,NaN,NaN,NaN,NaN,NaN,NaN,NaN,1990,2,44,1,0,0.000077781854586987,0.00016336115085131524
1528,5,10.217773915995503,2.0435547831991006,2020,8,7,26,26161,21,4,2202210401,NaN,NaN,NaN,NaN,NaN,NaN,NaN,1989,2,44,1,0,0.00006187708400859827,0.00012644921099618357
1529,5,9.15454189972411,1.830908379944822,2020,8,7,26,26161,21,4,2202210401,NaN,NaN,NaN,NaN,NaN,NaN,NaN,1988,2,44,1,0,0.000017666154300718443,0.000032345109950583654
1530,5,9.00619255308734,1.801238510617468,2020,8,7,26,26161,21,4,2202210401,NaN,NaN,NaN,NaN,NaN,NaN,NaN,1987,2,44,1,0,0.0008675019208526268,0.0015625778678743782
1531,5,7.780739775004618,1.5561479550009236,2020,8,7,26,26161,21,4,2202210401,NaN,NaN,NaN,NaN,NaN,NaN,NaN,1986,2,44,1,0,0.0006035451353589223,0.0009392055281395427
1532,5,5.992761098455286,1.1985522196910572,2020,8,7,26,26161,21,4,2202210401,NaN,NaN,NaN,NaN,NaN,NaN,NaN,1985,2,44,1,0,0.002980122728145829,0.0035718327107709526
1533,5,4.779871405562617,0.9559742811125235,2020,8,7,26,26161,21,4,2202210401,NaN,NaN,NaN,NaN,NaN,NaN,NaN,1984,2,44,1,0,0.003916545240172853,0.003744116520418919
1534,5,3.5629958872973577,0.7125991774594715,2020,8,7,26,26161,21,4,2202210401,NaN,NaN,NaN,NaN,NaN,NaN,NaN,1983,2,44,1,0,0.00682722791826309,0.0048650769988826175
1535,5,2.6061493961116446,0.5212298792223289,2020,8,7,26,26161,21,4,2202210401,NaN,NaN,NaN,NaN,NaN,NaN,NaN,1982,2,44,1,0,0.013001131468916469,0.006776578185296951
1536,5,1.8323500164585729,0.3664700032917146,2020,8,7,26,26161,21,4,2202210401,NaN,NaN,NaN,NaN,NaN,NaN,NaN,1981,2,44,1,0,0.009307454377503622,0.0034109028363612354
1537,5,23.19180710506584,4.638361421013168,2020,8,7,26,26161,21,4,2202210401,NaN,NaN,NaN,NaN,NaN,NaN,NaN,1980,2,44,1,0,0.005504599280377172,0.025532320940238322
1538,5,260.05730384453915,52.01146076890783,2020,8,7,26,26161,21,4,2205210401,NaN,NaN,NaN,NaN,NaN,NaN,NaN,2020,5,44,1,0,0.0000000325646232424149,0.0000016937336242271268
1539,5,310.4463445557139,62.08926891114278,2020,8,7,26,26161,21,4,2205210401,NaN,NaN,NaN,NaN,NaN,NaN,NaN,2019,5,44,1,0,0.00000005578293717368893,0.000003463521786830555
1540,5,327.8141613006279,65.56283226012559,2020,8,7,26,26161,21,4,2205210401,NaN,NaN,NaN,NaN,NaN,NaN,NaN,2018,5,44,1,0,0.00000005066657825961075,0.0000033218443716293855
1541,5,368.3242419642923,73.66484839285846,2020,8,7,26,26161,21,4,2205210401,NaN,NaN,NaN,NaN,NaN,NaN,NaN,2017,5,44,1,0,0.000000035383036740108105,0.0000026064860371390045
1542,5,367.29985169622574,73.45997033924515,2020,8,7,26,26161,21,4,2205210401,NaN,NaN,NaN,NaN,NaN,NaN,NaN,2016,5,44,1,0,0.00000008831656756750411,0.000006487732433972792
1543,5,392.56334931271454,78.51266986254291,2020,8,7,26,26161,21,4,2205210401,NaN,NaN,NaN,NaN,NaN,NaN,NaN,2015,5,44,1,0,0.00000009229505845734286,0.000007246331454605459
1544,5,364.0998652152451,72.81997304304902,2020,8,7,26,26161,21,4,2205210401,NaN,NaN,NaN,NaN,NaN,NaN,NaN,2014,5,44,1,0,0.00000013486985500190142,0.000009821219205558391
1545,5,370.3959424661204,74.07918849322408,2020,8,7,26,26161,21,4,2205210401,NaN,NaN,NaN,NaN,NaN,NaN,NaN,2013,5,44,1,0,0.00000015128181176278014,0.000011206833849171434
1546,5,316.43263381169584,63.286526762339165,2020,8,7,26,26161,21,4,2205210401,NaN,NaN,NaN,NaN,NaN,NaN,NaN,2012,5,44,1,0,0.0000001701296850191231,0.000010766916864031066
1547,5,231.92053549096389,46.38410709819278,2020,8,7,26,26161,21,4,2205210401,NaN,NaN,NaN,NaN,NaN,NaN,NaN,2011,5,44,1,0,0.00000030363189743645387,0.000014083694449119961
1548,5,230.10402906651655,46.02080581330331,2020,8,7,26,26161,21,4,2205210401,NaN,NaN,NaN,NaN,NaN,NaN,NaN,2010,5,44,1,0,0.0000002478421548914223,0.000011405895682608787
1549,5,205.50535743034038,41.10107148606808,2020,8,7,26,26161,21,4,2205210401,NaN,NaN,NaN,NaN,NaN,NaN,NaN,2009,5,44,1,0,0.0000002141587929327022,0.000008802155857697045
1550,5,253.9388285109485,50.7877657021897,2020,8,7,26,26161,21,4,2205210401,NaN,NaN,NaN,NaN,NaN,NaN,NaN,2008,5,44,1,0,0.0000002542134131453391,0.000012910931265179434
1551,5,268.1829985315532,53.63659970631064,2020,8,7,26,26161,21,4,2205210401,NaN,NaN,NaN,NaN,NaN,NaN,NaN,2007,5,44,1,0,0.00000015128958320115264,0.000008114658813894803
1552,5,229.81669167512396,45.963338335024794,2020,8,7,26,26161,21,4,2205210401,NaN,NaN,NaN,NaN,NaN,NaN,NaN,2006,5,44,1,0,0.00000018857245551528684,0.00000866741957351554
1553,5,203.39262514967626,40.67852502993525,2020,8,7,26,26161,21,4,2205210401,NaN,NaN,NaN,NaN,NaN,NaN,NaN,2005,5,44,1,0,0.00000007722720895495516,0.0000031414889524661833
1554,5,164.72170300101715,32.94434060020343,2020,8,7,26,26161,21,4,2205210401,NaN,NaN,NaN,NaN,NaN,NaN,NaN,2004,5,44,1,0,0.000000056684375638714614,0.0000018674293777516882
1555,5,148.74713474802425,29.74942694960485,2020,8,7,26,26161,21,4,2205210401,NaN,NaN,NaN,NaN,NaN,NaN,NaN,2003,5,44,1,0,0.00000008683494829976154,0.0000025832899511164695
1556,5,118.52562992373574,23.70512598474715,2020,8,7,26,26161,21,4,2205210401,NaN,NaN,NaN,NaN,NaN,NaN,NaN,2002,5,44,1,0,0.00000006085805117462948,0.0000014426477702807809
1557,5,94.5116320580201,18.90232641160402,2020,8,7,26,26161,21,4,2205210401,NaN,NaN,NaN,NaN,NaN,NaN,NaN,2001,5,44,1,0,0.00000008946594659380114,0.0000016911145252391617
1558,5,83.62548218400153,16.725096436800307,2020,8,7,26,26161,21,4,2205210401,NaN,NaN,NaN,NaN,NaN,NaN,NaN,2000,5,44,1,0,0.00000007603684340915563,0.0000012717235387680118
1559,5,60.874080684058114,12.174816136811623,2020,8,7,26,26161,21,4,2205210401,NaN,NaN,NaN,NaN,NaN,NaN,NaN,1999,5,44,1,0,0.00000014485081392753783,0.0000017635320268352855
1560,5,46.82985881634186,9.365971763268373,2020,8,7,26,26161,21,4,2205210401,NaN,NaN,NaN,NaN,NaN,NaN,NaN,1998,5,44,1,0,0.0000001008310946458429,0.0000009443811853124054
1561,5,260.05730384453915,52.01146076890783,2020,8,7,26,26161,21,4,2201210401,NaN,NaN,NaN,NaN,NaN,NaN,NaN,2020,1,45,1,0,0.024217816376495168,1.259604006374692
1562,5,310.4463445557139,62.08926891114278,2020,8,7,26,26161,21,4,2201210401,NaN,NaN,NaN,NaN,NaN,NaN,NaN,2019,1,45,1,0,0.02633915879851453,1.635379113534261
1563,5,327.8141613006279,65.56283226012559,2020,8,7,26,26161,21,4,2201210401,NaN,NaN,NaN,NaN,NaN,NaN,NaN,2018,1,45,1,0,0.028294229156161685,1.8550498000949833
1564,5,368.3242419642923,73.66484839285846,2020,8,7,26,26161,21,4,2201210401,NaN,NaN,NaN,NaN,NaN,NaN,NaN,2017,1,45,1,0,0.030836943264828314,2.2715987505027555
1565,5,367.29985169622574,73.45997033924515,2020,8,7,26,26161,21,4,2201210401,NaN,NaN,NaN,NaN,NaN,NaN,NaN,2016,1,45,1,0,0.039784624981840745,2.9225773711240124
1566,5,392.56334931271454,78.51266986254291,2020,8,7,26,26161,21,4,2201210401,NaN,NaN,NaN,NaN,NaN,NaN,NaN,2015,1,45,1,0,0.039411337976570586,3.0942893673955862
1567,5,364.0998652152451,72.81997304304902,2020,8,7,26,26161,21,4,2201210401,NaN,NaN,NaN,NaN,NaN,NaN,NaN,2014,1,45,1,0,0.04479567226577413,3.2620196468389304
1568,5,370.3959424661204,74.07918849322408,2020,8,7,26,26161,21,4,2201210401,NaN,NaN,NaN,NaN,NaN,NaN,NaN,2013,1,45,1,0,0.04474038023222474,3.3143310604814933
1569,5,316.43263381169584,63.286526762339165,2020,8,7,26,26161,21,4,2201210401,NaN,NaN,NaN,NaN,NaN,NaN,NaN,2012,1,45,1,0,0.048800872465044554,3.0884377212845426
1570,5,231.92053549096389,46.38410709819278,2020,8,7,26,26161,21,4,2201210401,NaN,NaN,NaN,NaN,NaN,NaN,NaN,2011,1,45,1,0,0.04883009215286953,2.264940224033323
1571,5,230.10402906651655,46.02080581330331,2020,8,7,26,26161,21,4,2201210401,NaN,NaN,NaN,NaN,NaN,NaN,NaN,2010,1,45,1,0,0.06334111685353053,2.9150092387140822
1572,5,205.50535743034038,41.10107148606808,2020,8,7,26,26161,21,4,2201210401,NaN,NaN,NaN,NaN,NaN,NaN,NaN,2009,1,45,1,0,0.064692409176899,2.6589273341856927
1573,5,253.9388285109485,50.7877657021897,2020,8,7,26,26161,21,4,2201210401,NaN,NaN,NaN,NaN,NaN,NaN,NaN,2008,1,45,1,0,0.06844821635003076,3.4763319747181525
1574,5,268.1829985315532,53.63659970631064,2020,8,7,26,26161,21,4,2201210401,NaN,NaN,NaN,NaN,NaN,NaN,NaN,2007,1,45,1,0,0.06925590699819072,3.7146513609594334
1575,5,229.81669167512396,45.963338335024794,2020,8,7,26,26161,21,4,2201210401,NaN,NaN,NaN,NaN,NaN,NaN,NaN,2006,1,45,1,0,0.0730992649245307,3.3598862457678154
1576,5,203.39262514967626,40.67852502993525,2020,8,7,26,26161,21,4,2201210401,NaN,NaN,NaN,NaN,NaN,NaN,NaN,2005,1,45,1,0,0.07684838210573271,3.126078834998076
1577,5,164.72170300101715,32.94434060020343,2020,8,7,26,26161,21,4,2201210401,NaN,NaN,NaN,NaN,NaN,NaN,NaN,2004,1,45,1,0,0.08237018387132224,2.713631392758223
1578,5,148.74713474802425,29.74942694960485,2020,8,7,26,26161,21,4,2201210401,NaN,NaN,NaN,NaN,NaN,NaN,NaN,2003,1,45,1,0,0.09826941321937584,2.9234587299503545
1579,5,118.52562992373574,23.70512598474715,2020,8,7,26,26161,21,4,2201210401,NaN,NaN,NaN,NaN,NaN,NaN,NaN,2002,1,45,1,0,0.12333284983525351,2.9236207434025863
1580,5,94.5116320580201,18.90232641160402,2020,8,7,26,26161,21,4,2201210401,NaN,NaN,NaN,NaN,NaN,NaN,NaN,2001,1,45,1,0,0.1531378659674538,2.894661928493278
1581,5,83.62548218400153,16.725096436800307,2020,8,7,26,26161,21,4,2201210401,NaN,NaN,NaN,NaN,NaN,NaN,NaN,2000,1,45,1,0,0.5018390267661355,8.393306118413626
1582,5,60.874080684058114,12.174816136811623,2020,8,7,26,26161,21,4,2201210401,NaN,NaN,NaN,NaN,NaN,NaN,NaN,1999,1,45,1,0,0.7048369862425843,8.581260713927888
1583,5,46.82985881634186,9.365971763268373,2020,8,7,26,26161,21,4,2201210401,NaN,NaN,NaN,NaN,NaN,NaN,NaN,1998,1,45,1,0,0.921638510486853,8.632040265160587
1584,5,36.74778034358123,7.349556068716247,2020,8,7,26,26161,21,4,2201210401,NaN,NaN,NaN,NaN,NaN,NaN,NaN,1997,1,45,1,0,1.2035733035801879,8.84572947747263
1585,5,26.865139913300695,5.373027982660139,2020,8,7,26,26161,21,4,2201210401,NaN,NaN,NaN,NaN,NaN,NaN,NaN,1996,1,45,1,0,1.3297057108583483,7.144545993144897
1586,5,25.04660490806586,5.009320981613172,2020,8,7,26,26161,21,4,2201210401,NaN,NaN,NaN,NaN,NaN,NaN,NaN,1995,1,45,1,0,1.783858678725188,8.935920707570835
1587,5,18.41216437802274,3.6824328756045484,2020,8,7,26,26161,21,4,2201210401,NaN,NaN,NaN,NaN,NaN,NaN,NaN,1994,1,45,1,0,2.024301520823191,7.454354470415605
1588,5,15.146433442304176,3.029286688460835,2020,8,7,26,26161,21,4,2201210401,NaN,NaN,NaN,NaN,NaN,NaN,NaN,1993,1,45,1,0,2.801808216817317,8.487480334824888
1589,5,12.785088718582324,2.557017743716465,2020,8,7,26,26161,21,4,2201210401,NaN,NaN,NaN,NaN,NaN,NaN,NaN,1992,1,45,1,0,2.800480437161832,7.160878168753647
1590,5,12.603265015943999,2.5206530031887997,2020,8,7,26,26161,21,4,2201210401,NaN,NaN,NaN,NaN,NaN,NaN,NaN,1991,1,45,1,0,2.795831742631178,7.047321678473854
1591,5,10.501237834887378,2.1002475669774756,2020,8,7,26,26161,21,4,2201210401,NaN,NaN,NaN,NaN,NaN,NaN,NaN,1990,1,45,1,0,3.401740391124328,7.144496979947876
1592,5,10.217773915995503,2.0435547831991006,2020,8,7,26,26161,21,4,2201210401,NaN,NaN,NaN,NaN,NaN,NaN,NaN,1989,1,45,1,0,3.1624946654265895,6.462731100374146
1593,5,9.15454189972411,1.830908379944822,2020,8,7,26,26161,21,4,2201210401,NaN,NaN,NaN,NaN,NaN,NaN,NaN,1988,1,45,1,0,3.164554210720572,5.794008823197967
1594,5,9.00619255308734,1.801238510617468,2020,8,7,26,26161,21,4,2201210401,NaN,NaN,NaN,NaN,NaN,NaN,NaN,1987,1,45,1,0,3.1249650126371185,5.62880732509418
1595,5,7.780739775004618,1.5561479550009236,2020,8,7,26,26161,21,4,2201210401,NaN,NaN,NaN,NaN,NaN,NaN,NaN,1986,1,45,1,0,3.1372613149083,4.882042779498059
1596,5,5.992761098455286,1.1985522196910572,2020,8,7,26,26161,21,4,2201210401,NaN,NaN,NaN,NaN,NaN,NaN,NaN,1985,1,45,1,0,3.9746944478030044,4.763878853008012
1597,5,4.779871405562617,0.9559742811125235,2020,8,7,26,26161,21,4,2201210401,NaN,NaN,NaN,NaN,NaN,NaN,NaN,1984,1,45,1,0,3.931071647048389,3.758003391788907
1598,5,3.5629958872973577,0.7125991774594715,2020,8,7,26,26161,21,4,2201210401,NaN,NaN,NaN,NaN,NaN,NaN,NaN,1983,1,45,1,0,3.7954788682594667,2.704655119586502
1599,5,2.6061493961116446,0.5212298792223289,2020,8,7,26,26161,21,4,2201210401,NaN,NaN,NaN,NaN,NaN,NaN,NaN,1982,1,45,1,0,5.069395235449123,2.642320266303396
1600,5,1.8323500164585729,0.3664700032917146,2020,8,7,26,26161,21,4,2201210401,NaN,NaN,NaN,NaN,NaN,NaN,NaN,1981,1,45,1,0,5.241463439428766,1.9208391239008615
1601,5,23.19180710506584,4.638361421013168,2020,8,7,26,26161,21,4,2201210401,NaN,NaN,NaN,NaN,NaN,NaN,NaN,1980,1,45,1,0,5.238004938422189,24.295760029453938
1602,5,310.4463445557139,62.08926891114278,2020,8,7,26,26161,21,4,2202210401,NaN,NaN,NaN,NaN,NaN,NaN,NaN,2019,2,45,1,0,0.00000047129375962459856,0.000029262284977475187
1603,5,327.8141613006279,65.56283226012559,2020,8,7,26,26161,21,4,2202210401,NaN,NaN,NaN,NaN,NaN,NaN,NaN,2018,2,45,1,0,0.00000562887550353156,0.00036904502045116965
1604,5,368.3242419642923,73.66484839285846,2020,8,7,26,26161,21,4,2202210401,NaN,NaN,NaN,NaN,NaN,NaN,NaN,2017,2,45,1,0,0.000006377304065212126,0.00046978313711901117
1605,5,367.29985169622574,73.45997033924515,2020,8,7,26,26161,21,4,2202210401,NaN,NaN,NaN,NaN,NaN,NaN,NaN,2016,2,45,1,0,0.000012501580355685133,0.0009183657221223196
1606,5,392.56334931271454,78.51266986254291,2020,8,7,26,26161,21,4,2202210401,NaN,NaN,NaN,NaN,NaN,NaN,NaN,2015,2,45,1,0,0.00014650198769963996,0.011502262194468154
1607,5,364.0998652152451,72.81997304304902,2020,8,7,26,26161,21,4,2202210401,NaN,NaN,NaN,NaN,NaN,NaN,NaN,2014,2,45,1,0,0.00021702304423071433,0.015803612230601054
1608,5,370.3959424661204,74.07918849322408,2020,8,7,26,26161,21,4,2202210401,NaN,NaN,NaN,NaN,NaN,NaN,NaN,2013,2,45,1,0,0.00021891682008617292,0.016217180379500828
1609,5,316.43263381169584,63.286526762339165,2020,8,7,26,26161,21,4,2202210401,NaN,NaN,NaN,NaN,NaN,NaN,NaN,2012,2,45,1,0,0.00022211653595797831,0.014056984097262665
1610,5,231.92053549096389,46.38410709819278,2020,8,7,26,26161,21,4,2202210401,NaN,NaN,NaN,NaN,NaN,NaN,NaN,2011,2,45,1,0,0.00020746382576096497,0.009623024313097405
1611,5,230.10402906651655,46.02080581330331,2020,8,7,26,26161,21,4,2202210401,NaN,NaN,NaN,NaN,NaN,NaN,NaN,2010,2,45,1,0,0.0002422130444715866,0.011146839485075886
1612,5,205.50535743034038,41.10107148606808,2020,8,7,26,26161,21,4,2202210401,NaN,NaN,NaN,NaN,NaN,NaN,NaN,2009,2,45,1,0,0.00026218539998333336,0.010776100867318337
1613,5,253.9388285109485,50.7877657021897,2020,8,7,26,26161,21,4,2202210401,NaN,NaN,NaN,NaN,NaN,NaN,NaN,2008,2,45,1,0,0.00002441325135570354,0.0012398944898821364
1614,5,268.1829985315532,53.63659970631064,2020,8,7,26,26161,21,4,2202210401,NaN,NaN,NaN,NaN,NaN,NaN,NaN,2007,2,45,1,0,0.00001675127521051388,0.0008984814430365775
1615,5,229.81669167512396,45.963338335024794,2020,8,7,26,26161,21,4,2202210401,NaN,NaN,NaN,NaN,NaN,NaN,NaN,2006,2,45,1,0,0.00008048505247959584,0.0036993616980318896
1616,5,203.39262514967626,40.67852502993525,2020,8,7,26,26161,21,4,2202210401,NaN,NaN,NaN,NaN,NaN,NaN,NaN,2005,2,45,1,0,0.00005965854985846238,0.002426821813667102
1617,5,164.72170300101715,32.94434060020343,2020,8,7,26,26161,21,4,2202210401,NaN,NaN,NaN,NaN,NaN,NaN,NaN,2004,2,45,1,0,0.0000439582346440576,0.0014481750542974956
1618,5,148.74713474802425,29.74942694960485,2020,8,7,26,26161,21,4,2202210401,NaN,NaN,NaN,NaN,NaN,NaN,NaN,2003,2,45,1,0,0.000055494007190434426,0.0016509149130526752
1619,5,118.52562992373574,23.70512598474715,2020,8,7,26,26161,21,4,2202210401,NaN,NaN,NaN,NaN,NaN,NaN,NaN,2002,2,45,1,0,0.00007780813669766442,0.001844451683056563
1620,5,94.5116320580201,18.90232641160402,2020,8,7,26,26161,21,4,2202210401,NaN,NaN,NaN,NaN,NaN,NaN,NaN,2001,2,45,1,0,0.00006967003746400644,0.0013169257892533305
1621,5,83.62548218400153,16.725096436800307,2020,8,7,26,26161,21,4,2202210401,NaN,NaN,NaN,NaN,NaN,NaN,NaN,2000,2,45,1,0,0.00010220130041996243,0.0017093266054902714
1622,5,60.874080684058114,12.174816136811623,2020,8,7,26,26161,21,4,2202210401,NaN,NaN,NaN,NaN,NaN,NaN,NaN,1999,2,45,1,0,0.00008715271183710899,0.001061068242441328
1623,5,46.82985881634186,9.365971763268373,2020,8,7,26,26161,21,4,2202210401,NaN,NaN,NaN,NaN,NaN,NaN,NaN,1998,2,45,1,0,0.0001339268465613806,0.0012543550632374667
1624,5,36.74778034358123,7.349556068716247,2020,8,7,26,26161,21,4,2202210401,NaN,NaN,NaN,NaN,NaN,NaN,NaN,1997,2,45,1,0,0.00007178829451897756,0.0005276120956447408
1625,5,26.865139913300695,5.373027982660139,2020,8,7,26,26161,21,4,2202210401,NaN,NaN,NaN,NaN,NaN,NaN,NaN,1996,2,45,1,0,0.00010870241958558029,0.0005840611422161864
1626,5,25.04660490806586,5.009320981613172,2020,8,7,26,26161,21,4,2202210401,NaN,NaN,NaN,NaN,NaN,NaN,NaN,1995,2,45,1,0,0.00011053764491305742,0.0005537185439210851
1627,5,18.41216437802274,3.6824328756045484,2020,8,7,26,26161,21,4,2202210401,NaN,NaN,NaN,NaN,NaN,NaN,NaN,1994,2,45,1,0,0.000019958599071909732,0.00007349620137341083
1628,5,15.146433442304176,3.029286688460835,2020,8,7,26,26161,21,4,2202210401,NaN,NaN,NaN,NaN,NaN,NaN,NaN,1993,2,45,1,0,0.0001374114946998292,0.0004162588117356992
1629,5,12.785088718582324,2.557017743716465,2020,8,7,26,26161,21,4,2202210401,NaN,NaN,NaN,NaN,NaN,NaN,NaN,1992,2,45,1,0,0.00023148718924963937,0.0005919168503543792
1630,5,12.603265015943999,2.5206530031887997,2020,8,7,26,26161,21,4,2202210401,NaN,NaN,NaN,NaN,NaN,NaN,NaN,1991,2,45,1,0,0.0005608559703683021,0.001413723286065229
1631,5,10.501237834887378,2.1002475669774756,2020,8,7,26,26161,21,4,2202210401,NaN,NaN,NaN,NaN,NaN,NaN,NaN,1990,2,45,1,0,0.0002567269238861831,0.0005391900972695676
1632,5,10.217773915995503,2.0435547831991006,2020,8,7,26,26161,21,4,2202210401,NaN,NaN,NaN,NaN,NaN,NaN,NaN,1989,2,45,1,0,0.00020423161058481668,0.0004173584846910582
1633,5,9.15454189972411,1.830908379944822,2020,8,7,26,26161,21,4,2202210401,NaN,NaN,NaN,NaN,NaN,NaN,NaN,1988,2,45,1,0,0.00005830893946415214,0.00010675832589061149
1634,5,9.00619255308734,1.801238510617468,2020,8,7,26,26161,21,4,2202210401,NaN,NaN,NaN,NaN,NaN,NaN,NaN,1987,2,45,1,0,0.0028632783415672093,0.005157447215447774
1635,5,7.780739775004618,1.5561479550009236,2020,8,7,26,26161,21,4,2202210401,NaN,NaN,NaN,NaN,NaN,NaN,NaN,1986,2,45,1,0,0.0019920621184711224,0.0030999433918936447
1636,5,5.992761098455286,1.1985522196910572,2020,8,7,26,26161,21,4,2202210401,NaN,NaN,NaN,NaN,NaN,NaN,NaN,1985,2,45,1,0,0.00983619823495668,0.011789197227828587
1637,5,4.779871405562617,0.9559742811125235,2020,8,7,26,26161,21,4,2202210401,NaN,NaN,NaN,NaN,NaN,NaN,NaN,1984,2,45,1,0,0.01292695599905209,0.012357837468167043
1638,5,3.5629958872973577,0.7125991774594715,2020,8,7,26,26161,21,4,2202210401,NaN,NaN,NaN,NaN,NaN,NaN,NaN,1983,2,45,1,0,0.02253396028459814,0.01605768156370903
1639,5,2.6061493961116446,0.5212298792223289,2020,8,7,26,26161,21,4,2202210401,NaN,NaN,NaN,NaN,NaN,NaN,NaN,1982,2,45,1,0,0.04291155703059292,0.022366785688298026
1640,5,1.8323500164585729,0.3664700032917146,2020,8,7,26,26161,21,4,2202210401,NaN,NaN,NaN,NaN,NaN,NaN,NaN,1981,2,45,1,0,0.03072020002911137,0.011258031805790573
1641,5,23.19180710506584,4.638361421013168,2020,8,7,26,26161,21,4,2202210401,NaN,NaN,NaN,NaN,NaN,NaN,NaN,1980,2,45,1,0,0.018168489912990003,0.08427202269047972
1642,5,260.05730384453915,52.01146076890783,2020,8,7,26,26161,21,4,2205210401,NaN,NaN,NaN,NaN,NaN,NaN,NaN,2020,5,45,1,0,0.0000019213127713024793,0.00009993028382940048
1643,5,310.4463445557139,62.08926891114278,2020,8,7,26,26161,21,4,2205210401,NaN,NaN,NaN,NaN,NaN,NaN,NaN,2019,5,45,1,0,0.000003291193293247647,0.00020434778542300277
1644,5,327.8141613006279,65.56283226012559,2020,8,7,26,26161,21,4,2205210401,NaN,NaN,NaN,NaN,NaN,NaN,NaN,2018,5,45,1,0,0.0000029893281173170344,0.00019598881792613375
1645,5,368.3242419642923,73.66484839285846,2020,8,7,26,26161,21,4,2205210401,NaN,NaN,NaN,NaN,NaN,NaN,NaN,2017,5,45,1,0,0.0000020875991676663784,0.00015378267619120127
1646,5,367.29985169622574,73.45997033924515,2020,8,7,26,26161,21,4,2205210401,NaN,NaN,NaN,NaN,NaN,NaN,NaN,2016,5,45,1,0,0.000005210677486482743,0.0003827762136043948
1647,5,392.56334931271454,78.51266986254291,2020,8,7,26,26161,21,4,2205210401,NaN,NaN,NaN,NaN,NaN,NaN,NaN,2015,5,45,1,0,0.00000544540844898323,0.0004275335558217221
1648,5,364.0998652152451,72.81997304304902,2020,8,7,26,26161,21,4,2205210401,NaN,NaN,NaN,NaN,NaN,NaN,NaN,2014,5,45,1,0,0.000007957321445112187,0.0005794519331279453
1649,5,370.3959424661204,74.07918849322408,2020,8,7,26,26161,21,4,2205210401,NaN,NaN,NaN,NaN,NaN,NaN,NaN,2013,5,45,1,0,0.00000892562689400403,0.0006612031971011148
1650,5,316.43263381169584,63.286526762339165,2020,8,7,26,26161,21,4,2205210401,NaN,NaN,NaN,NaN,NaN,NaN,NaN,2012,5,45,1,0,0.000010037651416128264,0.000635248094977833
1651,5,231.92053549096389,46.38410709819278,2020,8,7,26,26161,21,4,2205210401,NaN,NaN,NaN,NaN,NaN,NaN,NaN,2011,5,45,1,0,0.000017914281948750783,0.000830937972498078
1652,5,230.10402906651655,46.02080581330331,2020,8,7,26,26161,21,4,2205210401,NaN,NaN,NaN,NaN,NaN,NaN,NaN,2010,5,45,1,0,0.000014622687138593919,0.0006729478452739186
1653,5,205.50535743034038,41.10107148606808,2020,8,7,26,26161,21,4,2205210401,NaN,NaN,NaN,NaN,NaN,NaN,NaN,2009,5,45,1,0,0.000012635368783029432,0.0005193271956041258
1654,5,253.9388285109485,50.7877657021897,2020,8,7,26,26161,21,4,2205210401,NaN,NaN,NaN,NaN,NaN,NaN,NaN,2008,5,45,1,0,0.000014998591375575011,0.0007617449446455869
1655,5,268.1829985315532,53.63659970631064,2020,8,7,26,26161,21,4,2205210401,NaN,NaN,NaN,NaN,NaN,NaN,NaN,2007,5,45,1,0,0.000008926085408868008,0.00047876487001979347
1656,5,229.81669167512396,45.963338335024794,2020,8,7,26,26161,21,4,2205210401,NaN,NaN,NaN,NaN,NaN,NaN,NaN,2006,5,45,1,0,0.000011125774875401925,0.000511377754837417
1657,5,203.39262514967626,40.67852502993525,2020,8,7,26,26161,21,4,2205210401,NaN,NaN,NaN,NaN,NaN,NaN,NaN,2005,5,45,1,0,0.0000045564053283423554,0.00018534784819550484
1658,5,164.72170300101715,32.94434060020343,2020,8,7,26,26161,21,4,2205210401,NaN,NaN,NaN,NaN,NaN,NaN,NaN,2004,5,45,1,0,0.000003344378162684163,0.00011017833328734962
1659,5,148.74713474802425,29.74942694960485,2020,8,7,26,26161,21,4,2205210401,NaN,NaN,NaN,NaN,NaN,NaN,NaN,2003,5,45,1,0,0.000005123261949685932,0.00015241410711587175
1660,5,118.52562992373574,23.70512598474715,2020,8,7,26,26161,21,4,2205210401,NaN,NaN,NaN,NaN,NaN,NaN,NaN,2002,5,45,1,0,0.0000035906250193031397,0.0000851162184465661
1661,5,94.5116320580201,18.90232641160402,2020,8,7,26,26161,21,4,2205210401,NaN,NaN,NaN,NaN,NaN,NaN,NaN,2001,5,45,1,0,0.000005278490849034268,0.00009977575698911057
1662,5,83.62548218400153,16.725096436800307,2020,8,7,26,26161,21,4,2205210401,NaN,NaN,NaN,NaN,NaN,NaN,NaN,2000,5,45,1,0,0.000004486173761140183,0.0000750316887873127
1663,5,60.874080684058114,12.174816136811623,2020,8,7,26,26161,21,4,2205210401,NaN,NaN,NaN,NaN,NaN,NaN,NaN,1999,5,45,1,0,0.000008546198021724732,0.00010404838958328184
1664,5,46.82985881634186,9.365971763268373,2020,8,7,26,26161,21,4,2205210401,NaN,NaN,NaN,NaN,NaN,NaN,NaN,1998,5,45,1,0,0.000005949034584104732,0.00005571848993343192
1665,5,260.05730384453915,52.01146076890783,2020,8,7,26,26161,21,4,2201210401,NaN,NaN,NaN,NaN,NaN,NaN,NaN,2020,1,46,1,0,0.019683485971594934,1.0237668584069575
1666,5,310.4463445557139,62.08926891114278,2020,8,7,26,26161,21,4,2201210401,NaN,NaN,NaN,NaN,NaN,NaN,NaN,2019,1,46,1,0,0.021407646942824918,1.32918514778786
1667,5,327.8141613006279,65.56283226012559,2020,8,7,26,26161,21,4,2201210401,NaN,NaN,NaN,NaN,NaN,NaN,NaN,2018,1,46,1,0,0.022996667164960988,1.5077266318782752
1668,5,368.3242419642923,73.66484839285846,2020,8,7,26,26161,21,4,2201210401,NaN,NaN,NaN,NaN,NaN,NaN,NaN,2017,1,46,1,0,0.025063305903550652,1.8462846296088933
1669,5,367.29985169622574,73.45997033924515,2020,8,7,26,26161,21,4,2201210401,NaN,NaN,NaN,NaN,NaN,NaN,NaN,2016,1,46,1,0,0.0323357025894074,2.37537975311652
1670,5,392.56334931271454,78.51266986254291,2020,8,7,26,26161,21,4,2201210401,NaN,NaN,NaN,NaN,NaN,NaN,NaN,2015,1,46,1,0,0.03203230655165624,2.5149419092259566
1671,5,364.0998652152451,72.81997304304902,2020,8,7,26,26161,21,4,2201210401,NaN,NaN,NaN,NaN,NaN,NaN,NaN,2014,1,46,1,0,0.03640852556332476,2.65126785005847
1672,5,370.3959424661204,74.07918849322408,2020,8,7,26,26161,21,4,2201210401,NaN,NaN,NaN,NaN,NaN,NaN,NaN,2013,1,46,1,0,0.036363585922616,2.6937849358510206
1673,5,316.43263381169584,63.286526762339165,2020,8,7,26,26161,21,4,2201210401,NaN,NaN,NaN,NaN,NaN,NaN,NaN,2012,1,46,1,0,0.03966382739195221,2.510185873737585
1674,5,231.92053549096389,46.38410709819278,2020,8,7,26,26161,21,4,2201210401,NaN,NaN,NaN,NaN,NaN,NaN,NaN,2011,1,46,1,0,0.0396875762430648,1.840872786926009
1675,5,230.10402906651655,46.02080581330331,2020,8,7,26,26161,21,4,2201210401,NaN,NaN,NaN,NaN,NaN,NaN,NaN,2010,1,46,1,0,0.05148168462544344,2.3692286110892553
1676,5,205.50535743034038,41.10107148606808,2020,8,7,26,26161,21,4,2201210401,NaN,NaN,NaN,NaN,NaN,NaN,NaN,2009,1,46,1,0,0.052579972888804886,2.161093224438291
1677,5,253.9388285109485,50.7877657021897,2020,8,7,26,26161,21,4,2201210401,NaN,NaN,NaN,NaN,NaN,NaN,NaN,2008,1,46,1,0,0.05563257584255861,2.8254542273011656
1678,5,268.1829985315532,53.63659970631064,2020,8,7,26,26161,21,4,2201210401,NaN,NaN,NaN,NaN,NaN,NaN,NaN,2007,1,46,1,0,0.05628904161533056,3.0191527929733466
1679,5,229.81669167512396,45.963338335024794,2020,8,7,26,26161,21,4,2201210401,NaN,NaN,NaN,NaN,NaN,NaN,NaN,2006,1,46,1,0,0.05941280309121468,2.7308107699137074
1680,5,203.39262514967626,40.67852502993525,2020,8,7,26,26161,21,4,2201210401,NaN,NaN,NaN,NaN,NaN,NaN,NaN,2005,1,46,1,0,0.062459968628140565,2.5407793972087864
1681,5,164.72170300101715,32.94434060020343,2020,8,7,26,26161,21,4,2201210401,NaN,NaN,NaN,NaN,NaN,NaN,NaN,2004,1,46,1,0,0.06694791691799538,2.2055549774205616
1682,5,148.74713474802425,29.74942694960485,2020,8,7,26,26161,21,4,2201210401,NaN,NaN,NaN,NaN,NaN,NaN,NaN,2003,1,46,1,0,0.0798233237563418,2.3746981389639474
1683,5,118.52562992373574,23.70512598474715,2020,8,7,26,26161,21,4,2201210401,NaN,NaN,NaN,NaN,NaN,NaN,NaN,2002,1,46,1,0,0.10018211852160133,2.3748297409734302
1684,5,94.5116320580201,18.90232641160402,2020,8,7,26,26161,21,4,2201210401,NaN,NaN,NaN,NaN,NaN,NaN,NaN,2001,1,46,1,0,0.1243924539081824,2.351306766912872
1685,5,83.62548218400153,16.725096436800307,2020,8,7,26,26161,21,4,2201210401,NaN,NaN,NaN,NaN,NaN,NaN,NaN,2000,1,46,1,0,0.40763914014317487,6.817803930308955
1686,5,60.874080684058114,12.174816136811623,2020,8,7,26,26161,21,4,2201210401,NaN,NaN,NaN,NaN,NaN,NaN,NaN,1999,1,46,1,0,0.5725324809123082,6.970477687459963
1687,5,46.82985881634186,9.365971763268373,2020,8,7,26,26161,21,4,2201210401,NaN,NaN,NaN,NaN,NaN,NaN,NaN,1998,1,46,1,0,0.7486383280285954,7.011725441216271
1688,5,36.74778034358123,7.349556068716247,2020,8,7,26,26161,21,4,2201210401,NaN,NaN,NaN,NaN,NaN,NaN,NaN,1997,1,46,1,0,0.9776513192533073,7.185303186506589
1689,5,26.865139913300695,5.373027982660139,2020,8,7,26,26161,21,4,2201210401,NaN,NaN,NaN,NaN,NaN,NaN,NaN,1996,1,46,1,0,1.080107492059132,5.80344777911458
1690,5,25.04660490806586,5.009320981613172,2020,8,7,26,26161,21,4,2201210401,NaN,NaN,NaN,NaN,NaN,NaN,NaN,1995,1,46,1,0,1.449011693288151,7.258564677791164
1691,5,18.41216437802274,3.6824328756045484,2020,8,7,26,26161,21,4,2201210401,NaN,NaN,NaN,NaN,NaN,NaN,NaN,1994,1,46,1,0,1.644321161421818,6.055102302871957
1692,5,15.146433442304176,3.029286688460835,2020,8,7,26,26161,21,4,2201210401,NaN,NaN,NaN,NaN,NaN,NaN,NaN,1993,1,46,1,0,2.275882566785188,6.8943007640624465
1693,5,12.785088718582324,2.557017743716465,2020,8,7,26,26161,21,4,2201210401,NaN,NaN,NaN,NaN,NaN,NaN,NaN,1992,1,46,1,0,2.2748040238098652,5.8167142523594375
1694,5,12.603265015943999,2.5206530031887997,2020,8,7,26,26161,21,4,2201210401,NaN,NaN,NaN,NaN,NaN,NaN,NaN,1991,1,46,1,0,2.2710279327922422,5.724473379118417
1695,5,10.501237834887378,2.1002475669774756,2020,8,7,26,26161,21,4,2201210401,NaN,NaN,NaN,NaN,NaN,NaN,NaN,1990,1,46,1,0,2.7632018517253405,5.803407966153801
1696,5,10.217773915995503,2.0435547831991006,2020,8,7,26,26161,21,4,2201210401,NaN,NaN,NaN,NaN,NaN,NaN,NaN,1989,1,46,1,0,2.5688647900288526,5.2496159290552145
1697,5,9.15454189972411,1.830908379944822,2020,8,7,26,26161,21,4,2201210401,NaN,NaN,NaN,NaN,NaN,NaN,NaN,1988,1,46,1,0,2.570537739377043,4.706419087989847
1698,5,9.00619255308734,1.801238510617468,2020,8,7,26,26161,21,4,2201210401,NaN,NaN,NaN,NaN,NaN,NaN,NaN,1987,1,46,1,0,2.538379804651059,4.572227458711133
1699,5,7.780739775004618,1.5561479550009236,2020,8,7,26,26161,21,4,2201210401,NaN,NaN,NaN,NaN,NaN,NaN,NaN,1986,1,46,1,0,2.5483679757924413,3.9656376141192506
1700,5,5.992761098455286,1.1985522196910572,2020,8,7,26,26161,21,4,2201210401,NaN,NaN,NaN,NaN,NaN,NaN,NaN,1985,1,46,1,0,3.2286070644508174,3.869654163607755
1701,5,4.779871405562617,0.9559742811125235,2020,8,7,26,26161,21,4,2201210401,NaN,NaN,NaN,NaN,NaN,NaN,NaN,1984,1,46,1,0,3.1931726720624085,3.0525909496430166
1702,5,3.5629958872973577,0.7125991774594715,2020,8,7,26,26161,21,4,2201210401,NaN,NaN,NaN,NaN,NaN,NaN,NaN,1983,1,46,1,0,3.08303192810449,2.196966016048548
1703,5,2.6061493961116446,0.5212298792223289,2020,8,7,26,26161,21,4,2201210401,NaN,NaN,NaN,NaN,NaN,NaN,NaN,1982,1,46,1,0,4.1178222589440026,2.1463319986884
1704,5,1.8323500164585729,0.3664700032917146,2020,8,7,26,26161,21,4,2201210401,NaN,NaN,NaN,NaN,NaN,NaN,NaN,1981,1,46,1,0,4.257591649077403,1.5602796256521725
1705,5,23.19180710506584,4.638361421013168,2020,8,7,26,26161,21,4,2201210401,NaN,NaN,NaN,NaN,NaN,NaN,NaN,1980,1,46,1,0,4.254782341109487,19.735218265810335
1706,5,310.4463445557139,62.08926891114278,2020,8,7,26,26161,21,4,2202210401,NaN,NaN,NaN,NaN,NaN,NaN,NaN,2019,2,46,1,0,0.0000021839186238342053,0.00013559791071529484
1707,5,327.8141613006279,65.56283226012559,2020,8,7,26,26161,21,4,2202210401,NaN,NaN,NaN,NaN,NaN,NaN,NaN,2018,2,46,1,0,0.000026083532387949522,0.0017101102587026877
1708,5,368.3242419642923,73.66484839285846,2020,8,7,26,26161,21,4,2202210401,NaN,NaN,NaN,NaN,NaN,NaN,NaN,2017,2,46,1,0,0.00002955166036775892,0.0021769185807482046
1709,5,367.29985169622574,73.45997033924515,2020,8,7,26,26161,21,4,2202210401,NaN,NaN,NaN,NaN,NaN,NaN,NaN,2016,2,46,1,0,0.00005793082044601636,0.0042555963516924976
1710,5,392.56334931271454,78.51266986254291,2020,8,7,26,26161,21,4,2202210401,NaN,NaN,NaN,NaN,NaN,NaN,NaN,2015,2,46,1,0,0.0006788725987393152,0.05330010022354642
1711,5,364.0998652152451,72.81997304304902,2020,8,7,26,26161,21,4,2202210401,NaN,NaN,NaN,NaN,NaN,NaN,NaN,2014,2,46,1,0,0.0010056586967630917,0.07323203918879614
1712,5,370.3959424661204,74.07918849322408,2020,8,7,26,26161,21,4,2202210401,NaN,NaN,NaN,NaN,NaN,NaN,NaN,2013,2,46,1,0,0.0010144342264102439,0.07514846427222241
1713,5,316.43263381169584,63.286526762339165,2020,8,7,26,26161,21,4,2202210401,NaN,NaN,NaN,NaN,NaN,NaN,NaN,2012,2,46,1,0,0.001029261325094894,0.06513837439605868
1714,5,231.92053549096389,46.38410709819278,2020,8,7,26,26161,21,4,2202210401,NaN,NaN,NaN,NaN,NaN,NaN,NaN,2011,2,46,1,0,0.0009613624275699361,0.044591937800582515
1715,5,230.10402906651655,46.02080581330331,2020,8,7,26,26161,21,4,2202210401,NaN,NaN,NaN,NaN,NaN,NaN,NaN,2010,2,46,1,0,0.0011223861295732538,0.051653114116635805
1716,5,205.50535743034038,41.10107148606808,2020,8,7,26,26161,21,4,2202210401,NaN,NaN,NaN,NaN,NaN,NaN,NaN,2009,2,46,1,0,0.0003321015066455556,0.013649727765269895
1717,5,253.9388285109485,50.7877657021897,2020,8,7,26,26161,21,4,2202210401,NaN,NaN,NaN,NaN,NaN,NaN,NaN,2008,2,46,1,0,0.000030923451717224486,0.001570533020517373
1718,5,268.1829985315532,53.63659970631064,2020,8,7,26,26161,21,4,2202210401,NaN,NaN,NaN,NaN,NaN,NaN,NaN,2007,2,46,1,0,0.000021218281933317583,0.0011380764945129983
1719,5,229.81669167512396,45.963338335024794,2020,8,7,26,26161,21,4,2202210401,NaN,NaN,NaN,NaN,NaN,NaN,NaN,2006,2,46,1,0,0.0000703420027388855,0.0032331532710506354
1720,5,203.39262514967626,40.67852502993525,2020,8,7,26,26161,21,4,2202210401,NaN,NaN,NaN,NaN,NaN,NaN,NaN,2005,2,46,1,0,0.000052140139668863035,0.002120983976584165
1721,5,164.72170300101715,32.94434060020343,2020,8,7,26,26161,21,4,2202210401,NaN,NaN,NaN,NaN,NaN,NaN,NaN,2004,2,46,1,0,0.000038418441269113504,0.001265670214498587
1722,5,148.74713474802425,29.74942694960485,2020,8,7,26,26161,21,4,2202210401,NaN,NaN,NaN,NaN,NaN,NaN,NaN,2003,2,46,1,0,0.00004850042940297369,0.001442859981548233
1723,5,118.52562992373574,23.70512598474715,2020,8,7,26,26161,21,4,2202210401,NaN,NaN,NaN,NaN,NaN,NaN,NaN,2002,2,46,1,0,0.00006800244264091423,0.0016120064700734134
1724,5,94.5116320580201,18.90232641160402,2020,8,7,26,26161,21,4,2202210401,NaN,NaN,NaN,NaN,NaN,NaN,NaN,2001,2,46,1,0,0.000060889939375436256,0.0011509615092572761
1725,5,83.62548218400153,16.725096436800307,2020,8,7,26,26161,21,4,2202210401,NaN,NaN,NaN,NaN,NaN,NaN,NaN,2000,2,46,1,0,0.00008932148184759136,0.0014939103977788736
1726,5,60.874080684058114,12.174816136811623,2020,8,7,26,26161,21,4,2202210401,NaN,NaN,NaN,NaN,NaN,NaN,NaN,1999,2,46,1,0,0.0000761693768703374,0.0009273481586518698
1727,5,46.82985881634186,9.365971763268373,2020,8,7,26,26161,21,4,2202210401,NaN,NaN,NaN,NaN,NaN,NaN,NaN,1998,2,46,1,0,0.00011704884717593015,0.0010962761975728769
1728,5,36.74778034358123,7.349556068716247,2020,8,7,26,26161,21,4,2202210401,NaN,NaN,NaN,NaN,NaN,NaN,NaN,1997,2,46,1,0,0.00006274124516417531,0.0004611202991551785
1729,5,26.865139913300695,5.373027982660139,2020,8,7,26,26161,21,4,2202210401,NaN,NaN,NaN,NaN,NaN,NaN,NaN,1996,2,46,1,0,0.00009500330385136833,0.0005104554100385658
1730,5,25.04660490806586,5.009320981613172,2020,8,7,26,26161,21,4,2202210401,NaN,NaN,NaN,NaN,NaN,NaN,NaN,1995,2,46,1,0,0.00009660724670826832,0.00048393670791160853
1731,5,18.41216437802274,3.6824328756045484,2020,8,7,26,26161,21,4,2202210401,NaN,NaN,NaN,NaN,NaN,NaN,NaN,1994,2,46,1,0,0.00001744333621372128,0.00006423391473363062
1732,5,15.146433442304176,3.029286688460835,2020,8,7,26,26161,21,4,2202210401,NaN,NaN,NaN,NaN,NaN,NaN,NaN,1993,2,46,1,0,0.00012009434595299744,0.0003638002035548255
1733,5,12.785088718582324,2.557017743716465,2020,8,7,26,26161,21,4,2202210401,NaN,NaN,NaN,NaN,NaN,NaN,NaN,1992,2,46,1,0,0.00020231424343474327,0.0005173211102692109
1734,5,12.603265015943999,2.5206530031887997,2020,8,7,26,26161,21,4,2202210401,NaN,NaN,NaN,NaN,NaN,NaN,NaN,1991,2,46,1,0,0.0004901746471963721,0.0012355601965425458
1735,5,10.501237834887378,2.1002475669774756,2020,8,7,26,26161,21,4,2202210401,NaN,NaN,NaN,NaN,NaN,NaN,NaN,1990,2,46,1,0,0.00022437316528712816,0.0004712391944893259
1736,5,10.217773915995503,2.0435547831991006,2020,8,7,26,26161,21,4,2202210401,NaN,NaN,NaN,NaN,NaN,NaN,NaN,1989,2,46,1,0,0.00017849352231914345,0.00036476129130534103
1737,5,9.15454189972411,1.830908379944822,2020,8,7,26,26161,21,4,2202210401,NaN,NaN,NaN,NaN,NaN,NaN,NaN,1988,2,46,1,0,0.00005096061259982041,0.00009330421265613288
1738,5,9.00619255308734,1.801238510617468,2020,8,7,26,26161,21,4,2202210401,NaN,NaN,NaN,NaN,NaN,NaN,NaN,1987,2,46,1,0,0.002502436498948327,0.004507484992280476
1739,5,7.780739775004618,1.5561479550009236,2020,8,7,26,26161,21,4,2202210401,NaN,NaN,NaN,NaN,NaN,NaN,NaN,1986,2,46,1,0,0.001741014445248075,0.0027092760685998598
1740,5,5.992761098455286,1.1985522196910572,2020,8,7,26,26161,21,4,2202210401,NaN,NaN,NaN,NaN,NaN,NaN,NaN,1985,2,46,1,0,0.008596601006863354,0.01030347521857445
1741,5,4.779871405562617,0.9559742811125235,2020,8,7,26,26161,21,4,2202210401,NaN,NaN,NaN,NaN,NaN,NaN,NaN,1984,2,46,1,0,0.011297849057392334,0.010800453130758439
1742,5,3.5629958872973577,0.7125991774594715,2020,8,7,26,26161,21,4,2202210401,NaN,NaN,NaN,NaN,NaN,NaN,NaN,1983,2,46,1,0,0.019694140057360112,0.014034028005646446
1743,5,2.6061493961116446,0.5212298792223289,2020,8,7,26,26161,21,4,2202210401,NaN,NaN,NaN,NaN,NaN,NaN,NaN,1982,2,46,1,0,0.037503670174546255,0.019548033475472803
1744,5,1.8323500164585729,0.3664700032917146,2020,8,7,26,26161,21,4,2202210401,NaN,NaN,NaN,NaN,NaN,NaN,NaN,1981,2,46,1,0,0.026848716973063885,0.009839249397497035
1745,5,23.19180710506584,4.638361421013168,2020,8,7,26,26161,21,4,2202210401,NaN,NaN,NaN,NaN,NaN,NaN,NaN,1980,2,46,1,0,0.01587882380451886,0.07365172374594582
1746,5,260.05730384453915,52.01146076890783,2020,8,7,26,26161,21,4,2205210401,NaN,NaN,NaN,NaN,NaN,NaN,NaN,2020,5,46,1,0,0.0000020081517666155857,0.00010444690682733949
1747,5,310.4463445557139,62.08926891114278,2020,8,7,26,26161,21,4,2205210401,NaN,NaN,NaN,NaN,NaN,NaN,NaN,2019,5,46,1,0,0.000003439947792377484,0.00021358384352121757
1748,5,327.8141613006279,65.56283226012559,2020,8,7,26,26161,21,4,2205210401,NaN,NaN,NaN,NaN,NaN,NaN,NaN,2018,5,46,1,0,0.0000031244389926759963,0.0002048470695838121
1749,5,368.3242419642923,73.66484839285846,2020,8,7,26,26161,21,4,2205210401,NaN,NaN,NaN,NaN,NaN,NaN,NaN,2017,5,46,1,0,0.000002181953932306667,0.00016073330562357195
1750,5,367.29985169622574,73.45997033924515,2020,8,7,26,26161,21,4,2205210401,NaN,NaN,NaN,NaN,NaN,NaN,NaN,2016,5,46,1,0,0.000005446188333329419,0.0004000768334283221
1751,5,392.56334931271454,78.51266986254291,2020,8,7,26,26161,21,4,2205210401,NaN,NaN,NaN,NaN,NaN,NaN,NaN,2015,5,46,1,0,0.0000056915286048694756,0.00044685710636733654
1752,5,364.0998652152451,72.81997304304902,2020,8,7,26,26161,21,4,2205210401,NaN,NaN,NaN,NaN,NaN,NaN,NaN,2014,5,46,1,0,0.000008316974391783921,0.0006056418510094341
1753,5,370.3959424661204,74.07918849322408,2020,8,7,26,26161,21,4,2205210401,NaN,NaN,NaN,NaN,NaN,NaN,NaN,2013,5,46,1,0,0.000009329045058704775,0.0006910880873655718
1754,5,316.43263381169584,63.286526762339165,2020,8,7,26,26161,21,4,2205210401,NaN,NaN,NaN,NaN,NaN,NaN,NaN,2012,5,46,1,0,0.000010491330576179257,0.0006639598732819157
1755,5,231.92053549096389,46.38410709819278,2020,8,7,26,26161,21,4,2205210401,NaN,NaN,NaN,NaN,NaN,NaN,NaN,2011,5,46,1,0,0.000018723967008581323,0.0008684944910290643
1756,5,230.10402906651655,46.02080581330331,2020,8,7,26,26161,21,4,2205210401,NaN,NaN,NaN,NaN,NaN,NaN,NaN,2010,5,46,1,0,0.00001528359955163771,0.0007033635670942085
1757,5,205.50535743034038,41.10107148606808,2020,8,7,26,26161,21,4,2205210401,NaN,NaN,NaN,NaN,NaN,NaN,NaN,2009,5,46,1,0,0.000013206458897516634,0.000542799611224651
1758,5,253.9388285109485,50.7877657021897,2020,8,7,26,26161,21,4,2205210401,NaN,NaN,NaN,NaN,NaN,NaN,NaN,2008,5,46,1,0,0.000015676493810629245,0.0007961740946860652
1759,5,268.1829985315532,53.63659970631064,2020,8,7,26,26161,21,4,2205210401,NaN,NaN,NaN,NaN,NaN,NaN,NaN,2007,5,46,1,0,0.000009329524297404413,0.0005004039601901795
1760,5,229.81669167512396,45.963338335024794,2020,8,7,26,26161,21,4,2205210401,NaN,NaN,NaN,NaN,NaN,NaN,NaN,2006,5,46,1,0,0.000011628634756776022,0.000534490873700125
1761,5,203.39262514967626,40.67852502993525,2020,8,7,26,26161,21,4,2205210401,NaN,NaN,NaN,NaN,NaN,NaN,NaN,2005,5,46,1,0,0.000004762344552222235,0.00019372515206874798
1762,5,164.72170300101715,32.94434060020343,2020,8,7,26,26161,21,4,2205210401,NaN,NaN,NaN,NaN,NaN,NaN,NaN,2004,5,46,1,0,0.0000034955364977207344,0.0001151581449613541
1763,5,148.74713474802425,29.74942694960485,2020,8,7,26,26161,21,4,2205210401,NaN,NaN,NaN,NaN,NaN,NaN,NaN,2003,5,46,1,0,0.000005354821811818628,0.00015930288031884896
1764,5,118.52562992373574,23.70512598474715,2020,8,7,26,26161,21,4,2205210401,NaN,NaN,NaN,NaN,NaN,NaN,NaN,2002,5,46,1,0,0.0000037529131557688176,0.00008896327916731482
1765,5,94.5116320580201,18.90232641160402,2020,8,7,26,26161,21,4,2205210401,NaN,NaN,NaN,NaN,NaN,NaN,NaN,2001,5,46,1,0,0.000005517066706617737,0.00010428539572308166
1766,5,83.62548218400153,16.725096436800307,2020,8,7,26,26161,21,4,2205210401,NaN,NaN,NaN,NaN,NaN,NaN,NaN,2000,5,46,1,0,0.0000046889386768979305,0.00007842295155736073
1767,5,60.874080684058114,12.174816136811623,2020,8,7,26,26161,21,4,2205210401,NaN,NaN,NaN,NaN,NaN,NaN,NaN,1999,5,46,1,0,0.000008932466858864834,0.0001087511416548426
1768,5,46.82985881634186,9.365971763268373,2020,8,7,26,26161,21,4,2205210401,NaN,NaN,NaN,NaN,NaN,NaN,NaN,1998,5,46,1,0,0.000006217917503160313,0.00005823683976093167
1769,5,260.05730384453915,52.01146076890783,2020,8,7,26,26161,21,4,2201210401,NaN,NaN,NaN,NaN,NaN,NaN,NaN,2020,1,79,1,0,0.3341974174849193,17.382095868587193
1770,5,310.4463445557139,62.08926891114278,2020,8,7,26,26161,21,4,2201210401,NaN,NaN,NaN,NaN,NaN,NaN,NaN,2019,1,79,1,0,0.36347120286749207,22.567661256296248
1771,5,327.8141613006279,65.56283226012559,2020,8,7,26,26161,21,4,2201210401,NaN,NaN,NaN,NaN,NaN,NaN,NaN,2018,1,79,1,0,0.3904504917665994,25.599040097577102
1772,5,368.3242419642923,73.66484839285846,2020,8,7,26,26161,21,4,2201210401,NaN,NaN,NaN,NaN,NaN,NaN,NaN,2017,1,79,1,0,0.4255390594272085,31.3472702979449
1773,5,367.29985169622574,73.45997033924515,2020,8,7,26,26161,21,4,2201210401,NaN,NaN,NaN,NaN,NaN,NaN,NaN,2016,1,79,1,0,0.5490139456768557,40.33054816525377
1774,5,392.56334931271454,78.51266986254291,2020,8,7,26,26161,21,4,2201210401,NaN,NaN,NaN,NaN,NaN,NaN,NaN,2015,1,79,1,0,0.5438627152272333,42.70011381118196
1775,5,364.0998652152451,72.81997304304902,2020,8,7,26,26161,21,4,2201210401,NaN,NaN,NaN,NaN,NaN,NaN,NaN,2014,1,79,1,0,0.6181646500653294,45.01473315392312
1776,5,370.3959424661204,74.07918849322408,2020,8,7,26,26161,21,4,2201210401,NaN,NaN,NaN,NaN,NaN,NaN,NaN,2013,1,79,1,0,0.6174016392912602,45.73661241308281
1777,5,316.43263381169584,63.286526762339165,2020,8,7,26,26161,21,4,2201210401,NaN,NaN,NaN,NaN,NaN,NaN,NaN,2012,1,79,1,0,0.6734350155804211,42.61936313622661
1778,5,231.92053549096389,46.38410709819278,2020,8,7,26,26161,21,4,2201210401,NaN,NaN,NaN,NaN,NaN,NaN,NaN,2011,1,79,1,0,0.6738382370789663,31.25538495552819
1779,5,230.10402906651655,46.02080581330331,2020,8,7,26,26161,21,4,2201210401,NaN,NaN,NaN,NaN,NaN,NaN,NaN,2010,1,79,1,0,0.8740853157019406,40.226110578178925
1780,5,205.50535743034038,41.10107148606808,2020,8,7,26,26161,21,4,2201210401,NaN,NaN,NaN,NaN,NaN,NaN,NaN,2009,1,79,1,0,0.8927326783590974,36.692269631186285
1781,5,253.9388285109485,50.7877657021897,2020,8,7,26,26161,21,4,2201210401,NaN,NaN,NaN,NaN,NaN,NaN,NaN,2008,1,79,1,0,0.9445615071155247,47.97216851469046
1782,5,268.1829985315532,53.63659970631064,2020,8,7,26,26161,21,4,2201210401,NaN,NaN,NaN,NaN,NaN,NaN,NaN,2007,1,79,1,0,0.955707356293065,51.26089290586753
1783,5,229.81669167512396,45.963338335024794,2020,8,7,26,26161,21,4,2201210401,NaN,NaN,NaN,NaN,NaN,NaN,NaN,2006,1,79,1,0,1.0087443549012318,46.365258077871644
1784,5,203.39262514967626,40.67852502993525,2020,8,7,26,26161,21,4,2201210401,NaN,NaN,NaN,NaN,NaN,NaN,NaN,2005,1,79,1,0,1.0604808641028671,43.138797374175844
1785,5,164.72170300101715,32.94434060020343,2020,8,7,26,26161,21,4,2201210401,NaN,NaN,NaN,NaN,NaN,NaN,NaN,2004,1,79,1,0,1.1366798021588485,37.44716655569296
1786,5,148.74713474802425,29.74942694960485,2020,8,7,26,26161,21,4,2201210401,NaN,NaN,NaN,NaN,NaN,NaN,NaN,2003,1,79,1,0,1.1654455512894677,34.671337291827975
1787,5,118.52562992373574,23.70512598474715,2020,8,7,26,26161,21,4,2201210401,NaN,NaN,NaN,NaN,NaN,NaN,NaN,2002,1,79,1,0,1.4626903373023021,34.67325872242338
1788,5,94.5116320580201,18.90232641160402,2020,8,7,26,26161,21,4,2201210401,NaN,NaN,NaN,NaN,NaN,NaN,NaN,2001,1,79,1,0,1.8161688238364488,34.32981592673551
1789,5,83.62548218400153,16.725096436800307,2020,8,7,26,26161,21,4,2201210401,NaN,NaN,NaN,NaN,NaN,NaN,NaN,2000,1,79,1,0,5.750908829240576,96.18450476829497
1790,5,60.874080684058114,12.174816136811623,2020,8,7,26,26161,21,4,2201210401,NaN,NaN,NaN,NaN,NaN,NaN,NaN,1999,1,79,1,0,8.077198127611478,98.33840210426885
1791,5,46.82985881634186,9.365971763268373,2020,8,7,26,26161,21,4,2201210401,NaN,NaN,NaN,NaN,NaN,NaN,NaN,1998,1,79,1,0,10.561671700748327,98.92031892211949
1792,5,36.74778034358123,7.349556068716247,2020,8,7,26,26161,21,4,2201210401,NaN,NaN,NaN,NaN,NaN,NaN,NaN,1997,1,79,1,0,13.792550935706997,101.36912643260331
1793,5,26.865139913300695,5.373027982660139,2020,8,7,26,26161,21,4,2201210401,NaN,NaN,NaN,NaN,NaN,NaN,NaN,1996,1,79,1,0,15.237986495678655,81.87412784067871
1794,5,25.04660490806586,5.009320981613172,2020,8,7,26,26161,21,4,2201210401,NaN,NaN,NaN,NaN,NaN,NaN,NaN,1995,1,79,1,0,20.44242890336002,102.4026880207369
1795,5,18.41216437802274,3.6824328756045484,2020,8,7,26,26161,21,4,2201210401,NaN,NaN,NaN,NaN,NaN,NaN,NaN,1994,1,79,1,0,23.197824139277955,85.42443025296993
1796,5,15.146433442304176,3.029286688460835,2020,8,7,26,26161,21,4,2201210401,NaN,NaN,NaN,NaN,NaN,NaN,NaN,1993,1,79,1,0,32.107793042254514,97.26371005875701
1797,5,12.785088718582324,2.557017743716465,2020,8,7,26,26161,21,4,2201210401,NaN,NaN,NaN,NaN,NaN,NaN,NaN,1992,1,79,1,0,32.092577127714705,82.06128915715568
1798,5,12.603265015943999,2.5206530031887997,2020,8,7,26,26161,21,4,2201210401,NaN,NaN,NaN,NaN,NaN,NaN,NaN,1991,1,79,1,0,32.03930462997164,80.75996943561883
1799,5,10.501237834887378,2.1002475669774756,2020,8,7,26,26161,21,4,2201210401,NaN,NaN,NaN,NaN,NaN,NaN,NaN,1990,1,79,1,0,38.982816813124984,81.87356616569437
1800,5,10.217773915995503,2.0435547831991006,2020,8,7,26,26161,21,4,2201210401,NaN,NaN,NaN,NaN,NaN,NaN,NaN,1989,1,79,1,0,36.241140134171964,74.06075526977601
1801,5,9.15454189972411,1.830908379944822,2020,8,7,26,26161,21,4,2201210401,NaN,NaN,NaN,NaN,NaN,NaN,NaN,1988,1,79,1,0,36.26474184026428,66.39741973187547
1802,5,9.00619255308734,1.801238510617468,2020,8,7,26,26161,21,4,2201210401,NaN,NaN,NaN,NaN,NaN,NaN,NaN,1987,1,79,1,0,35.8110627586117,64.5042653469504
1803,5,7.780739775004618,1.5561479550009236,2020,8,7,26,26161,21,4,2201210401,NaN,NaN,NaN,NaN,NaN,NaN,NaN,1986,1,79,1,0,35.95197430499747,55.94659129296757
1804,5,5.992761098455286,1.1985522196910572,2020,8,7,26,26161,21,4,2201210401,NaN,NaN,NaN,NaN,NaN,NaN,NaN,1985,1,79,1,0,45.54868030233131,54.59247188035753
1805,5,4.779871405562617,0.9559742811125235,2020,8,7,26,26161,21,4,2201210401,NaN,NaN,NaN,NaN,NaN,NaN,NaN,1984,1,79,1,0,45.04877747167157,43.06547265847927
1806,5,3.5629958872973577,0.7125991774594715,2020,8,7,26,26161,21,4,2201210401,NaN,NaN,NaN,NaN,NaN,NaN,NaN,1983,1,79,1,0,43.49492919139052,30.994450765442842
1807,5,2.6061493961116446,0.5212298792223289,2020,8,7,26,26161,21,4,2201210401,NaN,NaN,NaN,NaN,NaN,NaN,NaN,1982,1,79,1,0,58.09358830922589,30.28011401800951
1808,5,1.8323500164585729,0.3664700032917146,2020,8,7,26,26161,21,4,2201210401,NaN,NaN,NaN,NaN,NaN,NaN,NaN,1981,1,79,1,0,60.065432866383546,22.012179380261838
1809,5,23.19180710506584,4.638361421013168,2020,8,7,26,26161,21,4,2201210401,NaN,NaN,NaN,NaN,NaN,NaN,NaN,1980,1,79,1,0,60.02579959174002,278.42135309179486
1810,5,310.4463445557139,62.08926891114278,2020,8,7,26,26161,21,4,2202210401,NaN,NaN,NaN,NaN,NaN,NaN,NaN,2019,2,79,1,0,0.000026687831457549682,0.0016570279440230578
1811,5,327.8141613006279,65.56283226012559,2020,8,7,26,26161,21,4,2202210401,NaN,NaN,NaN,NaN,NaN,NaN,NaN,2018,2,79,1,0,0.0003187448967146046,0.020897818197070678
1812,5,368.3242419642923,73.66484839285846,2020,8,7,26,26161,21,4,2202210401,NaN,NaN,NaN,NaN,NaN,NaN,NaN,2017,2,79,1,0,0.00036112596988658376,0.026602289822419162
1813,5,367.29985169622574,73.45997033924515,2020,8,7,26,26161,21,4,2202210401,NaN,NaN,NaN,NaN,NaN,NaN,NaN,2016,2,79,1,0,0.0007079238005427749,0.05200406139031794
1814,5,392.56334931271454,78.51266986254291,2020,8,7,26,26161,21,4,2202210401,NaN,NaN,NaN,NaN,NaN,NaN,NaN,2015,2,79,1,0,0.00829593067185594,0.6513356660419692
1815,5,364.0998652152451,72.81997304304902,2020,8,7,26,26161,21,4,2202210401,NaN,NaN,NaN,NaN,NaN,NaN,NaN,2014,2,79,1,0,0.012289308543883708,0.8949071168833236
1816,5,370.3959424661204,74.07918849322408,2020,8,7,26,26161,21,4,2202210401,NaN,NaN,NaN,NaN,NaN,NaN,NaN,2013,2,79,1,0,0.012396546905981083,0.9183261349132664
1817,5,316.43263381169584,63.286526762339165,2020,8,7,26,26161,21,4,2202210401,NaN,NaN,NaN,NaN,NaN,NaN,NaN,2012,2,79,1,0,0.012577736400123352,0.7960012512960539
1818,5,231.92053549096389,46.38410709819278,2020,8,7,26,26161,21,4,2202210401,NaN,NaN,NaN,NaN,NaN,NaN,NaN,2011,2,79,1,0,0.011748001118999122,0.5449205420933438
1819,5,230.10402906651655,46.02080581330331,2020,8,7,26,26161,21,4,2202210401,NaN,NaN,NaN,NaN,NaN,NaN,NaN,2010,2,79,1,0,0.013715736259327082,0.6312092349769748
1820,5,205.50535743034038,41.10107148606808,2020,8,7,26,26161,21,4,2202210401,NaN,NaN,NaN,NaN,NaN,NaN,NaN,2009,2,79,1,0,0.00680117769087765,0.2795356904622137
1821,5,253.9388285109485,50.7877657021897,2020,8,7,26,26161,21,4,2202210401,NaN,NaN,NaN,NaN,NaN,NaN,NaN,2008,2,79,1,0,0.0006332879729105977,0.032163281190198095
1822,5,268.1829985315532,53.63659970631064,2020,8,7,26,26161,21,4,2202210401,NaN,NaN,NaN,NaN,NaN,NaN,NaN,2007,2,79,1,0,0.00043453372789919277,0.02330691162221991
1823,5,229.81669167512396,45.963338335024794,2020,8,7,26,26161,21,4,2202210401,NaN,NaN,NaN,NaN,NaN,NaN,NaN,2006,2,79,1,0,0.016233861952176014,0.7461624893919522
1824,5,203.39262514967626,40.67852502993525,2020,8,7,26,26161,21,4,2202210401,NaN,NaN,NaN,NaN,NaN,NaN,NaN,2005,2,79,1,0,0.012033149421314155,0.48949076992387874
1825,5,164.72170300101715,32.94434060020343,2020,8,7,26,26161,21,4,2202210401,NaN,NaN,NaN,NaN,NaN,NaN,NaN,2004,2,79,1,0,0.008866390601582863,0.29209739187298844
1826,5,148.74713474802425,29.74942694960485,2020,8,7,26,26161,21,4,2202210401,NaN,NaN,NaN,NaN,NaN,NaN,NaN,2003,2,79,1,0,0.011193159774990054,0.33299008906132205
1827,5,118.52562992373574,23.70512598474715,2020,8,7,26,26161,21,4,2202210401,NaN,NaN,NaN,NaN,NaN,NaN,NaN,2002,2,79,1,0,0.01569392714536834,0.37202652017639964
1828,5,94.5116320580201,18.90232641160402,2020,8,7,26,26161,21,4,2202210401,NaN,NaN,NaN,NaN,NaN,NaN,NaN,2001,2,79,1,0,0.014052469813327641,0.26562437130073124
1829,5,83.62548218400153,16.725096436800307,2020,8,7,26,26161,21,4,2202210401,NaN,NaN,NaN,NaN,NaN,NaN,NaN,2000,2,79,1,0,0.020614036410936686,0.344771746924629
1830,5,60.874080684058114,12.174816136811623,2020,8,7,26,26161,21,4,2202210401,NaN,NaN,NaN,NaN,NaN,NaN,NaN,1999,2,79,1,0,0.017578731070344807,0.2140178186999058
1831,5,46.82985881634186,9.365971763268373,2020,8,7,26,26161,21,4,2202210401,NaN,NaN,NaN,NaN,NaN,NaN,NaN,1998,2,79,1,0,0.02701308965809385,0.25300383497634393
1832,5,36.74778034358123,7.349556068716247,2020,8,7,26,26161,21,4,2202210401,NaN,NaN,NaN,NaN,NaN,NaN,NaN,1997,2,79,1,0,0.014479722968419288,0.106419535815876
1833,5,26.865139913300695,5.373027982660139,2020,8,7,26,26161,21,4,2202210401,NaN,NaN,NaN,NaN,NaN,NaN,NaN,1996,2,79,1,0,0.021925314316806742,0.11780532735282158
1834,5,25.04660490806586,5.009320981613172,2020,8,7,26,26161,21,4,2202210401,NaN,NaN,NaN,NaN,NaN,NaN,NaN,1995,2,79,1,0,0.022295479877982884,0.11168521514791395
1835,5,18.41216437802274,3.6824328756045484,2020,8,7,26,26161,21,4,2202210401,NaN,NaN,NaN,NaN,NaN,NaN,NaN,1994,2,79,1,0,0.004025656095265031,0.014824208351081785
1836,5,15.146433442304176,3.029286688460835,2020,8,7,26,26161,21,4,2202210401,NaN,NaN,NaN,NaN,NaN,NaN,NaN,1993,2,79,1,0,0.027715944350843458,0.08395954128013136
1837,5,12.785088718582324,2.557017743716465,2020,8,7,26,26161,21,4,2202210401,NaN,NaN,NaN,NaN,NaN,NaN,NaN,1992,2,79,1,0,0.046691043345329,0.11938982630664083
1838,5,12.603265015943999,2.5206530031887997,2020,8,7,26,26161,21,4,2202210401,NaN,NaN,NaN,NaN,NaN,NaN,NaN,1991,2,79,1,0,0.11312483644489087,0.28514845872005595
1839,5,10.501237834887378,2.1002475669774756,2020,8,7,26,26161,21,4,2202210401,NaN,NaN,NaN,NaN,NaN,NaN,NaN,1990,2,79,1,0,0.05178190624689797,0.10875482260850321
1840,5,10.217773915995503,2.0435547831991006,2020,8,7,26,26161,21,4,2202210401,NaN,NaN,NaN,NaN,NaN,NaN,NaN,1989,2,79,1,0,0.0411935840303391,0.08418134568231354
1841,5,9.15454189972411,1.830908379944822,2020,8,7,26,26161,21,4,2202210401,NaN,NaN,NaN,NaN,NaN,NaN,NaN,1988,2,79,1,0,0.011760932554262866,0.02153318996956574
1842,5,9.00619255308734,1.801238510617468,2020,8,7,26,26161,21,4,2202210401,NaN,NaN,NaN,NaN,NaN,NaN,NaN,1987,2,79,1,0,0.5775241972966527,1.0402588249841715
1843,5,7.780739775004618,1.5561479550009236,2020,8,7,26,26161,21,4,2202210401,NaN,NaN,NaN,NaN,NaN,NaN,NaN,1986,2,79,1,0,0.401799594273954,0.6252596169496144
1844,5,5.992761098455286,1.1985522196910572,2020,8,7,26,26161,21,4,2202210401,NaN,NaN,NaN,NaN,NaN,NaN,NaN,1985,2,79,1,0,1.983964467451956,2.377885016252728
1845,5,4.779871405562617,0.9559742811125235,2020,8,7,26,26161,21,4,2202210401,NaN,NaN,NaN,NaN,NaN,NaN,NaN,1984,2,79,1,0,2.607371340208375,2.492579942549098
1846,5,3.5629958872973577,0.7125991774594715,2020,8,7,26,26161,21,4,2202210401,NaN,NaN,NaN,NaN,NaN,NaN,NaN,1983,2,79,1,0,4.545107311556046,3.2388397316798683
1847,5,2.6061493961116446,0.5212298792223289,2020,8,7,26,26161,21,4,2202210401,NaN,NaN,NaN,NaN,NaN,NaN,NaN,1982,2,79,1,0,8.655275377551344,4.511388139677084
1848,5,1.8323500164585729,0.3664700032917146,2020,8,7,26,26161,21,4,2202210401,NaN,NaN,NaN,NaN,NaN,NaN,NaN,1981,2,79,1,0,6.196274600706229,2.270748773317179
1849,5,23.19180710506584,4.638361421013168,2020,8,7,26,26161,21,4,2202210401,NaN,NaN,NaN,NaN,NaN,NaN,NaN,1980,2,79,1,0,3.664590480347329,16.997695107855165
1850,5,260.05730384453915,52.01146076890783,2020,8,7,26,26161,21,4,2205210401,NaN,NaN,NaN,NaN,NaN,NaN,NaN,2020,5,79,1,0,0.000030164814220579056,0.0015689160514350405
1851,5,310.4463445557139,62.08926891114278,2020,8,7,26,26161,21,4,2205210401,NaN,NaN,NaN,NaN,NaN,NaN,NaN,2019,5,79,1,0,0.000051672083659512256,0.003208281897534523
1852,5,327.8141613006279,65.56283226012559,2020,8,7,26,26161,21,4,2205210401,NaN,NaN,NaN,NaN,NaN,NaN,NaN,2018,5,79,1,0,0.00004693276839152677,0.0030770452215569937
1853,5,368.3242419642923,73.66484839285846,2020,8,7,26,26161,21,4,2205210401,NaN,NaN,NaN,NaN,NaN,NaN,NaN,2017,5,79,1,0,0.000032775528274348755,0.002414404321325747
1854,5,367.29985169622574,73.45997033924515,2020,8,7,26,26161,21,4,2205210401,NaN,NaN,NaN,NaN,NaN,NaN,NaN,2016,5,79,1,0,0.0000818081890105547,0.0060096271382227085
1855,5,392.56334931271454,78.51266986254291,2020,8,7,26,26161,21,4,2205210401,NaN,NaN,NaN,NaN,NaN,NaN,NaN,2015,5,79,1,0,0.00008549349000964444,0.006712322156523824
1856,5,364.0998652152451,72.81997304304902,2020,8,7,26,26161,21,4,2205210401,NaN,NaN,NaN,NaN,NaN,NaN,NaN,2014,5,79,1,0,0.00012493079037960027,0.0090974567876893
1857,5,370.3959424661204,74.07918849322408,2020,8,7,26,26161,21,4,2205210401,NaN,NaN,NaN,NaN,NaN,NaN,NaN,2013,5,79,1,0,0.00014013328859377493,0.010380960299913622
1858,5,316.43263381169584,63.286526762339165,2020,8,7,26,26161,21,4,2205210401,NaN,NaN,NaN,NaN,NaN,NaN,NaN,2012,5,79,1,0,0.00015759219149580784,0.009973462444635121
1859,5,231.92053549096389,46.38410709819278,2020,8,7,26,26161,21,4,2205210401,NaN,NaN,NaN,NaN,NaN,NaN,NaN,2011,5,79,1,0,0.0002812561259939007,0.013045814270123893
1860,5,230.10402906651655,46.02080581330331,2020,8,7,26,26161,21,4,2205210401,NaN,NaN,NaN,NaN,NaN,NaN,NaN,2010,5,79,1,0,0.00022957773847634208,0.010565352521477072
1861,5,205.50535743034038,41.10107148606808,2020,8,7,26,26161,21,4,2205210401,NaN,NaN,NaN,NaN,NaN,NaN,NaN,2009,5,79,1,0,0.0001983766295844719,0.008153492033716627
1862,5,253.9388285109485,50.7877657021897,2020,8,7,26,26161,21,4,2205210401,NaN,NaN,NaN,NaN,NaN,NaN,NaN,2008,5,79,1,0,0.00023547947485296348,0.011959476396506982
1863,5,268.1829985315532,53.63659970631064,2020,8,7,26,26161,21,4,2205210401,NaN,NaN,NaN,NaN,NaN,NaN,NaN,2007,5,79,1,0,0.00014014048732575437,0.007516659221338787
1864,5,229.81669167512396,45.963338335024794,2020,8,7,26,26161,21,4,2205210401,NaN,NaN,NaN,NaN,NaN,NaN,NaN,2006,5,79,1,0,0.00017467584517692753,0.008028684970823529
1865,5,203.39262514967626,40.67852502993525,2020,8,7,26,26161,21,4,2205210401,NaN,NaN,NaN,NaN,NaN,NaN,NaN,2005,5,79,1,0,0.00007153604675720213,0.0029099808685554653
1866,5,164.72170300101715,32.94434060020343,2020,8,7,26,26161,21,4,2205210401,NaN,NaN,NaN,NaN,NaN,NaN,NaN,2004,5,79,1,0,0.00005250709174870053,0.0017298115144953215
1867,5,148.74713474802425,29.74942694960485,2020,8,7,26,26161,21,4,2205210401,NaN,NaN,NaN,NaN,NaN,NaN,NaN,2003,5,79,1,0,0.00008043575581443305,0.0023929176417377294
1868,5,118.52562992373574,23.70512598474715,2020,8,7,26,26161,21,4,2205210401,NaN,NaN,NaN,NaN,NaN,NaN,NaN,2002,5,79,1,0,0.00005637319350644687,0.0013363336542328529
1869,5,94.5116320580201,18.90232641160402,2020,8,7,26,26161,21,4,2205210401,NaN,NaN,NaN,NaN,NaN,NaN,NaN,2001,5,79,1,0,0.0000828728659926646,0.0015664899636584646
1870,5,83.62548218400153,16.725096436800307,2020,8,7,26,26161,21,4,2205210401,NaN,NaN,NaN,NaN,NaN,NaN,NaN,2000,5,79,1,0,0.0002713663219455947,0.00453862790423987
1871,5,60.874080684058114,12.174816136811623,2020,8,7,26,26161,21,4,2205210401,NaN,NaN,NaN,NaN,NaN,NaN,NaN,1999,5,79,1,0,0.0005169550818256167,0.006293833072217292
1872,5,46.82985881634186,9.365971763268373,2020,8,7,26,26161,21,4,2205210401,NaN,NaN,NaN,NaN,NaN,NaN,NaN,1998,5,79,1,0,0.0003598540137253494,0.003370382531450412
1873,5,260.05730384453915,52.01146076890783,2020,8,7,26,26161,21,4,2201210401,NaN,NaN,NaN,NaN,NaN,NaN,NaN,2020,1,80,1,0,0.34689691934934636,18.04261551159351
1874,5,310.4463445557139,62.08926891114278,2020,8,7,26,26161,21,4,2201210401,NaN,NaN,NaN,NaN,NaN,NaN,NaN,2019,1,80,1,0,0.3772831085764568,23.425232384035507
1875,5,327.8141613006279,65.56283226012559,2020,8,7,26,26161,21,4,2201210401,NaN,NaN,NaN,NaN,NaN,NaN,NaN,2018,1,80,1,0,0.40528761045373024,26.57180362128504
1876,5,368.3242419642923,73.66484839285846,2020,8,7,26,26161,21,4,2201210401,NaN,NaN,NaN,NaN,NaN,NaN,NaN,2017,1,80,1,0,0.44170954368544246,32.53846656926681
1877,5,367.29985169622574,73.45997033924515,2020,8,7,26,26161,21,4,2201210401,NaN,NaN,NaN,NaN,NaN,NaN,NaN,2016,1,80,1,0,0.5698764756125763,41.86310899553341
1878,5,392.56334931271454,78.51266986254291,2020,8,7,26,26161,21,4,2201210401,NaN,NaN,NaN,NaN,NaN,NaN,NaN,2015,1,80,1,0,0.5645294984058681,44.32271813600686
1879,5,364.0998652152451,72.81997304304902,2020,8,7,26,26161,21,4,2201210401,NaN,NaN,NaN,NaN,NaN,NaN,NaN,2014,1,80,1,0,0.6416549067678119,46.725293013772195
1880,5,370.3959424661204,74.07918849322408,2020,8,7,26,26161,21,4,2201210401,NaN,NaN,NaN,NaN,NaN,NaN,NaN,2013,1,80,1,0,0.6408629015843281,47.47460368477996
1881,5,316.43263381169584,63.286526762339165,2020,8,7,26,26161,21,4,2201210401,NaN,NaN,NaN,NaN,NaN,NaN,NaN,2012,1,80,1,0,0.6990255461724771,44.23889893540323
1882,5,231.92053549096389,46.38410709819278,2020,8,7,26,26161,21,4,2201210401,NaN,NaN,NaN,NaN,NaN,NaN,NaN,2011,1,80,1,0,0.699444090087967,32.44308958383826
1883,5,230.10402906651655,46.02080581330331,2020,8,7,26,26161,21,4,2201210401,NaN,NaN,NaN,NaN,NaN,NaN,NaN,2010,1,80,1,0,0.9073005576986143,41.75470278014973
1884,5,205.50535743034038,41.10107148606808,2020,8,7,26,26161,21,4,2201210401,NaN,NaN,NaN,NaN,NaN,NaN,NaN,2009,1,80,1,0,0.9266565201367432,38.08657587717136
1885,5,253.9388285109485,50.7877657021897,2020,8,7,26,26161,21,4,2201210401,NaN,NaN,NaN,NaN,NaN,NaN,NaN,2008,1,80,1,0,0.9804548443859147,49.795110918248696
1886,5,268.1829985315532,53.63659970631064,2020,8,7,26,26161,21,4,2201210401,NaN,NaN,NaN,NaN,NaN,NaN,NaN,2007,1,80,1,0,0.9920242358322015,53.20880683629049
1887,5,229.81669167512396,45.963338335024794,2020,8,7,26,26161,21,4,2201210401,NaN,NaN,NaN,NaN,NaN,NaN,NaN,2006,1,80,1,0,1.0470766403874787,48.12713788483077
1888,5,203.39262514967626,40.67852502993525,2020,8,7,26,26161,21,4,2201210401,NaN,NaN,NaN,NaN,NaN,NaN,NaN,2005,1,80,1,0,1.100779136938776,44.778071674394525
1889,5,164.72170300101715,32.94434060020343,2020,8,7,26,26161,21,4,2201210401,NaN,NaN,NaN,NaN,NaN,NaN,NaN,2004,1,80,1,0,1.1798736346408847,38.870158884809285
1890,5,148.74713474802425,29.74942694960485,2020,8,7,26,26161,21,4,2201210401,NaN,NaN,NaN,NaN,NaN,NaN,NaN,2003,1,80,1,0,1.2097324822384676,35.98884810891744
1891,5,118.52562992373574,23.70512598474715,2020,8,7,26,26161,21,4,2201210401,NaN,NaN,NaN,NaN,NaN,NaN,NaN,2002,1,80,1,0,1.5182725701197897,35.99084255387546
1892,5,94.5116320580201,18.90232641160402,2020,8,7,26,26161,21,4,2201210401,NaN,NaN,NaN,NaN,NaN,NaN,NaN,2001,1,80,1,0,1.885183239142234,35.634348931951465
1893,5,83.62548218400153,16.725096436800307,2020,8,7,26,26161,21,4,2201210401,NaN,NaN,NaN,NaN,NaN,NaN,NaN,2000,1,80,1,0,5.963692455922477,99.74333144472189
1894,5,60.874080684058114,12.174816136811623,2020,8,7,26,26161,21,4,2201210401,NaN,NaN,NaN,NaN,NaN,NaN,NaN,1999,1,80,1,0,8.376054458333103,101.97692298212681
1895,5,46.82985881634186,9.365971763268373,2020,8,7,26,26161,21,4,2201210401,NaN,NaN,NaN,NaN,NaN,NaN,NaN,1998,1,80,1,0,10.952453553676015,102.5803707222379
1896,5,36.74778034358123,7.349556068716247,2020,8,7,26,26161,21,4,2201210401,NaN,NaN,NaN,NaN,NaN,NaN,NaN,1997,1,80,1,0,14.302875320328154,105.11978411060961
1897,5,26.865139913300695,5.373027982660139,2020,8,7,26,26161,21,4,2201210401,NaN,NaN,NaN,NaN,NaN,NaN,NaN,1996,1,80,1,0,15.801791996018764,84.90347057078382
1898,5,25.04660490806586,5.009320981613172,2020,8,7,26,26161,21,4,2201210401,NaN,NaN,NaN,NaN,NaN,NaN,NaN,1995,1,80,1,0,21.19879877278434,106.19158747750416
1899,5,18.41216437802274,3.6824328756045484,2020,8,7,26,26161,21,4,2201210401,NaN,NaN,NaN,NaN,NaN,NaN,NaN,1994,1,80,1,0,24.056143632431237,88.5851341723298
1900,5,15.146433442304176,3.029286688460835,2020,8,7,26,26161,21,4,2201210401,NaN,NaN,NaN,NaN,NaN,NaN,NaN,1993,1,80,1,0,33.29578138481793,100.86246733093101
1901,5,12.785088718582324,2.557017743716465,2020,8,7,26,26161,21,4,2201210401,NaN,NaN,NaN,NaN,NaN,NaN,NaN,1992,1,80,1,0,33.28000248144015,85.09755685597045
1902,5,12.603265015943999,2.5206530031887997,2020,8,7,26,26161,21,4,2201210401,NaN,NaN,NaN,NaN,NaN,NaN,NaN,1991,1,80,1,0,33.22475890128059,83.74808830473671
1903,5,10.501237834887378,2.1002475669774756,2020,8,7,26,26161,21,4,2201210401,NaN,NaN,NaN,NaN,NaN,NaN,NaN,1990,1,80,1,0,40.425181035210606,84.90288811382507
1904,5,10.217773915995503,2.0435547831991006,2020,8,7,26,26161,21,4,2201210401,NaN,NaN,NaN,NaN,NaN,NaN,NaN,1989,1,80,1,0,37.58206231913633,76.80100321475773
1905,5,9.15454189972411,1.830908379944822,2020,8,7,26,26161,21,4,2201210401,NaN,NaN,NaN,NaN,NaN,NaN,NaN,1988,1,80,1,0,37.606537288354055,68.85412426195487
1906,5,9.00619255308734,1.801238510617468,2020,8,7,26,26161,21,4,2201210401,NaN,NaN,NaN,NaN,NaN,NaN,NaN,1987,1,80,1,0,37.13607208068033,66.89092316478757
1907,5,7.780739775004618,1.5561479550009236,2020,8,7,26,26161,21,4,2201210401,NaN,NaN,NaN,NaN,NaN,NaN,NaN,1986,1,80,1,0,37.282197354282374,58.01661517080736
1908,5,5.992761098455286,1.1985522196910572,2020,8,7,26,26161,21,4,2201210401,NaN,NaN,NaN,NaN,NaN,NaN,NaN,1985,1,80,1,0,47.23398147351757,56.612393339930755
1909,5,4.779871405562617,0.9559742811125235,2020,8,7,26,26161,21,4,2201210401,NaN,NaN,NaN,NaN,NaN,NaN,NaN,1984,1,80,1,0,46.71558223812342,44.658895146843
1910,5,3.5629958872973577,0.7125991774594715,2020,8,7,26,26161,21,4,2201210401,NaN,NaN,NaN,NaN,NaN,NaN,NaN,1983,1,80,1,0,45.10424157147197,32.14124544376423
1911,5,2.6061493961116446,0.5212298792223289,2020,8,7,26,26161,21,4,2201210401,NaN,NaN,NaN,NaN,NaN,NaN,NaN,1982,1,80,1,0,60.24305107666725,31.40047823667586
1912,5,1.8323500164585729,0.3664700032917146,2020,8,7,26,26161,21,4,2201210401,NaN,NaN,NaN,NaN,NaN,NaN,NaN,1981,1,80,1,0,62.287853882439734,22.826630017331528
1913,5,23.19180710506584,4.638361421013168,2020,8,7,26,26161,21,4,2201210401,NaN,NaN,NaN,NaN,NaN,NaN,NaN,1980,1,80,1,0,62.24675417663439,288.72294315619126
1914,5,310.4463445557139,62.08926891114278,2020,8,7,26,26161,21,4,2202210401,NaN,NaN,NaN,NaN,NaN,NaN,NaN,2019,2,80,1,0,0.0000289562971314414,0.0017978753192650174
1915,5,327.8141613006279,65.56283226012559,2020,8,7,26,26161,21,4,2202210401,NaN,NaN,NaN,NaN,NaN,NaN,NaN,2018,2,80,1,0,0.000345838212935346,0.022674132743821684
1916,5,368.3242419642923,73.66484839285846,2020,8,7,26,26161,21,4,2202210401,NaN,NaN,NaN,NaN,NaN,NaN,NaN,2017,2,80,1,0,0.0003918216773269433,0.028863484457324787
1917,5,367.29985169622574,73.45997033924515,2020,8,7,26,26161,21,4,2202210401,NaN,NaN,NaN,NaN,NaN,NaN,NaN,2016,2,80,1,0,0.0007680973235889108,0.056424406608494966
1918,5,392.56334931271454,78.51266986254291,2020,8,7,26,26161,21,4,2202210401,NaN,NaN,NaN,NaN,NaN,NaN,NaN,2015,2,80,1,0,0.009001084778963695,0.7066991976555366
1919,5,364.0998652152451,72.81997304304902,2020,8,7,26,26161,21,4,2202210401,NaN,NaN,NaN,NaN,NaN,NaN,NaN,2014,2,80,1,0,0.013333899770113823,0.9709742218184061
1920,5,370.3959424661204,74.07918849322408,2020,8,7,26,26161,21,4,2202210401,NaN,NaN,NaN,NaN,NaN,NaN,NaN,2013,2,80,1,0,0.013450253392989475,0.9963838563808941
1921,5,316.43263381169584,63.286526762339165,2020,8,7,26,26161,21,4,2202210401,NaN,NaN,NaN,NaN,NaN,NaN,NaN,2012,2,80,1,0,0.013646843994133835,0.8636613576562184
1922,5,231.92053549096389,46.38410709819278,2020,8,7,26,26161,21,4,2202210401,NaN,NaN,NaN,NaN,NaN,NaN,NaN,2011,2,80,1,0,0.012746581214114046,0.5912387881712781
1923,5,230.10402906651655,46.02080581330331,2020,8,7,26,26161,21,4,2202210401,NaN,NaN,NaN,NaN,NaN,NaN,NaN,2010,2,80,1,0,0.014881573841369884,0.6848620199500176
1924,5,205.50535743034038,41.10107148606808,2020,8,7,26,26161,21,4,2202210401,NaN,NaN,NaN,NaN,NaN,NaN,NaN,2009,2,80,1,0,0.009133981638848683,0.375416432290753
1925,5,253.9388285109485,50.7877657021897,2020,8,7,26,26161,21,4,2202210401,NaN,NaN,NaN,NaN,NaN,NaN,NaN,2008,2,80,1,0,0.0008505057476189328,0.043195286638436046
1926,5,268.1829985315532,53.63659970631064,2020,8,7,26,26161,21,4,2202210401,NaN,NaN,NaN,NaN,NaN,NaN,NaN,2007,2,80,1,0,0.0005835787965686159,0.031301182308641345
1927,5,229.81669167512396,45.963338335024794,2020,8,7,26,26161,21,4,2202210401,NaN,NaN,NaN,NaN,NaN,NaN,NaN,2006,2,80,1,0,0.018587771935241536,0.8543560503537854
1928,5,203.39262514967626,40.67852502993525,2020,8,7,26,26161,21,4,2202210401,NaN,NaN,NaN,NaN,NaN,NaN,NaN,2005,2,80,1,0,0.01377795608740471,0.5604669315628412
1929,5,164.72170300101715,32.94434060020343,2020,8,7,26,26161,21,4,2202210401,NaN,NaN,NaN,NaN,NaN,NaN,NaN,2004,2,80,1,0,0.010152017238812379,0.3344515136945718
1930,5,148.74713474802425,29.74942694960485,2020,8,7,26,26161,21,4,2202210401,NaN,NaN,NaN,NaN,NaN,NaN,NaN,2003,2,80,1,0,0.012816167942363612,0.3812736519752138
1931,5,118.52562992373574,23.70512598474715,2020,8,7,26,26161,21,4,2202210401,NaN,NaN,NaN,NaN,NaN,NaN,NaN,2002,2,80,1,0,0.01796954658144675,0.42597036560197765
1932,5,94.5116320580201,18.90232641160402,2020,8,7,26,26161,21,4,2202210401,NaN,NaN,NaN,NaN,NaN,NaN,NaN,2001,2,80,1,0,0.01609007793626015,0.3041399051393373
1933,5,83.62548218400153,16.725096436800307,2020,8,7,26,26161,21,4,2202210401,NaN,NaN,NaN,NaN,NaN,NaN,NaN,2000,2,80,1,0,0.023603071690522507,0.3947636502287002
1934,5,60.874080684058114,12.174816136811623,2020,8,7,26,26161,21,4,2202210401,NaN,NaN,NaN,NaN,NaN,NaN,NaN,1999,2,80,1,0,0.020127647075544805,0.24505040241139217
1935,5,46.82985881634186,9.365971763268373,2020,8,7,26,26161,21,4,2202210401,NaN,NaN,NaN,NaN,NaN,NaN,NaN,1998,2,80,1,0,0.030929987658517462,0.2896893910479138
1936,5,36.74778034358123,7.349556068716247,2020,8,7,26,26161,21,4,2202210401,NaN,NaN,NaN,NaN,NaN,NaN,NaN,1997,2,80,1,0,0.016579282798840085,0.12185036850917803
1937,5,26.865139913300695,5.373027982660139,2020,8,7,26,26161,21,4,2202210401,NaN,NaN,NaN,NaN,NaN,NaN,NaN,1996,2,80,1,0,0.02510448489274372,0.1348870998189807
1938,5,25.04660490806586,5.009320981613172,2020,8,7,26,26161,21,4,2202210401,NaN,NaN,NaN,NaN,NaN,NaN,NaN,1995,2,80,1,0,0.025528324460290405,0.12787957134436148
1939,5,18.41216437802274,3.6824328756045484,2020,8,7,26,26161,21,4,2202210401,NaN,NaN,NaN,NaN,NaN,NaN,NaN,1994,2,80,1,0,0.004609376229078461,0.01697371856198865
1940,5,15.146433442304176,3.029286688460835,2020,8,7,26,26161,21,4,2202210401,NaN,NaN,NaN,NaN,NaN,NaN,NaN,1993,2,80,1,0,0.03173475628171576,0.09613367476575041
1941,5,12.785088718582324,2.557017743716465,2020,8,7,26,26161,21,4,2202210401,NaN,NaN,NaN,NaN,NaN,NaN,NaN,1992,2,80,1,0,0.053461244630401715,0.13670135112110376
1942,5,12.603265015943999,2.5206530031887997,2020,8,7,26,26161,21,4,2202210401,NaN,NaN,NaN,NaN,NaN,NaN,NaN,1991,2,80,1,0,0.12952793772940005,0.3264949852344641
1943,5,10.501237834887378,2.1002475669774756,2020,8,7,26,26161,21,4,2202210401,NaN,NaN,NaN,NaN,NaN,NaN,NaN,1990,2,80,1,0,0.05929028265269818,0.12452427188673618
1944,5,10.217773915995503,2.0435547831991006,2020,8,7,26,26161,21,4,2202210401,NaN,NaN,NaN,NaN,NaN,NaN,NaN,1989,2,80,1,0,0.04716665371473827,0.09638764080624902
1945,5,9.15454189972411,1.830908379944822,2020,8,7,26,26161,21,4,2202210401,NaN,NaN,NaN,NaN,NaN,NaN,NaN,1988,2,80,1,0,0.013466267774630983,0.024655502515152777
1946,5,9.00619255308734,1.801238510617468,2020,8,7,26,26161,21,4,2202210401,NaN,NaN,NaN,NaN,NaN,NaN,NaN,1987,2,80,1,0,0.6612652059046674,1.1910963546068765
1947,5,7.780739775004618,1.5561479550009236,2020,8,7,26,26161,21,4,2202210401,NaN,NaN,NaN,NaN,NaN,NaN,NaN,1986,2,80,1,0,0.46006053544367737,0.7159222614073085
1948,5,5.992761098455286,1.1985522196910572,2020,8,7,26,26161,21,4,2202210401,NaN,NaN,NaN,NaN,NaN,NaN,NaN,1985,2,80,1,0,2.27163931523249,2.722678343609374
1949,5,4.779871405562617,0.9559742811125235,2020,8,7,26,26161,21,4,2202210401,NaN,NaN,NaN,NaN,NaN,NaN,NaN,1984,2,80,1,0,2.9854401845385894,2.8540040342187174
1950,5,3.5629958872973577,0.7125991774594715,2020,8,7,26,26161,21,4,2202210401,NaN,NaN,NaN,NaN,NaN,NaN,NaN,1983,2,80,1,0,5.2041478717316725,3.7084714927734495
1951,5,2.6061493961116446,0.5212298792223289,2020,8,7,26,26161,21,4,2202210401,NaN,NaN,NaN,NaN,NaN,NaN,NaN,1982,2,80,1,0,9.91029030729629,5.165539419930262
1952,5,1.8323500164585729,0.3664700032917146,2020,8,7,26,26161,21,4,2202210401,NaN,NaN,NaN,NaN,NaN,NaN,NaN,1981,2,80,1,0,7.094734417808632,2.6000073454481702
1953,5,23.19180710506584,4.638361421013168,2020,8,7,26,26161,21,4,2202210401,NaN,NaN,NaN,NaN,NaN,NaN,NaN,1980,2,80,1,0,4.195956099997692,19.462360898494165
1954,5,260.05730384453915,52.01146076890783,2020,8,7,26,26161,21,4,2205210401,NaN,NaN,NaN,NaN,NaN,NaN,NaN,2020,5,80,1,0,0.0001156813104915355,0.006016753942326344
1955,5,310.4463445557139,62.08926891114278,2020,8,7,26,26161,21,4,2205210401,NaN,NaN,NaN,NaN,NaN,NaN,NaN,2019,5,80,1,0,0.00019816115258825844,0.012303681090794376
1956,5,327.8141613006279,65.56283226012559,2020,8,7,26,26161,21,4,2205210401,NaN,NaN,NaN,NaN,NaN,NaN,NaN,2018,5,80,1,0,0.00017998599669225175,0.01180039171030562
1957,5,368.3242419642923,73.66484839285846,2020,8,7,26,26161,21,4,2205210401,NaN,NaN,NaN,NaN,NaN,NaN,NaN,2017,5,80,1,0,0.0001256933337995627,0.009259180378337737
1958,5,367.29985169622574,73.45997033924515,2020,8,7,26,26161,21,4,2205210401,NaN,NaN,NaN,NaN,NaN,NaN,NaN,2016,5,80,1,0,0.0003137323652808668,0.0230467702479937
1959,5,392.56334931271454,78.51266986254291,2020,8,7,26,26161,21,4,2205210401,NaN,NaN,NaN,NaN,NaN,NaN,NaN,2015,5,80,1,0,0.0003278654027334767,0.02574158812416313
1960,5,364.0998652152451,72.81997304304902,2020,8,7,26,26161,21,4,2205210401,NaN,NaN,NaN,NaN,NaN,NaN,NaN,2014,5,80,1,0,0.0004791064664338594,0.03488851997046411
1961,5,370.3959424661204,74.07918849322408,2020,8,7,26,26161,21,4,2205210401,NaN,NaN,NaN,NaN,NaN,NaN,NaN,2013,5,80,1,0,0.0005374076680690137,0.03981072394058847
1962,5,316.43263381169584,63.286526762339165,2020,8,7,26,26161,21,4,2205210401,NaN,NaN,NaN,NaN,NaN,NaN,NaN,2012,5,80,1,0,0.0006043621254272752,0.03824797982499743
1963,5,231.92053549096389,46.38410709819278,2020,8,7,26,26161,21,4,2205210401,NaN,NaN,NaN,NaN,NaN,NaN,NaN,2011,5,80,1,0,0.0010786102311397645,0.0500303724783933
1964,5,230.10402906651655,46.02080581330331,2020,8,7,26,26161,21,4,2205210401,NaN,NaN,NaN,NaN,NaN,NaN,NaN,2010,5,80,1,0,0.0008804249034130609,0.0405178635131688
1965,5,205.50535743034038,41.10107148606808,2020,8,7,26,26161,21,4,2205210401,NaN,NaN,NaN,NaN,NaN,NaN,NaN,2009,5,80,1,0,0.0007607694286931722,0.031268438673133246
1966,5,253.9388285109485,50.7877657021897,2020,8,7,26,26161,21,4,2205210401,NaN,NaN,NaN,NaN,NaN,NaN,NaN,2008,5,80,1,0,0.0009030579152801576,0.045864293816756524
1967,5,268.1829985315532,53.63659970631064,2020,8,7,26,26161,21,4,2205210401,NaN,NaN,NaN,NaN,NaN,NaN,NaN,2007,5,80,1,0,0.000537435275026682,0.02882620071465711
1968,5,229.81669167512396,45.963338335024794,2020,8,7,26,26161,21,4,2205210401,NaN,NaN,NaN,NaN,NaN,NaN,NaN,2006,5,80,1,0,0.0006698775113787398,0.030789806698525442
1969,5,203.39262514967626,40.67852502993525,2020,8,7,26,26161,21,4,2205210401,NaN,NaN,NaN,NaN,NaN,NaN,NaN,2005,5,80,1,0,0.00027433895583587773,0.011159704081656055
1970,5,164.72170300101715,32.94434060020343,2020,8,7,26,26161,21,4,2205210401,NaN,NaN,NaN,NaN,NaN,NaN,NaN,2004,5,80,1,0,0.00020136338779255914,0.006633784031848914
1971,5,148.74713474802425,29.74942694960485,2020,8,7,26,26161,21,4,2205210401,NaN,NaN,NaN,NaN,NaN,NaN,NaN,2003,5,80,1,0,0.00030846911819011803,0.00917677949780594
1972,5,118.52562992373574,23.70512598474715,2020,8,7,26,26161,21,4,2205210401,NaN,NaN,NaN,NaN,NaN,NaN,NaN,2002,5,80,1,0,0.0002161897916470411,0.005124806247609346
1973,5,94.5116320580201,18.90232641160402,2020,8,7,26,26161,21,4,2205210401,NaN,NaN,NaN,NaN,NaN,NaN,NaN,2001,5,80,1,0,0.00031781537496360573,0.006007449956188399
1974,5,83.62548218400153,16.725096436800307,2020,8,7,26,26161,21,4,2205210401,NaN,NaN,NaN,NaN,NaN,NaN,NaN,2000,5,80,1,0,0.00033486604128086383,0.005600666833832
1975,5,60.874080684058114,12.174816136811623,2020,8,7,26,26161,21,4,2205210401,NaN,NaN,NaN,NaN,NaN,NaN,NaN,1999,5,80,1,0,0.0006379225709728112,0.0077665900111161396
1976,5,46.82985881634186,9.365971763268373,2020,8,7,26,26161,21,4,2205210401,NaN,NaN,NaN,NaN,NaN,NaN,NaN,1998,5,80,1,0,0.00044405985293708116,0.004159052043809808
1977,5,260.05730384453915,52.01146076890783,2020,8,7,26,26161,21,4,2201210401,NaN,NaN,NaN,NaN,NaN,NaN,NaN,2020,1,86,1,0,0,26.91746204268486
1978,5,310.4463445557139,62.08926891114278,2020,8,7,26,26161,21,4,2201210401,NaN,NaN,NaN,NaN,NaN,NaN,NaN,2019,1,86,1,0,0,34.947693871389184
1979,5,327.8141613006279,65.56283226012559,2020,8,7,26,26161,21,4,2201210401,NaN,NaN,NaN,NaN,NaN,NaN,NaN,2018,1,86,1,0,0,39.642008384096314
1980,5,368.3242419642923,73.66484839285846,2020,8,7,26,26161,21,4,2201210401,NaN,NaN,NaN,NaN,NaN,NaN,NaN,2017,1,86,1,0,0,48.5435683225982
1981,5,367.29985169622574,73.45997033924515,2020,8,7,26,26161,21,4,2201210401,NaN,NaN,NaN,NaN,NaN,NaN,NaN,2016,1,86,1,0,0,62.45483902552702
1982,5,392.56334931271454,78.51266986254291,2020,8,7,26,26161,21,4,2201210401,NaN,NaN,NaN,NaN,NaN,NaN,NaN,2015,1,86,1,0,0,66.12428681905746
1983,5,364.0998652152451,72.81997304304902,2020,8,7,26,26161,21,4,2201210401,NaN,NaN,NaN,NaN,NaN,NaN,NaN,2014,1,86,1,0,0,69.70864619508038
1984,5,370.3959424661204,74.07918849322408,2020,8,7,26,26161,21,4,2201210401,NaN,NaN,NaN,NaN,NaN,NaN,NaN,2013,1,86,1,0,0,70.82652966003977
1985,5,316.43263381169584,63.286526762339165,2020,8,7,26,26161,21,4,2201210401,NaN,NaN,NaN,NaN,NaN,NaN,NaN,2012,1,86,1,0,0,65.99923842187543
1986,5,231.92053549096389,46.38410709819278,2020,8,7,26,26161,21,4,2201210401,NaN,NaN,NaN,NaN,NaN,NaN,NaN,2011,1,86,1,0,0,48.401277068684976
1987,5,230.10402906651655,46.02080581330331,2020,8,7,26,26161,21,4,2201210401,NaN,NaN,NaN,NaN,NaN,NaN,NaN,2010,1,86,1,0,0,62.29310969166707
1988,5,205.50535743034038,41.10107148606808,2020,8,7,26,26161,21,4,2201210401,NaN,NaN,NaN,NaN,NaN,NaN,NaN,2009,1,86,1,0,0,56.82069541696134
1989,5,253.9388285109485,50.7877657021897,2020,8,7,26,26161,21,4,2201210401,NaN,NaN,NaN,NaN,NaN,NaN,NaN,2008,1,86,1,0,0,74.2884537550544
1990,5,268.1829985315532,53.63659970631064,2020,8,7,26,26161,21,4,2201210401,NaN,NaN,NaN,NaN,NaN,NaN,NaN,2007,1,86,1,0,0,79.38128690001137
1991,5,229.81669167512396,45.963338335024794,2020,8,7,26,26161,21,4,2201210401,NaN,NaN,NaN,NaN,NaN,NaN,NaN,2006,1,86,1,0,0,71.80003400313987
1992,5,203.39262514967626,40.67852502993525,2020,8,7,26,26161,21,4,2201210401,NaN,NaN,NaN,NaN,NaN,NaN,NaN,2005,1,86,1,0,0,66.80362078688914
1993,5,164.72170300101715,32.94434060020343,2020,8,7,26,26161,21,4,2201210401,NaN,NaN,NaN,NaN,NaN,NaN,NaN,2004,1,86,1,0,0,57.98970918061626
1994,5,148.74713474802425,29.74942694960485,2020,8,7,26,26161,21,4,2201210401,NaN,NaN,NaN,NaN,NaN,NaN,NaN,2003,1,86,1,0,0,53.69113210383867
1995,5,118.52562992373574,23.70512598474715,2020,8,7,26,26161,21,4,2201210401,NaN,NaN,NaN,NaN,NaN,NaN,NaN,2002,1,86,1,0,0,53.69410758133634
1996,5,94.5116320580201,18.90232641160402,2020,8,7,26,26161,21,4,2201210401,NaN,NaN,NaN,NaN,NaN,NaN,NaN,2001,1,86,1,0,0,53.16226099122126
1997,5,83.62548218400153,16.725096436800307,2020,8,7,26,26161,21,4,2201210401,NaN,NaN,NaN,NaN,NaN,NaN,NaN,2000,1,86,1,0,0,116.18705240042571
1998,5,60.874080684058114,12.174816136811623,2020,8,7,26,26161,21,4,2201210401,NaN,NaN,NaN,NaN,NaN,NaN,NaN,1999,1,86,1,0,0,118.78887462992921
1999,5,46.82985881634186,9.365971763268373,2020,8,7,26,26161,21,4,2201210401,NaN,NaN,NaN,NaN,NaN,NaN,NaN,1998,1,86,1,0,0,119.49180697824428
2000,5,36.74778034358123,7.349556068716247,2020,8,7,26,26161,21,4,2201210401,NaN,NaN,NaN,NaN,NaN,NaN,NaN,1997,1,86,1,0,0,122.44986895740128
2001,5,26.865139913300695,5.373027982660139,2020,8,7,26,26161,21,4,2201210401,NaN,NaN,NaN,NaN,NaN,NaN,NaN,1996,1,86,1,0,0,98.90068680584132
2002,5,25.04660490806586,5.009320981613172,2020,8,7,26,26161,21,4,2201210401,NaN,NaN,NaN,NaN,NaN,NaN,NaN,1995,1,86,1,0,0,123.69837020704466
2003,5,18.41216437802274,3.6824328756045484,2020,8,7,26,26161,21,4,2201210401,NaN,NaN,NaN,NaN,NaN,NaN,NaN,1994,1,86,1,0,0,103.18931077295464
2004,5,15.146433442304176,3.029286688460835,2020,8,7,26,26161,21,4,2201210401,NaN,NaN,NaN,NaN,NaN,NaN,NaN,1993,1,86,1,0,0,117.49068942528525
2005,5,12.785088718582324,2.557017743716465,2020,8,7,26,26161,21,4,2201210401,NaN,NaN,NaN,NaN,NaN,NaN,NaN,1992,1,86,1,0,0,99.12677022475819
2006,5,12.603265015943999,2.5206530031887997,2020,8,7,26,26161,21,4,2201210401,NaN,NaN,NaN,NaN,NaN,NaN,NaN,1991,1,86,1,0,0,97.55482781012354
2007,5,10.501237834887378,2.1002475669774756,2020,8,7,26,26161,21,4,2201210401,NaN,NaN,NaN,NaN,NaN,NaN,NaN,1990,1,86,1,0,0,98.900008324822
2008,5,10.217773915995503,2.0435547831991006,2020,8,7,26,26161,21,4,2201210401,NaN,NaN,NaN,NaN,NaN,NaN,NaN,1989,1,86,1,0,0,89.46244381122997
2009,5,9.15454189972411,1.830908379944822,2020,8,7,26,26161,21,4,2201210401,NaN,NaN,NaN,NaN,NaN,NaN,NaN,1988,1,86,1,0,0,80.2054395791139
2010,5,9.00619255308734,1.801238510617468,2020,8,7,26,26161,21,4,2201210401,NaN,NaN,NaN,NaN,NaN,NaN,NaN,1987,1,86,1,0,0,77.91858445361046
2011,5,7.780739775004618,1.5561479550009236,2020,8,7,26,26161,21,4,2201210401,NaN,NaN,NaN,NaN,NaN,NaN,NaN,1986,1,86,1,0,0,67.58125490005006
2012,5,5.992761098455286,1.1985522196910572,2020,8,7,26,26161,21,4,2201210401,NaN,NaN,NaN,NaN,NaN,NaN,NaN,1985,1,86,1,0,0,65.94553256069446
2013,5,4.779871405562617,0.9559742811125235,2020,8,7,26,26161,21,4,2201210401,NaN,NaN,NaN,NaN,NaN,NaN,NaN,1984,1,86,1,0,0,52.02137642100924
2014,5,3.5629958872973577,0.7125991774594715,2020,8,7,26,26161,21,4,2201210401,NaN,NaN,NaN,NaN,NaN,NaN,NaN,1983,1,86,1,0,0,37.44006255354719
2015,5,2.6061493961116446,0.5212298792223289,2020,8,7,26,26161,21,4,2201210401,NaN,NaN,NaN,NaN,NaN,NaN,NaN,1982,1,86,1,0,0,36.57717220228404
2016,5,1.8323500164585729,0.3664700032917146,2020,8,7,26,26161,21,4,2201210401,NaN,NaN,NaN,NaN,NaN,NaN,NaN,1981,1,86,1,0,0,26.589836328242804
2017,5,23.19180710506584,4.638361421013168,2020,8,7,26,26161,21,4,2201210401,NaN,NaN,NaN,NaN,NaN,NaN,NaN,1980,1,86,1,0,0,336.3219098440157
2018,5,310.4463445557139,62.08926891114278,2020,8,7,26,26161,21,4,2202210401,NaN,NaN,NaN,NaN,NaN,NaN,NaN,2019,2,86,1,0,0,0.0028134730914081817
2019,5,327.8141613006279,65.56283226012559,2020,8,7,26,26161,21,4,2202210401,NaN,NaN,NaN,NaN,NaN,NaN,NaN,2018,2,86,1,0,0,0.03548247292912307
2020,5,368.3242419642923,73.66484839285846,2020,8,7,26,26161,21,4,2202210401,NaN,NaN,NaN,NaN,NaN,NaN,NaN,2017,2,86,1,0,0,0.04516811370332363
2021,5,367.29985169622574,73.45997033924515,2020,8,7,26,26161,21,4,2202210401,NaN,NaN,NaN,NaN,NaN,NaN,NaN,2016,2,86,1,0,0,0.08829786358965758
2022,5,392.56334931271454,78.51266986254291,2020,8,7,26,26161,21,4,2202210401,NaN,NaN,NaN,NaN,NaN,NaN,NaN,2015,2,86,1,0,0,1.1059049284554532
2023,5,364.0998652152451,72.81997304304902,2020,8,7,26,26161,21,4,2202210401,NaN,NaN,NaN,NaN,NaN,NaN,NaN,2014,2,86,1,0,0,1.5194656805533464
2024,5,370.3959424661204,74.07918849322408,2020,8,7,26,26161,21,4,2202210401,NaN,NaN,NaN,NaN,NaN,NaN,NaN,2013,2,86,1,0,0,1.5592289068116059
2025,5,316.43263381169584,63.286526762339165,2020,8,7,26,26161,21,4,2202210401,NaN,NaN,NaN,NaN,NaN,NaN,NaN,2012,2,86,1,0,0,1.3515330923215418
2026,5,231.92053549096389,46.38410709819278,2020,8,7,26,26161,21,4,2202210401,NaN,NaN,NaN,NaN,NaN,NaN,NaN,2011,2,86,1,0,0,0.9252223462284889
2027,5,230.10402906651655,46.02080581330331,2020,8,7,26,26161,21,4,2202210401,NaN,NaN,NaN,NaN,NaN,NaN,NaN,2010,2,86,1,0,0,1.071732196226228
2028,5,205.50535743034038,41.10107148606808,2020,8,7,26,26161,21,4,2202210401,NaN,NaN,NaN,NaN,NaN,NaN,NaN,2009,2,86,1,0,0,0.7760162417366018
2029,5,253.9388285109485,50.7877657021897,2020,8,7,26,26161,21,4,2202210401,NaN,NaN,NaN,NaN,NaN,NaN,NaN,2008,2,86,1,0,0,0.08928816406185862
2030,5,268.1829985315532,53.63659970631064,2020,8,7,26,26161,21,4,2202210401,NaN,NaN,NaN,NaN,NaN,NaN,NaN,2007,2,86,1,0,0,0.06470208485240661
2031,5,229.81669167512396,45.963338335024794,2020,8,7,26,26161,21,4,2202210401,NaN,NaN,NaN,NaN,NaN,NaN,NaN,2006,2,86,1,0,0,0.8543560503537854
2032,5,203.39262514967626,40.67852502993525,2020,8,7,26,26161,21,4,2202210401,NaN,NaN,NaN,NaN,NaN,NaN,NaN,2005,2,86,1,0,0,0.5604669315628412
2033,5,164.72170300101715,32.94434060020343,2020,8,7,26,26161,21,4,2202210401,NaN,NaN,NaN,NaN,NaN,NaN,NaN,2004,2,86,1,0,0,0.3344515136945718
2034,5,148.74713474802425,29.74942694960485,2020,8,7,26,26161,21,4,2202210401,NaN,NaN,NaN,NaN,NaN,NaN,NaN,2003,2,86,1,0,0,0.3812736519752138
2035,5,118.52562992373574,23.70512598474715,2020,8,7,26,26161,21,4,2202210401,NaN,NaN,NaN,NaN,NaN,NaN,NaN,2002,2,86,1,0,0,0.42597036560197765
2036,5,94.5116320580201,18.90232641160402,2020,8,7,26,26161,21,4,2202210401,NaN,NaN,NaN,NaN,NaN,NaN,NaN,2001,2,86,1,0,0,0.3041399051393373
2037,5,83.62548218400153,16.725096436800307,2020,8,7,26,26161,21,4,2202210401,NaN,NaN,NaN,NaN,NaN,NaN,NaN,2000,2,86,1,0,0,0.3947636502287002
2038,5,60.874080684058114,12.174816136811623,2020,8,7,26,26161,21,4,2202210401,NaN,NaN,NaN,NaN,NaN,NaN,NaN,1999,2,86,1,0,0,0.24505040241139217
2039,5,46.82985881634186,9.365971763268373,2020,8,7,26,26161,21,4,2202210401,NaN,NaN,NaN,NaN,NaN,NaN,NaN,1998,2,86,1,0,0,0.2896893910479138
2040,5,36.74778034358123,7.349556068716247,2020,8,7,26,26161,21,4,2202210401,NaN,NaN,NaN,NaN,NaN,NaN,NaN,1997,2,86,1,0,0,0.12185036850917803
2041,5,26.865139913300695,5.373027982660139,2020,8,7,26,26161,21,4,2202210401,NaN,NaN,NaN,NaN,NaN,NaN,NaN,1996,2,86,1,0,0,0.1348870998189807
2042,5,25.04660490806586,5.009320981613172,2020,8,7,26,26161,21,4,2202210401,NaN,NaN,NaN,NaN,NaN,NaN,NaN,1995,2,86,1,0,0,0.12787957134436148
2043,5,18.41216437802274,3.6824328756045484,2020,8,7,26,26161,21,4,2202210401,NaN,NaN,NaN,NaN,NaN,NaN,NaN,1994,2,86,1,0,0,0.01697371856198865
2044,5,15.146433442304176,3.029286688460835,2020,8,7,26,26161,21,4,2202210401,NaN,NaN,NaN,NaN,NaN,NaN,NaN,1993,2,86,1,0,0,0.09613367476575041
2045,5,12.785088718582324,2.557017743716465,2020,8,7,26,26161,21,4,2202210401,NaN,NaN,NaN,NaN,NaN,NaN,NaN,1992,2,86,1,0,0,0.13670135112110376
2046,5,12.603265015943999,2.5206530031887997,2020,8,7,26,26161,21,4,2202210401,NaN,NaN,NaN,NaN,NaN,NaN,NaN,1991,2,86,1,0,0,0.3264949852344641
2047,5,10.501237834887378,2.1002475669774756,2020,8,7,26,26161,21,4,2202210401,NaN,NaN,NaN,NaN,NaN,NaN,NaN,1990,2,86,1,0,0,0.12452427188673618
2048,5,10.217773915995503,2.0435547831991006,2020,8,7,26,26161,21,4,2202210401,NaN,NaN,NaN,NaN,NaN,NaN,NaN,1989,2,86,1,0,0,0.09638764080624902
2049,5,9.15454189972411,1.830908379944822,2020,8,7,26,26161,21,4,2202210401,NaN,NaN,NaN,NaN,NaN,NaN,NaN,1988,2,86,1,0,0,0.024655502515152777
2050,5,9.00619255308734,1.801238510617468,2020,8,7,26,26161,21,4,2202210401,NaN,NaN,NaN,NaN,NaN,NaN,NaN,1987,2,86,1,0,0,1.1910963546068765
2051,5,7.780739775004618,1.5561479550009236,2020,8,7,26,26161,21,4,2202210401,NaN,NaN,NaN,NaN,NaN,NaN,NaN,1986,2,86,1,0,0,0.7159222614073085
2052,5,5.992761098455286,1.1985522196910572,2020,8,7,26,26161,21,4,2202210401,NaN,NaN,NaN,NaN,NaN,NaN,NaN,1985,2,86,1,0,0,2.722678343609374
2053,5,4.779871405562617,0.9559742811125235,2020,8,7,26,26161,21,4,2202210401,NaN,NaN,NaN,NaN,NaN,NaN,NaN,1984,2,86,1,0,0,2.8540040342187174
2054,5,3.5629958872973577,0.7125991774594715,2020,8,7,26,26161,21,4,2202210401,NaN,NaN,NaN,NaN,NaN,NaN,NaN,1983,2,86,1,0,0,3.7084714927734495
2055,5,2.6061493961116446,0.5212298792223289,2020,8,7,26,26161,21,4,2202210401,NaN,NaN,NaN,NaN,NaN,NaN,NaN,1982,2,86,1,0,0,5.165539419930262
2056,5,1.8323500164585729,0.3664700032917146,2020,8,7,26,26161,21,4,2202210401,NaN,NaN,NaN,NaN,NaN,NaN,NaN,1981,2,86,1,0,0,2.6000073454481702
2057,5,23.19180710506584,4.638361421013168,2020,8,7,26,26161,21,4,2202210401,NaN,NaN,NaN,NaN,NaN,NaN,NaN,1980,2,86,1,0,0,19.462360898494165
2058,5,260.05730384453915,52.01146076890783,2020,8,7,26,26161,21,4,2205210401,NaN,NaN,NaN,NaN,NaN,NaN,NaN,2020,5,86,1,0,0,0.013261973011312878
2059,5,310.4463445557139,62.08926891114278,2020,8,7,26,26161,21,4,2205210401,NaN,NaN,NaN,NaN,NaN,NaN,NaN,2019,5,86,1,0,0,0.027119454797386384
2060,5,327.8141613006279,65.56283226012559,2020,8,7,26,26161,21,4,2205210401,NaN,NaN,NaN,NaN,NaN,NaN,NaN,2018,5,86,1,0,0,0.026010117396372184
2061,5,368.3242419642923,73.66484839285846,2020,8,7,26,26161,21,4,2205210401,NaN,NaN,NaN,NaN,NaN,NaN,NaN,2017,5,86,1,0,0,0.02040884527794315
2062,5,367.29985169622574,73.45997033924515,2020,8,7,26,26161,21,4,2205210401,NaN,NaN,NaN,NaN,NaN,NaN,NaN,2016,5,86,1,0,0,0.0507990933245053
2063,5,392.56334931271454,78.51266986254291,2020,8,7,26,26161,21,4,2205210401,NaN,NaN,NaN,NaN,NaN,NaN,NaN,2015,5,86,1,0,0,0.05673894100428999
2064,5,364.0998652152451,72.81997304304902,2020,8,7,26,26161,21,4,2205210401,NaN,NaN,NaN,NaN,NaN,NaN,NaN,2014,5,86,1,0,0,0.0769003709787821
2065,5,370.3959424661204,74.07918849322408,2020,8,7,26,26161,21,4,2205210401,NaN,NaN,NaN,NaN,NaN,NaN,NaN,2013,5,86,1,0,0,0.08774976532558282
2066,5,316.43263381169584,63.286526762339165,2020,8,7,26,26161,21,4,2205210401,NaN,NaN,NaN,NaN,NaN,NaN,NaN,2012,5,86,1,0,0,0.08430520527157084
2067,5,231.92053549096389,46.38410709819278,2020,8,7,26,26161,21,4,2205210401,NaN,NaN,NaN,NaN,NaN,NaN,NaN,2011,5,86,1,0,0,0.1102756496134598
2068,5,230.10402906651655,46.02080581330331,2020,8,7,26,26161,21,4,2205210401,NaN,NaN,NaN,NaN,NaN,NaN,NaN,2010,5,86,1,0,0,0.08930842403369774
2069,5,205.50535743034038,41.10107148606808,2020,8,7,26,26161,21,4,2205210401,NaN,NaN,NaN,NaN,NaN,NaN,NaN,2009,5,86,1,0,0,0.06892108166029653
2070,5,253.9388285109485,50.7877657021897,2020,8,7,26,26161,21,4,2205210401,NaN,NaN,NaN,NaN,NaN,NaN,NaN,2008,5,86,1,0,0,0.10109288706354719
2071,5,268.1829985315532,53.63659970631064,2020,8,7,26,26161,21,4,2205210401,NaN,NaN,NaN,NaN,NaN,NaN,NaN,2007,5,86,1,0,0,0.06353796408510926
2072,5,229.81669167512396,45.963338335024794,2020,8,7,26,26161,21,4,2205210401,NaN,NaN,NaN,NaN,NaN,NaN,NaN,2006,5,86,1,0,0,0.0678660934739015
2073,5,203.39262514967626,40.67852502993525,2020,8,7,26,26161,21,4,2205210401,NaN,NaN,NaN,NaN,NaN,NaN,NaN,2005,5,86,1,0,0,0.024597930339816682
2074,5,164.72170300101715,32.94434060020343,2020,8,7,26,26161,21,4,2205210401,NaN,NaN,NaN,NaN,NaN,NaN,NaN,2004,5,86,1,0,0,0.014622014733619442
2075,5,148.74713474802425,29.74942694960485,2020,8,7,26,26161,21,4,2205210401,NaN,NaN,NaN,NaN,NaN,NaN,NaN,2003,5,86,1,0,0,0.020227219393920623
2076,5,118.52562992373574,23.70512598474715,2020,8,7,26,26161,21,4,2205210401,NaN,NaN,NaN,NaN,NaN,NaN,NaN,2002,5,86,1,0,0,0.011295965032886901
2077,5,94.5116320580201,18.90232641160402,2020,8,7,26,26161,21,4,2205210401,NaN,NaN,NaN,NaN,NaN,NaN,NaN,2001,5,86,1,0,0,0.01324146540634153
2078,5,83.62548218400153,16.725096436800307,2020,8,7,26,26161,21,4,2205210401,NaN,NaN,NaN,NaN,NaN,NaN,NaN,2000,5,86,1,0,0,0.02655994850397342
2079,5,60.874080684058114,12.174816136811623,2020,8,7,26,26161,21,4,2205210401,NaN,NaN,NaN,NaN,NaN,NaN,NaN,1999,5,86,1,0,0,0.03683136970416452
2080,5,46.82985881634186,9.365971763268373,2020,8,7,26,26161,21,4,2205210401,NaN,NaN,NaN,NaN,NaN,NaN,NaN,1998,5,86,1,0,0,0.019723402835114513
2081,5,260.05730384453915,52.01146076890783,2020,8,7,26,26161,21,4,2201210401,NaN,NaN,NaN,NaN,NaN,NaN,NaN,2020,1,87,1,0,0.32550828463031145,16.930161376003927
2082,5,310.4463445557139,62.08926891114278,2020,8,7,26,26161,21,4,2201210401,NaN,NaN,NaN,NaN,NaN,NaN,NaN,2019,1,87,1,0,0.3540209515929373,21.980902063632545
2083,5,327.8141613006279,65.56283226012559,2020,8,7,26,26161,21,4,2201210401,NaN,NaN,NaN,NaN,NaN,NaN,NaN,2018,1,87,1,0,0.3802987789806679,24.933465055040102
2084,5,368.3242419642923,73.66484839285846,2020,8,7,26,26161,21,4,2201210401,NaN,NaN,NaN,NaN,NaN,NaN,NaN,2017,1,87,1,0,0.4144750438821011,30.532241270198334
2085,5,367.29985169622574,73.45997033924515,2020,8,7,26,26161,21,4,2201210401,NaN,NaN,NaN,NaN,NaN,NaN,NaN,2016,1,87,1,0,0.5347395830892574,39.281953912957164
2086,5,392.56334931271454,78.51266986254291,2020,8,7,26,26161,21,4,2201210401,NaN,NaN,NaN,NaN,NaN,NaN,NaN,2015,1,87,1,0,0.5297222846313252,41.58991085209122
2087,5,364.0998652152451,72.81997304304902,2020,8,7,26,26161,21,4,2201210401,NaN,NaN,NaN,NaN,NaN,NaN,NaN,2014,1,87,1,0,0.6020923691636307,43.84435009192111
2088,5,370.3959424661204,74.07918849322408,2020,8,7,26,26161,21,4,2201210401,NaN,NaN,NaN,NaN,NaN,NaN,NaN,2013,1,87,1,0,0.6013491966696874,44.54746049034266
2089,5,316.43263381169584,63.286526762339165,2020,8,7,26,26161,21,4,2201210401,NaN,NaN,NaN,NaN,NaN,NaN,NaN,2012,1,87,1,0,0.6559257051753301,41.51125969468472
2090,5,231.92053549096389,46.38410709819278,2020,8,7,26,26161,21,4,2201210401,NaN,NaN,NaN,NaN,NaN,NaN,NaN,2011,1,87,1,0,0.6563184429149131,30.442744946684456
2091,5,230.10402906651655,46.02080581330331,2020,8,7,26,26161,21,4,2201210401,NaN,NaN,NaN,NaN,NaN,NaN,NaN,2010,1,87,1,0,0.8513590974936901,39.180231703146276
2092,5,205.50535743034038,41.10107148606808,2020,8,7,26,26161,21,4,2201210401,NaN,NaN,NaN,NaN,NaN,NaN,NaN,2009,1,87,1,0,0.8695216287217609,35.73827062077544
2093,5,253.9388285109485,50.7877657021897,2020,8,7,26,26161,21,4,2201210401,NaN,NaN,NaN,NaN,NaN,NaN,NaN,2008,1,87,1,0,0.9200029079305211,46.72489213330851
2094,5,268.1829985315532,53.63659970631064,2020,8,7,26,26161,21,4,2201210401,NaN,NaN,NaN,NaN,NaN,NaN,NaN,2007,1,87,1,0,0.9308589650294453,49.928109690314976
2095,5,229.81669167512396,45.963338335024794,2020,8,7,26,26161,21,4,2201210401,NaN,NaN,NaN,NaN,NaN,NaN,NaN,2006,1,87,1,0,0.9825170016737999,45.15976136784698
2096,5,203.39262514967626,40.67852502993525,2020,8,7,26,26161,21,4,2201210401,NaN,NaN,NaN,NaN,NaN,NaN,NaN,2005,1,87,1,0,1.0329083616361925,42.017188642447266
2097,5,164.72170300101715,32.94434060020343,2020,8,7,26,26161,21,4,2201210401,NaN,NaN,NaN,NaN,NaN,NaN,NaN,2004,1,87,1,0,1.1071261273027184,36.47354022524494
2098,5,148.74713474802425,29.74942694960485,2020,8,7,26,26161,21,4,2201210401,NaN,NaN,NaN,NaN,NaN,NaN,NaN,2003,1,87,1,0,1.1351439669559416,33.769882522240444
2099,5,118.52562992373574,23.70512598474715,2020,8,7,26,26161,21,4,2201210401,NaN,NaN,NaN,NaN,NaN,NaN,NaN,2002,1,87,1,0,1.4246603885324423,33.77175399564037
2100,5,94.5116320580201,18.90232641160402,2020,8,7,26,26161,21,4,2201210401,NaN,NaN,NaN,NaN,NaN,NaN,NaN,2001,1,87,1,0,1.7689484344167012,33.43724071264039
2101,5,83.62548218400153,16.725096436800307,2020,8,7,26,26161,21,4,2201210401,NaN,NaN,NaN,NaN,NaN,NaN,NaN,2000,1,87,1,0,5.796916099874501,96.95398080644135
2102,5,60.874080684058114,12.174816136811623,2020,8,7,26,26161,21,4,2201210401,NaN,NaN,NaN,NaN,NaN,NaN,NaN,1999,1,87,1,0,8.14181571263237,99.12510932110301
2103,5,46.82985881634186,9.365971763268373,2020,8,7,26,26161,21,4,2201210401,NaN,NaN,NaN,NaN,NaN,NaN,NaN,1998,1,87,1,0,10.646165074354316,99.71168147349647
2104,5,36.74778034358123,7.349556068716247,2020,8,7,26,26161,21,4,2201210401,NaN,NaN,NaN,NaN,NaN,NaN,NaN,1997,1,87,1,0,13.902891343192653,102.18007944406413
2105,5,26.865139913300695,5.373027982660139,2020,8,7,26,26161,21,4,2201210401,NaN,NaN,NaN,NaN,NaN,NaN,NaN,1996,1,87,1,0,15.359890387644086,82.52912086340416
2106,5,25.04660490806586,5.009320981613172,2020,8,7,26,26161,21,4,2201210401,NaN,NaN,NaN,NaN,NaN,NaN,NaN,1995,1,87,1,0,20.605968334586905,103.22190952490281
2107,5,18.41216437802274,3.6824328756045484,2020,8,7,26,26161,21,4,2201210401,NaN,NaN,NaN,NaN,NaN,NaN,NaN,1994,1,87,1,0,23.38340673239218,86.10782569499369
2108,5,15.146433442304176,3.029286688460835,2020,8,7,26,26161,21,4,2201210401,NaN,NaN,NaN,NaN,NaN,NaN,NaN,1993,1,87,1,0,32.36465538659255,98.04181973922708
2109,5,12.785088718582324,2.557017743716465,2020,8,7,26,26161,21,4,2201210401,NaN,NaN,NaN,NaN,NaN,NaN,NaN,1992,1,87,1,0,32.349317744736425,82.71777947041294
2110,5,12.603265015943999,2.5206530031887997,2020,8,7,26,26161,21,4,2201210401,NaN,NaN,NaN,NaN,NaN,NaN,NaN,1991,1,87,1,0,32.295619067011415,81.40604919110379
2111,5,10.501237834887378,2.1002475669774756,2020,8,7,26,26161,21,4,2201210401,NaN,NaN,NaN,NaN,NaN,NaN,NaN,1990,1,87,1,0,39.29467934762999,82.52855469501993
2112,5,10.217773915995503,2.0435547831991006,2020,8,7,26,26161,21,4,2201210401,NaN,NaN,NaN,NaN,NaN,NaN,NaN,1989,1,87,1,0,36.53106925524535,74.65324131193424
2113,5,9.15454189972411,1.830908379944822,2020,8,7,26,26161,21,4,2201210401,NaN,NaN,NaN,NaN,NaN,NaN,NaN,1988,1,87,1,0,36.5548597749864,66.92859908973048
2114,5,9.00619255308734,1.801238510617468,2020,8,7,26,26161,21,4,2201210401,NaN,NaN,NaN,NaN,NaN,NaN,NaN,1987,1,87,1,0,36.09755126068059,65.02029946972601
2115,5,7.780739775004618,1.5561479550009236,2020,8,7,26,26161,21,4,2201210401,NaN,NaN,NaN,NaN,NaN,NaN,NaN,1986,1,87,1,0,36.23959009943745,56.394164023311305
2116,5,5.992761098455286,1.1985522196910572,2020,8,7,26,26161,21,4,2201210401,NaN,NaN,NaN,NaN,NaN,NaN,NaN,1985,1,87,1,0,45.91306974474997,55.029211655400395
2117,5,4.779871405562617,0.9559742811125235,2020,8,7,26,26161,21,4,2201210401,NaN,NaN,NaN,NaN,NaN,NaN,NaN,1984,1,87,1,0,45.40916769144495,43.40999643974711
2118,5,3.5629958872973577,0.7125991774594715,2020,8,7,26,26161,21,4,2201210401,NaN,NaN,NaN,NaN,NaN,NaN,NaN,1983,1,87,1,0,43.84288862492165,31.24240637156639
2119,5,2.6061493961116446,0.5212298792223289,2020,8,7,26,26161,21,4,2201210401,NaN,NaN,NaN,NaN,NaN,NaN,NaN,1982,1,87,1,0,58.558337015699706,30.52235493015359
2120,5,1.8323500164585729,0.3664700032917146,2020,8,7,26,26161,21,4,2201210401,NaN,NaN,NaN,NaN,NaN,NaN,NaN,1981,1,87,1,0,60.54595632931462,22.188276815303936
2121,5,23.19180710506584,4.638361421013168,2020,8,7,26,26161,21,4,2201210401,NaN,NaN,NaN,NaN,NaN,NaN,NaN,1980,1,87,1,0,60.506005988473945,280.64872391652926
2122,5,310.4463445557139,62.08926891114278,2020,8,7,26,26161,21,4,2202210401,NaN,NaN,NaN,NaN,NaN,NaN,NaN,2019,2,87,1,0,0.00002575375735653544,0.0015990319659822505
2123,5,327.8141613006279,65.56283226012559,2020,8,7,26,26161,21,4,2202210401,NaN,NaN,NaN,NaN,NaN,NaN,NaN,2018,2,87,1,0,0.00030758882532959343,0.020166394560173204
2124,5,368.3242419642923,73.66484839285846,2020,8,7,26,26161,21,4,2202210401,NaN,NaN,NaN,NaN,NaN,NaN,NaN,2017,2,87,1,0,0.0003484865609405533,0.02567120967863449
2125,5,367.29985169622574,73.45997033924515,2020,8,7,26,26161,21,4,2202210401,NaN,NaN,NaN,NaN,NaN,NaN,NaN,2016,2,87,1,0,0.0006831464675237778,0.05018391924165681
2126,5,392.56334931271454,78.51266986254291,2020,8,7,26,26161,21,4,2202210401,NaN,NaN,NaN,NaN,NaN,NaN,NaN,2015,2,87,1,0,0.008005573098340981,0.6285389177305002
2127,5,364.0998652152451,72.81997304304902,2020,8,7,26,26161,21,4,2202210401,NaN,NaN,NaN,NaN,NaN,NaN,NaN,2014,2,87,1,0,0.011859182744847777,0.8635853677924071
2128,5,370.3959424661204,74.07918849322408,2020,8,7,26,26161,21,4,2202210401,NaN,NaN,NaN,NaN,NaN,NaN,NaN,2013,2,87,1,0,0.011962667764271745,0.886184720191302
2129,5,316.43263381169584,63.286526762339165,2020,8,7,26,26161,21,4,2202210401,NaN,NaN,NaN,NaN,NaN,NaN,NaN,2012,2,87,1,0,0.012137515626119033,0.768141207500692
2130,5,231.92053549096389,46.38410709819278,2020,8,7,26,26161,21,4,2202210401,NaN,NaN,NaN,NaN,NaN,NaN,NaN,2011,2,87,1,0,0.011336821079834152,0.5258483231200768
2131,5,230.10402906651655,46.02080581330331,2020,8,7,26,26161,21,4,2202210401,NaN,NaN,NaN,NaN,NaN,NaN,NaN,2010,2,87,1,0,0.013235685490250632,0.6091169117527806
2132,5,205.50535743034038,41.10107148606808,2020,8,7,26,26161,21,4,2202210401,NaN,NaN,NaN,NaN,NaN,NaN,NaN,2009,2,87,1,0,0.008739513332777778,0.35920336224394456
2133,5,253.9388285109485,50.7877657021897,2020,8,7,26,26161,21,4,2202210401,NaN,NaN,NaN,NaN,NaN,NaN,NaN,2008,2,87,1,0,0.000813775045190118,0.04132981632940455
2134,5,268.1829985315532,53.63659970631064,2020,8,7,26,26161,21,4,2202210401,NaN,NaN,NaN,NaN,NaN,NaN,NaN,2007,2,87,1,0,0.0005583758403504627,0.029949381434552582
2135,5,229.81669167512396,45.963338335024794,2020,8,7,26,26161,21,4,2202210401,NaN,NaN,NaN,NaN,NaN,NaN,NaN,2006,2,87,1,0,0.018587771935241536,0.8543560503537854
2136,5,203.39262514967626,40.67852502993525,2020,8,7,26,26161,21,4,2202210401,NaN,NaN,NaN,NaN,NaN,NaN,NaN,2005,2,87,1,0,0.01377795608740471,0.5604669315628412
2137,5,164.72170300101715,32.94434060020343,2020,8,7,26,26161,21,4,2202210401,NaN,NaN,NaN,NaN,NaN,NaN,NaN,2004,2,87,1,0,0.010152017238812379,0.3344515136945718
2138,5,148.74713474802425,29.74942694960485,2020,8,7,26,26161,21,4,2202210401,NaN,NaN,NaN,NaN,NaN,NaN,NaN,2003,2,87,1,0,0.012816167942363612,0.3812736519752138
2139,5,118.52562992373574,23.70512598474715,2020,8,7,26,26161,21,4,2202210401,NaN,NaN,NaN,NaN,NaN,NaN,NaN,2002,2,87,1,0,0.01796954658144675,0.42597036560197765
2140,5,94.5116320580201,18.90232641160402,2020,8,7,26,26161,21,4,2202210401,NaN,NaN,NaN,NaN,NaN,NaN,NaN,2001,2,87,1,0,0.01609007793626015,0.3041399051393373
2141,5,83.62548218400153,16.725096436800307,2020,8,7,26,26161,21,4,2202210401,NaN,NaN,NaN,NaN,NaN,NaN,NaN,2000,2,87,1,0,0.023603071690522507,0.3947636502287002
2142,5,60.874080684058114,12.174816136811623,2020,8,7,26,26161,21,4,2202210401,NaN,NaN,NaN,NaN,NaN,NaN,NaN,1999,2,87,1,0,0.020127647075544805,0.24505040241139217
2143,5,46.82985881634186,9.365971763268373,2020,8,7,26,26161,21,4,2202210401,NaN,NaN,NaN,NaN,NaN,NaN,NaN,1998,2,87,1,0,0.030929987658517462,0.2896893910479138
2144,5,36.74778034358123,7.349556068716247,2020,8,7,26,26161,21,4,2202210401,NaN,NaN,NaN,NaN,NaN,NaN,NaN,1997,2,87,1,0,0.016579282798840085,0.12185036850917803
2145,5,26.865139913300695,5.373027982660139,2020,8,7,26,26161,21,4,2202210401,NaN,NaN,NaN,NaN,NaN,NaN,NaN,1996,2,87,1,0,0.02510448489274372,0.1348870998189807
2146,5,25.04660490806586,5.009320981613172,2020,8,7,26,26161,21,4,2202210401,NaN,NaN,NaN,NaN,NaN,NaN,NaN,1995,2,87,1,0,0.025528324460290405,0.12787957134436148
2147,5,18.41216437802274,3.6824328756045484,2020,8,7,26,26161,21,4,2202210401,NaN,NaN,NaN,NaN,NaN,NaN,NaN,1994,2,87,1,0,0.004609376229078461,0.01697371856198865
2148,5,15.146433442304176,3.029286688460835,2020,8,7,26,26161,21,4,2202210401,NaN,NaN,NaN,NaN,NaN,NaN,NaN,1993,2,87,1,0,0.03173475628171576,0.09613367476575041
2149,5,12.785088718582324,2.557017743716465,2020,8,7,26,26161,21,4,2202210401,NaN,NaN,NaN,NaN,NaN,NaN,NaN,1992,2,87,1,0,0.053461244630401715,0.13670135112110376
2150,5,12.603265015943999,2.5206530031887997,2020,8,7,26,26161,21,4,2202210401,NaN,NaN,NaN,NaN,NaN,NaN,NaN,1991,2,87,1,0,0.12952793772940005,0.3264949852344641
2151,5,10.501237834887378,2.1002475669774756,2020,8,7,26,26161,21,4,2202210401,NaN,NaN,NaN,NaN,NaN,NaN,NaN,1990,2,87,1,0,0.05929028265269818,0.12452427188673618
2152,5,10.217773915995503,2.0435547831991006,2020,8,7,26,26161,21,4,2202210401,NaN,NaN,NaN,NaN,NaN,NaN,NaN,1989,2,87,1,0,0.04716665371473827,0.09638764080624902
2153,5,9.15454189972411,1.830908379944822,2020,8,7,26,26161,21,4,2202210401,NaN,NaN,NaN,NaN,NaN,NaN,NaN,1988,2,87,1,0,0.013466267774630983,0.024655502515152777
2154,5,9.00619255308734,1.801238510617468,2020,8,7,26,26161,21,4,2202210401,NaN,NaN,NaN,NaN,NaN,NaN,NaN,1987,2,87,1,0,0.6612652059046674,1.1910963546068765
2155,5,7.780739775004618,1.5561479550009236,2020,8,7,26,26161,21,4,2202210401,NaN,NaN,NaN,NaN,NaN,NaN,NaN,1986,2,87,1,0,0.46006053544367737,0.7159222614073085
2156,5,5.992761098455286,1.1985522196910572,2020,8,7,26,26161,21,4,2202210401,NaN,NaN,NaN,NaN,NaN,NaN,NaN,1985,2,87,1,0,2.27163931523249,2.722678343609374
2157,5,4.779871405562617,0.9559742811125235,2020,8,7,26,26161,21,4,2202210401,NaN,NaN,NaN,NaN,NaN,NaN,NaN,1984,2,87,1,0,2.9854401845385894,2.8540040342187174
2158,5,3.5629958872973577,0.7125991774594715,2020,8,7,26,26161,21,4,2202210401,NaN,NaN,NaN,NaN,NaN,NaN,NaN,1983,2,87,1,0,5.2041478717316725,3.7084714927734495
2159,5,2.6061493961116446,0.5212298792223289,2020,8,7,26,26161,21,4,2202210401,NaN,NaN,NaN,NaN,NaN,NaN,NaN,1982,2,87,1,0,9.91029030729629,5.165539419930262
2160,5,1.8323500164585729,0.3664700032917146,2020,8,7,26,26161,21,4,2202210401,NaN,NaN,NaN,NaN,NaN,NaN,NaN,1981,2,87,1,0,7.094734417808632,2.6000073454481702
2161,5,23.19180710506584,4.638361421013168,2020,8,7,26,26161,21,4,2202210401,NaN,NaN,NaN,NaN,NaN,NaN,NaN,1980,2,87,1,0,4.195956099997692,19.462360898494165
2162,5,260.05730384453915,52.01146076890783,2020,8,7,26,26161,21,4,2205210401,NaN,NaN,NaN,NaN,NaN,NaN,NaN,2020,5,87,1,0,0.000108548744141383,0.0056457787474237554
2163,5,310.4463445557139,62.08926891114278,2020,8,7,26,26161,21,4,2205210401,NaN,NaN,NaN,NaN,NaN,NaN,NaN,2019,5,87,1,0,0.00018594312391229643,0.011545072622768517
2164,5,327.8141613006279,65.56283226012559,2020,8,7,26,26161,21,4,2205210401,NaN,NaN,NaN,NaN,NaN,NaN,NaN,2018,5,87,1,0,0.00016888859419870252,0.011072814572097953
2165,5,368.3242419642923,73.66484839285846,2020,8,7,26,26161,21,4,2205210401,NaN,NaN,NaN,NaN,NaN,NaN,NaN,2017,5,87,1,0,0.00011794345580036036,0.00868828679046335
2166,5,367.29985169622574,73.45997033924515,2020,8,7,26,26161,21,4,2205210401,NaN,NaN,NaN,NaN,NaN,NaN,NaN,2016,5,87,1,0,0.00029438855855834706,0.021625774779909308
2167,5,392.56334931271454,78.51266986254291,2020,8,7,26,26161,21,4,2205210401,NaN,NaN,NaN,NaN,NaN,NaN,NaN,2015,5,87,1,0,0.00030765019485780955,0.024154438182018196
2168,5,364.0998652152451,72.81997304304902,2020,8,7,26,26161,21,4,2205210401,NaN,NaN,NaN,NaN,NaN,NaN,NaN,2014,5,87,1,0,0.0004495661833396715,0.03273739735186131
2169,5,370.3959424661204,74.07918849322408,2020,8,7,26,26161,21,4,2205210401,NaN,NaN,NaN,NaN,NaN,NaN,NaN,2013,5,87,1,0,0.0005042727058759338,0.03735611283057145
2170,5,316.43263381169584,63.286526762339165,2020,8,7,26,26161,21,4,2205210401,NaN,NaN,NaN,NaN,NaN,NaN,NaN,2012,5,87,1,0,0.0005670989500637438,0.03588972288010356
2171,5,231.92053549096389,46.38410709819278,2020,8,7,26,26161,21,4,2205210401,NaN,NaN,NaN,NaN,NaN,NaN,NaN,2011,5,87,1,0,0.0010121063247881797,0.04694564816373321
2172,5,230.10402906651655,46.02080581330331,2020,8,7,26,26161,21,4,2205210401,NaN,NaN,NaN,NaN,NaN,NaN,NaN,2010,5,87,1,0,0.0008261405163047412,0.038019652275362636
2173,5,205.50535743034038,41.10107148606808,2020,8,7,26,26161,21,4,2205210401,NaN,NaN,NaN,NaN,NaN,NaN,NaN,2009,5,87,1,0,0.0007138626431090073,0.029340519525656816
2174,5,253.9388285109485,50.7877657021897,2020,8,7,26,26161,21,4,2205210401,NaN,NaN,NaN,NaN,NaN,NaN,NaN,2008,5,87,1,0,0.0008473780438177971,0.04303643755059812
2175,5,268.1829985315532,53.63659970631064,2020,8,7,26,26161,21,4,2205210401,NaN,NaN,NaN,NaN,NaN,NaN,NaN,2007,5,87,1,0,0.0005042986106705089,0.02704886271298268
2176,5,229.81669167512396,45.963338335024794,2020,8,7,26,26161,21,4,2205210401,NaN,NaN,NaN,NaN,NaN,NaN,NaN,2006,5,87,1,0,0.0006285748517176229,0.02889139857838514
2177,5,203.39262514967626,40.67852502993525,2020,8,7,26,26161,21,4,2205210401,NaN,NaN,NaN,NaN,NaN,NaN,NaN,2005,5,87,1,0,0.0002574240298498506,0.010471629841553946
2178,5,164.72170300101715,32.94434060020343,2020,8,7,26,26161,21,4,2205210401,NaN,NaN,NaN,NaN,NaN,NaN,NaN,2004,5,87,1,0,0.0001889479187957154,0.006224764592505628
2179,5,148.74713474802425,29.74942694960485,2020,8,7,26,26161,21,4,2205210401,NaN,NaN,NaN,NaN,NaN,NaN,NaN,2003,5,87,1,0,0.0002894498276658718,0.008610966503721566
2180,5,118.52562992373574,23.70512598474715,2020,8,7,26,26161,21,4,2205210401,NaN,NaN,NaN,NaN,NaN,NaN,NaN,2002,5,87,1,0,0.0002028601705820983,0.004808825900935937
2181,5,94.5116320580201,18.90232641160402,2020,8,7,26,26161,21,4,2205210401,NaN,NaN,NaN,NaN,NaN,NaN,NaN,2001,5,87,1,0,0.00029821982197933715,0.005637048417463873
2182,5,83.62548218400153,16.725096436800307,2020,8,7,26,26161,21,4,2205210401,NaN,NaN,NaN,NaN,NaN,NaN,NaN,2000,5,87,1,0,0.00025345614469718543,0.004239078462560039
2183,5,60.874080684058114,12.174816136811623,2020,8,7,26,26161,21,4,2205210401,NaN,NaN,NaN,NaN,NaN,NaN,NaN,1999,5,87,1,0,0.00048283604642512616,0.005878440089450952
2184,5,46.82985881634186,9.365971763268373,2020,8,7,26,26161,21,4,2205210401,NaN,NaN,NaN,NaN,NaN,NaN,NaN,1998,5,87,1,0,0.00033610364881947637,0.003147937284374685
2185,5,260.05730384453915,52.01146076890783,2020,8,7,26,26161,21,4,2201210401,NaN,NaN,NaN,NaN,NaN,NaN,NaN,2020,1,88,1,0,0,13.352929029044493
2186,5,310.4463445557139,62.08926891114278,2020,8,7,26,26161,21,4,2201210401,NaN,NaN,NaN,NaN,NaN,NaN,NaN,2019,1,88,1,0,0,17.336481249734007
2187,5,327.8141613006279,65.56283226012559,2020,8,7,26,26161,21,4,2201210401,NaN,NaN,NaN,NaN,NaN,NaN,NaN,2018,1,88,1,0,0,19.66518699579548
2188,5,368.3242419642923,73.66484839285846,2020,8,7,26,26161,21,4,2201210401,NaN,NaN,NaN,NaN,NaN,NaN,NaN,2017,1,88,1,0,0,24.080978422123636
2189,5,367.29985169622574,73.45997033924515,2020,8,7,26,26161,21,4,2201210401,NaN,NaN,NaN,NaN,NaN,NaN,NaN,2016,1,88,1,0,0,30.98193402133534
2190,5,392.56334931271454,78.51266986254291,2020,8,7,26,26161,21,4,2201210401,NaN,NaN,NaN,NaN,NaN,NaN,NaN,2015,1,88,1,0,0,32.802234757158665
2191,5,364.0998652152451,72.81997304304902,2020,8,7,26,26161,21,4,2201210401,NaN,NaN,NaN,NaN,NaN,NaN,NaN,2014,1,88,1,0,0,34.580325733444866
2192,5,370.3959424661204,74.07918849322408,2020,8,7,26,26161,21,4,2201210401,NaN,NaN,NaN,NaN,NaN,NaN,NaN,2013,1,88,1,0,0,35.13487350420699
2193,5,316.43263381169584,63.286526762339165,2020,8,7,26,26161,21,4,2201210401,NaN,NaN,NaN,NaN,NaN,NaN,NaN,2012,1,88,1,0,0,32.74020207480104
2194,5,231.92053549096389,46.38410709819278,2020,8,7,26,26161,21,4,2201210401,NaN,NaN,NaN,NaN,NaN,NaN,NaN,2011,1,88,1,0,0,24.01039208631144
2195,5,230.10402906651655,46.02080581330331,2020,8,7,26,26161,21,4,2201210401,NaN,NaN,NaN,NaN,NaN,NaN,NaN,2010,1,88,1,0,0,30.901705049022787
2196,5,205.50535743034038,41.10107148606808,2020,8,7,26,26161,21,4,2201210401,NaN,NaN,NaN,NaN,NaN,NaN,NaN,2009,1,88,1,0,0,28.187007827130206
2197,5,253.9388285109485,50.7877657021897,2020,8,7,26,26161,21,4,2201210401,NaN,NaN,NaN,NaN,NaN,NaN,NaN,2008,1,88,1,0,0,36.852228085087035
2198,5,268.1829985315532,53.63659970631064,2020,8,7,26,26161,21,4,2201210401,NaN,NaN,NaN,NaN,NaN,NaN,NaN,2007,1,88,1,0,0,39.37862672673969
2199,5,229.81669167512396,45.963338335024794,2020,8,7,26,26161,21,4,2201210401,NaN,NaN,NaN,NaN,NaN,NaN,NaN,2006,1,88,1,0,0,35.61779921177439
2200,5,203.39262514967626,40.67852502993525,2020,8,7,26,26161,21,4,2201210401,NaN,NaN,NaN,NaN,NaN,NaN,NaN,2005,1,88,1,0,0,33.139231545529384
2201,5,164.72170300101715,32.94434060020343,2020,8,7,26,26161,21,4,2201210401,NaN,NaN,NaN,NaN,NaN,NaN,NaN,2004,1,88,1,0,0,28.766919774077763
2202,5,148.74713474802425,29.74942694960485,2020,8,7,26,26161,21,4,2201210401,NaN,NaN,NaN,NaN,NaN,NaN,NaN,2003,1,88,1,0,0,26.018564600034225
2203,5,118.52562992373574,23.70512598474715,2020,8,7,26,26161,21,4,2201210401,NaN,NaN,NaN,NaN,NaN,NaN,NaN,2002,1,88,1,0,0,26.020006507672512
2204,5,94.5116320580201,18.90232641160402,2020,8,7,26,26161,21,4,2201210401,NaN,NaN,NaN,NaN,NaN,NaN,NaN,2001,1,88,1,0,0,25.762275215371684
2205,5,83.62548218400153,16.725096436800307,2020,8,7,26,26161,21,4,2201210401,NaN,NaN,NaN,NaN,NaN,NaN,NaN,2000,1,88,1,0,0,69.76391084865678
2206,5,60.874080684058114,12.174816136811623,2020,8,7,26,26161,21,4,2201210401,NaN,NaN,NaN,NaN,NaN,NaN,NaN,1999,1,88,1,0,0,71.34578949856002
2207,5,46.82985881634186,9.365971763268373,2020,8,7,26,26161,21,4,2201210401,NaN,NaN,NaN,NaN,NaN,NaN,NaN,1998,1,88,1,0,0,71.78765113252229
2208,5,36.74778034358123,7.349556068716247,2020,8,7,26,26161,21,4,2201210401,NaN,NaN,NaN,NaN,NaN,NaN,NaN,1997,1,88,1,0,0,73.58286422768917
2209,5,26.865139913300695,5.373027982660139,2020,8,7,26,26161,21,4,2201210401,NaN,NaN,NaN,NaN,NaN,NaN,NaN,1996,1,88,1,0,0,59.4445775193969
2210,5,25.04660490806586,5.009320981613172,2020,8,7,26,26161,21,4,2201210401,NaN,NaN,NaN,NaN,NaN,NaN,NaN,1995,1,88,1,0,0,74.3674634502643
2211,5,18.41216437802274,3.6824328756045484,2020,8,7,26,26161,21,4,2201210401,NaN,NaN,NaN,NaN,NaN,NaN,NaN,1994,1,88,1,0,0,62.0374163743722
2212,5,15.146433442304176,3.029286688460835,2020,8,7,26,26161,21,4,2201210401,NaN,NaN,NaN,NaN,NaN,NaN,NaN,1993,1,88,1,0,0,70.63540559957718
2213,5,12.785088718582324,2.557017743716465,2020,8,7,26,26161,21,4,2201210401,NaN,NaN,NaN,NaN,NaN,NaN,NaN,1992,1,88,1,0,0,59.595016889014964
2214,5,12.603265015943999,2.5206530031887997,2020,8,7,26,26161,21,4,2201210401,NaN,NaN,NaN,NaN,NaN,NaN,NaN,1991,1,88,1,0,0,58.64996506763206
2215,5,10.501237834887378,2.1002475669774756,2020,8,7,26,26161,21,4,2201210401,NaN,NaN,NaN,NaN,NaN,NaN,NaN,1990,1,88,1,0,0,59.458687628757204
2216,5,10.217773915995503,2.0435547831991006,2020,8,7,26,26161,21,4,2201210401,NaN,NaN,NaN,NaN,NaN,NaN,NaN,1989,1,88,1,0,0,53.784823592801644
2217,5,9.15454189972411,1.830908379944822,2020,8,7,26,26161,21,4,2201210401,NaN,NaN,NaN,NaN,NaN,NaN,NaN,1988,1,88,1,0,0,48.219512402859806
2218,5,9.00619255308734,1.801238510617468,2020,8,7,26,26161,21,4,2201210401,NaN,NaN,NaN,NaN,NaN,NaN,NaN,1987,1,88,1,0,0,46.84465504073556
2219,5,7.780739775004618,1.5561479550009236,2020,8,7,26,26161,21,4,2201210401,NaN,NaN,NaN,NaN,NaN,NaN,NaN,1986,1,88,1,0,0,40.629852238879735
2220,5,5.992761098455286,1.1985522196910572,2020,8,7,26,26161,21,4,2201210401,NaN,NaN,NaN,NaN,NaN,NaN,NaN,1985,1,88,1,0,0,39.64645592506248
2221,5,4.779871405562617,0.9559742811125235,2020,8,7,26,26161,21,4,2201210401,NaN,NaN,NaN,NaN,NaN,NaN,NaN,1984,1,88,1,0,0,31.27525288446785
2222,5,3.5629958872973577,0.7125991774594715,2020,8,7,26,26161,21,4,2201210401,NaN,NaN,NaN,NaN,NaN,NaN,NaN,1983,1,88,1,0,0,22.508966600499008
2223,5,2.6061493961116446,0.5212298792223289,2020,8,7,26,26161,21,4,2201210401,NaN,NaN,NaN,NaN,NaN,NaN,NaN,1982,1,88,1,0,0,21.99019689842662
2224,5,1.8323500164585729,0.3664700032917146,2020,8,7,26,26161,21,4,2201210401,NaN,NaN,NaN,NaN,NaN,NaN,NaN,1981,1,88,1,0,0,15.985810305983254
2225,5,23.19180710506584,4.638361421013168,2020,8,7,26,26161,21,4,2201210401,NaN,NaN,NaN,NaN,NaN,NaN,NaN,1980,1,88,1,0,0,202.19674112103627
2226,5,310.4463445557139,62.08926891114278,2020,8,7,26,26161,21,4,2202210401,NaN,NaN,NaN,NaN,NaN,NaN,NaN,2019,2,88,1,0,0,0.001485929767213336
2227,5,327.8141613006279,65.56283226012559,2020,8,7,26,26161,21,4,2202210401,NaN,NaN,NaN,NaN,NaN,NaN,NaN,2018,2,88,1,0,0,0.018739991827444857
2228,5,368.3242419642923,73.66484839285846,2020,8,7,26,26161,21,4,2202210401,NaN,NaN,NaN,NaN,NaN,NaN,NaN,2017,2,88,1,0,0,0.023855442188378057
2229,5,367.29985169622574,73.45997033924515,2020,8,7,26,26161,21,4,2202210401,NaN,NaN,NaN,NaN,NaN,NaN,NaN,2016,2,88,1,0,0,0.04663432690715559
2230,5,392.56334931271454,78.51266986254291,2020,8,7,26,26161,21,4,2202210401,NaN,NaN,NaN,NaN,NaN,NaN,NaN,2015,2,88,1,0,0,0.5840813114289997
2231,5,364.0998652152451,72.81997304304902,2020,8,7,26,26161,21,4,2202210401,NaN,NaN,NaN,NaN,NaN,NaN,NaN,2014,2,88,1,0,0,0.8025025339279921
2232,5,370.3959424661204,74.07918849322408,2020,8,7,26,26161,21,4,2202210401,NaN,NaN,NaN,NaN,NaN,NaN,NaN,2013,2,88,1,0,0,0.8235033964270941
2233,5,316.43263381169584,63.286526762339165,2020,8,7,26,26161,21,4,2202210401,NaN,NaN,NaN,NaN,NaN,NaN,NaN,2012,2,88,1,0,0,0.7138092983321535
2234,5,231.92053549096389,46.38410709819278,2020,8,7,26,26161,21,4,2202210401,NaN,NaN,NaN,NaN,NaN,NaN,NaN,2011,2,88,1,0,0,0.488654193903721
2235,5,230.10402906651655,46.02080581330331,2020,8,7,26,26161,21,4,2202210401,NaN,NaN,NaN,NaN,NaN,NaN,NaN,2010,2,88,1,0,0,0.5660330563376381
2236,5,205.50535743034038,41.10107148606808,2020,8,7,26,26161,21,4,2202210401,NaN,NaN,NaN,NaN,NaN,NaN,NaN,2009,2,88,1,0,0,0.22551088227966024
2237,5,253.9388285109485,50.7877657021897,2020,8,7,26,26161,21,4,2202210401,NaN,NaN,NaN,NaN,NaN,NaN,NaN,2008,2,88,1,0,0,0.025947205189495552
2238,5,268.1829985315532,53.63659970631064,2020,8,7,26,26161,21,4,2202210401,NaN,NaN,NaN,NaN,NaN,NaN,NaN,2007,2,88,1,0,0,0.018802472752048653
2239,5,229.81669167512396,45.963338335024794,2020,8,7,26,26161,21,4,2202210401,NaN,NaN,NaN,NaN,NaN,NaN,NaN,2006,2,88,1,0,0,0.7170234875295755
2240,5,203.39262514967626,40.67852502993525,2020,8,7,26,26161,21,4,2202210401,NaN,NaN,NaN,NaN,NaN,NaN,NaN,2005,2,88,1,0,0,0.47037526538002095
2241,5,164.72170300101715,32.94434060020343,2020,8,7,26,26161,21,4,2202210401,NaN,NaN,NaN,NaN,NaN,NaN,NaN,2004,2,88,1,0,0,0.2806904576370979
2242,5,148.74713474802425,29.74942694960485,2020,8,7,26,26161,21,4,2202210401,NaN,NaN,NaN,NaN,NaN,NaN,NaN,2003,2,88,1,0,0,0.3199862206502769
2243,5,118.52562992373574,23.70512598474715,2020,8,7,26,26161,21,4,2202210401,NaN,NaN,NaN,NaN,NaN,NaN,NaN,2002,2,88,1,0,0,0.3574982081553712
2244,5,94.5116320580201,18.90232641160402,2020,8,7,26,26161,21,4,2202210401,NaN,NaN,NaN,NaN,NaN,NaN,NaN,2001,2,88,1,0,0,0.25525125665068765
2245,5,83.62548218400153,16.725096436800307,2020,8,7,26,26161,21,4,2202210401,NaN,NaN,NaN,NaN,NaN,NaN,NaN,2000,2,88,1,0,0,0.33130778335294314
2246,5,60.874080684058114,12.174816136811623,2020,8,7,26,26161,21,4,2202210401,NaN,NaN,NaN,NaN,NaN,NaN,NaN,1999,2,88,1,0,0,0.20566003375850478
2247,5,46.82985881634186,9.365971763268373,2020,8,7,26,26161,21,4,2202210401,NaN,NaN,NaN,NaN,NaN,NaN,NaN,1998,2,88,1,0,0,0.2431235752160713
2248,5,36.74778034358123,7.349556068716247,2020,8,7,26,26161,21,4,2202210401,NaN,NaN,NaN,NaN,NaN,NaN,NaN,1997,2,88,1,0,0,0.10226365945326356
2249,5,26.865139913300695,5.373027982660139,2020,8,7,26,26161,21,4,2202210401,NaN,NaN,NaN,NaN,NaN,NaN,NaN,1996,2,88,1,0,0,0.11320481512936592
2250,5,25.04660490806586,5.009320981613172,2020,8,7,26,26161,21,4,2202210401,NaN,NaN,NaN,NaN,NaN,NaN,NaN,1995,2,88,1,0,0,0.10732370443347558
2251,5,18.41216437802274,3.6824328756045484,2020,8,7,26,26161,21,4,2202210401,NaN,NaN,NaN,NaN,NaN,NaN,NaN,1994,2,88,1,0,0,0.014245296062013975
2252,5,15.146433442304176,3.029286688460835,2020,8,7,26,26161,21,4,2202210401,NaN,NaN,NaN,NaN,NaN,NaN,NaN,1993,2,88,1,0,0,0.08068076854026916
2253,5,12.785088718582324,2.557017743716465,2020,8,7,26,26161,21,4,2202210401,NaN,NaN,NaN,NaN,NaN,NaN,NaN,1992,2,88,1,0,0,0.11472743651814718
2254,5,12.603265015943999,2.5206530031887997,2020,8,7,26,26161,21,4,2202210401,NaN,NaN,NaN,NaN,NaN,NaN,NaN,1991,2,88,1,0,0,0.2740128929581419
2255,5,10.501237834887378,2.1002475669774756,2020,8,7,26,26161,21,4,2202210401,NaN,NaN,NaN,NaN,NaN,NaN,NaN,1990,2,88,1,0,0,0.104507749050686
2256,5,10.217773915995503,2.0435547831991006,2020,8,7,26,26161,21,4,2202210401,NaN,NaN,NaN,NaN,NaN,NaN,NaN,1989,2,88,1,0,0,0.08089391107726762
2257,5,9.15454189972411,1.830908379944822,2020,8,7,26,26161,21,4,2202210401,NaN,NaN,NaN,NaN,NaN,NaN,NaN,1988,2,88,1,0,0,0.020692279750214725
2258,5,9.00619255308734,1.801238510617468,2020,8,7,26,26161,21,4,2202210401,NaN,NaN,NaN,NaN,NaN,NaN,NaN,1987,2,88,1,0,0,0.9996348264992451
2259,5,7.780739775004618,1.5561479550009236,2020,8,7,26,26161,21,4,2202210401,NaN,NaN,NaN,NaN,NaN,NaN,NaN,1986,2,88,1,0,0,0.6008420920783082
2260,5,5.992761098455286,1.1985522196910572,2020,8,7,26,26161,21,4,2202210401,NaN,NaN,NaN,NaN,NaN,NaN,NaN,1985,2,88,1,0,0,2.2850242829645007
2261,5,4.779871405562617,0.9559742811125235,2020,8,7,26,26161,21,4,2202210401,NaN,NaN,NaN,NaN,NaN,NaN,NaN,1984,2,88,1,0,0,2.395240163853913
2262,5,3.5629958872973577,0.7125991774594715,2020,8,7,26,26161,21,4,2202210401,NaN,NaN,NaN,NaN,NaN,NaN,NaN,1983,2,88,1,0,0,3.112357151390598
2263,5,2.6061493961116446,0.5212298792223289,2020,8,7,26,26161,21,4,2202210401,NaN,NaN,NaN,NaN,NaN,NaN,NaN,1982,2,88,1,0,0,4.335210230343852
2264,5,1.8323500164585729,0.3664700032917146,2020,8,7,26,26161,21,4,2202210401,NaN,NaN,NaN,NaN,NaN,NaN,NaN,1981,2,88,1,0,0,2.182071905107684
2265,5,23.19180710506584,4.638361421013168,2020,8,7,26,26161,21,4,2202210401,NaN,NaN,NaN,NaN,NaN,NaN,NaN,1980,2,88,1,0,0,16.333904209162952
2266,5,260.05730384453915,52.01146076890783,2020,8,7,26,26161,21,4,2205210401,NaN,NaN,NaN,NaN,NaN,NaN,NaN,2020,5,88,1,0,0,0.004634672506093554
2267,5,310.4463445557139,62.08926891114278,2020,8,7,26,26161,21,4,2205210401,NaN,NaN,NaN,NaN,NaN,NaN,NaN,2019,5,88,1,0,0,0.009477457948562877
2268,5,327.8141613006279,65.56283226012559,2020,8,7,26,26161,21,4,2205210401,NaN,NaN,NaN,NaN,NaN,NaN,NaN,2018,5,88,1,0,0,0.009089776903813653
2269,5,368.3242419642923,73.66484839285846,2020,8,7,26,26161,21,4,2205210401,NaN,NaN,NaN,NaN,NaN,NaN,NaN,2017,5,88,1,0,0,0.007132295776059381
2270,5,367.29985169622574,73.45997033924515,2020,8,7,26,26161,21,4,2205210401,NaN,NaN,NaN,NaN,NaN,NaN,NaN,2016,5,88,1,0,0,0.017752800504474708
2271,5,392.56334931271454,78.51266986254291,2020,8,7,26,26161,21,4,2205210401,NaN,NaN,NaN,NaN,NaN,NaN,NaN,2015,5,88,1,0,0,0.019828603909322413
2272,5,364.0998652152451,72.81997304304902,2020,8,7,26,26161,21,4,2205210401,NaN,NaN,NaN,NaN,NaN,NaN,NaN,2014,5,88,1,0,0,0.026874435257840498
2273,5,370.3959424661204,74.07918849322408,2020,8,7,26,26161,21,4,2205210401,NaN,NaN,NaN,NaN,NaN,NaN,NaN,2013,5,88,1,0,0,0.03066598193373787
2274,5,316.43263381169584,63.286526762339165,2020,8,7,26,26161,21,4,2205210401,NaN,NaN,NaN,NaN,NaN,NaN,NaN,2012,5,88,1,0,0,0.029462208727119278
2275,5,231.92053549096389,46.38410709819278,2020,8,7,26,26161,21,4,2205210401,NaN,NaN,NaN,NaN,NaN,NaN,NaN,2011,5,88,1,0,0,0.03853812105628107
2276,5,230.10402906651655,46.02080581330331,2020,8,7,26,26161,21,4,2205210401,NaN,NaN,NaN,NaN,NaN,NaN,NaN,2010,5,88,1,0,0,0.031210687661514674
2277,5,205.50535743034038,41.10107148606808,2020,8,7,26,26161,21,4,2205210401,NaN,NaN,NaN,NaN,NaN,NaN,NaN,2009,5,88,1,0,0,0.02408590652301313
2278,5,253.9388285109485,50.7877657021897,2020,8,7,26,26161,21,4,2205210401,NaN,NaN,NaN,NaN,NaN,NaN,NaN,2008,5,88,1,0,0,0.03532901355140519
2279,5,268.1829985315532,53.63659970631064,2020,8,7,26,26161,21,4,2205210401,NaN,NaN,NaN,NaN,NaN,NaN,NaN,2007,5,88,1,0,0,0.022204664041105854
2280,5,229.81669167512396,45.963338335024794,2020,8,7,26,26161,21,4,2205210401,NaN,NaN,NaN,NaN,NaN,NaN,NaN,2006,5,88,1,0,0,0.023717218942547712
2281,5,203.39262514967626,40.67852502993525,2020,8,7,26,26161,21,4,2205210401,NaN,NaN,NaN,NaN,NaN,NaN,NaN,2005,5,88,1,0,0,0.00859625874336378
2282,5,164.72170300101715,32.94434060020343,2020,8,7,26,26161,21,4,2205210401,NaN,NaN,NaN,NaN,NaN,NaN,NaN,2004,5,88,1,0,0,0.0051099673941269845
2283,5,148.74713474802425,29.74942694960485,2020,8,7,26,26161,21,4,2205210401,NaN,NaN,NaN,NaN,NaN,NaN,NaN,2003,5,88,1,0,0,0.007068822830491167
2284,5,118.52562992373574,23.70512598474715,2020,8,7,26,26161,21,4,2205210401,NaN,NaN,NaN,NaN,NaN,NaN,NaN,2002,5,88,1,0,0,0.003947610097159468
2285,5,94.5116320580201,18.90232641160402,2020,8,7,26,26161,21,4,2205210401,NaN,NaN,NaN,NaN,NaN,NaN,NaN,2001,5,88,1,0,0,0.004627505696687029
2286,5,83.62548218400153,16.725096436800307,2020,8,7,26,26161,21,4,2205210401,NaN,NaN,NaN,NaN,NaN,NaN,NaN,2000,5,88,1,0,0,0.0028777458458372506
2287,5,60.874080684058114,12.174816136811623,2020,8,7,26,26161,21,4,2205210401,NaN,NaN,NaN,NaN,NaN,NaN,NaN,1999,5,88,1,0,0,0.003990644829254807
2288,5,46.82985881634186,9.365971763268373,2020,8,7,26,26161,21,4,2205210401,NaN,NaN,NaN,NaN,NaN,NaN,NaN,1998,5,88,1,0,0,0.0021370124481240693
2289,5,260.05730384453915,52.01146076890783,2020,8,7,26,26161,21,4,2201210401,NaN,NaN,NaN,NaN,NaN,NaN,NaN,2020,1,90,1,0,12839.964886049951,667825.3299449411
2290,5,310.4463445557139,62.08926891114278,2020,8,7,26,26161,21,4,2201210401,NaN,NaN,NaN,NaN,NaN,NaN,NaN,2019,1,90,1,0,13138.434956780131,815755.8211030802
2291,5,327.8141613006279,65.56283226012559,2020,8,7,26,26161,21,4,2201210401,NaN,NaN,NaN,NaN,NaN,NaN,NaN,2018,1,90,1,0,13165.00108288217,863134.7577013755
2292,5,368.3242419642923,73.66484839285846,2020,8,7,26,26161,21,4,2201210401,NaN,NaN,NaN,NaN,NaN,NaN,NaN,2017,1,90,1,0,13848.064571823543,1020115.5772178957
2293,5,367.29985169622574,73.45997033924515,2020,8,7,26,26161,21,4,2201210401,NaN,NaN,NaN,NaN,NaN,NaN,NaN,2016,1,90,1,0,14107.984751994196,1036372.1414280165
2294,5,392.56334931271454,78.51266986254291,2020,8,7,26,26161,21,4,2201210401,NaN,NaN,NaN,NaN,NaN,NaN,NaN,2015,1,90,1,0,14833.433320520602,1164612.4532220776
2295,5,364.0998652152451,72.81997304304902,2020,8,7,26,26161,21,4,2201210401,NaN,NaN,NaN,NaN,NaN,NaN,NaN,2014,1,90,1,0,15512.844818034377,1129644.9414702659
2296,5,370.3959424661204,74.07918849322408,2020,8,7,26,26161,21,4,2201210401,NaN,NaN,NaN,NaN,NaN,NaN,NaN,2013,1,90,1,0,15939.961001527905,1180819.3756068265
2297,5,316.43263381169584,63.286526762339165,2020,8,7,26,26161,21,4,2201210401,NaN,NaN,NaN,NaN,NaN,NaN,NaN,2012,1,90,1,0,16482.25297060423,1043104.5437277887
2298,5,231.92053549096389,46.38410709819278,2020,8,7,26,26161,21,4,2201210401,NaN,NaN,NaN,NaN,NaN,NaN,NaN,2011,1,90,1,0,17981.63056532398,834061.8779421243
2299,5,230.10402906651655,46.02080581330331,2020,8,7,26,26161,21,4,2201210401,NaN,NaN,NaN,NaN,NaN,NaN,NaN,2010,1,90,1,0,17916.44481921224,824529.2278897307
2300,5,205.50535743034038,41.10107148606808,2020,8,7,26,26161,21,4,2201210401,NaN,NaN,NaN,NaN,NaN,NaN,NaN,2009,1,90,1,0,17678.622822220812,726610.3403913322
2301,5,253.9388285109485,50.7877657021897,2020,8,7,26,26161,21,4,2201210401,NaN,NaN,NaN,NaN,NaN,NaN,NaN,2008,1,90,1,0,18021.19958452184,915256.4621710937
2302,5,268.1829985315532,53.63659970631064,2020,8,7,26,26161,21,4,2201210401,NaN,NaN,NaN,NaN,NaN,NaN,NaN,2007,1,90,1,0,18384.111065206744,986061.2061608502
2303,5,229.81669167512396,45.963338335024794,2020,8,7,26,26161,21,4,2201210401,NaN,NaN,NaN,NaN,NaN,NaN,NaN,2006,1,90,1,0,18264.288221648498,839487.6589800382
2304,5,203.39262514967626,40.67852502993525,2020,8,7,26,26161,21,4,2201210401,NaN,NaN,NaN,NaN,NaN,NaN,NaN,2005,1,90,1,0,18306.914595150516,744698.2835797173
2305,5,164.72170300101715,32.94434060020343,2020,8,7,26,26161,21,4,2201210401,NaN,NaN,NaN,NaN,NaN,NaN,NaN,2004,1,90,1,0,18340.26805977562,604208.0376602801
2306,5,148.74713474802425,29.74942694960485,2020,8,7,26,26161,21,4,2201210401,NaN,NaN,NaN,NaN,NaN,NaN,NaN,2003,1,90,1,0,18323.493809781052,545113.440555618
2307,5,118.52562992373574,23.70512598474715,2020,8,7,26,26161,21,4,2201210401,NaN,NaN,NaN,NaN,NaN,NaN,NaN,2002,1,90,1,0,18278.617433154264,433296.9290799174
2308,5,94.5116320580201,18.90232641160402,2020,8,7,26,26161,21,4,2201210401,NaN,NaN,NaN,NaN,NaN,NaN,NaN,2001,1,90,1,0,18333.7777194247,346551.0508103588
2309,5,83.62548218400153,16.725096436800307,2020,8,7,26,26161,21,4,2201210401,NaN,NaN,NaN,NaN,NaN,NaN,NaN,2000,1,90,1,0,17817.7579637469,298003.7202312336
2310,5,60.874080684058114,12.174816136811623,2020,8,7,26,26161,21,4,2201210401,NaN,NaN,NaN,NaN,NaN,NaN,NaN,1999,1,90,1,0,17843.625213059153,217242.8561831713
2311,5,46.82985881634186,9.365971763268373,2020,8,7,26,26161,21,4,2201210401,NaN,NaN,NaN,NaN,NaN,NaN,NaN,1998,1,90,1,0,17689.626209226142,165680.5395783842
2312,5,36.74778034358123,7.349556068716247,2020,8,7,26,26161,21,4,2201210401,NaN,NaN,NaN,NaN,NaN,NaN,NaN,1997,1,90,1,0,17633.021260145684,129594.87841230631
2313,5,26.865139913300695,5.373027982660139,2020,8,7,26,26161,21,4,2201210401,NaN,NaN,NaN,NaN,NaN,NaN,NaN,1996,1,90,1,0,17891.69203267862,96132.56194871968
2314,5,25.04660490806586,5.009320981613172,2020,8,7,26,26161,21,4,2201210401,NaN,NaN,NaN,NaN,NaN,NaN,NaN,1995,1,90,1,0,17677.810981893086,88553.82946058878
2315,5,18.41216437802274,3.6824328756045484,2020,8,7,26,26161,21,4,2201210401,NaN,NaN,NaN,NaN,NaN,NaN,NaN,1994,1,90,1,0,17818.310431598897,65614.73212104724
2316,5,15.146433442304176,3.029286688460835,2020,8,7,26,26161,21,4,2201210401,NaN,NaN,NaN,NaN,NaN,NaN,NaN,1993,1,90,1,0,17569.296503923717,53222.4360249576
2317,5,12.785088718582324,2.557017743716465,2020,8,7,26,26161,21,4,2201210401,NaN,NaN,NaN,NaN,NaN,NaN,NaN,1992,1,90,1,0,17829.957834214747,45591.5185518035
2318,5,12.603265015943999,2.5206530031887997,2020,8,7,26,26161,21,4,2201210401,NaN,NaN,NaN,NaN,NaN,NaN,NaN,1991,1,90,1,0,17337.732998724536,43702.408751720555
2319,5,10.501237834887378,2.1002475669774756,2020,8,7,26,26161,21,4,2201210401,NaN,NaN,NaN,NaN,NaN,NaN,NaN,1990,1,90,1,0,18211.603133206736,38248.87517127682
2320,5,10.217773915995503,2.0435547831991006,2020,8,7,26,26161,21,4,2201210401,NaN,NaN,NaN,NaN,NaN,NaN,NaN,1989,1,90,1,0,18154.411001070996,37099.533437401005
2321,5,9.15454189972411,1.830908379944822,2020,8,7,26,26161,21,4,2201210401,NaN,NaN,NaN,NaN,NaN,NaN,NaN,1988,1,90,1,0,17998.20787411006,32953.06962069699
2322,5,9.00619255308734,1.801238510617468,2020,8,7,26,26161,21,4,2201210401,NaN,NaN,NaN,NaN,NaN,NaN,NaN,1987,1,90,1,0,17796.493146324232,32055.728809099037
2323,5,7.780739775004618,1.5561479550009236,2020,8,7,26,26161,21,4,2201210401,NaN,NaN,NaN,NaN,NaN,NaN,NaN,1986,1,90,1,0,18062.999081005637,28108.699081090486
2324,5,5.992761098455286,1.1985522196910572,2020,8,7,26,26161,21,4,2201210401,NaN,NaN,NaN,NaN,NaN,NaN,NaN,1985,1,90,1,0,19958.29200724642,23921.05518652748
2325,5,4.779871405562617,0.9559742811125235,2020,8,7,26,26161,21,4,2201210401,NaN,NaN,NaN,NaN,NaN,NaN,NaN,1984,1,90,1,0,19917.181809833302,19040.31356244282
2326,5,3.5629958872973577,0.7125991774594715,2020,8,7,26,26161,21,4,2201210401,NaN,NaN,NaN,NaN,NaN,NaN,NaN,1983,1,90,1,0,19666.98657734994,14014.678458126034
2327,5,2.6061493961116446,0.5212298792223289,2020,8,7,26,26161,21,4,2201210401,NaN,NaN,NaN,NaN,NaN,NaN,NaN,1982,1,90,1,0,18641.618277506004,9716.568443293214
2328,5,1.8323500164585729,0.3664700032917146,2020,8,7,26,26161,21,4,2201210401,NaN,NaN,NaN,NaN,NaN,NaN,NaN,1981,1,90,1,0,22886.431853704536,8387.190756762702
2329,5,23.19180710506584,4.638361421013168,2020,8,7,26,26161,21,4,2201210401,NaN,NaN,NaN,NaN,NaN,NaN,NaN,1980,1,90,1,0,24247.514774528292,112468.73708561884
2330,5,310.4463445557139,62.08926891114278,2020,8,7,26,26161,21,4,2202210401,NaN,NaN,NaN,NaN,NaN,NaN,NaN,2019,2,90,1,0,1.0580631584312536,65.69436796881118
2331,5,327.8141613006279,65.56283226012559,2020,8,7,26,26161,21,4,2202210401,NaN,NaN,NaN,NaN,NaN,NaN,NaN,2018,2,90,1,0,11.787521622548317,772.8233029017387
2332,5,368.3242419642923,73.66484839285846,2020,8,7,26,26161,21,4,2202210401,NaN,NaN,NaN,NaN,NaN,NaN,NaN,2017,2,90,1,0,12.889400524557104,949.4957355163293
2333,5,367.29985169622574,73.45997033924515,2020,8,7,26,26161,21,4,2202210401,NaN,NaN,NaN,NaN,NaN,NaN,NaN,2016,2,90,1,0,12.325318798675989,905.4175533724788
2334,5,392.56334931271454,78.51266986254291,2020,8,7,26,26161,21,4,2202210401,NaN,NaN,NaN,NaN,NaN,NaN,NaN,2015,2,90,1,0,153.30223855578063,12036.1680449188
2335,5,364.0998652152451,72.81997304304902,2020,8,7,26,26161,21,4,2202210401,NaN,NaN,NaN,NaN,NaN,NaN,NaN,2014,2,90,1,0,208.95149140533275,15215.84197144122
2336,5,370.3959424661204,74.07918849322408,2020,8,7,26,26161,21,4,2202210401,NaN,NaN,NaN,NaN,NaN,NaN,NaN,2013,2,90,1,0,216.8455058402384,16063.739101047542
2337,5,316.43263381169584,63.286526762339165,2020,8,7,26,26161,21,4,2202210401,NaN,NaN,NaN,NaN,NaN,NaN,NaN,2012,2,90,1,0,208.57116495684218,13199.74461289345
2338,5,231.92053549096389,46.38410709819278,2020,8,7,26,26161,21,4,2202210401,NaN,NaN,NaN,NaN,NaN,NaN,NaN,2011,2,90,1,0,245.4426200504508,11384.636774881148
2339,5,230.10402906651655,46.02080581330331,2020,8,7,26,26161,21,4,2202210401,NaN,NaN,NaN,NaN,NaN,NaN,NaN,2010,2,90,1,0,220.2006951707736,10133.813432408568
2340,5,205.50535743034038,41.10107148606808,2020,8,7,26,26161,21,4,2202210401,NaN,NaN,NaN,NaN,NaN,NaN,NaN,2009,2,90,1,0,159.20148842078427,6543.351756271094
2341,5,253.9388285109485,50.7877657021897,2020,8,7,26,26161,21,4,2202210401,NaN,NaN,NaN,NaN,NaN,NaN,NaN,2008,2,90,1,0,14.27747711324418,725.1211624458211
2342,5,268.1829985315532,53.63659970631064,2020,8,7,26,26161,21,4,2202210401,NaN,NaN,NaN,NaN,NaN,NaN,NaN,2007,2,90,1,0,9.622274078793113,516.1060630286352
2343,5,229.81669167512396,45.963338335024794,2020,8,7,26,26161,21,4,2202210401,NaN,NaN,NaN,NaN,NaN,NaN,NaN,2006,2,90,1,0,142.5845515672024,6553.6619850311135
2344,5,203.39262514967626,40.67852502993525,2020,8,7,26,26161,21,4,2202210401,NaN,NaN,NaN,NaN,NaN,NaN,NaN,2005,2,90,1,0,100.76753148549588,4099.074551737533
2345,5,164.72170300101715,32.94434060020343,2020,8,7,26,26161,21,4,2202210401,NaN,NaN,NaN,NaN,NaN,NaN,NaN,2004,2,90,1,0,69.39742988730832,2286.2525669862225
2346,5,148.74713474802425,29.74942694960485,2020,8,7,26,26161,21,4,2202210401,NaN,NaN,NaN,NaN,NaN,NaN,NaN,2003,2,90,1,0,85.36856699648114,2539.665947654263
2347,5,118.52562992373574,23.70512598474715,2020,8,7,26,26161,21,4,2202210401,NaN,NaN,NaN,NaN,NaN,NaN,NaN,2002,2,90,1,0,95.13746474033523,2255.2455875390865
2348,5,94.5116320580201,18.90232641160402,2020,8,7,26,26161,21,4,2202210401,NaN,NaN,NaN,NaN,NaN,NaN,NaN,2001,2,90,1,0,68.81409413921233,1300.7464691382386
2349,5,83.62548218400153,16.725096436800307,2020,8,7,26,26161,21,4,2202210401,NaN,NaN,NaN,NaN,NaN,NaN,NaN,2000,2,90,1,0,63.434283703170905,1060.9445123348835
2350,5,60.874080684058114,12.174816136811623,2020,8,7,26,26161,21,4,2202210401,NaN,NaN,NaN,NaN,NaN,NaN,NaN,1999,2,90,1,0,38.57041465248196,469.58770671455284
2351,5,46.82985881634186,9.365971763268373,2020,8,7,26,26161,21,4,2202210401,NaN,NaN,NaN,NaN,NaN,NaN,NaN,1998,2,90,1,0,45.31976567490378,424.46364562908803
2352,5,36.74778034358123,7.349556068716247,2020,8,7,26,26161,21,4,2202210401,NaN,NaN,NaN,NaN,NaN,NaN,NaN,1997,2,90,1,0,18.62933385027203,136.9173336554078
2353,5,26.865139913300695,5.373027982660139,2020,8,7,26,26161,21,4,2202210401,NaN,NaN,NaN,NaN,NaN,NaN,NaN,1996,2,90,1,0,25.52430373706376,137.14279821716033
2354,5,25.04660490806586,5.009320981613172,2020,8,7,26,26161,21,4,2202210401,NaN,NaN,NaN,NaN,NaN,NaN,NaN,1995,2,90,1,0,19.35310590571234,96.9459194728666
2355,5,18.41216437802274,3.6824328756045484,2020,8,7,26,26161,21,4,2202210401,NaN,NaN,NaN,NaN,NaN,NaN,NaN,1994,2,90,1,0,3.081769453093134,11.348409149104006
2356,5,15.146433442304176,3.029286688460835,2020,8,7,26,26161,21,4,2202210401,NaN,NaN,NaN,NaN,NaN,NaN,NaN,1993,2,90,1,0,14.201603194370417,43.02072751150918
2357,5,12.785088718582324,2.557017743716465,2020,8,7,26,26161,21,4,2202210401,NaN,NaN,NaN,NaN,NaN,NaN,NaN,1992,2,90,1,0,23.9244119531988,61.17514587231162
2358,5,12.603265015943999,2.5206530031887997,2020,8,7,26,26161,21,4,2202210401,NaN,NaN,NaN,NaN,NaN,NaN,NaN,1991,2,90,1,0,57.964975621316036,146.10958987963582
2359,5,10.501237834887378,2.1002475669774756,2020,8,7,26,26161,21,4,2202210401,NaN,NaN,NaN,NaN,NaN,NaN,NaN,1990,2,90,1,0,21.845456767657776,45.88086742578487
2360,5,10.217773915995503,2.0435547831991006,2020,8,7,26,26161,21,4,2202210401,NaN,NaN,NaN,NaN,NaN,NaN,NaN,1989,2,90,1,0,18.696087231330864,38.20647848869382
2361,5,9.15454189972411,1.830908379944822,2020,8,7,26,26161,21,4,2202210401,NaN,NaN,NaN,NaN,NaN,NaN,NaN,1988,2,90,1,0,5.337807479785036,9.773036445270574
2362,5,9.00619255308734,1.801238510617468,2020,8,7,26,26161,21,4,2202210401,NaN,NaN,NaN,NaN,NaN,NaN,NaN,1987,2,90,1,0,262.11467210306904,472.1310415899181
2363,5,7.780739775004618,1.5561479550009236,2020,8,7,26,26161,21,4,2202210401,NaN,NaN,NaN,NaN,NaN,NaN,NaN,1986,2,90,1,0,182.3604437653821,283.77983163856027
2364,5,5.992761098455286,1.1985522196910572,2020,8,7,26,26161,21,4,2202210401,NaN,NaN,NaN,NaN,NaN,NaN,NaN,1985,2,90,1,0,357.9227324017847,428.98908539804734
2365,5,4.779871405562617,0.9559742811125235,2020,8,7,26,26161,21,4,2202210401,NaN,NaN,NaN,NaN,NaN,NaN,NaN,1984,2,90,1,0,500.4534049957974,478.420584071172
2366,5,3.5629958872973577,0.7125991774594715,2020,8,7,26,26161,21,4,2202210401,NaN,NaN,NaN,NaN,NaN,NaN,NaN,1983,2,90,1,0,977.8303817173353,696.8011257066543
2367,5,2.6061493961116446,0.5212298792223289,2020,8,7,26,26161,21,4,2202210401,NaN,NaN,NaN,NaN,NaN,NaN,NaN,1982,2,90,1,0,1509.1114879737888,786.593998609607
2368,5,1.8323500164585729,0.3664700032917146,2020,8,7,26,26161,21,4,2202210401,NaN,NaN,NaN,NaN,NaN,NaN,NaN,1981,2,90,1,0,1248.2741903398996,457.4550466428254
2369,5,23.19180710506584,4.638361421013168,2020,8,7,26,26161,21,4,2202210401,NaN,NaN,NaN,NaN,NaN,NaN,NaN,1980,2,90,1,0,850.4024306025148,3944.4738264425323
2370,5,260.05730384453915,52.01146076890783,2020,8,7,26,26161,21,4,2205210401,NaN,NaN,NaN,NaN,NaN,NaN,NaN,2020,5,90,1,0,4.191067665366084,217.98355145702624
2371,5,310.4463445557139,62.08926891114278,2020,8,7,26,26161,21,4,2205210401,NaN,NaN,NaN,NaN,NaN,NaN,NaN,2019,5,90,1,0,6.754494821294444,419.38164531827204
2372,5,327.8141613006279,65.56283226012559,2020,8,7,26,26161,21,4,2205210401,NaN,NaN,NaN,NaN,NaN,NaN,NaN,2018,5,90,1,0,5.722612888282665,375.1907088841092
2373,5,368.3242419642923,73.66484839285846,2020,8,7,26,26161,21,4,2205210401,NaN,NaN,NaN,NaN,NaN,NaN,NaN,2017,5,90,1,0,3.8571153074698286,284.1338143585386
2374,5,367.29985169622574,73.45997033924515,2020,8,7,26,26161,21,4,2205210401,NaN,NaN,NaN,NaN,NaN,NaN,NaN,2016,5,90,1,0,7.602241389120679,558.4604269565868
2375,5,392.56334931271454,78.51266986254291,2020,8,7,26,26161,21,4,2205210401,NaN,NaN,NaN,NaN,NaN,NaN,NaN,2015,5,90,1,0,8.43235174962645,662.0464490832576
2376,5,364.0998652152451,72.81997304304902,2020,8,7,26,26161,21,4,2205210401,NaN,NaN,NaN,NaN,NaN,NaN,NaN,2014,5,90,1,0,11.337571545292276,825.6016543018231
2377,5,370.3959424661204,74.07918849322408,2020,8,7,26,26161,21,4,2205210401,NaN,NaN,NaN,NaN,NaN,NaN,NaN,2013,5,90,1,0,13.083503696912615,969.2153365153837
2378,5,316.43263381169584,63.286526762339165,2020,8,7,26,26161,21,4,2205210401,NaN,NaN,NaN,NaN,NaN,NaN,NaN,2012,5,90,1,0,13.948221890088112,882.7345179341063
2379,5,231.92053549096389,46.38410709819278,2020,8,7,26,26161,21,4,2205210401,NaN,NaN,NaN,NaN,NaN,NaN,NaN,2011,5,90,1,0,27.14180219204426,1258.9482597137444
2380,5,230.10402906651655,46.02080581330331,2020,8,7,26,26161,21,4,2205210401,NaN,NaN,NaN,NaN,NaN,NaN,NaN,2010,5,90,1,0,17.01731573176327,783.1505827551489
2381,5,205.50535743034038,41.10107148606808,2020,8,7,26,26161,21,4,2205210401,NaN,NaN,NaN,NaN,NaN,NaN,NaN,2009,5,90,1,0,14.206293285198527,583.8938758669935
2382,5,253.9388285109485,50.7877657021897,2020,8,7,26,26161,21,4,2205210401,NaN,NaN,NaN,NaN,NaN,NaN,NaN,2008,5,90,1,0,16.246872906234536,825.1423745550935
2383,5,268.1829985315532,53.63659970631064,2020,8,7,26,26161,21,4,2205210401,NaN,NaN,NaN,NaN,NaN,NaN,NaN,2007,5,90,1,0,9.74865274623344,522.8845850255489
2384,5,229.81669167512396,45.963338335024794,2020,8,7,26,26161,21,4,2205210401,NaN,NaN,NaN,NaN,NaN,NaN,NaN,2006,5,90,1,0,11.43714847594717,525.6895249878729
2385,5,203.39262514967626,40.67852502993525,2020,8,7,26,26161,21,4,2205210401,NaN,NaN,NaN,NaN,NaN,NaN,NaN,2005,5,90,1,0,4.465812930074977,181.6626830550634
2386,5,164.72170300101715,32.94434060020343,2020,8,7,26,26161,21,4,2205210401,NaN,NaN,NaN,NaN,NaN,NaN,NaN,2004,5,90,1,0,3.0637178827533136,100.93216543235928
2387,5,148.74713474802425,29.74942694960485,2020,8,7,26,26161,21,4,2205210401,NaN,NaN,NaN,NaN,NaN,NaN,NaN,2003,5,90,1,0,4.573289726246649,136.05274863035305
2388,5,118.52562992373574,23.70512598474715,2020,8,7,26,26161,21,4,2205210401,NaN,NaN,NaN,NaN,NaN,NaN,NaN,2002,5,90,1,0,2.54757430613028,60.390569882323085
2389,5,94.5116320580201,18.90232641160402,2020,8,7,26,26161,21,4,2205210401,NaN,NaN,NaN,NaN,NaN,NaN,NaN,2001,5,90,1,0,3.0253203924373695,57.185593557533124
2390,5,83.62548218400153,16.725096436800307,2020,8,7,26,26161,21,4,2205210401,NaN,NaN,NaN,NaN,NaN,NaN,NaN,2000,5,90,1,0,3.9009575308094107,65.2438908986498
2391,5,60.874080684058114,12.174816136811623,2020,8,7,26,26161,21,4,2205210401,NaN,NaN,NaN,NaN,NaN,NaN,NaN,1999,5,90,1,0,5.298755338548394,64.51137200077572
2392,5,46.82985881634186,9.365971763268373,2020,8,7,26,26161,21,4,2205210401,NaN,NaN,NaN,NaN,NaN,NaN,NaN,1998,5,90,1,0,2.796475667599699,26.191712139405855
2393,5,260.05730384453915,52.01146076890783,2020,8,7,26,26161,21,4,2209210401,NaN,NaN,NaN,NaN,NaN,NaN,NaN,2020,9,90,1,0,0,0
2394,5,310.4463445557139,62.08926891114278,2020,8,7,26,26161,21,4,2209210401,NaN,NaN,NaN,NaN,NaN,NaN,NaN,2019,9,90,1,0,0,0
2395,5,327.8141613006279,65.56283226012559,2020,8,7,26,26161,21,4,2209210401,NaN,NaN,NaN,NaN,NaN,NaN,NaN,2018,9,90,1,0,0,0
2396,5,368.3242419642923,73.66484839285846,2020,8,7,26,26161,21,4,2209210401,NaN,NaN,NaN,NaN,NaN,NaN,NaN,2017,9,90,1,0,0,0
2397,5,367.29985169622574,73.45997033924515,2020,8,7,26,26161,21,4,2209210401,NaN,NaN,NaN,NaN,NaN,NaN,NaN,2016,9,90,1,0,0,0
2398,5,392.56334931271454,78.51266986254291,2020,8,7,26,26161,21,4,2209210401,NaN,NaN,NaN,NaN,NaN,NaN,NaN,2015,9,90,1,0,0,0
2399,5,364.0998652152451,72.81997304304902,2020,8,7,26,26161,21,4,2209210401,NaN,NaN,NaN,NaN,NaN,NaN,NaN,2014,9,90,1,0,0,0
2400,5,370.3959424661204,74.07918849322408,2020,8,7,26,26161,21,4,2209210401,NaN,NaN,NaN,NaN,NaN,NaN,NaN,2013,9,90,1,0,0,0
2401,5,316.43263381169584,63.286526762339165,2020,8,7,26,26161,21,4,2209210401,NaN,NaN,NaN,NaN,NaN,NaN,NaN,2012,9,90,1,0,0,0
2402,5,231.92053549096389,46.38410709819278,2020,8,7,26,26161,21,4,2209210401,NaN,NaN,NaN,NaN,NaN,NaN,NaN,2011,9,90,1,0,0,0
2403,5,230.10402906651655,46.02080581330331,2020,8,7,26,26161,21,4,2209210401,NaN,NaN,NaN,NaN,NaN,NaN,NaN,2010,9,90,1,0,0,0
2404,5,205.50535743034038,41.10107148606808,2020,8,7,26,26161,21,4,2209210401,NaN,NaN,NaN,NaN,NaN,NaN,NaN,2009,9,90,1,0,0,0
2405,5,253.9388285109485,50.7877657021897,2020,8,7,26,26161,21,4,2209210401,NaN,NaN,NaN,NaN,NaN,NaN,NaN,2008,9,90,1,0,0,0
2406,5,268.1829985315532,53.63659970631064,2020,8,7,26,26161,21,4,2209210401,NaN,NaN,NaN,NaN,NaN,NaN,NaN,2007,9,90,1,0,0,0
2407,5,229.81669167512396,45.963338335024794,2020,8,7,26,26161,21,4,2209210401,NaN,NaN,NaN,NaN,NaN,NaN,NaN,2006,9,90,1,0,0,0
2408,5,203.39262514967626,40.67852502993525,2020,8,7,26,26161,21,4,2209210401,NaN,NaN,NaN,NaN,NaN,NaN,NaN,2005,9,90,1,0,0,0
2409,5,164.72170300101715,32.94434060020343,2020,8,7,26,26161,21,4,2209210401,NaN,NaN,NaN,NaN,NaN,NaN,NaN,2004,9,90,1,0,0,0
2410,5,148.74713474802425,29.74942694960485,2020,8,7,26,26161,21,4,2209210401,NaN,NaN,NaN,NaN,NaN,NaN,NaN,2003,9,90,1,0,0,0
2411,5,118.52562992373574,23.70512598474715,2020,8,7,26,26161,21,4,2209210401,NaN,NaN,NaN,NaN,NaN,NaN,NaN,2002,9,90,1,0,0,0
2412,5,94.5116320580201,18.90232641160402,2020,8,7,26,26161,21,4,2209210401,NaN,NaN,NaN,NaN,NaN,NaN,NaN,2001,9,90,1,0,0,0
2413,5,83.62548218400153,16.725096436800307,2020,8,7,26,26161,21,4,2209210401,NaN,NaN,NaN,NaN,NaN,NaN,NaN,2000,9,90,1,0,0,0
2414,5,260.05730384453915,52.01146076890783,2020,8,7,26,26161,21,4,2201210401,NaN,NaN,NaN,NaN,NaN,NaN,NaN,2020,1,91,1,176680.55526167256,176680.55526167256,8.709883304402481
2415,5,310.4463445557139,62.08926891114278,2020,8,7,26,26161,21,4,2201210401,NaN,NaN,NaN,NaN,NaN,NaN,NaN,2019,1,91,1,180787.56476626176,180787.56476626176,10.639216106523897
2416,5,327.8141613006279,65.56283226012559,2020,8,7,26,26161,21,4,2201210401,NaN,NaN,NaN,NaN,NaN,NaN,NaN,2018,1,91,1,181153.12012038578,181153.12012038578,11.257139671794862
2417,5,368.3242419642923,73.66484839285846,2020,8,7,26,26161,21,4,2201210401,NaN,NaN,NaN,NaN,NaN,NaN,NaN,2017,1,91,1,190552.2140880223,190552.2140880223,13.304508284080178
2418,5,367.29985169622574,73.45997033924515,2020,8,7,26,26161,21,4,2201210401,NaN,NaN,NaN,NaN,NaN,NaN,NaN,2016,1,91,1,194128.76917705982,194128.76917705982,13.516528959025752
2419,5,392.56334931271454,78.51266986254291,2020,8,7,26,26161,21,4,2201210401,NaN,NaN,NaN,NaN,NaN,NaN,NaN,2015,1,91,1,204111.09054931568,204111.09054931568,15.18905933570157
2420,5,364.0998652152451,72.81997304304902,2020,8,7,26,26161,21,4,2201210401,NaN,NaN,NaN,NaN,NaN,NaN,NaN,2014,1,91,1,213459.93236447632,213459.93236447632,14.733007531214442
2421,5,370.3959424661204,74.07918849322408,2020,8,7,26,26161,21,4,2201210401,NaN,NaN,NaN,NaN,NaN,NaN,NaN,2013,1,91,1,219337.13881563026,219337.13881563026,15.40043257412951
2422,5,316.43263381169584,63.286526762339165,2020,8,7,26,26161,21,4,2201210401,NaN,NaN,NaN,NaN,NaN,NaN,NaN,2012,1,91,1,226799.18774338448,226799.18774338448,13.604334011874142
2423,5,231.92053549096389,46.38410709819278,2020,8,7,26,26161,21,4,2201210401,NaN,NaN,NaN,NaN,NaN,NaN,NaN,2011,1,91,1,247430.93154743573,247430.93154743573,10.877966587648924
2424,5,230.10402906651655,46.02080581330331,2020,8,7,26,26161,21,4,2201210401,NaN,NaN,NaN,NaN,NaN,NaN,NaN,2010,1,91,1,246533.96228619723,246533.96228619723,10.753640261864158
2425,5,205.50535743034038,41.10107148606808,2020,8,7,26,26161,21,4,2201210401,NaN,NaN,NaN,NaN,NaN,NaN,NaN,2009,1,91,1,243261.48273856725,243261.48273856725,9.476566684139454
2426,5,253.9388285109485,50.7877657021897,2020,8,7,26,26161,21,4,2201210401,NaN,NaN,NaN,NaN,NaN,NaN,NaN,2008,1,91,1,247975.4093824673,247975.4093824673,11.936919163829444
2427,5,268.1829985315532,53.63659970631064,2020,8,7,26,26161,21,4,2201210401,NaN,NaN,NaN,NaN,NaN,NaN,NaN,2007,1,91,1,252969.145929824,252969.145929824,12.86036580458462
2428,5,229.81669167512396,45.963338335024794,2020,8,7,26,26161,21,4,2201210401,NaN,NaN,NaN,NaN,NaN,NaN,NaN,2006,1,91,1,251320.3589805774,251320.3589805774,10.9487304798771
2429,5,203.39262514967626,40.67852502993525,2020,8,7,26,26161,21,4,2201210401,NaN,NaN,NaN,NaN,NaN,NaN,NaN,2005,1,91,1,251906.9066390769,251906.9066390769,9.712472492624562
2430,5,164.72170300101715,32.94434060020343,2020,8,7,26,26161,21,4,2201210401,NaN,NaN,NaN,NaN,NaN,NaN,NaN,2004,1,91,1,252365.8571659795,252365.8571659795,7.8801765426251995
2431,5,148.74713474802425,29.74942694960485,2020,8,7,26,26161,21,4,2201210401,NaN,NaN,NaN,NaN,NaN,NaN,NaN,2003,1,91,1,252135.04003918517,252135.04003918517,7.109455484852918
2432,5,118.52562992373574,23.70512598474715,2020,8,7,26,26161,21,4,2201210401,NaN,NaN,NaN,NaN,NaN,NaN,NaN,2002,1,91,1,251517.5318753453,251517.5318753453,5.651126902828293
2433,5,94.5116320580201,18.90232641160402,2020,8,7,26,26161,21,4,2201210401,NaN,NaN,NaN,NaN,NaN,NaN,NaN,2001,1,91,1,252276.5487490785,252276.5487490785,4.519773474038688
2434,5,83.62548218400153,16.725096436800307,2020,8,7,26,26161,21,4,2201210401,NaN,NaN,NaN,NaN,NaN,NaN,NaN,2000,1,91,1,245176.01087625307,245176.01087625307,3.8866115301524147
2435,5,60.874080684058114,12.174816136811623,2020,8,7,26,26161,21,4,2201210401,NaN,NaN,NaN,NaN,NaN,NaN,NaN,1999,1,91,1,245531.9495421404,245531.9495421404,2.833315600991822
2436,5,46.82985881634186,9.365971763268373,2020,8,7,26,26161,21,4,2201210401,NaN,NaN,NaN,NaN,NaN,NaN,NaN,1998,1,91,1,243412.89160479966,243412.89160479966,2.1608317337366283
2437,5,36.74778034358123,7.349556068716247,2020,8,7,26,26161,21,4,2201210401,NaN,NaN,NaN,NaN,NaN,NaN,NaN,1997,1,91,1,242633.99587394297,242633.99587394297,1.6901968481975316
2438,5,26.865139913300695,5.373027982660139,2020,8,7,26,26161,21,4,2201210401,NaN,NaN,NaN,NaN,NaN,NaN,NaN,1996,1,91,1,246193.35885715004,246193.35885715004,1.2537760381080816
2439,5,25.04660490806586,5.009320981613172,2020,8,7,26,26161,21,4,2201210401,NaN,NaN,NaN,NaN,NaN,NaN,NaN,1995,1,91,1,243250.31164883616,243250.31164883616,1.1549330134322342
2440,5,18.41216437802274,3.6824328756045484,2020,8,7,26,26161,21,4,2201210401,NaN,NaN,NaN,NaN,NaN,NaN,NaN,1994,1,91,1,245183.6129474208,245183.6129474208,0.8557576872249928
2441,5,15.146433442304176,3.029286688460835,2020,8,7,26,26161,21,4,2201210401,NaN,NaN,NaN,NaN,NaN,NaN,NaN,1993,1,91,1,241757.13013380032,241757.13013380032,0.6941354066214075
2442,5,12.785088718582324,2.557017743716465,2020,8,7,26,26161,21,4,2201210401,NaN,NaN,NaN,NaN,NaN,NaN,NaN,1992,1,91,1,245343.88360079002,245343.88360079002,0.594611777138564
2443,5,12.603265015943999,2.5206530031887997,2020,8,7,26,26161,21,4,2201210401,NaN,NaN,NaN,NaN,NaN,NaN,NaN,1991,1,91,1,238570.76871926247,238570.76871926247,0.5699737091136776
2444,5,10.501237834887378,2.1002475669774756,2020,8,7,26,26161,21,4,2201210401,NaN,NaN,NaN,NaN,NaN,NaN,NaN,1990,1,91,1,250595.40133758463,250595.40133758463,0.4988478638477886
2445,5,10.217773915995503,2.0435547831991006,2020,8,7,26,26161,21,4,2201210401,NaN,NaN,NaN,NaN,NaN,NaN,NaN,1989,1,91,1,249808.42584722955,249808.42584722955,0.48385796764279854
2446,5,9.15454189972411,1.830908379944822,2020,8,7,26,26161,21,4,2201210401,NaN,NaN,NaN,NaN,NaN,NaN,NaN,1988,1,91,1,247659.03872273266,247659.03872273266,0.42977913242940996
2447,5,9.00619255308734,1.801238510617468,2020,8,7,26,26161,21,4,2201210401,NaN,NaN,NaN,NaN,NaN,NaN,NaN,1987,1,91,1,244883.40261890052,244883.40261890052,0.418075872006598
2448,5,7.780739775004618,1.5561479550009236,2020,8,7,26,26161,21,4,2201210401,NaN,NaN,NaN,NaN,NaN,NaN,NaN,1986,1,91,1,248550.5790432846,248550.5790432846,0.36659808763924523
2449,5,5.992761098455286,1.1985522196910572,2020,8,7,26,26161,21,4,2201210401,NaN,NaN,NaN,NaN,NaN,NaN,NaN,1985,1,91,1,274630.1991640182,274630.1991640182,0.3119821753541505
2450,5,4.779871405562617,0.9559742811125235,2020,8,7,26,26161,21,4,2201210401,NaN,NaN,NaN,NaN,NaN,NaN,NaN,1984,1,91,1,274064.5144000546,274064.5144000546,0.2483267731425842
2451,5,3.5629958872973577,0.7125991774594715,2020,8,7,26,26161,21,4,2201210401,NaN,NaN,NaN,NaN,NaN,NaN,NaN,1983,1,91,1,270621.7765895322,270621.7765895322,0.1827816473044902
2452,5,2.6061493961116446,0.5212298792223289,2020,8,7,26,26161,21,4,2201210401,NaN,NaN,NaN,NaN,NaN,NaN,NaN,1982,1,91,1,256512.49808512066,256512.49808512066,0.12672501845250597
2453,5,1.8323500164585729,0.3664700032917146,2020,8,7,26,26161,21,4,2201210401,NaN,NaN,NaN,NaN,NaN,NaN,NaN,1981,1,91,1,314922.0051422512,314922.0051422512,0.10938706495183255
2454,5,23.19180710506584,4.638361421013168,2020,8,7,26,26161,21,4,2201210401,NaN,NaN,NaN,NaN,NaN,NaN,NaN,1980,1,91,1,333650.7858159108,333650.7858159108,1.4668350113195403
2455,5,310.4463445557139,62.08926891114278,2020,8,7,26,26161,21,4,2202210401,NaN,NaN,NaN,NaN,NaN,NaN,NaN,2019,2,91,1,14.27115131415233,14.27115131415233,0.0008398468286050176
2456,5,327.8141613006279,65.56283226012559,2020,8,7,26,26161,21,4,2202210401,NaN,NaN,NaN,NaN,NaN,NaN,NaN,2018,2,91,1,158.99004076811866,158.99004076811866,0.00987989107867241
2457,5,368.3242419642923,73.66484839285846,2020,8,7,26,26161,21,4,2202210401,NaN,NaN,NaN,NaN,NaN,NaN,NaN,2017,2,91,1,173.85217864252905,173.85217864252905,0.012138498426926997
2458,5,367.29985169622574,73.45997033924515,2020,8,7,26,26161,21,4,2202210401,NaN,NaN,NaN,NaN,NaN,NaN,NaN,2016,2,91,1,166.24384675851078,166.24384675851078,0.011574996217700138
2459,5,392.56334931271454,78.51266986254291,2020,8,7,26,26161,21,4,2202210401,NaN,NaN,NaN,NaN,NaN,NaN,NaN,2015,2,91,1,2067.739931963591,2067.739931963591,0.15387220965245002
2460,5,364.0998652152451,72.81997304304902,2020,8,7,26,26161,21,4,2202210401,NaN,NaN,NaN,NaN,NaN,NaN,NaN,2014,2,91,1,2818.3368142073477,2818.3368142073477,0.19452164651826664
2461,5,370.3959424661204,74.07918849322408,2020,8,7,26,26161,21,4,2202210401,NaN,NaN,NaN,NaN,NaN,NaN,NaN,2013,2,91,1,2924.8112468335366,2924.8112468335366,0.20536129285783178
2462,5,316.43263381169584,63.286526762339165,2020,8,7,26,26161,21,4,2202210401,NaN,NaN,NaN,NaN,NaN,NaN,NaN,2012,2,91,1,2813.2069727116564,2813.2069727116564,0.1687475501217664
2463,5,231.92053549096389,46.38410709819278,2020,8,7,26,26161,21,4,2202210401,NaN,NaN,NaN,NaN,NaN,NaN,NaN,2011,2,91,1,3310.5289998712005,3310.5289998712005,0.14554293443759594
2464,5,230.10402906651655,46.02080581330331,2020,8,7,26,26161,21,4,2202210401,NaN,NaN,NaN,NaN,NaN,NaN,NaN,2010,2,91,1,2970.066026042266,2970.066026042266,0.12955221788455054
2465,5,205.50535743034038,41.10107148606808,2020,8,7,26,26161,21,4,2202210401,NaN,NaN,NaN,NaN,NaN,NaN,NaN,2009,2,91,1,2147.308988680662,2147.308988680662,0.0836512077193639
2466,5,253.9388285109485,50.7877657021897,2020,8,7,26,26161,21,4,2202210401,NaN,NaN,NaN,NaN,NaN,NaN,NaN,2008,2,91,1,192.5745496795816,192.5745496795816,0.009270059633173256
2467,5,268.1829985315532,53.63659970631064,2020,8,7,26,26161,21,4,2202210401,NaN,NaN,NaN,NaN,NaN,NaN,NaN,2007,2,91,1,129.78519124350032,129.78519124350032,0.006597978695284864
2468,5,229.81669167512396,45.963338335024794,2020,8,7,26,26161,21,4,2202210401,NaN,NaN,NaN,NaN,NaN,NaN,NaN,2006,2,91,1,1923.1798161208849,1923.1798161208849,0.08378301525772709
2469,5,203.39262514967626,40.67852502993525,2020,8,7,26,26161,21,4,2202210401,NaN,NaN,NaN,NaN,NaN,NaN,NaN,2005,2,91,1,1359.1520297477189,1359.1520297477189,0.0524031948085214
2470,5,164.72170300101715,32.94434060020343,2020,8,7,26,26161,21,4,2202210401,NaN,NaN,NaN,NaN,NaN,NaN,NaN,2004,2,91,1,936.0322347896996,936.0322347896996,0.02922780182138354
2471,5,148.74713474802425,29.74942694960485,2020,8,7,26,26161,21,4,2202210401,NaN,NaN,NaN,NaN,NaN,NaN,NaN,2003,2,91,1,1151.4508631842614,1151.4508631842614,0.03246747716434705
2472,5,118.52562992373574,23.70512598474715,2020,8,7,26,26161,21,4,2202210401,NaN,NaN,NaN,NaN,NaN,NaN,NaN,2002,2,91,1,1283.2137137892532,1283.2137137892532,0.028831403862799605
2473,5,94.5116320580201,18.90232641160402,2020,8,7,26,26161,21,4,2202210401,NaN,NaN,NaN,NaN,NaN,NaN,NaN,2001,2,91,1,928.1642047371505,928.1642047371505,0.016628941425291758
2474,5,83.62548218400153,16.725096436800307,2020,8,7,26,26161,21,4,2202210401,NaN,NaN,NaN,NaN,NaN,NaN,NaN,2000,2,91,1,855.6013447959389,855.6013447959389,0.013563276602849296
2475,5,60.874080684058114,12.174816136811623,2020,8,7,26,26161,21,4,2202210401,NaN,NaN,NaN,NaN,NaN,NaN,NaN,1999,2,91,1,520.237586356649,520.237586356649,0.006003280926964021
2476,5,46.82985881634186,9.365971763268373,2020,8,7,26,26161,21,4,2202210401,NaN,NaN,NaN,NaN,NaN,NaN,NaN,1998,2,91,1,611.272803815805,611.272803815805,0.005426408041690224
2477,5,36.74778034358123,7.349556068716247,2020,8,7,26,26161,21,4,2202210401,NaN,NaN,NaN,NaN,NaN,NaN,NaN,1997,2,91,1,251.2723745653093,251.2723745653093,0.0017503720943953876
2478,5,26.865139913300695,5.373027982660139,2020,8,7,26,26161,21,4,2202210401,NaN,NaN,NaN,NaN,NaN,NaN,NaN,1996,2,91,1,344.27169863857245,344.27169863857245,0.0017532544677708432
2479,5,25.04660490806586,5.009320981613172,2020,8,7,26,26161,21,4,2202210401,NaN,NaN,NaN,NaN,NaN,NaN,NaN,1995,2,91,1,261.0346089251732,261.0346089251732,0.0012393714336994455
2480,5,18.41216437802274,3.6824328756045484,2020,8,7,26,26161,21,4,2202210401,NaN,NaN,NaN,NaN,NaN,NaN,NaN,1994,2,91,1,41.56689308191441,41.56689308191441,0.00014507979493937797
2481,5,15.146433442304176,3.029286688460835,2020,8,7,26,26161,21,4,2202210401,NaN,NaN,NaN,NaN,NaN,NaN,NaN,1993,2,91,1,191.55116258929615,191.55116258929615,0.0005499835477825885
2482,5,12.785088718582324,2.557017743716465,2020,8,7,26,26161,21,4,2202210401,NaN,NaN,NaN,NaN,NaN,NaN,NaN,1992,2,91,1,322.6923651631886,322.6923651631886,0.0007820724034471594
2483,5,12.603265015943999,2.5206530031887997,2020,8,7,26,26161,21,4,2202210401,NaN,NaN,NaN,NaN,NaN,NaN,NaN,1991,2,91,1,781.8313409942816,781.8313409942816,0.0018678873011983177
2484,5,10.501237834887378,2.1002475669774756,2020,8,7,26,26161,21,4,2202210401,NaN,NaN,NaN,NaN,NaN,NaN,NaN,1990,2,91,1,294.65142659371156,294.65142659371156,0.0005865480130577772
2485,5,10.217773915995503,2.0435547831991006,2020,8,7,26,26161,21,4,2202210401,NaN,NaN,NaN,NaN,NaN,NaN,NaN,1989,2,91,1,252.17274388091266,252.17274388091266,0.000488437453361742
2486,5,9.15454189972411,1.830908379944822,2020,8,7,26,26161,21,4,2202210401,NaN,NaN,NaN,NaN,NaN,NaN,NaN,1988,2,91,1,71.99632424851681,71.99632424851681,0.00012493998980701783
2487,5,9.00619255308734,1.801238510617468,2020,8,7,26,26161,21,4,2202210401,NaN,NaN,NaN,NaN,NaN,NaN,NaN,1987,2,91,1,3535.4015659976944,3535.4015659976944,0.006035795308260301
2488,5,7.780739775004618,1.5561479550009236,2020,8,7,26,26161,21,4,2202210401,NaN,NaN,NaN,NaN,NaN,NaN,NaN,1986,2,91,1,2459.6768784108726,2459.6768784108726,0.0036278846877233085
2489,5,5.992761098455286,1.1985522196910572,2020,8,7,26,26161,21,4,2202210401,NaN,NaN,NaN,NaN,NaN,NaN,NaN,1985,2,91,1,4827.660269783985,4827.660269783985,0.005484261954521958
2490,5,4.779871405562617,0.9559742811125235,2020,8,7,26,26161,21,4,2202210401,NaN,NaN,NaN,NaN,NaN,NaN,NaN,1984,2,91,1,6750.113366547039,6750.113366547039,0.006116201779462908
2491,5,3.5629958872973577,0.7125991774594715,2020,8,7,26,26161,21,4,2202210401,NaN,NaN,NaN,NaN,NaN,NaN,NaN,1983,2,91,1,13188.97196813239,13188.97196813239,0.00890801196033989
2492,5,2.6061493961116446,0.5212298792223289,2020,8,7,26,26161,21,4,2202210401,NaN,NaN,NaN,NaN,NaN,NaN,NaN,1982,2,91,1,20354.88923622591,20354.88923622591,0.010055937754750163
2493,5,1.8323500164585729,0.3664700032917146,2020,8,7,26,26161,21,4,2202210401,NaN,NaN,NaN,NaN,NaN,NaN,NaN,1981,2,91,1,16836.716891555163,16836.716891555163,0.005848175148510981
2494,5,23.19180710506584,4.638361421013168,2020,8,7,26,26161,21,4,2202210401,NaN,NaN,NaN,NaN,NaN,NaN,NaN,1980,2,91,1,11470.224313494939,11470.224313494939,0.05042675553596939
2495,5,260.05730384453915,52.01146076890783,2020,8,7,26,26161,21,4,2205210401,NaN,NaN,NaN,NaN,NaN,NaN,NaN,2020,5,91,1,58.91847702014177,58.91847702014177,0.0029045248276388966
2496,5,310.4463445557139,62.08926891114278,2020,8,7,26,26161,21,4,2205210401,NaN,NaN,NaN,NaN,NaN,NaN,NaN,2019,5,91,1,94.95540985887223,94.95540985887223,0.005588056497570693
2497,5,327.8141613006279,65.56283226012559,2020,8,7,26,26161,21,4,2205210401,NaN,NaN,NaN,NaN,NaN,NaN,NaN,2018,5,91,1,80.44910339666353,80.44910339666353,0.004999233757635922
2498,5,368.3242419642923,73.66484839285846,2020,8,7,26,26161,21,4,2205210401,NaN,NaN,NaN,NaN,NaN,NaN,NaN,2017,5,91,1,54.22373909282796,54.22373909282796,0.0037859449149254404
2499,5,367.29985169622574,73.45997033924515,2020,8,7,26,26161,21,4,2205210401,NaN,NaN,NaN,NaN,NaN,NaN,NaN,2016,5,91,1,106.87312168398331,106.87312168398331,0.007441213635190278
2500,5,392.56334931271454,78.51266986254291,2020,8,7,26,26161,21,4,2205210401,NaN,NaN,NaN,NaN,NaN,NaN,NaN,2015,5,91,1,118.5429018223025,118.5429018223025,0.00882144701083826
2501,5,364.0998652152451,72.81997304304902,2020,8,7,26,26161,21,4,2205210401,NaN,NaN,NaN,NaN,NaN,NaN,NaN,2014,5,91,1,159.38479210813884,159.38479210813884,0.01100074059088873
2502,5,370.3959424661204,74.07918849322408,2020,8,7,26,26161,21,4,2205210401,NaN,NaN,NaN,NaN,NaN,NaN,NaN,2013,5,91,1,183.9292928338231,183.9292928338231,0.012914323073556755
2503,5,316.43263381169584,63.286526762339165,2020,8,7,26,26161,21,4,2205210401,NaN,NaN,NaN,NaN,NaN,NaN,NaN,2012,5,91,1,196.08559358136992,196.08559358136992,0.011762008217665553
2504,5,231.92053549096389,46.38410709819278,2020,8,7,26,26161,21,4,2205210401,NaN,NaN,NaN,NaN,NaN,NaN,NaN,2011,5,91,1,381.56235508965693,381.56235508965693,0.016774873391179848
2505,5,230.10402906651655,46.02080581330331,2020,8,7,26,26161,21,4,2205210401,NaN,NaN,NaN,NaN,NaN,NaN,NaN,2010,5,91,1,239.2312427145727,239.2312427145727,0.01043510070456227
2506,5,205.50535743034038,41.10107148606808,2020,8,7,26,26161,21,4,2205210401,NaN,NaN,NaN,NaN,NaN,NaN,NaN,2009,5,91,1,199.71358882659598,199.71358882659598,0.007780101974787428
2507,5,253.9388285109485,50.7877657021897,2020,8,7,26,26161,21,4,2205210401,NaN,NaN,NaN,NaN,NaN,NaN,NaN,2008,5,91,1,228.40027515793633,228.40027515793633,0.010994620911590492
2508,5,268.1829985315532,53.63659970631064,2020,8,7,26,26161,21,4,2205210401,NaN,NaN,NaN,NaN,NaN,NaN,NaN,2007,5,91,1,137.0476018683239,137.0476018683239,0.006967182840379471
2509,5,229.81669167512396,45.963338335024794,2020,8,7,26,26161,21,4,2205210401,NaN,NaN,NaN,NaN,NaN,NaN,NaN,2006,5,91,1,160.78465523824514,160.78465523824514,0.007004557301462204
2510,5,203.39262514967626,40.67852502993525,2020,8,7,26,26161,21,4,2205210401,NaN,NaN,NaN,NaN,NaN,NaN,NaN,2005,5,91,1,62.780875305646354,62.780875305646354,0.0024205669173756376
2511,5,164.72170300101715,32.94434060020343,2020,8,7,26,26161,21,4,2205210401,NaN,NaN,NaN,NaN,NaN,NaN,NaN,2004,5,91,1,43.07007332830338,43.07007332830338,0.0013448720256465688
2512,5,148.74713474802425,29.74942694960485,2020,8,7,26,26161,21,4,2205210401,NaN,NaN,NaN,NaN,NaN,NaN,NaN,2003,5,91,1,64.29179558922188,64.29179558922188,0.00181283671921126
2513,5,118.52562992373574,23.70512598474715,2020,8,7,26,26161,21,4,2205210401,NaN,NaN,NaN,NaN,NaN,NaN,NaN,2002,5,91,1,35.814071782525026,35.814071782525026,0.0008046749784836364
2514,5,94.5116320580201,18.90232641160402,2020,8,7,26,26161,21,4,2205210401,NaN,NaN,NaN,NaN,NaN,NaN,NaN,2001,5,91,1,42.530277306992076,42.530277306992076,0.0007619702273906049
2515,5,83.62548218400153,16.725096436800307,2020,8,7,26,26161,21,4,2205210401,NaN,NaN,NaN,NaN,NaN,NaN,NaN,2000,5,91,1,54.84007775270962,54.84007775270962,0.0008693431210760447
2516,5,60.874080684058114,12.174816136811623,2020,8,7,26,26161,21,4,2205210401,NaN,NaN,NaN,NaN,NaN,NaN,NaN,1999,5,91,1,74.49046867687527,74.49046867687527,0.0008595826629526281
2517,5,46.82985881634186,9.365971763268373,2020,8,7,26,26161,21,4,2205210401,NaN,NaN,NaN,NaN,NaN,NaN,NaN,1998,5,91,1,39.31315371508481,39.31315371508481,0.0003489918284145072
2518,5,260.05730384453915,52.01146076890783,2020,8,7,26,26161,21,4,2209210401,NaN,NaN,NaN,NaN,NaN,NaN,NaN,2020,9,91,1,2512.2117826650597,2857.1837533809644,0.14085158966319683
2519,5,310.4463445557139,62.08926891114278,2020,8,7,26,26161,21,4,2209210401,NaN,NaN,NaN,NaN,NaN,NaN,NaN,2019,9,91,1,1949.464006145678,2217.1605613009006,0.1304782792170461
2520,5,327.8141613006279,65.56283226012559,2020,8,7,26,26161,21,4,2209210401,NaN,NaN,NaN,NaN,NaN,NaN,NaN,2018,9,91,1,2217.5617204131904,2522.072925301956,0.15672557648308147
2521,5,368.3242419642923,73.66484839285846,2020,8,7,26,26161,21,4,2209210401,NaN,NaN,NaN,NaN,NaN,NaN,NaN,2017,9,91,1,786.9557838479054,895.0190010868187,0.06249094386732315
2522,5,367.29985169622574,73.45997033924515,2020,8,7,26,26161,21,4,2209210401,NaN,NaN,NaN,NaN,NaN,NaN,NaN,2016,9,91,1,517.5818325526095,619.1886919823039,0.04311201230893646
2523,5,392.56334931271454,78.51266986254291,2020,8,7,26,26161,21,4,2209210401,NaN,NaN,NaN,NaN,NaN,NaN,NaN,2015,9,91,1,511.7075592534801,612.1612358938702,0.04555437585475961
2524,5,364.0998652152451,72.81997304304902,2020,8,7,26,26161,21,4,2209210401,NaN,NaN,NaN,NaN,NaN,NaN,NaN,2014,9,91,1,312.0529565517735,385.584857030653,0.02661307225027608
2525,5,370.3959424661204,74.07918849322408,2020,8,7,26,26161,21,4,2209210401,NaN,NaN,NaN,NaN,NaN,NaN,NaN,2013,9,91,1,373.13389152912623,461.05885298567495,0.03237256497669507
2526,5,316.43263381169584,63.286526762339165,2020,8,7,26,26161,21,4,2209210401,NaN,NaN,NaN,NaN,NaN,NaN,NaN,2012,9,91,1,140.94116617575477,179.695424679861,0.010778859492726332
2527,5,231.92053549096389,46.38410709819278,2020,8,7,26,26161,21,4,2209210401,NaN,NaN,NaN,NaN,NaN,NaN,NaN,2011,9,91,1,114.96502651451819,146.57668744628006,0.006444046015577546
2528,5,230.10402906651655,46.02080581330331,2020,8,7,26,26161,21,4,2209210401,NaN,NaN,NaN,NaN,NaN,NaN,NaN,2010,9,91,1,12.539682791955936,16.35756443192688,0.0007135056031631157
2529,5,205.50535743034038,41.10107148606808,2020,8,7,26,26161,21,4,2209210401,NaN,NaN,NaN,NaN,NaN,NaN,NaN,2009,9,91,1,11.163410056082133,14.562266231289659,0.0005672919751184666
2530,5,253.9388285109485,50.7877657021897,2020,8,7,26,26161,21,4,2209210401,NaN,NaN,NaN,NaN,NaN,NaN,NaN,2008,9,91,1,20.275622568597168,26.448819165985196,0.0012731803413465017
2531,5,268.1829985315532,53.63659970631064,2020,8,7,26,26161,21,4,2209210401,NaN,NaN,NaN,NaN,NaN,NaN,NaN,2007,9,91,1,10.898120220868291,14.216205198914146,0.0007227189645562194
2532,5,229.81669167512396,45.963338335024794,2020,8,7,26,26161,21,4,2209210401,NaN,NaN,NaN,NaN,NaN,NaN,NaN,2006,9,91,1,7.252674786074628,9.460852964568684,0.0004121605175122879
2533,5,203.39262514967626,40.67852502993525,2020,8,7,26,26161,21,4,2209210401,NaN,NaN,NaN,NaN,NaN,NaN,NaN,2005,9,91,1,13.807355721380162,18.011198097602072,0.0006944361645979403
2534,5,164.72170300101715,32.94434060020343,2020,8,7,26,26161,21,4,2209210401,NaN,NaN,NaN,NaN,NaN,NaN,NaN,2004,9,91,1,1.2692705468555276,1.65571770005658,0.000051700130626679994
2535,5,148.74713474802425,29.74942694960485,2020,8,7,26,26161,21,4,2209210401,NaN,NaN,NaN,NaN,NaN,NaN,NaN,2003,9,91,1,4.28614592689489,5.59112294362019,0.0001576529770389308
2536,5,118.52562992373574,23.70512598474715,2020,8,7,26,26161,21,4,2209210401,NaN,NaN,NaN,NaN,NaN,NaN,NaN,2002,9,91,1,130.3726312963274,170.06640055979304,0.003821072846512082
2537,5,94.5116320580201,18.90232641160402,2020,8,7,26,26161,21,4,2209210401,NaN,NaN,NaN,NaN,NaN,NaN,NaN,2001,9,91,1,24.554815029044573,32.03087156313886,0.0005738634223405753
2538,5,83.62548218400153,16.725096436800307,2020,8,7,26,26161,21,4,2209210401,NaN,NaN,NaN,NaN,NaN,NaN,NaN,2000,9,91,1,19.16145282648054,24.995424877856372,0.00039623577438972215
2539,5,260.05730384453915,52.01146076890783,2020,8,7,26,26161,21,4,2201210401,NaN,NaN,NaN,NaN,NaN,NaN,NaN,2020,1,98,1,0,0,668600.2510679265
2540,5,310.4463445557139,62.08926891114278,2020,8,7,26,26161,21,4,2201210401,NaN,NaN,NaN,NaN,NaN,NaN,NaN,2019,1,98,1,0,0,816712.773349296
2541,5,327.8141613006279,65.56283226012559,2020,8,7,26,26161,21,4,2201210401,NaN,NaN,NaN,NaN,NaN,NaN,NaN,2018,1,98,1,0,0,864166.9870961892
2542,5,368.3242419642923,73.66484839285846,2020,8,7,26,26161,21,4,2201210401,NaN,NaN,NaN,NaN,NaN,NaN,NaN,2017,1,98,1,0,0,1021330.7029086548
2543,5,367.29985169622574,73.45997033924515,2020,8,7,26,26161,21,4,2201210401,NaN,NaN,NaN,NaN,NaN,NaN,NaN,2016,1,98,1,0,0,1037716.8344987854
2544,5,392.56334931271454,78.51266986254291,2020,8,7,26,26161,21,4,2201210401,NaN,NaN,NaN,NaN,NaN,NaN,NaN,2015,1,98,1,0,0,1166036.151876697
2545,5,364.0998652152451,72.81997304304902,2020,8,7,26,26161,21,4,2201210401,NaN,NaN,NaN,NaN,NaN,NaN,NaN,2014,1,98,1,0,0,1131042.7774955977
2546,5,370.3959424661204,74.07918849322408,2020,8,7,26,26161,21,4,2201210401,NaN,NaN,NaN,NaN,NaN,NaN,NaN,2013,1,98,1,0,0,1182239.6280448237
2547,5,316.43263381169584,63.286526762339165,2020,8,7,26,26161,21,4,2201210401,NaN,NaN,NaN,NaN,NaN,NaN,NaN,2012,1,98,1,0,0,1044371.6964124498
2548,5,231.92053549096389,46.38410709819278,2020,8,7,26,26161,21,4,2201210401,NaN,NaN,NaN,NaN,NaN,NaN,NaN,2011,1,98,1,0,0,834991.1584860386
2549,5,230.10402906651655,46.02080581330331,2020,8,7,26,26161,21,4,2201210401,NaN,NaN,NaN,NaN,NaN,NaN,NaN,2010,1,98,1,0,0,825484.3362076152
2550,5,205.50535743034038,41.10107148606808,2020,8,7,26,26161,21,4,2201210401,NaN,NaN,NaN,NaN,NaN,NaN,NaN,2009,1,98,1,0,0,727475.3268452445
2551,5,253.9388285109485,50.7877657021897,2020,8,7,26,26161,21,4,2201210401,NaN,NaN,NaN,NaN,NaN,NaN,NaN,2008,1,98,1,0,0,916365.8455560602
2552,5,268.1829985315532,53.63659970631064,2020,8,7,26,26161,21,4,2201210401,NaN,NaN,NaN,NaN,NaN,NaN,NaN,2007,1,98,1,0,0,987241.7027643763
2553,5,229.81669167512396,45.963338335024794,2020,8,7,26,26161,21,4,2201210401,NaN,NaN,NaN,NaN,NaN,NaN,NaN,2006,1,98,1,0,0,840531.6235302852
2554,5,203.39262514967626,40.67852502993525,2020,8,7,26,26161,21,4,2201210401,NaN,NaN,NaN,NaN,NaN,NaN,NaN,2005,1,98,1,0,0,745653.0884820499
2555,5,164.72170300101715,32.94434060020343,2020,8,7,26,26161,21,4,2201210401,NaN,NaN,NaN,NaN,NaN,NaN,NaN,2004,1,98,1,0,0,605017.6926831723
2556,5,148.74713474802425,29.74942694960485,2020,8,7,26,26161,21,4,2201210401,NaN,NaN,NaN,NaN,NaN,NaN,NaN,2003,1,98,1,0,0,545856.5834522271
2557,5,118.52562992373574,23.70512598474715,2020,8,7,26,26161,21,4,2201210401,NaN,NaN,NaN,NaN,NaN,NaN,NaN,2002,1,98,1,0,0,433989.3352737863
2558,5,94.5116320580201,18.90232641160402,2020,8,7,26,26161,21,4,2201210401,NaN,NaN,NaN,NaN,NaN,NaN,NaN,2001,1,98,1,0,0,347199.1648993302
2559,5,83.62548218400153,16.725096436800307,2020,8,7,26,26161,21,4,2201210401,NaN,NaN,NaN,NaN,NaN,NaN,NaN,2000,1,98,1,0,0,298950.5830115468
2560,5,60.874080684058114,12.174816136811623,2020,8,7,26,26161,21,4,2201210401,NaN,NaN,NaN,NaN,NaN,NaN,NaN,1999,1,98,1,0,0,218228.74084988536
2561,5,46.82985881634186,9.365971763268373,2020,8,7,26,26161,21,4,2201210401,NaN,NaN,NaN,NaN,NaN,NaN,NaN,1998,1,98,1,0,0,166657.65920112003
2562,5,36.74778034358123,7.349556068716247,2020,8,7,26,26161,21,4,2201210401,NaN,NaN,NaN,NaN,NaN,NaN,NaN,1997,1,98,1,0,0,130522.28511486972
2563,5,26.865139913300695,5.373027982660139,2020,8,7,26,26161,21,4,2201210401,NaN,NaN,NaN,NaN,NaN,NaN,NaN,1996,1,98,1,0,0,96853.79241939729
2564,5,25.04660490806586,5.009320981613172,2020,8,7,26,26161,21,4,2201210401,NaN,NaN,NaN,NaN,NaN,NaN,NaN,1995,1,98,1,0,0,89466.0907234765
2565,5,18.41216437802274,3.6824328756045484,2020,8,7,26,26161,21,4,2201210401,NaN,NaN,NaN,NaN,NaN,NaN,NaN,1994,1,98,1,0,0,66503.31550199079
2566,5,15.146433442304176,3.029286688460835,2020,8,7,26,26161,21,4,2201210401,NaN,NaN,NaN,NaN,NaN,NaN,NaN,1993,1,98,1,0,0,54221.47324212413
2567,5,12.785088718582324,2.557017743716465,2020,8,7,26,26161,21,4,2201210401,NaN,NaN,NaN,NaN,NaN,NaN,NaN,1992,1,98,1,0,0,46434.40519377035
2568,5,12.603265015943999,2.5206530031887997,2020,8,7,26,26161,21,4,2201210401,NaN,NaN,NaN,NaN,NaN,NaN,NaN,1991,1,98,1,0,0,44531.928981564495
2569,5,10.501237834887378,2.1002475669774756,2020,8,7,26,26161,21,4,2201210401,NaN,NaN,NaN,NaN,NaN,NaN,NaN,1990,1,98,1,0,0,39010.503138278385
2570,5,10.217773915995503,2.0435547831991006,2020,8,7,26,26161,21,4,2201210401,NaN,NaN,NaN,NaN,NaN,NaN,NaN,1989,1,98,1,0,0,37813.83793027141
2571,5,9.15454189972411,1.830908379944822,2020,8,7,26,26161,21,4,2201210401,NaN,NaN,NaN,NaN,NaN,NaN,NaN,1988,1,98,1,0,0,33593.46243139299
2572,5,9.00619255308734,1.801238510617468,2020,8,7,26,26161,21,4,2201210401,NaN,NaN,NaN,NaN,NaN,NaN,NaN,1987,1,98,1,0,0,32677.862439505512
2573,5,7.780739775004618,1.5561479550009236,2020,8,7,26,26161,21,4,2201210401,NaN,NaN,NaN,NaN,NaN,NaN,NaN,1986,1,98,1,0,0,28648.29527310582
2574,5,5.992761098455286,1.1985522196910572,2020,8,7,26,26161,21,4,2201210401,NaN,NaN,NaN,NaN,NaN,NaN,NaN,1985,1,98,1,0,0,24386.462073362294
2575,5,4.779871405562617,0.9559742811125235,2020,8,7,26,26161,21,4,2201210401,NaN,NaN,NaN,NaN,NaN,NaN,NaN,1984,1,98,1,0,0,19407.451500508312
2576,5,3.5629958872973577,0.7125991774594715,2020,8,7,26,26161,21,4,2201210401,NaN,NaN,NaN,NaN,NaN,NaN,NaN,1983,1,98,1,0,0,14278.042235697912
2577,5,2.6061493961116446,0.5212298792223289,2020,8,7,26,26161,21,4,2201210401,NaN,NaN,NaN,NaN,NaN,NaN,NaN,1982,1,98,1,0,0,9942.847146902568
2578,5,1.8323500164585729,0.3664700032917146,2020,8,7,26,26161,21,4,2201210401,NaN,NaN,NaN,NaN,NaN,NaN,NaN,1981,1,98,1,0,0,8551.647214373768
2579,5,23.19180710506584,4.638361421013168,2020,8,7,26,26161,21,4,2201210401,NaN,NaN,NaN,NaN,NaN,NaN,NaN,1980,1,98,1,0,0,114513.26446494434
2580,5,310.4463445557139,62.08926891114278,2020,8,7,26,26161,21,4,2202210401,NaN,NaN,NaN,NaN,NaN,NaN,NaN,2019,2,98,1,0,0,65.74460760892309
2581,5,327.8141613006279,65.56283226012559,2020,8,7,26,26161,21,4,2202210401,NaN,NaN,NaN,NaN,NaN,NaN,NaN,2018,2,98,1,0,0,773.4365512869344
2582,5,368.3242419642923,73.66484839285846,2020,8,7,26,26161,21,4,2202210401,NaN,NaN,NaN,NaN,NaN,NaN,NaN,2017,2,98,1,0,0,950.2569601114866
2583,5,367.29985169622574,73.45997033924515,2020,8,7,26,26161,21,4,2202210401,NaN,NaN,NaN,NaN,NaN,NaN,NaN,2016,2,98,1,0,0,906.5964286783881
2584,5,392.56334931271454,78.51266986254291,2020,8,7,26,26161,21,4,2202210401,NaN,NaN,NaN,NaN,NaN,NaN,NaN,2015,2,98,1,0,0,12050.933113492807
2585,5,364.0998652152451,72.81997304304902,2020,8,7,26,26161,21,4,2202210401,NaN,NaN,NaN,NaN,NaN,NaN,NaN,2014,2,98,1,0,0,15235.536187574862
2586,5,370.3959424661204,74.07918849322408,2020,8,7,26,26161,21,4,2202210401,NaN,NaN,NaN,NaN,NaN,NaN,NaN,2013,2,98,1,0,0,16083.94869938568
2587,5,316.43263381169584,63.286526762339165,2020,8,7,26,26161,21,4,2202210401,NaN,NaN,NaN,NaN,NaN,NaN,NaN,2012,2,98,1,0,0,13216.958131255857
2588,5,231.92053549096389,46.38410709819278,2020,8,7,26,26161,21,4,2202210401,NaN,NaN,NaN,NaN,NaN,NaN,NaN,2011,2,98,1,0,0,11396.420675650279
2589,5,230.10402906651655,46.02080581330331,2020,8,7,26,26161,21,4,2202210401,NaN,NaN,NaN,NaN,NaN,NaN,NaN,2010,2,98,1,0,0,10146.825310043243
2590,5,205.50535743034038,41.10107148606808,2020,8,7,26,26161,21,4,2202210401,NaN,NaN,NaN,NaN,NaN,NaN,NaN,2009,2,98,1,0,0,6555.998480589524
2591,5,253.9388285109485,50.7877657021897,2020,8,7,26,26161,21,4,2202210401,NaN,NaN,NaN,NaN,NaN,NaN,NaN,2008,2,98,1,0,0,726.5683366784268
2592,5,268.1829985315532,53.63659970631064,2020,8,7,26,26161,21,4,2202210401,NaN,NaN,NaN,NaN,NaN,NaN,NaN,2007,2,98,1,0,0,517.1535099233976
2593,5,229.81669167512396,45.963338335024794,2020,8,7,26,26161,21,4,2202210401,NaN,NaN,NaN,NaN,NaN,NaN,NaN,2006,2,98,1,0,0,6555.087007213098
2594,5,203.39262514967626,40.67852502993525,2020,8,7,26,26161,21,4,2202210401,NaN,NaN,NaN,NaN,NaN,NaN,NaN,2005,2,98,1,0,0,4099.965850705221
2595,5,164.72170300101715,32.94434060020343,2020,8,7,26,26161,21,4,2202210401,NaN,NaN,NaN,NaN,NaN,NaN,NaN,2004,2,98,1,0,0,2286.749687623359
2596,5,148.74713474802425,29.74942694960485,2020,8,7,26,26161,21,4,2202210401,NaN,NaN,NaN,NaN,NaN,NaN,NaN,2003,2,98,1,0,0,2540.2181702617927
2597,5,118.52562992373574,23.70512598474715,2020,8,7,26,26161,21,4,2202210401,NaN,NaN,NaN,NaN,NaN,NaN,NaN,2002,2,98,1,0,0,2255.735966047378
2598,5,94.5116320580201,18.90232641160402,2020,8,7,26,26161,21,4,2202210401,NaN,NaN,NaN,NaN,NaN,NaN,NaN,2001,2,98,1,0,0,1301.0293022437443
2599,5,83.62548218400153,16.725096436800307,2020,8,7,26,26161,21,4,2202210401,NaN,NaN,NaN,NaN,NaN,NaN,NaN,2000,2,98,1,0,0,1061.1752031253736
2600,5,60.874080684058114,12.174816136811623,2020,8,7,26,26161,21,4,2202210401,NaN,NaN,NaN,NaN,NaN,NaN,NaN,1999,2,98,1,0,0,469.68981342984944
2601,5,46.82985881634186,9.365971763268373,2020,8,7,26,26161,21,4,2202210401,NaN,NaN,NaN,NaN,NaN,NaN,NaN,1998,2,98,1,0,0,424.55594061040523
2602,5,36.74778034358123,7.349556068716247,2020,8,7,26,26161,21,4,2202210401,NaN,NaN,NaN,NaN,NaN,NaN,NaN,1997,2,98,1,0,0,136.94710483341527
2603,5,26.865139913300695,5.373027982660139,2020,8,7,26,26161,21,4,2202210401,NaN,NaN,NaN,NaN,NaN,NaN,NaN,1996,2,98,1,0,0,137.17261841997296
2604,5,25.04660490806586,5.009320981613172,2020,8,7,26,26161,21,4,2202210401,NaN,NaN,NaN,NaN,NaN,NaN,NaN,1995,2,98,1,0,0,96.96699930365699
2605,5,18.41216437802274,3.6824328756045484,2020,8,7,26,26161,21,4,2202210401,NaN,NaN,NaN,NaN,NaN,NaN,NaN,1994,2,98,1,0,0,11.350876736661109
2606,5,15.146433442304176,3.029286688460835,2020,8,7,26,26161,21,4,2202210401,NaN,NaN,NaN,NaN,NaN,NaN,NaN,1993,2,98,1,0,0,43.03008189858759
2607,5,12.785088718582324,2.557017743716465,2020,8,7,26,26161,21,4,2202210401,NaN,NaN,NaN,NaN,NaN,NaN,NaN,1992,2,98,1,0,0,61.18844773927597
2608,5,12.603265015943999,2.5206530031887997,2020,8,7,26,26161,21,4,2202210401,NaN,NaN,NaN,NaN,NaN,NaN,NaN,1991,2,98,1,0,0,146.14135981330875
2609,5,10.501237834887378,2.1002475669774756,2020,8,7,26,26161,21,4,2202210401,NaN,NaN,NaN,NaN,NaN,NaN,NaN,1990,2,98,1,0,0,45.8908437190328
2610,5,10.217773915995503,2.0435547831991006,2020,8,7,26,26161,21,4,2202210401,NaN,NaN,NaN,NaN,NaN,NaN,NaN,1989,2,98,1,0,0,38.21478606993104
2611,5,9.15454189972411,1.830908379944822,2020,8,7,26,26161,21,4,2202210401,NaN,NaN,NaN,NaN,NaN,NaN,NaN,1988,2,98,1,0,0,9.775161485248477
2612,5,9.00619255308734,1.801238510617468,2020,8,7,26,26161,21,4,2202210401,NaN,NaN,NaN,NaN,NaN,NaN,NaN,1987,2,98,1,0,0,472.23370132559046
2613,5,7.780739775004618,1.5561479550009236,2020,8,7,26,26161,21,4,2202210401,NaN,NaN,NaN,NaN,NaN,NaN,NaN,1986,2,98,1,0,0,283.8415364618802
2614,5,5.992761098455286,1.1985522196910572,2020,8,7,26,26161,21,4,2202210401,NaN,NaN,NaN,NaN,NaN,NaN,NaN,1985,2,98,1,0,0,429.16966189333453
2615,5,4.779871405562617,0.9559742811125235,2020,8,7,26,26161,21,4,2202210401,NaN,NaN,NaN,NaN,NaN,NaN,NaN,1984,2,98,1,0,0,478.6098704946838
2616,5,3.5629958872973577,0.7125991774594715,2020,8,7,26,26161,21,4,2202210401,NaN,NaN,NaN,NaN,NaN,NaN,NaN,1983,2,98,1,0,0,697.0470830694142
2617,5,2.6061493961116446,0.5212298792223289,2020,8,7,26,26161,21,4,2202210401,NaN,NaN,NaN,NaN,NaN,NaN,NaN,1982,2,98,1,0,0,786.8919887499964
2618,5,1.8323500164585729,0.3664700032917146,2020,8,7,26,26161,21,4,2202210401,NaN,NaN,NaN,NaN,NaN,NaN,NaN,1981,2,98,1,0,0,457.60503611941215
2619,5,23.19180710506584,4.638361421013168,2020,8,7,26,26161,21,4,2202210401,NaN,NaN,NaN,NaN,NaN,NaN,NaN,1980,2,98,1,0,0,3945.633479869105
2620,5,260.05730384453915,52.01146076890783,2020,8,7,26,26161,21,4,2205210401,NaN,NaN,NaN,NaN,NaN,NaN,NaN,2020,5,98,1,0,0,218.3619670959496
2621,5,310.4463445557139,62.08926891114278,2020,8,7,26,26161,21,4,2205210401,NaN,NaN,NaN,NaN,NaN,NaN,NaN,2019,5,98,1,0,0,420.12965387517477
2622,5,327.8141613006279,65.56283226012559,2020,8,7,26,26161,21,4,2205210401,NaN,NaN,NaN,NaN,NaN,NaN,NaN,2018,5,98,1,0,0,375.88446522758653
2623,5,368.3242419642923,73.66484839285846,2020,8,7,26,26161,21,4,2205210401,NaN,NaN,NaN,NaN,NaN,NaN,NaN,2017,5,98,1,0,0,284.66425842239676
2624,5,367.29985169622574,73.45997033924515,2020,8,7,26,26161,21,4,2205210401,NaN,NaN,NaN,NaN,NaN,NaN,NaN,2016,5,98,1,0,0,559.6603653222834
2625,5,392.56334931271454,78.51266986254291,2020,8,7,26,26161,21,4,2205210401,NaN,NaN,NaN,NaN,NaN,NaN,NaN,2015,5,98,1,0,0,663.3866941089931
2626,5,364.0998652152451,72.81997304304902,2020,8,7,26,26161,21,4,2205210401,NaN,NaN,NaN,NaN,NaN,NaN,NaN,2014,5,98,1,0,0,827.341203253954
2627,5,370.3959424661204,74.07918849322408,2020,8,7,26,26161,21,4,2205210401,NaN,NaN,NaN,NaN,NaN,NaN,NaN,2013,5,98,1,0,0,971.2003075939232
2628,5,316.43263381169584,63.286526762339165,2020,8,7,26,26161,21,4,2205210401,NaN,NaN,NaN,NaN,NaN,NaN,NaN,2012,5,98,1,0,0,884.5928942939994
2629,5,231.92053549096389,46.38410709819278,2020,8,7,26,26161,21,4,2205210401,NaN,NaN,NaN,NaN,NaN,NaN,NaN,2011,5,98,1,0,0,1261.3791138899885
2630,5,230.10402906651655,46.02080581330331,2020,8,7,26,26161,21,4,2205210401,NaN,NaN,NaN,NaN,NaN,NaN,NaN,2010,5,98,1,0,0,784.885494207532
2631,5,205.50535743034038,41.10107148606808,2020,8,7,26,26161,21,4,2205210401,NaN,NaN,NaN,NaN,NaN,NaN,NaN,2009,5,98,1,0,0,585.2276380876814
2632,5,253.9388285109485,50.7877657021897,2020,8,7,26,26161,21,4,2205210401,NaN,NaN,NaN,NaN,NaN,NaN,NaN,2008,5,98,1,0,0,827.0789084288377
2633,5,268.1829985315532,53.63659970631064,2020,8,7,26,26161,21,4,2205210401,NaN,NaN,NaN,NaN,NaN,NaN,NaN,2007,5,98,1,0,0,524.0990408579463
2634,5,229.81669167512396,45.963338335024794,2020,8,7,26,26161,21,4,2205210401,NaN,NaN,NaN,NaN,NaN,NaN,NaN,2006,5,98,1,0,0,526.9714884742866
2635,5,203.39262514967626,40.67852502993525,2020,8,7,26,26161,21,4,2205210401,NaN,NaN,NaN,NaN,NaN,NaN,NaN,2005,5,98,1,0,0,182.12321291588964
2636,5,164.72170300101715,32.94434060020343,2020,8,7,26,26161,21,4,2205210401,NaN,NaN,NaN,NaN,NaN,NaN,NaN,2004,5,98,1,0,0,101.20265066009365
2637,5,148.74713474802425,29.74942694960485,2020,8,7,26,26161,21,4,2205210401,NaN,NaN,NaN,NaN,NaN,NaN,NaN,2003,5,98,1,0,0,136.4252654874801
2638,5,118.52562992373574,23.70512598474715,2020,8,7,26,26161,21,4,2205210401,NaN,NaN,NaN,NaN,NaN,NaN,NaN,2002,5,98,1,0,0,60.591372928414785
2639,5,94.5116320580201,18.90232641160402,2020,8,7,26,26161,21,4,2205210401,NaN,NaN,NaN,NaN,NaN,NaN,NaN,2001,5,98,1,0,0,57.41467004506796
2640,5,83.62548218400153,16.725096436800307,2020,8,7,26,26161,21,4,2205210401,NaN,NaN,NaN,NaN,NaN,NaN,NaN,2000,5,98,1,0,0,65.93955559954323
2641,5,60.874080684058114,12.174816136811623,2020,8,7,26,26161,21,4,2205210401,NaN,NaN,NaN,NaN,NaN,NaN,NaN,1999,5,98,1,0,0,65.48147411378001
2642,5,46.82985881634186,9.365971763268373,2020,8,7,26,26161,21,4,2205210401,NaN,NaN,NaN,NaN,NaN,NaN,NaN,1998,5,98,1,0,0,26.708849345198008
2643,5,260.05730384453915,52.01146076890783,2020,8,7,26,26161,21,4,2209210401,NaN,NaN,NaN,NaN,NaN,NaN,NaN,2020,9,98,1,0,0,0
2644,5,310.4463445557139,62.08926891114278,2020,8,7,26,26161,21,4,2209210401,NaN,NaN,NaN,NaN,NaN,NaN,NaN,2019,9,98,1,0,0,0
2645,5,327.8141613006279,65.56283226012559,2020,8,7,26,26161,21,4,2209210401,NaN,NaN,NaN,NaN,NaN,NaN,NaN,2018,9,98,1,0,0,0
2646,5,368.3242419642923,73.66484839285846,2020,8,7,26,26161,21,4,2209210401,NaN,NaN,NaN,NaN,NaN,NaN,NaN,2017,9,98,1,0,0,0
2647,5,367.29985169622574,73.45997033924515,2020,8,7,26,26161,21,4,2209210401,NaN,NaN,NaN,NaN,NaN,NaN,NaN,2016,9,98,1,0,0,0
2648,5,392.56334931271454,78.51266986254291,2020,8,7,26,26161,21,4,2209210401,NaN,NaN,NaN,NaN,NaN,NaN,NaN,2015,9,98,1,0,0,0
2649,5,364.0998652152451,72.81997304304902,2020,8,7,26,26161,21,4,2209210401,NaN,NaN,NaN,NaN,NaN,NaN,NaN,2014,9,98,1,0,0,0
2650,5,370.3959424661204,74.07918849322408,2020,8,7,26,26161,21,4,2209210401,NaN,NaN,NaN,NaN,NaN,NaN,NaN,2013,9,98,1,0,0,0
2651,5,316.43263381169584,63.286526762339165,2020,8,7,26,26161,21,4,2209210401,NaN,NaN,NaN,NaN,NaN,NaN,NaN,2012,9,98,1,0,0,0
2652,5,231.92053549096389,46.38410709819278,2020,8,7,26,26161,21,4,2209210401,NaN,NaN,NaN,NaN,NaN,NaN,NaN,2011,9,98,1,0,0,0
2653,5,230.10402906651655,46.02080581330331,2020,8,7,26,26161,21,4,2209210401,NaN,NaN,NaN,NaN,NaN,NaN,NaN,2010,9,98,1,0,0,0
2654,5,205.50535743034038,41.10107148606808,2020,8,7,26,26161,21,4,2209210401,NaN,NaN,NaN,NaN,NaN,NaN,NaN,2009,9,98,1,0,0,0
2655,5,253.9388285109485,50.7877657021897,2020,8,7,26,26161,21,4,2209210401,NaN,NaN,NaN,NaN,NaN,NaN,NaN,2008,9,98,1,0,0,0
2656,5,268.1829985315532,53.63659970631064,2020,8,7,26,26161,21,4,2209210401,NaN,NaN,NaN,NaN,NaN,NaN,NaN,2007,9,98,1,0,0,0
2657,5,229.81669167512396,45.963338335024794,2020,8,7,26,26161,21,4,2209210401,NaN,NaN,NaN,NaN,NaN,NaN,NaN,2006,9,98,1,0,0,0
2658,5,203.39262514967626,40.67852502993525,2020,8,7,26,26161,21,4,2209210401,NaN,NaN,NaN,NaN,NaN,NaN,NaN,2005,9,98,1,0,0,0
2659,5,164.72170300101715,32.94434060020343,2020,8,7,26,26161,21,4,2209210401,NaN,NaN,NaN,NaN,NaN,NaN,NaN,2004,9,98,1,0,0,0
2660,5,148.74713474802425,29.74942694960485,2020,8,7,26,26161,21,4,2209210401,NaN,NaN,NaN,NaN,NaN,NaN,NaN,2003,9,98,1,0,0,0
2661,5,118.52562992373574,23.70512598474715,2020,8,7,26,26161,21,4,2209210401,NaN,NaN,NaN,NaN,NaN,NaN,NaN,2002,9,98,1,0,0,0
2662,5,94.5116320580201,18.90232641160402,2020,8,7,26,26161,21,4,2209210401,NaN,NaN,NaN,NaN,NaN,NaN,NaN,2001,9,98,1,0,0,0
2663,5,83.62548218400153,16.725096436800307,2020,8,7,26,26161,21,4,2209210401,NaN,NaN,NaN,NaN,NaN,NaN,NaN,2000,9,98,1,0,0,0
2664,5,260.05730384453915,52.01146076890783,2020,8,7,26,26161,21,4,2201210401,NaN,NaN,NaN,NaN,NaN,NaN,NaN,2020,1,185,1,0,0.0006735146277169308,0.03503047963678471
2665,5,310.4463445557139,62.08926891114278,2020,8,7,26,26161,21,4,2201210401,NaN,NaN,NaN,NaN,NaN,NaN,NaN,2019,1,185,1,0,0.0007325106630908381,0.04548105154092656
2666,5,327.8141613006279,65.56283226012559,2020,8,7,26,26161,21,4,2201210401,NaN,NaN,NaN,NaN,NaN,NaN,NaN,2018,1,185,1,0,0.0007868825545785088,0.05159024893424989
2667,5,368.3242419642923,73.66484839285846,2020,8,7,26,26161,21,4,2201210401,NaN,NaN,NaN,NaN,NaN,NaN,NaN,2017,1,185,1,0,0.0008575972350296881,0.06317477030059658
2668,5,367.29985169622574,73.45997033924515,2020,8,7,26,26161,21,4,2201210401,NaN,NaN,NaN,NaN,NaN,NaN,NaN,2016,1,185,1,0,0.00110643860152102,0.08127894684993
2669,5,392.56334931271454,78.51266986254291,2020,8,7,26,26161,21,4,2201210401,NaN,NaN,NaN,NaN,NaN,NaN,NaN,2015,1,185,1,0,0.0010960572254928283,0.08605437909557317
2670,5,364.0998652152451,72.81997304304902,2020,8,7,26,26161,21,4,2201210401,NaN,NaN,NaN,NaN,NaN,NaN,NaN,2014,1,185,1,0,0.0012457993759790334,0.0907190769758405
2671,5,370.3959424661204,74.07918849322408,2020,8,7,26,26161,21,4,2201210401,NaN,NaN,NaN,NaN,NaN,NaN,NaN,2013,1,185,1,0,0.0012442616653608345,0.09217389444315817
2672,5,316.43263381169584,63.286526762339165,2020,8,7,26,26161,21,4,2201210401,NaN,NaN,NaN,NaN,NaN,NaN,NaN,2012,1,185,1,0,0.001357186830537552,0.08589164067230905
2673,5,231.92053549096389,46.38410709819278,2020,8,7,26,26161,21,4,2201210401,NaN,NaN,NaN,NaN,NaN,NaN,NaN,2011,1,185,1,0,0.0013579994507532432,0.06298959196302541
2674,5,230.10402906651655,46.02080581330331,2020,8,7,26,26161,21,4,2201210401,NaN,NaN,NaN,NaN,NaN,NaN,NaN,2010,1,185,1,0,0.0017615613263211223,0.0810684717268494
2675,5,205.50535743034038,41.10107148606808,2020,8,7,26,26161,21,4,2201210401,NaN,NaN,NaN,NaN,NaN,NaN,NaN,2009,1,185,1,0,0.0017991417229993951,0.07394665257056583
2676,5,253.9388285109485,50.7877657021897,2020,8,7,26,26161,21,4,2201210401,NaN,NaN,NaN,NaN,NaN,NaN,NaN,2008,1,185,1,0,0.0019035933808476035,0.09667925461872726
2677,5,268.1829985315532,53.63659970631064,2020,8,7,26,26161,21,4,2201210401,NaN,NaN,NaN,NaN,NaN,NaN,NaN,2007,1,185,1,0,0.001926055829887141,0.10330708555966253
2678,5,229.81669167512396,45.963338335024794,2020,8,7,26,26161,21,4,2201210401,NaN,NaN,NaN,NaN,NaN,NaN,NaN,2006,1,185,1,0,0.002032942336197187,0.09344081641422704
2679,5,203.39262514967626,40.67852502993525,2020,8,7,26,26161,21,4,2201210401,NaN,NaN,NaN,NaN,NaN,NaN,NaN,2005,1,185,1,0,0.002137207940631085,0.08693846670713797
2680,5,164.72170300101715,32.94434060020343,2020,8,7,26,26161,21,4,2201210401,NaN,NaN,NaN,NaN,NaN,NaN,NaN,2004,1,185,1,0,0.0022907731590083805,0.07546801118817606
2681,5,148.74713474802425,29.74942694960485,2020,8,7,26,26161,21,4,2201210401,NaN,NaN,NaN,NaN,NaN,NaN,NaN,2003,1,185,1,0,0.002348745338932787,0.06987382788380583
2682,5,118.52562992373574,23.70512598474715,2020,8,7,26,26161,21,4,2201210401,NaN,NaN,NaN,NaN,NaN,NaN,NaN,2002,1,185,1,0,0.0029477886017409646,0.0698777001806712
2683,5,94.5116320580201,18.90232641160402,2020,8,7,26,26161,21,4,2201210401,NaN,NaN,NaN,NaN,NaN,NaN,NaN,2001,1,185,1,0,0.003660160747090451,0.06918555316044413
2684,5,83.62548218400153,16.725096436800307,2020,8,7,26,26161,21,4,2201210401,NaN,NaN,NaN,NaN,NaN,NaN,NaN,2000,1,185,1,0,0.011994495910749197,0.20060910081808725
2685,5,60.874080684058114,12.174816136811623,2020,8,7,26,26161,21,4,2201210401,NaN,NaN,NaN,NaN,NaN,NaN,NaN,1999,1,185,1,0,0.01684636685933004,0.2051014190856199
2686,5,46.82985881634186,9.365971763268373,2020,8,7,26,26161,21,4,2201210401,NaN,NaN,NaN,NaN,NaN,NaN,NaN,1998,1,185,1,0,0.022028157946303254,0.20631510532189212
2687,5,36.74778034358123,7.349556068716247,2020,8,7,26,26161,21,4,2201210401,NaN,NaN,NaN,NaN,NaN,NaN,NaN,1997,1,185,1,0,0.02876670465648535,0.21142250878503982
2688,5,26.865139913300695,5.373027982660139,2020,8,7,26,26161,21,4,2201210401,NaN,NaN,NaN,NaN,NaN,NaN,NaN,1996,1,185,1,0,0.031781405711243854,0.17076238221478798
2689,5,25.04660490806586,5.009320981613172,2020,8,7,26,26161,21,4,2201210401,NaN,NaN,NaN,NaN,NaN,NaN,NaN,1995,1,185,1,0,0.04263615320076495,0.21357817680386545
2690,5,18.41216437802274,3.6824328756045484,2020,8,7,26,26161,21,4,2201210401,NaN,NaN,NaN,NaN,NaN,NaN,NaN,1994,1,185,1,0,0.048382997372885095,0.17816714014620058
2691,5,15.146433442304176,3.029286688460835,2020,8,7,26,26161,21,4,2201210401,NaN,NaN,NaN,NaN,NaN,NaN,NaN,1993,1,185,1,0,0.06696624895014361,0.2028599665208244
2692,5,12.785088718582324,2.557017743716465,2020,8,7,26,26161,21,4,2201210401,NaN,NaN,NaN,NaN,NaN,NaN,NaN,1992,1,185,1,0,0.06693451357924048,0.17115273888914856
2693,5,12.603265015943999,2.5206530031887997,2020,8,7,26,26161,21,4,2201210401,NaN,NaN,NaN,NaN,NaN,NaN,NaN,1991,1,185,1,0,0.06682340474839174,0.16843861586233433
2694,5,10.501237834887378,2.1002475669774756,2020,8,7,26,26161,21,4,2201210401,NaN,NaN,NaN,NaN,NaN,NaN,NaN,1990,1,185,1,0,0.08130527725932632,0.1707612107463292
2695,5,10.217773915995503,2.0435547831991006,2020,8,7,26,26161,21,4,2201210401,NaN,NaN,NaN,NaN,NaN,NaN,NaN,1989,1,185,1,0,0.0755870454648847,0.15446626830765303
2696,5,9.15454189972411,1.830908379944822,2020,8,7,26,26161,21,4,2201210401,NaN,NaN,NaN,NaN,NaN,NaN,NaN,1988,1,185,1,0,0.0756362708265826,0.13848308208416615
2697,5,9.00619255308734,1.801238510617468,2020,8,7,26,26161,21,4,2201210401,NaN,NaN,NaN,NaN,NaN,NaN,NaN,1987,1,185,1,0,0.07469004614258026,0.13453458747181124
2698,5,7.780739775004618,1.5561479550009236,2020,8,7,26,26161,21,4,2201210401,NaN,NaN,NaN,NaN,NaN,NaN,NaN,1986,1,185,1,0,0.0749839410759007,0.11668610656317263
2699,5,5.992761098455286,1.1985522196910572,2020,8,7,26,26161,21,4,2201210401,NaN,NaN,NaN,NaN,NaN,NaN,NaN,1985,1,185,1,0,0.0949994993571269,0.11386186082402361
2700,5,4.779871405562617,0.9559742811125235,2020,8,7,26,26161,21,4,2201210401,NaN,NaN,NaN,NaN,NaN,NaN,NaN,1984,1,185,1,0,0.0939568672034692,0.0898203485804213
2701,5,3.5629958872973577,0.7125991774594715,2020,8,7,26,26161,21,4,2201210401,NaN,NaN,NaN,NaN,NaN,NaN,NaN,1983,1,185,1,0,0.09071605303006543,0.06464418477159442
2702,5,2.6061493961116446,0.5212298792223289,2020,8,7,26,26161,21,4,2201210401,NaN,NaN,NaN,NaN,NaN,NaN,NaN,1982,1,185,1,0,0.12116403304341243,0.06315431430930812
2703,5,1.8323500164585729,0.3664700032917146,2020,8,7,26,26161,21,4,2201210401,NaN,NaN,NaN,NaN,NaN,NaN,NaN,1981,1,185,1,0,0.1252766493584556,0.045910134102768195
2704,5,23.19180710506584,4.638361421013168,2020,8,7,26,26161,21,4,2201210401,NaN,NaN,NaN,NaN,NaN,NaN,NaN,1980,1,185,1,0,0.12519398744105145,0.5806949614893802
2705,5,310.4463445557139,62.08926891114278,2020,8,7,26,26161,21,4,2202210401,NaN,NaN,NaN,NaN,NaN,NaN,NaN,2019,2,185,1,0,0.000000015040194296216696,0.0000009338346681336343
2706,5,327.8141613006279,65.56283226012559,2020,8,7,26,26161,21,4,2202210401,NaN,NaN,NaN,NaN,NaN,NaN,NaN,2018,2,185,1,0,0.00000017963187399248255,0.00001177717442314115
2707,5,368.3242419642923,73.66484839285846,2020,8,7,26,26161,21,4,2202210401,NaN,NaN,NaN,NaN,NaN,NaN,NaN,2017,2,185,1,0,0.0000002035161515892831,0.00001499198645232254
2708,5,367.29985169622574,73.45997033924515,2020,8,7,26,26161,21,4,2202210401,NaN,NaN,NaN,NaN,NaN,NaN,NaN,2016,2,185,1,0,0.00000039895753703388617,0.000029307408837127576
2709,5,392.56334931271454,78.51266986254291,2020,8,7,26,26161,21,4,2202210401,NaN,NaN,NaN,NaN,NaN,NaN,NaN,2015,2,185,1,0,0.000004675254689431133,0.00036706672795461216
2710,5,364.0998652152451,72.81997304304902,2020,8,7,26,26161,21,4,2202210401,NaN,NaN,NaN,NaN,NaN,NaN,NaN,2014,2,185,1,0,0.000006925762722991101,0.0005043338547907658
2711,5,370.3959424661204,74.07918849322408,2020,8,7,26,26161,21,4,2202210401,NaN,NaN,NaN,NaN,NaN,NaN,NaN,2013,2,185,1,0,0.000006986197974334698,0.0005175318765917203
2712,5,316.43263381169584,63.286526762339165,2020,8,7,26,26161,21,4,2202210401,NaN,NaN,NaN,NaN,NaN,NaN,NaN,2012,2,185,1,0,0.000007088309125653514,0.00044859446518040404
2713,5,231.92053549096389,46.38410709819278,2020,8,7,26,26161,21,4,2202210401,NaN,NaN,NaN,NaN,NaN,NaN,NaN,2011,2,185,1,0,0.000006620703510623144,0.0003070954207021248
2714,5,230.10402906651655,46.02080581330331,2020,8,7,26,26161,21,4,2202210401,NaN,NaN,NaN,NaN,NaN,NaN,NaN,2010,2,185,1,0,0.000007729640326306369,0.00035572427646362383
2715,5,205.50535743034038,41.10107148606808,2020,8,7,26,26161,21,4,2202210401,NaN,NaN,NaN,NaN,NaN,NaN,NaN,2009,2,185,1,0,0.00014269702579492902,0.005865000658046678
2716,5,253.9388285109485,50.7877657021897,2020,8,7,26,26161,21,4,2202210401,NaN,NaN,NaN,NaN,NaN,NaN,NaN,2008,2,185,1,0,0.00001328715618285521,0.0006748249750632517
2717,5,268.1829985315532,53.63659970631064,2020,8,7,26,26161,21,4,2202210401,NaN,NaN,NaN,NaN,NaN,NaN,NaN,2007,2,185,1,0,0.000009117049046074286,0.0004890075101870877
2718,5,229.81669167512396,45.963338335024794,2020,8,7,26,26161,21,4,2202210401,NaN,NaN,NaN,NaN,NaN,NaN,NaN,2006,2,185,1,0,0.00016814498492619495,0.007728504831500342
2719,5,203.39262514967626,40.67852502993525,2020,8,7,26,26161,21,4,2202210401,NaN,NaN,NaN,NaN,NaN,NaN,NaN,2005,2,185,1,0,0.000124635390766663,0.0050699838629174624
2720,5,164.72170300101715,32.94434060020343,2020,8,7,26,26161,21,4,2202210401,NaN,NaN,NaN,NaN,NaN,NaN,NaN,2004,2,185,1,0,0.00009183514794229679,0.003025448392881097
2721,5,148.74713474802425,29.74942694960485,2020,8,7,26,26161,21,4,2202210401,NaN,NaN,NaN,NaN,NaN,NaN,NaN,2003,2,185,1,0,0.00011593505520662124,0.003449001455767784
2722,5,118.52562992373574,23.70512598474715,2020,8,7,26,26161,21,4,2202210401,NaN,NaN,NaN,NaN,NaN,NaN,NaN,2002,2,185,1,0,0.0001625525183757673,0.00385332792723549
2723,5,94.5116320580201,18.90232641160402,2020,8,7,26,26161,21,4,2202210401,NaN,NaN,NaN,NaN,NaN,NaN,NaN,2001,2,185,1,0,0.00014555084501140933,0.0027512495818904454
2724,5,83.62548218400153,16.725096436800307,2020,8,7,26,26161,21,4,2202210401,NaN,NaN,NaN,NaN,NaN,NaN,NaN,2000,2,185,1,0,0.00021351338651246662,0.003571031979968822
2725,5,60.874080684058114,12.174816136811623,2020,8,7,26,26161,21,4,2202210401,NaN,NaN,NaN,NaN,NaN,NaN,NaN,1999,2,185,1,0,0.0001820746954453783,0.0022167259402134532
2726,5,46.82985881634186,9.365971763268373,2020,8,7,26,26161,21,4,2202210401,NaN,NaN,NaN,NaN,NaN,NaN,NaN,1998,2,185,1,0,0.000279792668358949,0.0026205302314194286
2727,5,36.74778034358123,7.349556068716247,2020,8,7,26,26161,21,4,2202210401,NaN,NaN,NaN,NaN,NaN,NaN,NaN,1997,2,185,1,0,0.00014997619219830742,0.0011022584335340245
2728,5,26.865139913300695,5.373027982660139,2020,8,7,26,26161,21,4,2202210401,NaN,NaN,NaN,NaN,NaN,NaN,NaN,1996,2,185,1,0,0.0002270951703397597,0.0012201887049624997
2729,5,25.04660490806586,5.009320981613172,2020,8,7,26,26161,21,4,2202210401,NaN,NaN,NaN,NaN,NaN,NaN,NaN,1995,2,185,1,0,0.000230929223067787,0.001156798602381094
2730,5,18.41216437802274,3.6824328756045484,2020,8,7,26,26161,21,4,2202210401,NaN,NaN,NaN,NaN,NaN,NaN,NaN,1994,2,185,1,0,0.00004169641736824376,0.00015354425811174932
2731,5,15.146433442304176,3.029286688460835,2020,8,7,26,26161,21,4,2202210401,NaN,NaN,NaN,NaN,NaN,NaN,NaN,1993,2,185,1,0,0.00028707260532440077,0.0008696252219309782
2732,5,12.785088718582324,2.557017743716465,2020,8,7,26,26161,21,4,2202210401,NaN,NaN,NaN,NaN,NaN,NaN,NaN,1992,2,185,1,0,0.0004836104189266139,0.0012366004222415048
2733,5,12.603265015943999,2.5206530031887997,2020,8,7,26,26161,21,4,2202210401,NaN,NaN,NaN,NaN,NaN,NaN,NaN,1991,2,185,1,0,0.001171709724700153,0.002953473636430962
2734,5,10.501237834887378,2.1002475669774756,2020,8,7,26,26161,21,4,2202210401,NaN,NaN,NaN,NaN,NaN,NaN,NaN,1990,2,185,1,0,0.0005363398968763077,0.0011264465634874155
2735,5,10.217773915995503,2.0435547831991006,2020,8,7,26,26161,21,4,2202210401,NaN,NaN,NaN,NaN,NaN,NaN,NaN,1989,2,185,1,0,0.00042666954950352245,0.0008719225987333288
2736,5,9.15454189972411,1.830908379944822,2020,8,7,26,26161,21,4,2202210401,NaN,NaN,NaN,NaN,NaN,NaN,NaN,1988,2,185,1,0,0.00012181585828931188,0.00022303367575207203
2737,5,9.00619255308734,1.801238510617468,2020,8,7,26,26161,21,4,2202210401,NaN,NaN,NaN,NaN,NaN,NaN,NaN,1987,2,185,1,0,0.0059818050526136216,0.010774657623773805
2738,5,7.780739775004618,1.5561479550009236,2020,8,7,26,26161,21,4,2202210401,NaN,NaN,NaN,NaN,NaN,NaN,NaN,1986,2,185,1,0,0.004161707603623506,0.006476232776690513
2739,5,5.992761098455286,1.1985522196910572,2020,8,7,26,26161,21,4,2202210401,NaN,NaN,NaN,NaN,NaN,NaN,NaN,1985,2,185,1,0,0.020549249245593103,0.024629348296290397
2740,5,4.779871405562617,0.9559742811125235,2020,8,7,26,26161,21,4,2202210401,NaN,NaN,NaN,NaN,NaN,NaN,NaN,1984,2,185,1,0,0.027006291909336084,0.02581732049354252
2741,5,3.5629958872973577,0.7125991774594715,2020,8,7,26,26161,21,4,2202210401,NaN,NaN,NaN,NaN,NaN,NaN,NaN,1983,2,185,1,0,0.04707672164768471,0.033546833123628626
2742,5,2.6061493961116446,0.5212298792223289,2020,8,7,26,26161,21,4,2202210401,NaN,NaN,NaN,NaN,NaN,NaN,NaN,1982,2,185,1,0,0.08964848611980224,0.04672746959268915
2743,5,1.8323500164585729,0.3664700032917146,2020,8,7,26,26161,21,4,2202210401,NaN,NaN,NaN,NaN,NaN,NaN,NaN,1981,2,185,1,0,0.06417896754349689,0.02351966644692415
2744,5,23.19180710506584,4.638361421013168,2020,8,7,26,26161,21,4,2202210401,NaN,NaN,NaN,NaN,NaN,NaN,NaN,1980,2,185,1,0,0.03795661888057912,0.17605651668777822
2745,5,260.05730384453915,52.01146076890783,2020,8,7,26,26161,21,4,2205210401,NaN,NaN,NaN,NaN,NaN,NaN,NaN,2020,5,185,1,0,0.00000005839600500941031,0.0000030372615236078897
2746,5,310.4463445557139,62.08926891114278,2020,8,7,26,26161,21,4,2205210401,NaN,NaN,NaN,NaN,NaN,NaN,NaN,2019,5,185,1,0,0.0000001000318859636465,0.000006210906667285617
2747,5,327.8141613006279,65.56283226012559,2020,8,7,26,26161,21,4,2205210401,NaN,NaN,NaN,NaN,NaN,NaN,NaN,2018,5,185,1,0,0.0000000908570547809752,0.000005956845842254119
2748,5,368.3242419642923,73.66484839285846,2020,8,7,26,26161,21,4,2205210401,NaN,NaN,NaN,NaN,NaN,NaN,NaN,2017,5,185,1,0,0.00000006345008125358175,0.00000467404061605965
2749,5,367.29985169622574,73.45997033924515,2020,8,7,26,26161,21,4,2205210401,NaN,NaN,NaN,NaN,NaN,NaN,NaN,2016,5,185,1,0,0.00000015837231352852096,0.000011634025454362782
2750,5,392.56334931271454,78.51266986254291,2020,8,7,26,26161,21,4,2205210401,NaN,NaN,NaN,NaN,NaN,NaN,NaN,2015,5,185,1,0,0.00000016550668054402243,0.000012994371369598186
2751,5,364.0998652152451,72.81997304304902,2020,8,7,26,26161,21,4,2205210401,NaN,NaN,NaN,NaN,NaN,NaN,NaN,2014,5,185,1,0,0.00000024185327340287775,0.000017611748849570723
2752,5,370.3959424661204,74.07918849322408,2020,8,7,26,26161,21,4,2205210401,NaN,NaN,NaN,NaN,NaN,NaN,NaN,2013,5,185,1,0,0.0000002712837600413415,0.00002009648079525311
2753,5,316.43263381169584,63.286526762339165,2020,8,7,26,26161,21,4,2205210401,NaN,NaN,NaN,NaN,NaN,NaN,NaN,2012,5,185,1,0,0.00000030508241611363313,0.000019307606492094536
2754,5,231.92053549096389,46.38410709819278,2020,8,7,26,26161,21,4,2205210401,NaN,NaN,NaN,NaN,NaN,NaN,NaN,2011,5,185,1,0,0.0000005444831856866601,0.000025255366398055228
2755,5,230.10402906651655,46.02080581330331,2020,8,7,26,26161,21,4,2205210401,NaN,NaN,NaN,NaN,NaN,NaN,NaN,2010,5,185,1,0,0.0000004444390960965181,0.00002045344533729791
2756,5,205.50535743034038,41.10107148606808,2020,8,7,26,26161,21,4,2205210401,NaN,NaN,NaN,NaN,NaN,NaN,NaN,2009,5,185,1,0,0.0000003840369302543766,0.000015784329323675274
2757,5,253.9388285109485,50.7877657021897,2020,8,7,26,26161,21,4,2205210401,NaN,NaN,NaN,NaN,NaN,NaN,NaN,2008,5,185,1,0,0.0000004558642560359513,0.00002315232702755691
2758,5,268.1829985315532,53.63659970631064,2020,8,7,26,26161,21,4,2205210401,NaN,NaN,NaN,NaN,NaN,NaN,NaN,2007,5,185,1,0,0.0000002712976960525385,0.00001455148592441434
2759,5,229.81669167512396,45.963338335024794,2020,8,7,26,26161,21,4,2205210401,NaN,NaN,NaN,NaN,NaN,NaN,NaN,2006,5,185,1,0,0.00000033815462795112885,0.000015542715574072166
2760,5,203.39262514967626,40.67852502993525,2020,8,7,26,26161,21,4,2205210401,NaN,NaN,NaN,NaN,NaN,NaN,NaN,2005,5,185,1,0,0.0000001384864933773423,0.000005633426287158181
2761,5,164.72170300101715,32.94434060020343,2020,8,7,26,26161,21,4,2205210401,NaN,NaN,NaN,NaN,NaN,NaN,NaN,2004,5,185,1,0,0.00000010164837649471923,0.000003348738736699743
2762,5,148.74713474802425,29.74942694960485,2020,8,7,26,26161,21,4,2205210401,NaN,NaN,NaN,NaN,NaN,NaN,NaN,2003,5,185,1,0,0.00000015571542278125013,0.000004632444594957636
2763,5,118.52562992373574,23.70512598474715,2020,8,7,26,26161,21,4,2205210401,NaN,NaN,NaN,NaN,NaN,NaN,NaN,2002,5,185,1,0,0.00000010913275534622975,0.000002587005714544964
2764,5,94.5116320580201,18.90232641160402,2020,8,7,26,26161,21,4,2205210401,NaN,NaN,NaN,NaN,NaN,NaN,NaN,2001,5,185,1,0,0.00000016043341962140312,0.0000030325648650135986
2765,5,83.62548218400153,16.725096436800307,2020,8,7,26,26161,21,4,2205210401,NaN,NaN,NaN,NaN,NaN,NaN,NaN,2000,5,185,1,0,0.00000013635188884474635,0.0000022804984902682586
2766,5,60.874080684058114,12.174816136811623,2020,8,7,26,26161,21,4,2205210401,NaN,NaN,NaN,NaN,NaN,NaN,NaN,1999,5,185,1,0,0.000000259751473025253,0.0000031624264253484393
2767,5,46.82985881634186,9.365971763268373,2020,8,7,26,26161,21,4,2205210401,NaN,NaN,NaN,NaN,NaN,NaN,NaN,1998,5,185,1,0,0.0000001808137949028616,0.0000016934968974696006
