i1,out_dayID,out_SHO,out_activity,out_yearID,out_monthID,out_hourID,out_stateID,out_countyID,out_sourceTypeID,out_roadTypeID,out_SCC,out_zoneID,out_linkID,out_regClassID,out_fuelSubTypeID,out_engTechID,out_sectorID,out_hpID,out_modelYearID,out_fuelTypeID,out_pollutantID,out_processID,out_meanBaseRate,out_adjustedMeanBaseRate,out_emissionQuantDirect,out_emissionQuant
1,5,260.05730384453915,52.01146076890783,2020,8,7,26,26161,21,4,2201210401,NaN,NaN,NaN,NaN,NaN,NaN,NaN,2020,1,1,1,0.48671633989381435,0.5048299357778239,26.256942399678547,26.256942399678547
2,5,310.4463445557139,62.08926891114278,2020,8,7,26,26161,21,4,2201210401,NaN,NaN,NaN,NaN,NaN,NaN,NaN,2019,1,1,1,0.5293499119407491,0.5490501553889608,34.09012274364992,34.09012274364992
3,5,327.8141613006279,65.56283226012559,2020,8,7,26,26161,21,4,2201210401,NaN,NaN,NaN,NaN,NaN,NaN,NaN,2018,1,1,1,0.5686418395826014,0.5898043682274917,38.66924486038839,38.66924486038839
4,5,368.3242419642923,73.66484839285846,2020,8,7,26,26161,21,4,2201210401,NaN,NaN,NaN,NaN,NaN,NaN,NaN,2017,1,1,1,0.6197439077925053,0.642808246868895,47.352372051276284,47.352372051276284
5,5,367.29985169622574,73.45997033924515,2020,8,7,26,26161,21,4,2201210401,NaN,NaN,NaN,NaN,NaN,NaN,NaN,2016,1,1,1,1.2943457833735494,0.8293262019287851,60.92227819524739,60.92227819524739
6,5,392.56334931271454,78.51266986254291,2020,8,7,26,26161,21,4,2201210401,NaN,NaN,NaN,NaN,NaN,NaN,NaN,2015,1,1,1,1.2822013315537797,0.8215448870502013,64.50168249423255,64.50168249423255
7,5,364.0998652152451,72.81997304304902,2020,8,7,26,26161,21,4,2201210401,NaN,NaN,NaN,NaN,NaN,NaN,NaN,2014,1,1,1,1.4573742881088616,0.9337834593131864,67.99808633523129,67.99808633523129
8,5,370.3959424661204,74.07918849322408,2020,8,7,26,26161,21,4,2201210401,NaN,NaN,NaN,NaN,NaN,NaN,NaN,2013,1,1,1,1.4555754271038512,0.9326308750623267,69.08853838834261,69.08853838834261
9,5,316.43263381169584,63.286526762339165,2020,8,7,26,26161,21,4,2201210401,NaN,NaN,NaN,NaN,NaN,NaN,NaN,2012,1,1,1,1.5876787459706314,1.0172734374326604,64.37970262269882,64.37970262269882
10,5,231.92053549096389,46.38410709819278,2020,8,7,26,26161,21,4,2201210401,NaN,NaN,NaN,NaN,NaN,NaN,NaN,2011,1,1,1,1.5886293740020634,1.0178825333519128,47.213572440374904,47.213572440374904
11,5,230.10402906651655,46.02080581330331,2020,8,7,26,26161,21,4,2201210401,NaN,NaN,NaN,NaN,NaN,NaN,NaN,2010,1,1,1,2.0607284233786243,1.3203705675255901,60.764517489696274,60.764517489696274
12,5,205.50535743034038,41.10107148606808,2020,8,7,26,26161,21,4,2201210401,NaN,NaN,NaN,NaN,NaN,NaN,NaN,2009,1,1,1,2.1046911230812193,1.3485387890620808,55.426389170976265,55.426389170976265
13,5,253.9388285109485,50.7877657021897,2020,8,7,26,26161,21,4,2201210401,NaN,NaN,NaN,NaN,NaN,NaN,NaN,2008,1,1,1,2.226881873400623,1.4268300711714876,72.46551135149618,72.46551135149618
14,5,268.1829985315532,53.63659970631064,2020,8,7,26,26161,21,4,2201210401,NaN,NaN,NaN,NaN,NaN,NaN,NaN,2007,1,1,1,2.253159134659043,1.443666701349041,77.43337296958842,77.43337296958842
15,5,229.81669167512396,45.963338335024794,2020,8,7,26,26161,21,4,2201210401,NaN,NaN,NaN,NaN,NaN,NaN,NaN,2006,1,1,1,2.378198245326143,1.5237830134459698,70.03815419618074,70.03815419618074
16,5,203.39262514967626,40.67852502993525,2020,8,7,26,26161,21,4,2201210401,NaN,NaN,NaN,NaN,NaN,NaN,NaN,2005,1,1,1,2.5001713446597953,1.6019348400345426,65.16434648667047,65.16434648667047
17,5,164.72170300101715,32.94434060020343,2020,8,7,26,26161,21,4,2201210401,NaN,NaN,NaN,NaN,NaN,NaN,NaN,2004,1,1,1,2.679816643193529,1.717038976070768,56.56671685149993,56.56671685149993
18,5,148.74713474802425,29.74942694960485,2020,8,7,26,26161,21,4,2201210401,NaN,NaN,NaN,NaN,NaN,NaN,NaN,2003,1,1,1,2.7476342758529246,1.7604917693194377,52.373621286749206,52.373621286749206
19,5,118.52562992373574,23.70512598474715,2020,8,7,26,26161,21,4,2201210401,NaN,NaN,NaN,NaN,NaN,NaN,NaN,2002,1,1,1,3.4484134426392234,2.2095020200941122,52.37652374988426,52.37652374988426
20,5,94.5116320580201,18.90232641160402,2020,8,7,26,26161,21,4,2201210401,NaN,NaN,NaN,NaN,NaN,NaN,NaN,2001,1,1,1,4.281768209237503,2.7434574378194094,51.857727986005315,51.857727986005315
21,5,83.62548218400153,16.725096436800307,2020,8,7,26,26161,21,4,2201210401,NaN,NaN,NaN,NaN,NaN,NaN,NaN,2000,1,1,1,6.8157846288737,6.73408528014119,112.62822572399881,112.62822572399881
22,5,60.874080684058114,12.174816136811623,2020,8,7,26,26161,21,4,2201210401,NaN,NaN,NaN,NaN,NaN,NaN,NaN,1999,1,1,1,9.57282483120352,9.458077432800327,115.15035375207127,115.15035375207127
23,5,46.82985881634186,9.365971763268373,2020,8,7,26,26161,21,4,2201210401,NaN,NaN,NaN,NaN,NaN,NaN,NaN,1998,1,1,1,12.517339740660915,12.367297073475793,115.83175517812586,115.83175517812586
24,5,36.74778034358123,7.349556068716247,2020,8,7,26,26161,21,4,2201210401,NaN,NaN,NaN,NaN,NaN,NaN,NaN,1997,1,1,1,16.346469654077826,16.15052802775995,118.69921127939497,118.69921127939497
25,5,26.865139913300695,5.373027982660139,2020,8,7,26,26161,21,4,2201210401,NaN,NaN,NaN,NaN,NaN,NaN,NaN,1996,1,1,1,18.059551492828387,17.843075521871963,95.87134407573622,95.87134407573622
26,5,25.04660490806586,5.009320981613172,2020,8,7,26,26161,21,4,2201210401,NaN,NaN,NaN,NaN,NaN,NaN,NaN,1995,1,1,1,24.227682412201233,23.937270378641713,119.9094707502774,119.9094707502774
27,5,18.41216437802274,3.6824328756045484,2020,8,7,26,26161,21,4,2201210401,NaN,NaN,NaN,NaN,NaN,NaN,NaN,1994,1,1,1,27.493284607101835,27.163728500325476,100.02860685359477,100.02860685359477
28,5,15.146433442304176,3.029286688460835,2020,8,7,26,26161,21,4,2201210401,NaN,NaN,NaN,NaN,NaN,NaN,NaN,1993,1,1,1,41.053206947944325,37.59694735626992,113.89193215311126,113.89193215311126
29,5,12.785088718582324,2.557017743716465,2020,8,7,26,26161,21,4,2201210401,NaN,NaN,NaN,NaN,NaN,NaN,NaN,1992,1,1,1,41.033751793001635,37.579130126129634,96.09050252594344,96.09050252594344
30,5,12.603265015943999,2.5206530031887997,2020,8,7,26,26161,21,4,2201210401,NaN,NaN,NaN,NaN,NaN,NaN,NaN,1991,1,1,1,40.96563727414941,37.51675015219161,94.56670894100564,94.56670894100564
31,5,10.501237834887378,2.1002475669774756,2020,8,7,26,26161,21,4,2201210401,NaN,NaN,NaN,NaN,NaN,NaN,NaN,1990,1,1,1,49.8436514754192,45.64732647906907,95.87068637669131,95.87068637669131
32,5,10.217773915995503,2.0435547831991006,2020,8,7,26,26161,21,4,2201210401,NaN,NaN,NaN,NaN,NaN,NaN,NaN,1989,1,1,1,46.338128067526085,42.436932241419164,86.72219586624826,86.72219586624826
33,5,9.15454189972411,1.830908379944822,2020,8,7,26,26161,21,4,2201210401,NaN,NaN,NaN,NaN,NaN,NaN,NaN,1988,1,1,1,46.36830534328145,42.46456889960689,77.74873504903452,77.74873504903452
34,5,9.00619255308734,1.801238510617468,2020,8,7,26,26161,21,4,2201210401,NaN,NaN,NaN,NaN,NaN,NaN,NaN,1987,1,1,1,45.788228687046434,41.93332875715655,75.5319266357733,75.5319266357733
35,5,7.780739775004618,1.5561479550009236,2020,8,7,26,26161,21,4,2201210401,NaN,NaN,NaN,NaN,NaN,NaN,NaN,1986,1,1,1,45.9683989923526,42.09833056791273,65.51123102221027,65.51123102221027
36,5,5.992761098455286,1.1985522196910572,2020,8,7,26,26161,21,4,2201210401,NaN,NaN,NaN,NaN,NaN,NaN,NaN,1985,1,1,1,58.23880190695482,53.335691220528474,63.925611101121234,63.925611101121234
37,5,4.779871405562617,0.9559742811125235,2020,8,7,26,26161,21,4,2201210401,NaN,NaN,NaN,NaN,NaN,NaN,NaN,1984,1,1,1,57.59962330212423,52.75032490828053,50.42795393264552,50.42795393264552
38,5,3.5629958872973577,0.7125991774594715,2020,8,7,26,26161,21,4,2201210401,NaN,NaN,NaN,NaN,NaN,NaN,NaN,1983,1,1,1,55.61286404613501,50.93083043488352,36.293267875225816,36.293267875225816
39,5,2.6061493961116446,0.5212298792223289,2020,8,7,26,26161,21,4,2201210401,NaN,NaN,NaN,NaN,NaN,NaN,NaN,1982,1,1,1,74.27879269274956,68.02527905061581,35.45680798361769,35.45680798361769
40,5,1.8323500164585729,0.3664700032917146,2020,8,7,26,26161,21,4,2201210401,NaN,NaN,NaN,NaN,NaN,NaN,NaN,1981,1,1,1,76.80000436767341,70.33423052269737,25.775385691173117,25.775385691173117
41,5,23.19180710506584,4.638361421013168,2020,8,7,26,26161,21,4,2201210401,NaN,NaN,NaN,NaN,NaN,NaN,NaN,1980,1,1,1,76.7493290371135,70.28782153599533,326.0203197796193,326.0203197796193
42,5,310.4463445557139,62.08926891114278,2020,8,7,26,26161,21,4,2202210401,NaN,NaN,NaN,NaN,NaN,NaN,NaN,2019,2,1,1,0.00004304488944766078,0.00004304488944766078,0.0026726257161662223,0.0026726257161662223
43,5,327.8141613006279,65.56283226012559,2020,8,7,26,26161,21,4,2202210401,NaN,NaN,NaN,NaN,NaN,NaN,NaN,2018,2,1,1,0.00051410467212033,0.00051410467212033,0.033706158382372065,0.033706158382372065
44,5,368.3242419642923,73.66484839285846,2020,8,7,26,26161,21,4,2202210401,NaN,NaN,NaN,NaN,NaN,NaN,NaN,2017,2,1,1,0.0005824612417525544,0.0005824612417525544,0.042906919068418,0.042906919068418
45,5,367.29985169622574,73.45997033924515,2020,8,7,26,26161,21,4,2202210401,NaN,NaN,NaN,NaN,NaN,NaN,NaN,2016,2,1,1,0.0011418125815206048,0.0011418125815206048,0.08387751837148055,0.08387751837148055
46,5,392.56334931271454,78.51266986254291,2020,8,7,26,26161,21,4,2202210401,NaN,NaN,NaN,NaN,NaN,NaN,NaN,2015,2,1,1,0.01338053334170313,0.01338053334170313,1.0505413968418857,1.0505413968418857
47,5,364.0998652152451,72.81997304304902,2020,8,7,26,26161,21,4,2202210401,NaN,NaN,NaN,NaN,NaN,NaN,NaN,2014,2,1,1,0.01982146539336082,0.01982146539336082,1.443398575618264,1.443398575618264
48,5,370.3959424661204,74.07918849322408,2020,8,7,26,26161,21,4,2202210401,NaN,NaN,NaN,NaN,NaN,NaN,NaN,2013,2,1,1,0.019994430493517876,0.019994430493517876,1.4811711853439782,1.4811711853439782
49,5,316.43263381169584,63.286526762339165,2020,8,7,26,26161,21,4,2202210401,NaN,NaN,NaN,NaN,NaN,NaN,NaN,2012,2,1,1,0.02028667161310218,0.02028667161310218,1.2838729859613773,1.2838729859613773
50,5,231.92053549096389,46.38410709819278,2020,8,7,26,26161,21,4,2202210401,NaN,NaN,NaN,NaN,NaN,NaN,NaN,2011,2,1,1,0.018948388901611487,0.018948388901611487,0.8789041001505546,0.8789041001505546
51,5,230.10402906651655,46.02080581330331,2020,8,7,26,26161,21,4,2202210401,NaN,NaN,NaN,NaN,NaN,NaN,NaN,2010,2,1,1,0.022122155256979165,0.022122155256979165,1.0180794112531852,1.0180794112531852
52,5,205.50535743034038,41.10107148606808,2020,8,7,26,26161,21,4,2202210401,NaN,NaN,NaN,NaN,NaN,NaN,NaN,2009,2,1,1,0.016547877593376274,0.016547877593376274,0.6801354999080624,0.6801354999080624
53,5,253.9388285109485,50.7877657021897,2020,8,7,26,26161,21,4,2202210401,NaN,NaN,NaN,NaN,NaN,NaN,NaN,2008,2,1,1,0.0015408466494175126,0.0015408466494175126,0.07825615861362067,0.07825615861362067
54,5,268.1829985315532,53.63659970631064,2020,8,7,26,26161,21,4,2202210401,NaN,NaN,NaN,NaN,NaN,NaN,NaN,2007,2,1,1,0.0010572596785868437,0.0010572596785868437,0.05670781416598518,0.05670781416598518
55,5,229.81669167512396,45.963338335024794,2020,8,7,26,26161,21,4,2202210401,NaN,NaN,NaN,NaN,NaN,NaN,NaN,2006,2,1,1,0.016644566633866674,0.016233861952176014,0.7461624893919522,0.7461624893919522
56,5,203.39262514967626,40.67852502993525,2020,8,7,26,26161,21,4,2202210401,NaN,NaN,NaN,NaN,NaN,NaN,NaN,2005,2,1,1,0.012337579187772441,0.012033149421314155,0.48949076992387874,0.48949076992387874
57,5,164.72170300101715,32.94434060020343,2020,8,7,26,26161,21,4,2202210401,NaN,NaN,NaN,NaN,NaN,NaN,NaN,2004,2,1,1,0.009090703715769475,0.008866390601582863,0.29209739187298844,0.29209739187298844
58,5,148.74713474802425,29.74942694960485,2020,8,7,26,26161,21,4,2202210401,NaN,NaN,NaN,NaN,NaN,NaN,NaN,2003,2,1,1,0.01147633842564279,0.011193159774990054,0.33299008906132205,0.33299008906132205
59,5,118.52562992373574,23.70512598474715,2020,8,7,26,26161,21,4,2202210401,NaN,NaN,NaN,NaN,NaN,NaN,NaN,2002,2,1,1,0.016090971876418978,0.01569392714536834,0.37202652017639964,0.37202652017639964
60,5,94.5116320580201,18.90232641160402,2020,8,7,26,26161,21,4,2202210401,NaN,NaN,NaN,NaN,NaN,NaN,NaN,2001,2,1,1,0.014407986889834303,0.014052469813327641,0.26562437130073124,0.26562437130073124
61,5,83.62548218400153,16.725096436800307,2020,8,7,26,26161,21,4,2202210401,NaN,NaN,NaN,NaN,NaN,NaN,NaN,2000,2,1,1,0.021135556261693986,0.020614036410936686,0.344771746924629,0.344771746924629
62,5,60.874080684058114,12.174816136811623,2020,8,7,26,26161,21,4,2202210401,NaN,NaN,NaN,NaN,NaN,NaN,NaN,1999,2,1,1,0.01802345994447472,0.017578731070344807,0.2140178186999058,0.2140178186999058
63,5,46.82985881634186,9.365971763268373,2020,8,7,26,26161,21,4,2202210401,NaN,NaN,NaN,NaN,NaN,NaN,NaN,1998,2,1,1,0.027696500815721788,0.02701308965809385,0.25300383497634393,0.25300383497634393
64,5,36.74778034358123,7.349556068716247,2020,8,7,26,26161,21,4,2202210401,NaN,NaN,NaN,NaN,NaN,NaN,NaN,1997,2,1,1,0.014846049233249725,0.014479722968419288,0.106419535815876,0.106419535815876
65,5,26.865139913300695,5.373027982660139,2020,8,7,26,26161,21,4,2202210401,NaN,NaN,NaN,NaN,NaN,NaN,NaN,1996,2,1,1,0.02248000852721579,0.021925314316806742,0.11780532735282158,0.11780532735282158
66,5,25.04660490806586,5.009320981613172,2020,8,7,26,26161,21,4,2202210401,NaN,NaN,NaN,NaN,NaN,NaN,NaN,1995,2,1,1,0.02285953900287892,0.022295479877982884,0.11168521514791395,0.11168521514791395
67,5,18.41216437802274,3.6824328756045484,2020,8,7,26,26161,21,4,2202210401,NaN,NaN,NaN,NaN,NaN,NaN,NaN,1994,2,1,1,0.004127502212354888,0.004025656095265031,0.014824208351081785,0.014824208351081785
68,5,15.146433442304176,3.029286688460835,2020,8,7,26,26161,21,4,2202210401,NaN,NaN,NaN,NaN,NaN,NaN,NaN,1993,2,1,1,0.02841713721153816,0.027715944350843458,0.08395954128013136,0.08395954128013136
69,5,12.785088718582324,2.557017743716465,2020,8,7,26,26161,21,4,2202210401,NaN,NaN,NaN,NaN,NaN,NaN,NaN,1992,2,1,1,0.04787229215423475,0.046691043345329,0.11938982630664083,0.11938982630664083
70,5,12.603265015943999,2.5206530031887997,2020,8,7,26,26161,21,4,2202210401,NaN,NaN,NaN,NaN,NaN,NaN,NaN,1991,2,1,1,0.11598681100647565,0.11312483644489087,0.28514845872005595,0.28514845872005595
71,5,10.501237834887378,2.1002475669774756,2020,8,7,26,26161,21,4,2202210401,NaN,NaN,NaN,NaN,NaN,NaN,NaN,1990,2,1,1,0.05309195011601053,0.05178190624689797,0.10875482260850321,0.10875482260850321
72,5,10.217773915995503,2.0435547831991006,2020,8,7,26,26161,21,4,2202210401,NaN,NaN,NaN,NaN,NaN,NaN,NaN,1989,2,1,1,0.042235751190976445,0.0411935840303391,0.08418134568231354,0.08418134568231354
73,5,9.15454189972411,1.830908379944822,2020,8,7,26,26161,21,4,2202210401,NaN,NaN,NaN,NaN,NaN,NaN,NaN,1988,2,1,1,0.012058475435637215,0.011760932554262866,0.02153318996956574,0.02153318996956574
74,5,9.00619255308734,1.801238510617468,2020,8,7,26,26161,21,4,2202210401,NaN,NaN,NaN,NaN,NaN,NaN,NaN,1987,2,1,1,0.5921351316706254,0.5775241972966527,1.0402588249841715,1.0402588249841715
75,5,7.780739775004618,1.5561479550009236,2020,8,7,26,26161,21,4,2202210401,NaN,NaN,NaN,NaN,NaN,NaN,NaN,1986,2,1,1,0.411964826364498,0.401799594273954,0.6252596169496144,0.6252596169496144
76,5,5.992761098455286,1.1985522196910572,2020,8,7,26,26161,21,4,2202210401,NaN,NaN,NaN,NaN,NaN,NaN,NaN,1985,2,1,1,2.034157298799842,1.983964467451956,2.377885016252728,2.377885016252728
77,5,4.779871405562617,0.9559742811125235,2020,8,7,26,26161,21,4,2202210401,NaN,NaN,NaN,NaN,NaN,NaN,NaN,1984,2,1,1,2.6733359036304565,2.607371340208375,2.492579942549098,2.492579942549098
78,5,3.5629958872973577,0.7125991774594715,2020,8,7,26,26161,21,4,2202210401,NaN,NaN,NaN,NaN,NaN,NaN,NaN,1983,2,1,1,4.660095159619661,4.545107311556046,3.2388397316798683,3.2388397316798683
79,5,2.6061493961116446,0.5212298792223289,2020,8,7,26,26161,21,4,2202210401,NaN,NaN,NaN,NaN,NaN,NaN,NaN,1982,2,1,1,8.874247432959622,8.655275377551344,4.511388139677084,4.511388139677084
80,5,1.8323500164585729,0.3664700032917146,2020,8,7,26,26161,21,4,2202210401,NaN,NaN,NaN,NaN,NaN,NaN,NaN,1981,2,1,1,6.353035758035761,6.196274600706229,2.270748773317179,2.270748773317179
81,5,23.19180710506584,4.638361421013168,2020,8,7,26,26161,21,4,2202210401,NaN,NaN,NaN,NaN,NaN,NaN,NaN,1980,2,1,1,3.75730190484949,3.664590480347329,16.997695107855165,16.997695107855165
82,5,260.05730384453915,52.01146076890783,2020,8,7,26,26161,21,4,2205210401,NaN,NaN,NaN,NaN,NaN,NaN,NaN,2020,5,1,1,0.0001623075354551031,0.00016946524843021937,0.008814135120421574,0.008814135120421574
83,5,310.4463445557139,62.08926891114278,2020,8,7,26,26161,21,4,2205210401,NaN,NaN,NaN,NaN,NaN,NaN,NaN,2019,5,1,1,0.0002780315001868539,0.00029029260482872046,0.01802405560412653,0.01802405560412653
84,5,327.8141613006279,65.56283226012559,2020,8,7,26,26161,21,4,2205210401,NaN,NaN,NaN,NaN,NaN,NaN,NaN,2018,5,1,1,0.0002525307105825644,0.0002636672381546447,0.017286770907623556,0.017286770907623556
85,5,368.3242419642923,73.66484839285846,2020,8,7,26,26161,21,4,2205210401,NaN,NaN,NaN,NaN,NaN,NaN,NaN,2017,5,1,1,0.00017635498029420569,0.000184132181316566,0.01356406922093116,0.01356406922093116
86,5,367.29985169622574,73.45997033924515,2020,8,7,26,26161,21,4,2205210401,NaN,NaN,NaN,NaN,NaN,NaN,NaN,2016,5,1,1,0.0007125722529125198,0.0004595965674750263,0.03376195021473431,0.03376195021473431
87,5,392.56334931271454,78.51266986254291,2020,8,7,26,26161,21,4,2205210401,NaN,NaN,NaN,NaN,NaN,NaN,NaN,2015,5,1,1,0.0007446722574150436,0.0004803005056721596,0.03770967503665068,0.03770967503665068
88,5,364.0998652152451,72.81997304304902,2020,8,7,26,26161,21,4,2205210401,NaN,NaN,NaN,NaN,NaN,NaN,NaN,2014,5,1,1,0.0010881821958856476,0.0007018583729191025,0.05110930779600729,0.05110930779600729
89,5,370.3959424661204,74.07918849322408,2020,8,7,26,26161,21,4,2205210401,NaN,NaN,NaN,NaN,NaN,NaN,NaN,2013,5,1,1,0.0012206002158099776,0.0007872656662571623,0.05832000168490797,0.05832000168490797
90,5,316.43263381169584,63.286526762339165,2020,8,7,26,26161,21,4,2205210401,NaN,NaN,NaN,NaN,NaN,NaN,NaN,2012,5,1,1,0.0013726721529198121,0.0008853493904258865,0.05603068789120853,0.05603068789120853
91,5,231.92053549096389,46.38410709819278,2020,8,7,26,26161,21,4,2205210401,NaN,NaN,NaN,NaN,NaN,NaN,NaN,2011,5,1,1,0.0024498196790429406,0.0015800905954713518,0.07329109140519038,0.07329109140519038
92,5,230.10402906651655,46.02080581330331,2020,8,7,26,26161,21,4,2205210401,NaN,NaN,NaN,NaN,NaN,NaN,NaN,2010,5,1,1,0.0019996864409691584,0.0012897625757097866,0.059355913042006,0.059355913042006
93,5,205.50535743034038,41.10107148606808,2020,8,7,26,26161,21,4,2205210401,NaN,NaN,NaN,NaN,NaN,NaN,NaN,2009,5,1,1,0.0017279160384538268,0.0011144754471037745,0.04580613502087992,0.04580613502087992
94,5,253.9388285109485,50.7877657021897,2020,8,7,26,26161,21,4,2205210401,NaN,NaN,NaN,NaN,NaN,NaN,NaN,2008,5,1,1,0.002051092218762899,0.0013229183980503563,0.06718806964329763,0.06718806964329763
95,5,268.1829985315532,53.63659970631064,2020,8,7,26,26161,21,4,2205210401,NaN,NaN,NaN,NaN,NaN,NaN,NaN,2007,5,1,1,0.0012206629187829531,0.0007873061085716535,0.04222842259179092,0.04222842259179092
96,5,229.81669167512396,45.963338335024794,2020,8,7,26,26161,21,4,2205210401,NaN,NaN,NaN,NaN,NaN,NaN,NaN,2006,5,1,1,0.0015214755641524227,0.000981324972904087,0.04510497174619959,0.04510497174619959
97,5,203.39262514967626,40.67852502993525,2020,8,7,26,26161,21,4,2205210401,NaN,NaN,NaN,NaN,NaN,NaN,NaN,2005,5,1,1,0.0006230990151323146,0.0004018879031303489,0.016348207126716092,0.016348207126716092
98,5,164.72170300101715,32.94434060020343,2020,8,7,26,26161,21,4,2205210401,NaN,NaN,NaN,NaN,NaN,NaN,NaN,2004,5,1,1,0.00045735148417023027,0.0002949836615095535,0.009718042216265849,0.009718042216265849
99,5,148.74713474802425,29.74942694960485,2020,8,7,26,26161,21,4,2205210401,NaN,NaN,NaN,NaN,NaN,NaN,NaN,2003,5,1,1,0.0007006179751518159,0.0004518862686204103,0.01344335753785241,0.01344335753785241
100,5,118.52562992373574,23.70512598474715,2020,8,7,26,26161,21,4,2205210401,NaN,NaN,NaN,NaN,NaN,NaN,NaN,2002,5,1,1,0.0004910263139498131,0.00031670333430588126,0.007507492439510409,0.007507492439510409
101,5,94.5116320580201,18.90232641160402,2020,8,7,26,26161,21,4,2205210401,NaN,NaN,NaN,NaN,NaN,NaN,NaN,2001,5,1,1,0.0007218458878009326,0.00046557789883519427,0.008800505413811596,0.008800505413811596
102,5,83.62548218400153,16.725096436800307,2020,8,7,26,26161,21,4,2205210401,NaN,NaN,NaN,NaN,NaN,NaN,NaN,2000,5,1,1,0.0015245298985707562,0.0015245298985707562,0.025497909574381288,0.025497909574381288
103,5,60.874080684058114,12.174816136811623,2020,8,7,26,26161,21,4,2205210401,NaN,NaN,NaN,NaN,NaN,NaN,NaN,1999,5,1,1,0.0029042420327281835,0.0029042420327281835,0.03535861276526568,0.03535861276526568
104,5,46.82985881634186,9.365971763268373,2020,8,7,26,26161,21,4,2205210401,NaN,NaN,NaN,NaN,NaN,NaN,NaN,1998,5,1,1,0.0020216517625019624,0.0020216517625019624,0.01893473332275512,0.01893473332275512
105,5,260.05730384453915,52.01146076890783,2020,8,7,26,26161,21,4,2209210401,NaN,NaN,NaN,NaN,NaN,NaN,NaN,2020,9,1,1,0,0,0,0
106,5,310.4463445557139,62.08926891114278,2020,8,7,26,26161,21,4,2209210401,NaN,NaN,NaN,NaN,NaN,NaN,NaN,2019,9,1,1,0,0,0,0
107,5,327.8141613006279,65.56283226012559,2020,8,7,26,26161,21,4,2209210401,NaN,NaN,NaN,NaN,NaN,NaN,NaN,2018,9,1,1,0,0,0,0
108,5,368.3242419642923,73.66484839285846,2020,8,7,26,26161,21,4,2209210401,NaN,NaN,NaN,NaN,NaN,NaN,NaN,2017,9,1,1,0,0,0,0
109,5,367.29985169622574,73.45997033924515,2020,8,7,26,26161,21,4,2209210401,NaN,NaN,NaN,NaN,NaN,NaN,NaN,2016,9,1,1,0,0,0,0
110,5,392.56334931271454,78.51266986254291,2020,8,7,26,26161,21,4,2209210401,NaN,NaN,NaN,NaN,NaN,NaN,NaN,2015,9,1,1,0,0,0,0
111,5,364.0998652152451,72.81997304304902,2020,8,7,26,26161,21,4,2209210401,NaN,NaN,NaN,NaN,NaN,NaN,NaN,2014,9,1,1,0,0,0,0
112,5,370.3959424661204,74.07918849322408,2020,8,7,26,26161,21,4,2209210401,NaN,NaN,NaN,NaN,NaN,NaN,NaN,2013,9,1,1,0,0,0,0
113,5,316.43263381169584,63.286526762339165,2020,8,7,26,26161,21,4,2209210401,NaN,NaN,NaN,NaN,NaN,NaN,NaN,2012,9,1,1,0,0,0,0
114,5,231.92053549096389,46.38410709819278,2020,8,7,26,26161,21,4,2209210401,NaN,NaN,NaN,NaN,NaN,NaN,NaN,2011,9,1,1,0,0,0,0
115,5,230.10402906651655,46.02080581330331,2020,8,7,26,26161,21,4,2209210401,NaN,NaN,NaN,NaN,NaN,NaN,NaN,2010,9,1,1,0,0,0,0
116,5,205.50535743034038,41.10107148606808,2020,8,7,26,26161,21,4,2209210401,NaN,NaN,NaN,NaN,NaN,NaN,NaN,2009,9,1,1,0,0,0,0
117,5,253.9388285109485,50.7877657021897,2020,8,7,26,26161,21,4,2209210401,NaN,NaN,NaN,NaN,NaN,NaN,NaN,2008,9,1,1,0,0,0,0
118,5,268.1829985315532,53.63659970631064,2020,8,7,26,26161,21,4,2209210401,NaN,NaN,NaN,NaN,NaN,NaN,NaN,2007,9,1,1,0,0,0,0
119,5,229.81669167512396,45.963338335024794,2020,8,7,26,26161,21,4,2209210401,NaN,NaN,NaN,NaN,NaN,NaN,NaN,2006,9,1,1,0,0,0,0
120,5,203.39262514967626,40.67852502993525,2020,8,7,26,26161,21,4,2209210401,NaN,NaN,NaN,NaN,NaN,NaN,NaN,2005,9,1,1,0,0,0,0
121,5,164.72170300101715,32.94434060020343,2020,8,7,26,26161,21,4,2209210401,NaN,NaN,NaN,NaN,NaN,NaN,NaN,2004,9,1,1,0,0,0,0
122,5,148.74713474802425,29.74942694960485,2020,8,7,26,26161,21,4,2209210401,NaN,NaN,NaN,NaN,NaN,NaN,NaN,2003,9,1,1,0,0,0,0
123,5,118.52562992373574,23.70512598474715,2020,8,7,26,26161,21,4,2209210401,NaN,NaN,NaN,NaN,NaN,NaN,NaN,2002,9,1,1,0,0,0,0
124,5,94.5116320580201,18.90232641160402,2020,8,7,26,26161,21,4,2209210401,NaN,NaN,NaN,NaN,NaN,NaN,NaN,2001,9,1,1,0,0,0,0
125,5,260.05730384453915,52.01146076890783,2020,8,7,26,26161,21,4,2201210415,NaN,NaN,NaN,NaN,NaN,NaN,NaN,2020,1,1,15,0,0,0,0.3465916396757568
126,5,310.4463445557139,62.08926891114278,2020,8,7,26,26161,21,4,2201210415,NaN,NaN,NaN,NaN,NaN,NaN,NaN,2019,1,1,15,0,0,0,0.44998962021617894
127,5,327.8141613006279,65.56283226012559,2020,8,7,26,26161,21,4,2201210415,NaN,NaN,NaN,NaN,NaN,NaN,NaN,2018,1,1,15,0,0,0,0.5104340321571267
128,5,368.3242419642923,73.66484839285846,2020,8,7,26,26161,21,4,2201210415,NaN,NaN,NaN,NaN,NaN,NaN,NaN,2017,1,1,15,0,0,0,0.625051311076847
129,5,367.29985169622574,73.45997033924515,2020,8,7,26,26161,21,4,2201210415,NaN,NaN,NaN,NaN,NaN,NaN,NaN,2016,1,1,15,0,0,0,0.8041740721772656
130,5,392.56334931271454,78.51266986254291,2020,8,7,26,26161,21,4,2201210415,NaN,NaN,NaN,NaN,NaN,NaN,NaN,2015,1,1,15,0,0,0,0.8514222089238697
131,5,364.0998652152451,72.81997304304902,2020,8,7,26,26161,21,4,2201210415,NaN,NaN,NaN,NaN,NaN,NaN,NaN,2014,1,1,15,0,0,0,0.8975747396250531
132,5,370.3959424661204,74.07918849322408,2020,8,7,26,26161,21,4,2201210415,NaN,NaN,NaN,NaN,NaN,NaN,NaN,2013,1,1,15,0,0,0,0.9119687067261225
133,5,316.43263381169584,63.286526762339165,2020,8,7,26,26161,21,4,2201210415,NaN,NaN,NaN,NaN,NaN,NaN,NaN,2012,1,1,15,0,0,0,0.8498120746196244
134,5,231.92053549096389,46.38410709819278,2020,8,7,26,26161,21,4,2201210415,NaN,NaN,NaN,NaN,NaN,NaN,NaN,2011,1,1,15,0,0,0,0.6232191562129488
135,5,230.10402906651655,46.02080581330331,2020,8,7,26,26161,21,4,2201210415,NaN,NaN,NaN,NaN,NaN,NaN,NaN,2010,1,1,15,0,0,0,0.8020916308639908
136,5,205.50535743034038,41.10107148606808,2020,8,7,26,26161,21,4,2201210415,NaN,NaN,NaN,NaN,NaN,NaN,NaN,2009,1,1,15,0,0,0,0.7316283370568867
137,5,253.9388285109485,50.7877657021897,2020,8,7,26,26161,21,4,2201210415,NaN,NaN,NaN,NaN,NaN,NaN,NaN,2008,1,1,15,0,0,0,0.9565447498397495
138,5,268.1829985315532,53.63659970631064,2020,8,7,26,26161,21,4,2201210415,NaN,NaN,NaN,NaN,NaN,NaN,NaN,2007,1,1,15,0,0,0,1.022120523198567
139,5,229.81669167512396,45.963338335024794,2020,8,7,26,26161,21,4,2201210415,NaN,NaN,NaN,NaN,NaN,NaN,NaN,2006,1,1,15,0,0,0,0.9245036353895858
140,5,203.39262514967626,40.67852502993525,2020,8,7,26,26161,21,4,2201210415,NaN,NaN,NaN,NaN,NaN,NaN,NaN,2005,1,1,15,0,0,0,0.8601693736240502
141,5,164.72170300101715,32.94434060020343,2020,8,7,26,26161,21,4,2201210415,NaN,NaN,NaN,NaN,NaN,NaN,NaN,2004,1,1,15,0,0,0,0.7466806624397991
142,5,148.74713474802425,29.74942694960485,2020,8,7,26,26161,21,4,2201210415,NaN,NaN,NaN,NaN,NaN,NaN,NaN,2003,1,1,15,0,0,0,0.6913318009850895
143,5,118.52562992373574,23.70512598474715,2020,8,7,26,26161,21,4,2201210415,NaN,NaN,NaN,NaN,NaN,NaN,NaN,2002,1,1,15,0,0,0,0.6913701134984722
144,5,94.5116320580201,18.90232641160402,2020,8,7,26,26161,21,4,2201210415,NaN,NaN,NaN,NaN,NaN,NaN,NaN,2001,1,1,15,0,0,0,0.6845220094152702
145,5,83.62548218400153,16.725096436800307,2020,8,7,26,26161,21,4,2201210415,NaN,NaN,NaN,NaN,NaN,NaN,NaN,2000,1,1,15,0,0,0,1.4866925795567842
146,5,60.874080684058114,12.174816136811623,2020,8,7,26,26161,21,4,2201210415,NaN,NaN,NaN,NaN,NaN,NaN,NaN,1999,1,1,15,0,0,0,1.5199846695273407
147,5,46.82985881634186,9.365971763268373,2020,8,7,26,26161,21,4,2201210415,NaN,NaN,NaN,NaN,NaN,NaN,NaN,1998,1,1,15,0,0,0,1.5289791683512612
148,5,36.74778034358123,7.349556068716247,2020,8,7,26,26161,21,4,2201210415,NaN,NaN,NaN,NaN,NaN,NaN,NaN,1997,1,1,15,0,0,0,1.5668295888880137
149,5,26.865139913300695,5.373027982660139,2020,8,7,26,26161,21,4,2201210415,NaN,NaN,NaN,NaN,NaN,NaN,NaN,1996,1,1,15,0,0,0,1.265501741799718
150,5,25.04660490806586,5.009320981613172,2020,8,7,26,26161,21,4,2201210415,NaN,NaN,NaN,NaN,NaN,NaN,NaN,1995,1,1,15,0,0,0,1.5828050139036618
151,5,18.41216437802274,3.6824328756045484,2020,8,7,26,26161,21,4,2201210415,NaN,NaN,NaN,NaN,NaN,NaN,NaN,1994,1,1,15,0,0,0,1.320377610467451
152,5,15.146433442304176,3.029286688460835,2020,8,7,26,26161,21,4,2201210415,NaN,NaN,NaN,NaN,NaN,NaN,NaN,1993,1,1,15,0,0,0,1.5033735044210685
153,5,12.785088718582324,2.557017743716465,2020,8,7,26,26161,21,4,2201210415,NaN,NaN,NaN,NaN,NaN,NaN,NaN,1992,1,1,15,0,0,0,1.2683946333424534
154,5,12.603265015943999,2.5206530031887997,2020,8,7,26,26161,21,4,2201210415,NaN,NaN,NaN,NaN,NaN,NaN,NaN,1991,1,1,15,0,0,0,1.2482805580212746
155,5,10.501237834887378,2.1002475669774756,2020,8,7,26,26161,21,4,2201210415,NaN,NaN,NaN,NaN,NaN,NaN,NaN,1990,1,1,15,0,0,0,1.2654930601723253
156,5,10.217773915995503,2.0435547831991006,2020,8,7,26,26161,21,4,2201210415,NaN,NaN,NaN,NaN,NaN,NaN,NaN,1989,1,1,15,0,0,0,1.144732985434477
157,5,9.15454189972411,1.830908379944822,2020,8,7,26,26161,21,4,2201210415,NaN,NaN,NaN,NaN,NaN,NaN,NaN,1988,1,1,15,0,0,0,1.0262833026472558
158,5,9.00619255308734,1.801238510617468,2020,8,7,26,26161,21,4,2201210415,NaN,NaN,NaN,NaN,NaN,NaN,NaN,1987,1,1,15,0,0,0,0.9970214315922076
159,5,7.780739775004618,1.5561479550009236,2020,8,7,26,26161,21,4,2201210415,NaN,NaN,NaN,NaN,NaN,NaN,NaN,1986,1,1,15,0,0,0,0.8647482494931755
160,5,5.992761098455286,1.1985522196910572,2020,8,7,26,26161,21,4,2201210415,NaN,NaN,NaN,NaN,NaN,NaN,NaN,1985,1,1,15,0,0,0,0.8438180665348003
161,5,4.779871405562617,0.9559742811125235,2020,8,7,26,26161,21,4,2201210415,NaN,NaN,NaN,NaN,NaN,NaN,NaN,1984,1,1,15,0,0,0,0.6656489919109209
162,5,3.5629958872973577,0.7125991774594715,2020,8,7,26,26161,21,4,2201210415,NaN,NaN,NaN,NaN,NaN,NaN,NaN,1983,1,1,15,0,0,0,0.4790711359529808
163,5,2.6061493961116446,0.5212298792223289,2020,8,7,26,26161,21,4,2201210415,NaN,NaN,NaN,NaN,NaN,NaN,NaN,1982,1,1,15,0,0,0,0.4680298653837536
164,5,1.8323500164585729,0.3664700032917146,2020,8,7,26,26161,21,4,2201210415,NaN,NaN,NaN,NaN,NaN,NaN,NaN,1981,1,1,15,0,0,0,0.34023509112348516
165,5,23.19180710506584,4.638361421013168,2020,8,7,26,26161,21,4,2201210415,NaN,NaN,NaN,NaN,NaN,NaN,NaN,1980,1,1,15,0,0,0,4.3034682210909745
166,5,310.4463445557139,62.08926891114278,2020,8,7,26,26161,21,4,2202210415,NaN,NaN,NaN,NaN,NaN,NaN,NaN,2019,2,1,15,0,0,0,0
167,5,327.8141613006279,65.56283226012559,2020,8,7,26,26161,21,4,2202210415,NaN,NaN,NaN,NaN,NaN,NaN,NaN,2018,2,1,15,0,0,0,0
168,5,368.3242419642923,73.66484839285846,2020,8,7,26,26161,21,4,2202210415,NaN,NaN,NaN,NaN,NaN,NaN,NaN,2017,2,1,15,0,0,0,0
169,5,367.29985169622574,73.45997033924515,2020,8,7,26,26161,21,4,2202210415,NaN,NaN,NaN,NaN,NaN,NaN,NaN,2016,2,1,15,0,0,0,0
170,5,392.56334931271454,78.51266986254291,2020,8,7,26,26161,21,4,2202210415,NaN,NaN,NaN,NaN,NaN,NaN,NaN,2015,2,1,15,0,0,0,0
171,5,364.0998652152451,72.81997304304902,2020,8,7,26,26161,21,4,2202210415,NaN,NaN,NaN,NaN,NaN,NaN,NaN,2014,2,1,15,0,0,0,0
172,5,370.3959424661204,74.07918849322408,2020,8,7,26,26161,21,4,2202210415,NaN,NaN,NaN,NaN,NaN,NaN,NaN,2013,2,1,15,0,0,0,0
173,5,316.43263381169584,63.286526762339165,2020,8,7,26,26161,21,4,2202210415,NaN,NaN,NaN,NaN,NaN,NaN,NaN,2012,2,1,15,0,0,0,0
174,5,231.92053549096389,46.38410709819278,2020,8,7,26,26161,21,4,2202210415,NaN,NaN,NaN,NaN,NaN,NaN,NaN,2011,2,1,15,0,0,0,0
175,5,230.10402906651655,46.02080581330331,2020,8,7,26,26161,21,4,2202210415,NaN,NaN,NaN,NaN,NaN,NaN,NaN,2010,2,1,15,0,0,0,0
176,5,205.50535743034038,41.10107148606808,2020,8,7,26,26161,21,4,2202210415,NaN,NaN,NaN,NaN,NaN,NaN,NaN,2009,2,1,15,0,0,0,0
177,5,253.9388285109485,50.7877657021897,2020,8,7,26,26161,21,4,2202210415,NaN,NaN,NaN,NaN,NaN,NaN,NaN,2008,2,1,15,0,0,0,0
178,5,268.1829985315532,53.63659970631064,2020,8,7,26,26161,21,4,2202210415,NaN,NaN,NaN,NaN,NaN,NaN,NaN,2007,2,1,15,0,0,0,0
179,5,229.81669167512396,45.963338335024794,2020,8,7,26,26161,21,4,2202210415,NaN,NaN,NaN,NaN,NaN,NaN,NaN,2006,2,1,15,0,0,0,0
180,5,203.39262514967626,40.67852502993525,2020,8,7,26,26161,21,4,2202210415,NaN,NaN,NaN,NaN,NaN,NaN,NaN,2005,2,1,15,0,0,0,0
181,5,164.72170300101715,32.94434060020343,2020,8,7,26,26161,21,4,2202210415,NaN,NaN,NaN,NaN,NaN,NaN,NaN,2004,2,1,15,0,0,0,0
182,5,148.74713474802425,29.74942694960485,2020,8,7,26,26161,21,4,2202210415,NaN,NaN,NaN,NaN,NaN,NaN,NaN,2003,2,1,15,0,0,0,0
183,5,118.52562992373574,23.70512598474715,2020,8,7,26,26161,21,4,2202210415,NaN,NaN,NaN,NaN,NaN,NaN,NaN,2002,2,1,15,0,0,0,0
184,5,94.5116320580201,18.90232641160402,2020,8,7,26,26161,21,4,2202210415,NaN,NaN,NaN,NaN,NaN,NaN,NaN,2001,2,1,15,0,0,0,0
185,5,83.62548218400153,16.725096436800307,2020,8,7,26,26161,21,4,2202210415,NaN,NaN,NaN,NaN,NaN,NaN,NaN,2000,2,1,15,0,0,0,0.012756554636211271
186,5,60.874080684058114,12.174816136811623,2020,8,7,26,26161,21,4,2202210415,NaN,NaN,NaN,NaN,NaN,NaN,NaN,1999,2,1,15,0,0,0,0.007918659291896514
187,5,46.82985881634186,9.365971763268373,2020,8,7,26,26161,21,4,2202210415,NaN,NaN,NaN,NaN,NaN,NaN,NaN,1998,2,1,15,0,0,0,0.009361141894124726
188,5,36.74778034358123,7.349556068716247,2020,8,7,26,26161,21,4,2202210415,NaN,NaN,NaN,NaN,NaN,NaN,NaN,1997,2,1,15,0,0,0,0.003937522825187412
189,5,26.865139913300695,5.373027982660139,2020,8,7,26,26161,21,4,2202210415,NaN,NaN,NaN,NaN,NaN,NaN,NaN,1996,2,1,15,0,0,0,0.004358797112054398
190,5,25.04660490806586,5.009320981613172,2020,8,7,26,26161,21,4,2202210415,NaN,NaN,NaN,NaN,NaN,NaN,NaN,1995,2,1,15,0,0,0,0.004132352960472816
191,5,18.41216437802274,3.6824328756045484,2020,8,7,26,26161,21,4,2202210415,NaN,NaN,NaN,NaN,NaN,NaN,NaN,1994,2,1,15,0,0,0,0.0005484957089900261
192,5,15.146433442304176,3.029286688460835,2020,8,7,26,26161,21,4,2202210415,NaN,NaN,NaN,NaN,NaN,NaN,NaN,1993,2,1,15,0,0,0,0.0031065030273648604
193,5,12.785088718582324,2.557017743716465,2020,8,7,26,26161,21,4,2202210415,NaN,NaN,NaN,NaN,NaN,NaN,NaN,1992,2,1,15,0,0,0,0.0044174235733457105
194,5,12.603265015943999,2.5206530031887997,2020,8,7,26,26161,21,4,2202210415,NaN,NaN,NaN,NaN,NaN,NaN,NaN,1991,2,1,15,0,0,0,0.01055049297264207
195,5,10.501237834887378,2.1002475669774756,2020,8,7,26,26161,21,4,2202210415,NaN,NaN,NaN,NaN,NaN,NaN,NaN,1990,2,1,15,0,0,0,0.004023928436514618
196,5,10.217773915995503,2.0435547831991006,2020,8,7,26,26161,21,4,2202210415,NaN,NaN,NaN,NaN,NaN,NaN,NaN,1989,2,1,15,0,0,0,0.003114709790245601
197,5,9.15454189972411,1.830908379944822,2020,8,7,26,26161,21,4,2202210415,NaN,NaN,NaN,NaN,NaN,NaN,NaN,1988,2,1,15,0,0,0,0.0007967280288739323
198,5,9.00619255308734,1.801238510617468,2020,8,7,26,26161,21,4,2202210415,NaN,NaN,NaN,NaN,NaN,NaN,NaN,1987,2,1,15,0,0,0,0.03848957652441434
199,5,7.780739775004618,1.5561479550009236,2020,8,7,26,26161,21,4,2202210415,NaN,NaN,NaN,NaN,NaN,NaN,NaN,1986,2,1,15,0,0,0,0.02313460582713573
200,5,5.992761098455286,1.1985522196910572,2020,8,7,26,26161,21,4,2202210415,NaN,NaN,NaN,NaN,NaN,NaN,NaN,1985,2,1,15,0,0,0,0.08798174560135094
201,5,4.779871405562617,0.9559742811125235,2020,8,7,26,26161,21,4,2202210415,NaN,NaN,NaN,NaN,NaN,NaN,NaN,1984,2,1,15,0,0,0,0.09222545787431662
202,5,3.5629958872973577,0.7125991774594715,2020,8,7,26,26161,21,4,2202210415,NaN,NaN,NaN,NaN,NaN,NaN,NaN,1983,2,1,15,0,0,0,0.11983707007215512
203,5,2.6061493961116446,0.5212298792223289,2020,8,7,26,26161,21,4,2202210415,NaN,NaN,NaN,NaN,NaN,NaN,NaN,1982,2,1,15,0,0,0,0.16692136116805212
204,5,1.8323500164585729,0.3664700032917146,2020,8,7,26,26161,21,4,2202210415,NaN,NaN,NaN,NaN,NaN,NaN,NaN,1981,2,1,15,0,0,0,0.08401770461273561
205,5,23.19180710506584,4.638361421013168,2020,8,7,26,26161,21,4,2202210415,NaN,NaN,NaN,NaN,NaN,NaN,NaN,1980,2,1,15,0,0,0,0.6289147189906411
206,5,260.05730384453915,52.01146076890783,2020,8,7,26,26161,21,4,2205210415,NaN,NaN,NaN,NaN,NaN,NaN,NaN,2020,5,1,15,0,0,0,0.00011634658358956478
207,5,310.4463445557139,62.08926891114278,2020,8,7,26,26161,21,4,2205210415,NaN,NaN,NaN,NaN,NaN,NaN,NaN,2019,5,1,15,0,0,0,0.0002379175339744702
208,5,327.8141613006279,65.56283226012559,2020,8,7,26,26161,21,4,2205210415,NaN,NaN,NaN,NaN,NaN,NaN,NaN,2018,5,1,15,0,0,0,0.00022818537598063093
209,5,368.3242419642923,73.66484839285846,2020,8,7,26,26161,21,4,2205210415,NaN,NaN,NaN,NaN,NaN,NaN,NaN,2017,5,1,15,0,0,0,0.00017904571371629133
210,5,367.29985169622574,73.45997033924515,2020,8,7,26,26161,21,4,2205210415,NaN,NaN,NaN,NaN,NaN,NaN,NaN,2016,5,1,15,0,0,0,0.00044565774283449294
211,5,392.56334931271454,78.51266986254291,2020,8,7,26,26161,21,4,2205210415,NaN,NaN,NaN,NaN,NaN,NaN,NaN,2015,5,1,15,0,0,0,0.000497767710483789
212,5,364.0998652152451,72.81997304304902,2020,8,7,26,26161,21,4,2205210415,NaN,NaN,NaN,NaN,NaN,NaN,NaN,2014,5,1,15,0,0,0,0.0006746428629072962
213,5,370.3959424661204,74.07918849322408,2020,8,7,26,26161,21,4,2205210415,NaN,NaN,NaN,NaN,NaN,NaN,NaN,2013,5,1,15,0,0,0,0.0007698240222407852
214,5,316.43263381169584,63.286526762339165,2020,8,7,26,26161,21,4,2205210415,NaN,NaN,NaN,NaN,NaN,NaN,NaN,2012,5,1,15,0,0,0,0.0007396050801639527
215,5,231.92053549096389,46.38410709819278,2020,8,7,26,26161,21,4,2205210415,NaN,NaN,NaN,NaN,NaN,NaN,NaN,2011,5,1,15,0,0,0,0.0009674424065485131
216,5,230.10402906651655,46.02080581330331,2020,8,7,26,26161,21,4,2205210415,NaN,NaN,NaN,NaN,NaN,NaN,NaN,2010,5,1,15,0,0,0,0.0007834980521544792
217,5,205.50535743034038,41.10107148606808,2020,8,7,26,26161,21,4,2205210415,NaN,NaN,NaN,NaN,NaN,NaN,NaN,2009,5,1,15,0,0,0,0.0006046409822756149
218,5,253.9388285109485,50.7877657021897,2020,8,7,26,26161,21,4,2205210415,NaN,NaN,NaN,NaN,NaN,NaN,NaN,2008,5,1,15,0,0,0,0.0008868825192915287
219,5,268.1829985315532,53.63659970631064,2020,8,7,26,26161,21,4,2205210415,NaN,NaN,NaN,NaN,NaN,NaN,NaN,2007,5,1,15,0,0,0,0.0005574151782116402
220,5,229.81669167512396,45.963338335024794,2020,8,7,26,26161,21,4,2205210415,NaN,NaN,NaN,NaN,NaN,NaN,NaN,2006,5,1,15,0,0,0,0.0005953856270498346
221,5,203.39262514967626,40.67852502993525,2020,8,7,26,26161,21,4,2205210415,NaN,NaN,NaN,NaN,NaN,NaN,NaN,2005,5,1,15,0,0,0,0.00021579633407265241
222,5,164.72170300101715,32.94434060020343,2020,8,7,26,26161,21,4,2205210415,NaN,NaN,NaN,NaN,NaN,NaN,NaN,2004,5,1,15,0,0,0,0.0001282781572547092
223,5,148.74713474802425,29.74942694960485,2020,8,7,26,26161,21,4,2205210415,NaN,NaN,NaN,NaN,NaN,NaN,NaN,2003,5,1,15,0,0,0,0.00017745231949965181
224,5,118.52562992373574,23.70512598474715,2020,8,7,26,26161,21,4,2205210415,NaN,NaN,NaN,NaN,NaN,NaN,NaN,2002,5,1,15,0,0,0,0.0000990989002015374
225,5,94.5116320580201,18.90232641160402,2020,8,7,26,26161,21,4,2205210415,NaN,NaN,NaN,NaN,NaN,NaN,NaN,2001,5,1,15,0,0,0,0.00011616667146231306
226,5,83.62548218400153,16.725096436800307,2020,8,7,26,26161,21,4,2205210415,NaN,NaN,NaN,NaN,NaN,NaN,NaN,2000,5,1,15,0,0,0,0.000336572406381833
227,5,60.874080684058114,12.174816136811623,2020,8,7,26,26161,21,4,2205210415,NaN,NaN,NaN,NaN,NaN,NaN,NaN,1999,5,1,15,0,0,0,0.000466733688501507
228,5,46.82985881634186,9.365971763268373,2020,8,7,26,26161,21,4,2205210415,NaN,NaN,NaN,NaN,NaN,NaN,NaN,1998,5,1,15,0,0,0,0.0002499384798603676
229,5,260.05730384453915,52.01146076890783,2020,8,7,26,26161,21,4,2201210401,NaN,NaN,NaN,NaN,NaN,NaN,NaN,2020,1,2,1,35.06213406804454,34.52603715868314,1795.7496271847021,1795.7496271847021
230,5,310.4463445557139,62.08926891114278,2020,8,7,26,26161,21,4,2201210401,NaN,NaN,NaN,NaN,NaN,NaN,NaN,2019,1,2,1,37.82023569065962,37.24196765296019,2312.3265443847263,2312.3265443847263
231,5,327.8141613006279,65.56283226012559,2020,8,7,26,26161,21,4,2201210401,NaN,NaN,NaN,NaN,NaN,NaN,NaN,2018,1,2,1,40.03430308237414,39.42218215130796,2584.6299157143208,2584.6299157143208
232,5,368.3242419642923,73.66484839285846,2020,8,7,26,26161,21,4,2201210401,NaN,NaN,NaN,NaN,NaN,NaN,NaN,2017,1,2,1,43.493988457412144,42.82896924487453,3154.98952624608,3154.98952624608
233,5,367.29985169622574,73.45997033924515,2020,8,7,26,26161,21,4,2201210401,NaN,NaN,NaN,NaN,NaN,NaN,NaN,2016,1,2,1,94.65939279547383,93.21205910434145,6847.3550970648885,6847.3550970648885
234,5,392.56334931271454,78.51266986254291,2020,8,7,26,26161,21,4,2201210401,NaN,NaN,NaN,NaN,NaN,NaN,NaN,2015,1,2,1,93.77123257595579,92.33747877553334,7249.661987043012,7249.661987043012
235,5,364.0998652152451,72.81997304304902,2020,8,7,26,26161,21,4,2201210401,NaN,NaN,NaN,NaN,NaN,NaN,NaN,2014,1,2,1,114.54465400569318,112.79327644044992,8213.603349830739,8213.603349830739
236,5,370.3959424661204,74.07918849322408,2020,8,7,26,26161,21,4,2201210401,NaN,NaN,NaN,NaN,NaN,NaN,NaN,2013,1,2,1,114.40326965912932,112.65405384796178,8345.320889528975,8345.320889528975
237,5,316.43263381169584,63.286526762339165,2020,8,7,26,26161,21,4,2201210401,NaN,NaN,NaN,NaN,NaN,NaN,NaN,2012,1,2,1,134.47324575029617,132.41716179092774,8380.222253474543,8380.222253474543
238,5,231.92053549096389,46.38410709819278,2020,8,7,26,26161,21,4,2201210401,NaN,NaN,NaN,NaN,NaN,NaN,NaN,2011,1,2,1,134.55376206205779,132.4964470154485,6145.7293884945875,6145.7293884945875
239,5,230.10402906651655,46.02080581330331,2020,8,7,26,26161,21,4,2201210401,NaN,NaN,NaN,NaN,NaN,NaN,NaN,2010,1,2,1,194.09346758172865,191.12579573677274,8795.763131515092,8795.763131515092
240,5,205.50535743034038,41.10107148606808,2020,8,7,26,26161,21,4,2201210401,NaN,NaN,NaN,NaN,NaN,NaN,NaN,2009,1,2,1,191.51707307029235,188.58879406811656,7751.20150646503,7751.20150646503
241,5,253.9388285109485,50.7877657021897,2020,8,7,26,26161,21,4,2201210401,NaN,NaN,NaN,NaN,NaN,NaN,NaN,2008,1,2,1,195.2284374412373,192.24341200814214,9763.613366859046,9763.613366859046
242,5,268.1829985315532,53.63659970631064,2020,8,7,26,26161,21,4,2201210401,NaN,NaN,NaN,NaN,NaN,NaN,NaN,2007,1,2,1,199.15964451639385,196.11451127699797,10518.915537963085,10518.915537963085
243,5,229.81669167512396,45.963338335024794,2020,8,7,26,26161,21,4,2201210401,NaN,NaN,NaN,NaN,NaN,NaN,NaN,2006,1,2,1,197.8618544219646,194.83656427760891,8955.338923925545,8955.338923925545
244,5,203.39262514967626,40.67852502993525,2020,8,7,26,26161,21,4,2201210401,NaN,NaN,NaN,NaN,NaN,NaN,NaN,2005,1,2,1,256.25619302257536,252.33805863812754,10264.74003431634,10264.74003431634
245,5,164.72170300101715,32.94434060020343,2020,8,7,26,26161,21,4,2201210401,NaN,NaN,NaN,NaN,NaN,NaN,NaN,2004,1,2,1,256.7231182995197,252.79784466914384,8328.258297777596,8328.258297777596
246,5,148.74713474802425,29.74942694960485,2020,8,7,26,26161,21,4,2201210401,NaN,NaN,NaN,NaN,NaN,NaN,NaN,2003,1,2,1,256.4882480596907,252.56656557437836,7513.710592467552,7513.710592467552
247,5,118.52562992373574,23.70512598474715,2020,8,7,26,26161,21,4,2201210401,NaN,NaN,NaN,NaN,NaN,NaN,NaN,2002,1,2,1,272.3739309252551,268.20935776275815,6357.936616054302,6357.936616054302
248,5,94.5116320580201,18.90232641160402,2020,8,7,26,26161,21,4,2201210401,NaN,NaN,NaN,NaN,NaN,NaN,NaN,2001,1,2,1,289.288707940394,284.86550934275505,5384.62084100459,5384.62084100459
249,5,83.62548218400153,16.725096436800307,2020,8,7,26,26161,21,4,2201210401,NaN,NaN,NaN,NaN,NaN,NaN,NaN,2000,1,2,1,408.7988636187307,393.5850213707431,6582.7474385057885,6582.7474385057885
250,5,60.874080684058114,12.174816136811623,2020,8,7,26,26161,21,4,2201210401,NaN,NaN,NaN,NaN,NaN,NaN,NaN,1999,1,2,1,470.162698653806,452.70058941584284,5511.546441164137,5511.546441164137
251,5,46.82985881634186,9.365971763268373,2020,8,7,26,26161,21,4,2201210401,NaN,NaN,NaN,NaN,NaN,NaN,NaN,1998,1,2,1,563.6187240861047,542.7280913216582,5083.17597845119,5083.17597845119
252,5,36.74778034358123,7.349556068716247,2020,8,7,26,26161,21,4,2201210401,NaN,NaN,NaN,NaN,NaN,NaN,NaN,1997,1,2,1,597.7708817477112,575.6549550612641,4230.808368457092,4230.808368457092
253,5,26.865139913300695,5.373027982660139,2020,8,7,26,26161,21,4,2201210401,NaN,NaN,NaN,NaN,NaN,NaN,NaN,1996,1,2,1,609.715302425178,587.1942137648861,3155.010941814852,3155.010941814852
254,5,25.04660490806586,5.009320981613172,2020,8,7,26,26161,21,4,2201210401,NaN,NaN,NaN,NaN,NaN,NaN,NaN,1995,1,2,1,658.0262485338143,633.7653539381741,3174.734084901994,3174.734084901994
255,5,18.41216437802274,3.6824328756045484,2020,8,7,26,26161,21,4,2201210401,NaN,NaN,NaN,NaN,NaN,NaN,NaN,1994,1,2,1,718.5276782289311,692.0361449437413,2548.376651247467,2548.376651247467
256,5,15.146433442304176,3.029286688460835,2020,8,7,26,26161,21,4,2201210401,NaN,NaN,NaN,NaN,NaN,NaN,NaN,1993,1,2,1,658.660542127386,569.4806507121947,1725.1201545384656,1725.1201545384656
257,5,12.785088718582324,2.557017743716465,2020,8,7,26,26161,21,4,2201210401,NaN,NaN,NaN,NaN,NaN,NaN,NaN,1992,1,2,1,658.3484022519805,569.2107732745923,1455.4820471777023,1455.4820471777023
258,5,12.603265015943999,2.5206530031887997,2020,8,7,26,26161,21,4,2201210401,NaN,NaN,NaN,NaN,NaN,NaN,NaN,1991,1,2,1,657.2555681167362,568.2659043251797,1432.4011583470633,1432.4011583470633
259,5,10.501237834887378,2.1002475669774756,2020,8,7,26,26161,21,4,2201210401,NaN,NaN,NaN,NaN,NaN,NaN,NaN,1990,1,2,1,696.5739793974133,602.2607666388831,1264.8967098193034,1264.8967098193034
260,5,10.217773915995503,2.0435547831991006,2020,8,7,26,26161,21,4,2201210401,NaN,NaN,NaN,NaN,NaN,NaN,NaN,1989,1,2,1,905.0080326178554,782.473718025306,1599.0279091981984,1599.0279091981984
261,5,9.15454189972411,1.830908379944822,2020,8,7,26,26161,21,4,2201210401,NaN,NaN,NaN,NaN,NaN,NaN,NaN,1988,1,2,1,905.5974106980689,782.9832967706054,1433.570679414125,1433.570679414125
262,5,9.00619255308734,1.801238510617468,2020,8,7,26,26161,21,4,2201210401,NaN,NaN,NaN,NaN,NaN,NaN,NaN,1987,1,2,1,894.2682082611085,773.1880211115958,1392.6960395743183,1392.6960395743183
263,5,7.780739775004618,1.5561479550009236,2020,8,7,26,26161,21,4,2201210401,NaN,NaN,NaN,NaN,NaN,NaN,NaN,1986,1,2,1,897.7870291617646,776.2304083324441,1207.9293625360647,1207.9293625360647
264,5,5.992761098455286,1.1985522196910572,2020,8,7,26,26161,21,4,2201210401,NaN,NaN,NaN,NaN,NaN,NaN,NaN,1985,1,2,1,1239.2367957513436,1071.4493000470077,1284.1879368577706,1284.1879368577706
265,5,4.779871405562617,0.9559742811125235,2020,8,7,26,26161,21,4,2201210401,NaN,NaN,NaN,NaN,NaN,NaN,NaN,1984,1,2,1,1225.6360069262485,1059.6900013264592,1013.0363872201908,1013.0363872201908
266,5,3.5629958872973577,0.7125991774594715,2020,8,7,26,26161,21,4,2201210401,NaN,NaN,NaN,NaN,NaN,NaN,NaN,1983,1,2,1,1183.3606665396974,1023.1385657802313,729.0877004020563,729.0877004020563
267,5,2.6061493961116446,0.5212298792223289,2020,8,7,26,26161,21,4,2201210401,NaN,NaN,NaN,NaN,NaN,NaN,NaN,1982,1,2,1,1410.963107221989,1219.9245848801386,635.8611440374243,635.8611440374243
268,5,1.8323500164585729,0.3664700032917146,2020,8,7,26,26161,21,4,2201210401,NaN,NaN,NaN,NaN,NaN,NaN,NaN,1981,1,2,1,1458.8547937970473,1261.331936755779,462.24031901483505,462.24031901483505
269,5,23.19180710506584,4.638361421013168,2020,8,7,26,26161,21,4,2201210401,NaN,NaN,NaN,NaN,NaN,NaN,NaN,1980,1,2,1,1543.375023361704,1334.40847960646,6189.468811679441,6189.468811679441
270,5,310.4463445557139,62.08926891114278,2020,8,7,26,26161,21,4,2202210401,NaN,NaN,NaN,NaN,NaN,NaN,NaN,2019,2,2,1,0.0030754097194808615,0.0030754097194808615,0.19094994108478938,0.19094994108478938
271,5,327.8141613006279,65.56283226012559,2020,8,7,26,26161,21,4,2202210401,NaN,NaN,NaN,NaN,NaN,NaN,NaN,2018,2,2,1,0.036194702582626505,0.036194702582626505,2.373027214129876,2.373027214129876
272,5,368.3242419642923,73.66484839285846,2020,8,7,26,26161,21,4,2202210401,NaN,NaN,NaN,NaN,NaN,NaN,NaN,2017,2,2,1,0.040877469237111726,0.040877469237111726,3.0112325740355708,3.0112325740355708
273,5,367.29985169622574,73.45997033924515,2020,8,7,26,26161,21,4,2202210401,NaN,NaN,NaN,NaN,NaN,NaN,NaN,2016,2,2,1,0.08350418183560457,0.08350418183560457,6.134214720846445,6.134214720846445
274,5,392.56334931271454,78.51266986254291,2020,8,7,26,26161,21,4,2202210401,NaN,NaN,NaN,NaN,NaN,NaN,NaN,2015,2,2,1,0.978558571963664,0.978558571963664,76.82924610174459,76.82924610174459
275,5,364.0998652152451,72.81997304304902,2020,8,7,26,26161,21,4,2202210401,NaN,NaN,NaN,NaN,NaN,NaN,NaN,2014,2,2,1,1.557899651375447,1.557899651375447,113.44621061693552,113.44621061693552
276,5,370.3959424661204,74.07918849322408,2020,8,7,26,26161,21,4,2202210401,NaN,NaN,NaN,NaN,NaN,NaN,NaN,2013,2,2,1,1.5714941189835308,1.5714941189835308,116.41500905617409,116.41500905617409
277,5,316.43263381169584,63.286526762339165,2020,8,7,26,26161,21,4,2202210401,NaN,NaN,NaN,NaN,NaN,NaN,NaN,2012,2,2,1,1.7182409125320046,1.7182409125320046,108.74149949510277,108.74149949510277
278,5,231.92053549096389,46.38410709819278,2020,8,7,26,26161,21,4,2202210401,NaN,NaN,NaN,NaN,NaN,NaN,NaN,2011,2,2,1,1.6048910170305444,1.6048910170305444,74.4414368148723,74.4414368148723
279,5,230.10402906651655,46.02080581330331,2020,8,7,26,26161,21,4,2202210401,NaN,NaN,NaN,NaN,NaN,NaN,NaN,2010,2,2,1,2.0836155679207353,2.0836155679207353,95.88966744085586,95.88966744085586
280,5,205.50535743034038,41.10107148606808,2020,8,7,26,26161,21,4,2202210401,NaN,NaN,NaN,NaN,NaN,NaN,NaN,2009,2,2,1,1.5057796592828594,1.5057796592828594,61.88915741845204,61.88915741845204
281,5,253.9388285109485,50.7877657021897,2020,8,7,26,26161,21,4,2202210401,NaN,NaN,NaN,NaN,NaN,NaN,NaN,2008,2,2,1,0.13508443680623966,0.13508443680623966,6.8606367265275505,6.8606367265275505
282,5,268.1829985315532,53.63659970631064,2020,8,7,26,26161,21,4,2202210401,NaN,NaN,NaN,NaN,NaN,NaN,NaN,2007,2,2,1,0.09345254780716401,0.09345254780716401,5.012476898267715,5.012476898267715
283,5,229.81669167512396,45.963338335024794,2020,8,7,26,26161,21,4,2202210401,NaN,NaN,NaN,NaN,NaN,NaN,NaN,2006,2,2,1,1.3847982718426297,1.3513553935776301,62.112805165869204,62.112805165869204
284,5,203.39262514967626,40.67852502993525,2020,8,7,26,26161,21,4,2202210401,NaN,NaN,NaN,NaN,NaN,NaN,NaN,2005,2,2,1,1.264545760244016,1.234006980134123,50.19758382850073,50.19758382850073
285,5,164.72170300101715,32.94434060020343,2020,8,7,26,26161,21,4,2202210401,NaN,NaN,NaN,NaN,NaN,NaN,NaN,2004,2,2,1,0.8708781667495713,0.8498464590225692,27.99763120391635,27.99763120391635
286,5,148.74713474802425,29.74942694960485,2020,8,7,26,26161,21,4,2202210401,NaN,NaN,NaN,NaN,NaN,NaN,NaN,2003,2,2,1,1.0713019424754,1.045430000564619,31.10094343272249,31.10094343272249
287,5,118.52562992373574,23.70512598474715,2020,8,7,26,26161,21,4,2202210401,NaN,NaN,NaN,NaN,NaN,NaN,NaN,2002,2,2,1,1.270950057262752,1.2402566133798565,29.400439273585334,29.400439273585334
288,5,94.5116320580201,18.90232641160402,2020,8,7,26,26161,21,4,2202210401,NaN,NaN,NaN,NaN,NaN,NaN,NaN,2001,2,2,1,0.9734454803952477,0.9499367720437024,17.956014935555544,17.956014935555544
289,5,83.62548218400153,16.725096436800307,2020,8,7,26,26161,21,4,2202210401,NaN,NaN,NaN,NaN,NaN,NaN,NaN,2000,2,2,1,1.267673767907486,1.2370594464125202,20.6899385393042,20.6899385393042
290,5,60.874080684058114,12.174816136811623,2020,8,7,26,26161,21,4,2202210401,NaN,NaN,NaN,NaN,NaN,NaN,NaN,1999,2,2,1,0.8852098221782299,0.8638320049726256,10.516995833635061,10.516995833635061
291,5,46.82985881634186,9.365971763268373,2020,8,7,26,26161,21,4,2202210401,NaN,NaN,NaN,NaN,NaN,NaN,NaN,1998,2,2,1,1.2470913768281766,1.2169741200777762,11.398145245276826,11.398145245276826
292,5,36.74778034358123,7.349556068716247,2020,8,7,26,26161,21,4,2202210401,NaN,NaN,NaN,NaN,NaN,NaN,NaN,1997,2,2,1,0.5429022980760717,0.5297912075775346,3.8937301848039785,3.8937301848039785
293,5,26.865139913300695,5.373027982660139,2020,8,7,26,26161,21,4,2202210401,NaN,NaN,NaN,NaN,NaN,NaN,NaN,1996,2,2,1,0.7589560130070171,0.7406272252928976,3.9794108062186737,3.9794108062186737
294,5,25.04660490806586,5.009320981613172,2020,8,7,26,26161,21,4,2202210401,NaN,NaN,NaN,NaN,NaN,NaN,NaN,1995,2,2,1,0.6208673383344945,0.6058733921137164,3.035014295316384,3.035014295316384
295,5,18.41216437802274,3.6824328756045484,2020,8,7,26,26161,21,4,2202210401,NaN,NaN,NaN,NaN,NaN,NaN,NaN,1994,2,2,1,0.10787087188418563,0.10526579032818255,0.3876342069809947,0.3876342069809947
296,5,15.146433442304176,3.029286688460835,2020,8,7,26,26161,21,4,2202210401,NaN,NaN,NaN,NaN,NaN,NaN,NaN,1993,2,2,1,0.4559265497868072,0.4449159236094558,1.3477778848743822,1.3477778848743822
297,5,12.785088718582324,2.557017743716465,2020,8,7,26,26161,21,4,2202210401,NaN,NaN,NaN,NaN,NaN,NaN,NaN,1992,2,2,1,0.7680664251923383,0.7495176210239433,1.916529856186376,1.916529856186376
298,5,12.603265015943999,2.5206530031887997,2020,8,7,26,26161,21,4,2202210401,NaN,NaN,NaN,NaN,NaN,NaN,NaN,1991,2,2,1,1.8609005604366629,1.8159598119021174,4.57740455354124,4.57740455354124
299,5,10.501237834887378,2.1002475669774756,2020,8,7,26,26161,21,4,2202210401,NaN,NaN,NaN,NaN,NaN,NaN,NaN,1990,2,2,1,0.7419695361708528,0.7240509718723267,1.5206862920425308,1.5206862920425308
300,5,10.217773915995503,2.0435547831991006,2020,8,7,26,26161,21,4,2202210401,NaN,NaN,NaN,NaN,NaN,NaN,NaN,1989,2,2,1,0.8248864528101237,0.8049654449747592,1.6449909853881615,1.6449909853881615
301,5,9.15454189972411,1.830908379944822,2020,8,7,26,26161,21,4,2202210401,NaN,NaN,NaN,NaN,NaN,NaN,NaN,1988,2,2,1,0.23550837259705037,0.2298208453988316,0.42078091172672416,0.42078091172672416
302,5,9.00619255308734,1.801238510617468,2020,8,7,26,26161,21,4,2202210401,NaN,NaN,NaN,NaN,NaN,NaN,NaN,1987,2,2,1,11.564710809556825,11.285423043506027,20.32773859457285,20.32773859457285
303,5,7.780739775004618,1.5561479550009236,2020,8,7,26,26161,21,4,2202210401,NaN,NaN,NaN,NaN,NaN,NaN,NaN,1986,2,2,1,8.04588990890144,7.8515816676014705,12.21822275556077,12.21822275556077
304,5,5.992761098455286,1.1985522196910572,2020,8,7,26,26161,21,4,2202210401,NaN,NaN,NaN,NaN,NaN,NaN,NaN,1985,2,2,1,43.28390163393614,42.23859540947658,50.625162284660654,50.625162284660654
305,5,4.779871405562617,0.9559742811125235,2020,8,7,26,26161,21,4,2202210401,NaN,NaN,NaN,NaN,NaN,NaN,NaN,1984,2,2,1,56.8846904590324,55.51092518444677,53.06701679709258,53.06701679709258
306,5,3.5629958872973577,0.7125991774594715,2020,8,7,26,26161,21,4,2202210401,NaN,NaN,NaN,NaN,NaN,NaN,NaN,1983,2,2,1,99.16003084558261,96.76531610066179,68.95488465993735,68.95488465993735
307,5,2.6061493961116446,0.5212298792223289,2020,8,7,26,26161,21,4,2202210401,NaN,NaN,NaN,NaN,NaN,NaN,NaN,1982,2,2,1,168.57080302932386,164.4998181361657,85.74222033920871,85.74222033920871
308,5,1.8323500164585729,0.3664700032917146,2020,8,7,26,26161,21,4,2202210401,NaN,NaN,NaN,NaN,NaN,NaN,NaN,1981,2,2,1,120.67911645426511,117.76471579189462,43.15723578390345,43.15723578390345
309,5,23.19180710506584,4.638361421013168,2020,8,7,26,26161,21,4,2202210401,NaN,NaN,NaN,NaN,NaN,NaN,NaN,1980,2,2,1,75.55669851354509,73.73200424444298,341.9956839814035,341.9956839814035
310,5,260.05730384453915,52.01146076890783,2020,8,7,26,26161,21,4,2205210401,NaN,NaN,NaN,NaN,NaN,NaN,NaN,2020,5,2,1,0.01169233103951734,0.01144966340868841,0.5955137191981967,0.5955137191981967
311,5,310.4463445557139,62.08926891114278,2020,8,7,26,26161,21,4,2205210401,NaN,NaN,NaN,NaN,NaN,NaN,NaN,2019,5,2,1,0.019864397120503294,0.019452122940890555,1.2077680921695633,1.2077680921695633
312,5,327.8141613006279,65.56283226012559,2020,8,7,26,26161,21,4,2205210401,NaN,NaN,NaN,NaN,NaN,NaN,NaN,2018,5,2,1,0.017779013609850836,0.01741002037004295,1.1414502451664956,1.1414502451664956
313,5,368.3242419642923,73.66484839285846,2020,8,7,26,26161,21,4,2205210401,NaN,NaN,NaN,NaN,NaN,NaN,NaN,2017,5,2,1,0.012376695246016723,0.012119824028233743,0.8928049995879618,0.8928049995879618
314,5,367.29985169622574,73.45997033924515,2020,8,7,26,26161,21,4,2205210401,NaN,NaN,NaN,NaN,NaN,NaN,NaN,2016,5,2,1,0.05211254801464077,0.051030981941936254,3.748734419837192,3.748734419837192
315,5,392.56334931271454,78.51266986254291,2020,8,7,26,26161,21,4,2205210401,NaN,NaN,NaN,NaN,NaN,NaN,NaN,2015,5,2,1,0.05446011770890072,0.05332982917238754,4.187067271637472,4.187067271637472
316,5,364.0998652152451,72.81997304304902,2020,8,7,26,26161,21,4,2205210401,NaN,NaN,NaN,NaN,NaN,NaN,NaN,2014,5,2,1,0.0855274133349924,0.08375234087982643,6.098843205161213,6.098843205161213
317,5,370.3959424661204,74.07918849322408,2020,8,7,26,26161,21,4,2205210401,NaN,NaN,NaN,NaN,NaN,NaN,NaN,2013,5,2,1,0.095935018574161,0.0939439422359835,6.959291004695976,6.959291004695976
318,5,316.43263381169584,63.286526762339165,2020,8,7,26,26161,21,4,2205210401,NaN,NaN,NaN,NaN,NaN,NaN,NaN,2012,5,2,1,0.11626261309010964,0.1138496491757966,7.205148869446976,7.205148869446976
319,5,231.92053549096389,46.38410709819278,2020,8,7,26,26161,21,4,2205210401,NaN,NaN,NaN,NaN,NaN,NaN,NaN,2011,5,2,1,0.20749487550924667,0.20318843826599772,9.42471428164457,9.42471428164457
320,5,230.10402906651655,46.02080581330331,2020,8,7,26,26161,21,4,2205210401,NaN,NaN,NaN,NaN,NaN,NaN,NaN,2010,5,2,1,0.1883441170610563,0.18443514283570284,8.48785389359074,8.48785389359074
321,5,205.50535743034038,41.10107148606808,2020,8,7,26,26161,21,4,2205210401,NaN,NaN,NaN,NaN,NaN,NaN,NaN,2009,5,2,1,0.15723229815851764,0.15396903190690706,6.328292187046484,6.328292187046484
322,5,253.9388285109485,50.7877657021897,2020,8,7,26,26161,21,4,2205210401,NaN,NaN,NaN,NaN,NaN,NaN,NaN,2008,5,2,1,0.1798171396965349,0.17608513800028505,8.942970732396217,8.942970732396217
323,5,268.1829985315532,53.63659970631064,2020,8,7,26,26161,21,4,2205210401,NaN,NaN,NaN,NaN,NaN,NaN,NaN,2007,5,2,1,0.10789597114539559,0.10565665209042288,5.667063554482941,5.667063554482941
324,5,229.81669167512396,45.963338335024794,2020,8,7,26,26161,21,4,2205210401,NaN,NaN,NaN,NaN,NaN,NaN,NaN,2006,5,2,1,0.12658405461888592,0.12395687509999732,5.697471789173587,5.697471789173587
325,5,203.39262514967626,40.67852502993525,2020,8,7,26,26161,21,4,2205210401,NaN,NaN,NaN,NaN,NaN,NaN,NaN,2005,5,2,1,0.06386481543953948,0.06253933779067197,2.544008017673425,2.544008017673425
326,5,164.72170300101715,32.94434060020343,2020,8,7,26,26161,21,4,2205210401,NaN,NaN,NaN,NaN,NaN,NaN,NaN,2004,5,2,1,0.04381370623744415,0.04290437787045376,1.4134564378040595,1.4134564378040595
327,5,148.74713474802425,29.74942694960485,2020,8,7,26,26161,21,4,2205210401,NaN,NaN,NaN,NaN,NaN,NaN,NaN,2003,5,2,1,0.06540181806038735,0.0640444408028517,1.9052854131927286,1.9052854131927286
328,5,118.52562992373574,23.70512598474715,2020,8,7,26,26161,21,4,2205210401,NaN,NaN,NaN,NaN,NaN,NaN,NaN,2002,5,2,1,0.03878385510987039,0.037978918420846115,0.9002950459305914,0.9002950459305914
329,5,94.5116320580201,18.90232641160402,2020,8,7,26,26161,21,4,2205210401,NaN,NaN,NaN,NaN,NaN,NaN,NaN,2001,5,2,1,0.04877000669104539,0.04775781314818144,0.9027337728313197,0.9027337728313197
330,5,83.62548218400153,16.725096436800307,2020,8,7,26,26161,21,4,2205210401,NaN,NaN,NaN,NaN,NaN,NaN,NaN,2000,5,2,1,0.09143864192074558,0.09143864192074558,1.529320104174521,1.529320104174521
331,5,60.874080684058114,12.174816136811623,2020,8,7,26,26161,21,4,2205210401,NaN,NaN,NaN,NaN,NaN,NaN,NaN,1999,5,2,1,0.1426398472476413,0.1426398472476413,1.7366139140229284,1.7366139140229284
332,5,46.82985881634186,9.365971763268373,2020,8,7,26,26161,21,4,2205210401,NaN,NaN,NaN,NaN,NaN,NaN,NaN,1998,5,2,1,0.09102898942867702,0.09102898942867702,0.8525749446278441,0.8525749446278441
333,5,260.05730384453915,52.01146076890783,2020,8,7,26,26161,21,4,2209210401,NaN,NaN,NaN,NaN,NaN,NaN,NaN,2020,9,2,1,0,0,0,0
334,5,310.4463445557139,62.08926891114278,2020,8,7,26,26161,21,4,2209210401,NaN,NaN,NaN,NaN,NaN,NaN,NaN,2019,9,2,1,0,0,0,0
335,5,327.8141613006279,65.56283226012559,2020,8,7,26,26161,21,4,2209210401,NaN,NaN,NaN,NaN,NaN,NaN,NaN,2018,9,2,1,0,0,0,0
336,5,368.3242419642923,73.66484839285846,2020,8,7,26,26161,21,4,2209210401,NaN,NaN,NaN,NaN,NaN,NaN,NaN,2017,9,2,1,0,0,0,0
337,5,367.29985169622574,73.45997033924515,2020,8,7,26,26161,21,4,2209210401,NaN,NaN,NaN,NaN,NaN,NaN,NaN,2016,9,2,1,0,0,0,0
338,5,392.56334931271454,78.51266986254291,2020,8,7,26,26161,21,4,2209210401,NaN,NaN,NaN,NaN,NaN,NaN,NaN,2015,9,2,1,0,0,0,0
339,5,364.0998652152451,72.81997304304902,2020,8,7,26,26161,21,4,2209210401,NaN,NaN,NaN,NaN,NaN,NaN,NaN,2014,9,2,1,0,0,0,0
340,5,370.3959424661204,74.07918849322408,2020,8,7,26,26161,21,4,2209210401,NaN,NaN,NaN,NaN,NaN,NaN,NaN,2013,9,2,1,0,0,0,0
341,5,316.43263381169584,63.286526762339165,2020,8,7,26,26161,21,4,2209210401,NaN,NaN,NaN,NaN,NaN,NaN,NaN,2012,9,2,1,0,0,0,0
342,5,231.92053549096389,46.38410709819278,2020,8,7,26,26161,21,4,2209210401,NaN,NaN,NaN,NaN,NaN,NaN,NaN,2011,9,2,1,0,0,0,0
343,5,230.10402906651655,46.02080581330331,2020,8,7,26,26161,21,4,2209210401,NaN,NaN,NaN,NaN,NaN,NaN,NaN,2010,9,2,1,0,0,0,0
344,5,205.50535743034038,41.10107148606808,2020,8,7,26,26161,21,4,2209210401,NaN,NaN,NaN,NaN,NaN,NaN,NaN,2009,9,2,1,0,0,0,0
345,5,253.9388285109485,50.7877657021897,2020,8,7,26,26161,21,4,2209210401,NaN,NaN,NaN,NaN,NaN,NaN,NaN,2008,9,2,1,0,0,0,0
346,5,268.1829985315532,53.63659970631064,2020,8,7,26,26161,21,4,2209210401,NaN,NaN,NaN,NaN,NaN,NaN,NaN,2007,9,2,1,0,0,0,0
347,5,229.81669167512396,45.963338335024794,2020,8,7,26,26161,21,4,2209210401,NaN,NaN,NaN,NaN,NaN,NaN,NaN,2006,9,2,1,0,0,0,0
348,5,203.39262514967626,40.67852502993525,2020,8,7,26,26161,21,4,2209210401,NaN,NaN,NaN,NaN,NaN,NaN,NaN,2005,9,2,1,0,0,0,0
349,5,164.72170300101715,32.94434060020343,2020,8,7,26,26161,21,4,2209210401,NaN,NaN,NaN,NaN,NaN,NaN,NaN,2004,9,2,1,0,0,0,0
350,5,148.74713474802425,29.74942694960485,2020,8,7,26,26161,21,4,2209210401,NaN,NaN,NaN,NaN,NaN,NaN,NaN,2003,9,2,1,0,0,0,0
351,5,118.52562992373574,23.70512598474715,2020,8,7,26,26161,21,4,2209210401,NaN,NaN,NaN,NaN,NaN,NaN,NaN,2002,9,2,1,0,0,0,0
352,5,94.5116320580201,18.90232641160402,2020,8,7,26,26161,21,4,2209210401,NaN,NaN,NaN,NaN,NaN,NaN,NaN,2001,9,2,1,0,0,0,0
353,5,260.05730384453915,52.01146076890783,2020,8,7,26,26161,21,4,2201210415,NaN,NaN,NaN,NaN,NaN,NaN,NaN,2020,1,2,15,0,0,0,0.933789806136045
354,5,310.4463445557139,62.08926891114278,2020,8,7,26,26161,21,4,2201210415,NaN,NaN,NaN,NaN,NaN,NaN,NaN,2019,1,2,15,0,0,0,1.2024098030800576
355,5,327.8141613006279,65.56283226012559,2020,8,7,26,26161,21,4,2201210415,NaN,NaN,NaN,NaN,NaN,NaN,NaN,2018,1,2,15,0,0,0,1.3440075561714466
356,5,368.3242419642923,73.66484839285846,2020,8,7,26,26161,21,4,2201210415,NaN,NaN,NaN,NaN,NaN,NaN,NaN,2017,1,2,15,0,0,0,1.6405945536479614
357,5,367.29985169622574,73.45997033924515,2020,8,7,26,26161,21,4,2201210415,NaN,NaN,NaN,NaN,NaN,NaN,NaN,2016,1,2,15,0,0,0,3.5606246504737418
358,5,392.56334931271454,78.51266986254291,2020,8,7,26,26161,21,4,2201210415,NaN,NaN,NaN,NaN,NaN,NaN,NaN,2015,1,2,15,0,0,0,3.769824233262366
359,5,364.0998652152451,72.81997304304902,2020,8,7,26,26161,21,4,2201210415,NaN,NaN,NaN,NaN,NaN,NaN,NaN,2014,1,2,15,0,0,0,4.271073741911984
360,5,370.3959424661204,74.07918849322408,2020,8,7,26,26161,21,4,2201210415,NaN,NaN,NaN,NaN,NaN,NaN,NaN,2013,1,2,15,0,0,0,4.339566862555067
361,5,316.43263381169584,63.286526762339165,2020,8,7,26,26161,21,4,2201210415,NaN,NaN,NaN,NaN,NaN,NaN,NaN,2012,1,2,15,0,0,0,4.357715571806762
362,5,231.92053549096389,46.38410709819278,2020,8,7,26,26161,21,4,2201210415,NaN,NaN,NaN,NaN,NaN,NaN,NaN,2011,1,2,15,0,0,0,3.195779282017185
363,5,230.10402906651655,46.02080581330331,2020,8,7,26,26161,21,4,2201210415,NaN,NaN,NaN,NaN,NaN,NaN,NaN,2010,1,2,15,0,0,0,4.573796828387848
364,5,205.50535743034038,41.10107148606808,2020,8,7,26,26161,21,4,2201210415,NaN,NaN,NaN,NaN,NaN,NaN,NaN,2009,1,2,15,0,0,0,4.030624783361816
365,5,253.9388285109485,50.7877657021897,2020,8,7,26,26161,21,4,2201210415,NaN,NaN,NaN,NaN,NaN,NaN,NaN,2008,1,2,15,0,0,0,5.077078950766704
366,5,268.1829985315532,53.63659970631064,2020,8,7,26,26161,21,4,2201210415,NaN,NaN,NaN,NaN,NaN,NaN,NaN,2007,1,2,15,0,0,0,5.469836079740803
367,5,229.81669167512396,45.963338335024794,2020,8,7,26,26161,21,4,2201210415,NaN,NaN,NaN,NaN,NaN,NaN,NaN,2006,1,2,15,0,0,0,4.656776240441283
368,5,203.39262514967626,40.67852502993525,2020,8,7,26,26161,21,4,2201210415,NaN,NaN,NaN,NaN,NaN,NaN,NaN,2005,1,2,15,0,0,0,5.337664817844497
369,5,164.72170300101715,32.94434060020343,2020,8,7,26,26161,21,4,2201210415,NaN,NaN,NaN,NaN,NaN,NaN,NaN,2004,1,2,15,0,0,0,4.33069431484435
370,5,148.74713474802425,29.74942694960485,2020,8,7,26,26161,21,4,2201210415,NaN,NaN,NaN,NaN,NaN,NaN,NaN,2003,1,2,15,0,0,0,3.9071295080831265
371,5,118.52562992373574,23.70512598474715,2020,8,7,26,26161,21,4,2201210415,NaN,NaN,NaN,NaN,NaN,NaN,NaN,2002,1,2,15,0,0,0,3.306127040348237
372,5,94.5116320580201,18.90232641160402,2020,8,7,26,26161,21,4,2201210415,NaN,NaN,NaN,NaN,NaN,NaN,NaN,2001,1,2,15,0,0,0,2.8000028373223866
373,5,83.62548218400153,16.725096436800307,2020,8,7,26,26161,21,4,2201210415,NaN,NaN,NaN,NaN,NaN,NaN,NaN,2000,1,2,15,0,0,0,3.4230286680230098
374,5,60.874080684058114,12.174816136811623,2020,8,7,26,26161,21,4,2201210415,NaN,NaN,NaN,NaN,NaN,NaN,NaN,1999,1,2,15,0,0,0,2.866004149405351
375,5,46.82985881634186,9.365971763268373,2020,8,7,26,26161,21,4,2201210415,NaN,NaN,NaN,NaN,NaN,NaN,NaN,1998,1,2,15,0,0,0,2.6432515087946182
376,5,36.74778034358123,7.349556068716247,2020,8,7,26,26161,21,4,2201210415,NaN,NaN,NaN,NaN,NaN,NaN,NaN,1997,1,2,15,0,0,0,2.2000203515976877
377,5,26.865139913300695,5.373027982660139,2020,8,7,26,26161,21,4,2201210415,NaN,NaN,NaN,NaN,NaN,NaN,NaN,1996,1,2,15,0,0,0,1.6406056897437227
378,5,25.04660490806586,5.009320981613172,2020,8,7,26,26161,21,4,2201210415,NaN,NaN,NaN,NaN,NaN,NaN,NaN,1995,1,2,15,0,0,0,1.6508617241490366
379,5,18.41216437802274,3.6824328756045484,2020,8,7,26,26161,21,4,2201210415,NaN,NaN,NaN,NaN,NaN,NaN,NaN,1994,1,2,15,0,0,0,1.325155858648683
380,5,15.146433442304176,3.029286688460835,2020,8,7,26,26161,21,4,2201210415,NaN,NaN,NaN,NaN,NaN,NaN,NaN,1993,1,2,15,0,0,0,0.897062480360002
381,5,12.785088718582324,2.557017743716465,2020,8,7,26,26161,21,4,2201210415,NaN,NaN,NaN,NaN,NaN,NaN,NaN,1992,1,2,15,0,0,0,0.7568506645324051
382,5,12.603265015943999,2.5206530031887997,2020,8,7,26,26161,21,4,2201210415,NaN,NaN,NaN,NaN,NaN,NaN,NaN,1991,1,2,15,0,0,0,0.7448486023404729
383,5,10.501237834887378,2.1002475669774756,2020,8,7,26,26161,21,4,2201210415,NaN,NaN,NaN,NaN,NaN,NaN,NaN,1990,1,2,15,0,0,0,0.6577462891060377
384,5,10.217773915995503,2.0435547831991006,2020,8,7,26,26161,21,4,2201210415,NaN,NaN,NaN,NaN,NaN,NaN,NaN,1989,1,2,15,0,0,0,0.8314945127830631
385,5,9.15454189972411,1.830908379944822,2020,8,7,26,26161,21,4,2201210415,NaN,NaN,NaN,NaN,NaN,NaN,NaN,1988,1,2,15,0,0,0,0.7454567532953449
386,5,9.00619255308734,1.801238510617468,2020,8,7,26,26161,21,4,2201210415,NaN,NaN,NaN,NaN,NaN,NaN,NaN,1987,1,2,15,0,0,0,0.7242019405786455
387,5,7.780739775004618,1.5561479550009236,2020,8,7,26,26161,21,4,2201210415,NaN,NaN,NaN,NaN,NaN,NaN,NaN,1986,1,2,15,0,0,0,0.6281232685187536
388,5,5.992761098455286,1.1985522196910572,2020,8,7,26,26161,21,4,2201210415,NaN,NaN,NaN,NaN,NaN,NaN,NaN,1985,1,2,15,0,0,0,0.6677777271660407
389,5,4.779871405562617,0.9559742811125235,2020,8,7,26,26161,21,4,2201210415,NaN,NaN,NaN,NaN,NaN,NaN,NaN,1984,1,2,15,0,0,0,0.5267789213544992
390,5,3.5629958872973577,0.7125991774594715,2020,8,7,26,26161,21,4,2201210415,NaN,NaN,NaN,NaN,NaN,NaN,NaN,1983,1,2,15,0,0,0,0.3791256042090692
391,5,2.6061493961116446,0.5212298792223289,2020,8,7,26,26161,21,4,2201210415,NaN,NaN,NaN,NaN,NaN,NaN,NaN,1982,1,2,15,0,0,0,0.3306477948994606
392,5,1.8323500164585729,0.3664700032917146,2020,8,7,26,26161,21,4,2201210415,NaN,NaN,NaN,NaN,NaN,NaN,NaN,1981,1,2,15,0,0,0,0.2403649658877142
393,5,23.19180710506584,4.638361421013168,2020,8,7,26,26161,21,4,2201210415,NaN,NaN,NaN,NaN,NaN,NaN,NaN,1980,1,2,15,0,0,0,3.218523782073309
394,5,310.4463445557139,62.08926891114278,2020,8,7,26,26161,21,4,2202210415,NaN,NaN,NaN,NaN,NaN,NaN,NaN,2019,2,2,15,0,0,0,0
395,5,327.8141613006279,65.56283226012559,2020,8,7,26,26161,21,4,2202210415,NaN,NaN,NaN,NaN,NaN,NaN,NaN,2018,2,2,15,0,0,0,0
396,5,368.3242419642923,73.66484839285846,2020,8,7,26,26161,21,4,2202210415,NaN,NaN,NaN,NaN,NaN,NaN,NaN,2017,2,2,15,0,0,0,0
397,5,367.29985169622574,73.45997033924515,2020,8,7,26,26161,21,4,2202210415,NaN,NaN,NaN,NaN,NaN,NaN,NaN,2016,2,2,15,0,0,0,0
398,5,392.56334931271454,78.51266986254291,2020,8,7,26,26161,21,4,2202210415,NaN,NaN,NaN,NaN,NaN,NaN,NaN,2015,2,2,15,0,0,0,0
399,5,364.0998652152451,72.81997304304902,2020,8,7,26,26161,21,4,2202210415,NaN,NaN,NaN,NaN,NaN,NaN,NaN,2014,2,2,15,0,0,0,0
400,5,370.3959424661204,74.07918849322408,2020,8,7,26,26161,21,4,2202210415,NaN,NaN,NaN,NaN,NaN,NaN,NaN,2013,2,2,15,0,0,0,0
401,5,316.43263381169584,63.286526762339165,2020,8,7,26,26161,21,4,2202210415,NaN,NaN,NaN,NaN,NaN,NaN,NaN,2012,2,2,15,0,0,0,0
402,5,231.92053549096389,46.38410709819278,2020,8,7,26,26161,21,4,2202210415,NaN,NaN,NaN,NaN,NaN,NaN,NaN,2011,2,2,15,0,0,0,0
403,5,230.10402906651655,46.02080581330331,2020,8,7,26,26161,21,4,2202210415,NaN,NaN,NaN,NaN,NaN,NaN,NaN,2010,2,2,15,0,0,0,0
404,5,205.50535743034038,41.10107148606808,2020,8,7,26,26161,21,4,2202210415,NaN,NaN,NaN,NaN,NaN,NaN,NaN,2009,2,2,15,0,0,0,0
405,5,253.9388285109485,50.7877657021897,2020,8,7,26,26161,21,4,2202210415,NaN,NaN,NaN,NaN,NaN,NaN,NaN,2008,2,2,15,0,0,0,0
406,5,268.1829985315532,53.63659970631064,2020,8,7,26,26161,21,4,2202210415,NaN,NaN,NaN,NaN,NaN,NaN,NaN,2007,2,2,15,0,0,0,0
407,5,229.81669167512396,45.963338335024794,2020,8,7,26,26161,21,4,2202210415,NaN,NaN,NaN,NaN,NaN,NaN,NaN,2006,2,2,15,0,0,0,0
408,5,203.39262514967626,40.67852502993525,2020,8,7,26,26161,21,4,2202210415,NaN,NaN,NaN,NaN,NaN,NaN,NaN,2005,2,2,15,0,0,0,0
409,5,164.72170300101715,32.94434060020343,2020,8,7,26,26161,21,4,2202210415,NaN,NaN,NaN,NaN,NaN,NaN,NaN,2004,2,2,15,0,0,0,0
410,5,148.74713474802425,29.74942694960485,2020,8,7,26,26161,21,4,2202210415,NaN,NaN,NaN,NaN,NaN,NaN,NaN,2003,2,2,15,0,0,0,0
411,5,118.52562992373574,23.70512598474715,2020,8,7,26,26161,21,4,2202210415,NaN,NaN,NaN,NaN,NaN,NaN,NaN,2002,2,2,15,0,0,0,0
412,5,94.5116320580201,18.90232641160402,2020,8,7,26,26161,21,4,2202210415,NaN,NaN,NaN,NaN,NaN,NaN,NaN,2001,2,2,15,0,0,0,0
413,5,83.62548218400153,16.725096436800307,2020,8,7,26,26161,21,4,2202210415,NaN,NaN,NaN,NaN,NaN,NaN,NaN,2000,2,2,15,0,0,0,0.2689692010109546
414,5,60.874080684058114,12.174816136811623,2020,8,7,26,26161,21,4,2202210415,NaN,NaN,NaN,NaN,NaN,NaN,NaN,1999,2,2,15,0,0,0,0.13672094583725578
415,5,46.82985881634186,9.365971763268373,2020,8,7,26,26161,21,4,2202210415,NaN,NaN,NaN,NaN,NaN,NaN,NaN,1998,2,2,15,0,0,0,0.14817588818859873
416,5,36.74778034358123,7.349556068716247,2020,8,7,26,26161,21,4,2202210415,NaN,NaN,NaN,NaN,NaN,NaN,NaN,1997,2,2,15,0,0,0,0.05061849240245172
417,5,26.865139913300695,5.373027982660139,2020,8,7,26,26161,21,4,2202210415,NaN,NaN,NaN,NaN,NaN,NaN,NaN,1996,2,2,15,0,0,0,0.051732340480842756
418,5,25.04660490806586,5.009320981613172,2020,8,7,26,26161,21,4,2202210415,NaN,NaN,NaN,NaN,NaN,NaN,NaN,1995,2,2,15,0,0,0,0.03945518583911299
419,5,18.41216437802274,3.6824328756045484,2020,8,7,26,26161,21,4,2202210415,NaN,NaN,NaN,NaN,NaN,NaN,NaN,1994,2,2,15,0,0,0,0.005039244690752931
420,5,15.146433442304176,3.029286688460835,2020,8,7,26,26161,21,4,2202210415,NaN,NaN,NaN,NaN,NaN,NaN,NaN,1993,2,2,15,0,0,0,0.017521112503366968
421,5,12.785088718582324,2.557017743716465,2020,8,7,26,26161,21,4,2202210415,NaN,NaN,NaN,NaN,NaN,NaN,NaN,1992,2,2,15,0,0,0,0.024914888130422887
422,5,12.603265015943999,2.5206530031887997,2020,8,7,26,26161,21,4,2202210415,NaN,NaN,NaN,NaN,NaN,NaN,NaN,1991,2,2,15,0,0,0,0.05950625919603612
423,5,10.501237834887378,2.1002475669774756,2020,8,7,26,26161,21,4,2202210415,NaN,NaN,NaN,NaN,NaN,NaN,NaN,1990,2,2,15,0,0,0,0.0197689217965529
424,5,10.217773915995503,2.0435547831991006,2020,8,7,26,26161,21,4,2202210415,NaN,NaN,NaN,NaN,NaN,NaN,NaN,1989,2,2,15,0,0,0,0.021384882810046097
425,5,9.15454189972411,1.830908379944822,2020,8,7,26,26161,21,4,2202210415,NaN,NaN,NaN,NaN,NaN,NaN,NaN,1988,2,2,15,0,0,0,0.005470151852447414
426,5,9.00619255308734,1.801238510617468,2020,8,7,26,26161,21,4,2202210415,NaN,NaN,NaN,NaN,NaN,NaN,NaN,1987,2,2,15,0,0,0,0.26426060172944704
427,5,7.780739775004618,1.5561479550009236,2020,8,7,26,26161,21,4,2202210415,NaN,NaN,NaN,NaN,NaN,NaN,NaN,1986,2,2,15,0,0,0,0.15883689582229002
428,5,5.992761098455286,1.1985522196910572,2020,8,7,26,26161,21,4,2202210415,NaN,NaN,NaN,NaN,NaN,NaN,NaN,1985,2,2,15,0,0,0,0.6581271097005885
429,5,4.779871405562617,0.9559742811125235,2020,8,7,26,26161,21,4,2202210415,NaN,NaN,NaN,NaN,NaN,NaN,NaN,1984,2,2,15,0,0,0,0.6898712183622034
430,5,3.5629958872973577,0.7125991774594715,2020,8,7,26,26161,21,4,2202210415,NaN,NaN,NaN,NaN,NaN,NaN,NaN,1983,2,2,15,0,0,0,0.8964135005791855
431,5,2.6061493961116446,0.5212298792223289,2020,8,7,26,26161,21,4,2202210415,NaN,NaN,NaN,NaN,NaN,NaN,NaN,1982,2,2,15,0,0,0,1.1146488644097132
432,5,1.8323500164585729,0.3664700032917146,2020,8,7,26,26161,21,4,2202210415,NaN,NaN,NaN,NaN,NaN,NaN,NaN,1981,2,2,15,0,0,0,0.5610440651907449
433,5,23.19180710506584,4.638361421013168,2020,8,7,26,26161,21,4,2202210415,NaN,NaN,NaN,NaN,NaN,NaN,NaN,1980,2,2,15,0,0,0,4.445943891758245
434,5,260.05730384453915,52.01146076890783,2020,8,7,26,26161,21,4,2205210415,NaN,NaN,NaN,NaN,NaN,NaN,NaN,2020,5,2,15,0,0,0,0.0003096671339830623
435,5,310.4463445557139,62.08926891114278,2020,8,7,26,26161,21,4,2205210415,NaN,NaN,NaN,NaN,NaN,NaN,NaN,2019,5,2,15,0,0,0,0.0006280394079281728
436,5,327.8141613006279,65.56283226012559,2020,8,7,26,26161,21,4,2205210415,NaN,NaN,NaN,NaN,NaN,NaN,NaN,2018,5,2,15,0,0,0,0.0005935541274865777
437,5,368.3242419642923,73.66484839285846,2020,8,7,26,26161,21,4,2205210415,NaN,NaN,NaN,NaN,NaN,NaN,NaN,2017,5,2,15,0,0,0,0.00046425859978574006
438,5,367.29985169622574,73.45997033924515,2020,8,7,26,26161,21,4,2205210415,NaN,NaN,NaN,NaN,NaN,NaN,NaN,2016,5,2,15,0,0,0,0.0019493418983153397
439,5,392.56334931271454,78.51266986254291,2020,8,7,26,26161,21,4,2205210415,NaN,NaN,NaN,NaN,NaN,NaN,NaN,2015,5,2,15,0,0,0,0.0021772749812514853
440,5,364.0998652152451,72.81997304304902,2020,8,7,26,26161,21,4,2205210415,NaN,NaN,NaN,NaN,NaN,NaN,NaN,2014,5,2,15,0,0,0,0.0031713984666838307
441,5,370.3959424661204,74.07918849322408,2020,8,7,26,26161,21,4,2205210415,NaN,NaN,NaN,NaN,NaN,NaN,NaN,2013,5,2,15,0,0,0,0.0036188313224419072
442,5,316.43263381169584,63.286526762339165,2020,8,7,26,26161,21,4,2205210415,NaN,NaN,NaN,NaN,NaN,NaN,NaN,2012,5,2,15,0,0,0,0.0037466774121124274
443,5,231.92053549096389,46.38410709819278,2020,8,7,26,26161,21,4,2205210415,NaN,NaN,NaN,NaN,NaN,NaN,NaN,2011,5,2,15,0,0,0,0.004900851426455176
444,5,230.10402906651655,46.02080581330331,2020,8,7,26,26161,21,4,2205210415,NaN,NaN,NaN,NaN,NaN,NaN,NaN,2010,5,2,15,0,0,0,0.004413684024667184
445,5,205.50535743034038,41.10107148606808,2020,8,7,26,26161,21,4,2205210415,NaN,NaN,NaN,NaN,NaN,NaN,NaN,2009,5,2,15,0,0,0,0.0032907119372641716
446,5,253.9388285109485,50.7877657021897,2020,8,7,26,26161,21,4,2205210415,NaN,NaN,NaN,NaN,NaN,NaN,NaN,2008,5,2,15,0,0,0,0.004650344780846033
447,5,268.1829985315532,53.63659970631064,2020,8,7,26,26161,21,4,2205210415,NaN,NaN,NaN,NaN,NaN,NaN,NaN,2007,5,2,15,0,0,0,0.002946873048331129
448,5,229.81669167512396,45.963338335024794,2020,8,7,26,26161,21,4,2205210415,NaN,NaN,NaN,NaN,NaN,NaN,NaN,2006,5,2,15,0,0,0,0.002962685330370265
449,5,203.39262514967626,40.67852502993525,2020,8,7,26,26161,21,4,2205210415,NaN,NaN,NaN,NaN,NaN,NaN,NaN,2005,5,2,15,0,0,0,0.001322884169190181
450,5,164.72170300101715,32.94434060020343,2020,8,7,26,26161,21,4,2205210415,NaN,NaN,NaN,NaN,NaN,NaN,NaN,2004,5,2,15,0,0,0,0.0007349973476581109
451,5,148.74713474802425,29.74942694960485,2020,8,7,26,26161,21,4,2205210415,NaN,NaN,NaN,NaN,NaN,NaN,NaN,2003,5,2,15,0,0,0,0.0009907484148602187
452,5,118.52562992373574,23.70512598474715,2020,8,7,26,26161,21,4,2205210415,NaN,NaN,NaN,NaN,NaN,NaN,NaN,2002,5,2,15,0,0,0,0.0004681534238839075
453,5,94.5116320580201,18.90232641160402,2020,8,7,26,26161,21,4,2205210415,NaN,NaN,NaN,NaN,NaN,NaN,NaN,2001,5,2,15,0,0,0,0.0004694215618722862
454,5,83.62548218400153,16.725096436800307,2020,8,7,26,26161,21,4,2205210415,NaN,NaN,NaN,NaN,NaN,NaN,NaN,2000,5,2,15,0,0,0,0.0007952464541707508
455,5,60.874080684058114,12.174816136811623,2020,8,7,26,26161,21,4,2205210415,NaN,NaN,NaN,NaN,NaN,NaN,NaN,1999,5,2,15,0,0,0,0.0009030392352919227
456,5,46.82985881634186,9.365971763268373,2020,8,7,26,26161,21,4,2205210415,NaN,NaN,NaN,NaN,NaN,NaN,NaN,1998,5,2,15,0,0,0,0.0004433389712064789
457,5,260.05730384453915,52.01146076890783,2020,8,7,26,26161,21,4,2201210401,NaN,NaN,NaN,NaN,NaN,NaN,NaN,2020,1,3,1,0.771623548490833,0.7312881021804019,38.035362437325034,38.035362437325034
458,5,310.4463445557139,62.08926891114278,2020,8,7,26,26161,21,4,2201210401,NaN,NaN,NaN,NaN,NaN,NaN,NaN,2019,1,3,1,0.9051441190260986,0.8578290881569837,53.261980934379366,53.261980934379366
459,5,327.8141613006279,65.56283226012559,2020,8,7,26,26161,21,4,2201210401,NaN,NaN,NaN,NaN,NaN,NaN,NaN,2018,1,3,1,1.0329078351973393,0.9789141505674295,64.1803842507157,64.1803842507157
460,5,368.3242419642923,73.66484839285846,2020,8,7,26,26161,21,4,2201210401,NaN,NaN,NaN,NaN,NaN,NaN,NaN,2017,1,3,1,1.1829448659303934,1.1211082239289183,82.58626734771057,82.58626734771057
461,5,367.29985169622574,73.45997033924515,2020,8,7,26,26161,21,4,2201210401,NaN,NaN,NaN,NaN,NaN,NaN,NaN,2016,1,3,1,3.0320209141999515,1.5519054191946062,114.00292606334958,114.00292606334958
462,5,392.56334931271454,78.51266986254291,2020,8,7,26,26161,21,4,2201210401,NaN,NaN,NaN,NaN,NaN,NaN,NaN,2015,1,3,1,3.0035723864710917,1.5373443638457598,120.70101050366318,120.70101050366318
463,5,364.0998652152451,72.81997304304902,2020,8,7,26,26161,21,4,2201210401,NaN,NaN,NaN,NaN,NaN,NaN,NaN,2014,1,3,1,3.2643440307084886,1.6708173639721753,121.66887540431202,121.66887540431202
464,5,370.3959424661204,74.07918849322408,2020,8,7,26,26161,21,4,2201210401,NaN,NaN,NaN,NaN,NaN,NaN,NaN,2013,1,3,1,3.2603147972907642,1.6687550466751928,123.62001965167056,123.62001965167056
465,5,316.43263381169584,63.286526762339165,2020,8,7,26,26161,21,4,2201210401,NaN,NaN,NaN,NaN,NaN,NaN,NaN,2012,1,3,1,3.5305680271893247,1.807081088580181,114.36388567414662,114.36388567414662
466,5,231.92053549096389,46.38410709819278,2020,8,7,26,26161,21,4,2201210401,NaN,NaN,NaN,NaN,NaN,NaN,NaN,2011,1,3,1,3.532681966764344,1.8081630845080314,83.87003016281913,83.87003016281913
467,5,230.10402906651655,46.02080581330331,2020,8,7,26,26161,21,4,2201210401,NaN,NaN,NaN,NaN,NaN,NaN,NaN,2010,1,3,1,4.1933347886461,2.1463107172248197,98.77494873241518,98.77494873241518
468,5,205.50535743034038,41.10107148606808,2020,8,7,26,26161,21,4,2201210401,NaN,NaN,NaN,NaN,NaN,NaN,NaN,2009,1,3,1,5.119130997832349,2.620168977033385,107.69175243062702,107.69175243062702
469,5,253.9388285109485,50.7877657021897,2020,8,7,26,26161,21,4,2201210401,NaN,NaN,NaN,NaN,NaN,NaN,NaN,2008,1,3,1,5.4180830118664955,2.773184165182624,140.84382763031766,140.84382763031766
470,5,268.1829985315532,53.63659970631064,2020,8,7,26,26161,21,4,2201210401,NaN,NaN,NaN,NaN,NaN,NaN,NaN,2007,1,3,1,5.613471517195119,2.87319154931633,154.1082250102345,154.1082250102345
471,5,229.81669167512396,45.963338335024794,2020,8,7,26,26161,21,4,2201210401,NaN,NaN,NaN,NaN,NaN,NaN,NaN,2006,1,3,1,7.345493885324592,3.759707498687893,172.80870780292142,172.80870780292142
472,5,203.39262514967626,40.67852502993525,2020,8,7,26,26161,21,4,2201210401,NaN,NaN,NaN,NaN,NaN,NaN,NaN,2005,1,3,1,9.45193169996335,4.837863735811642,196.79716106862995,196.79716106862995
473,5,164.72170300101715,32.94434060020343,2020,8,7,26,26161,21,4,2201210401,NaN,NaN,NaN,NaN,NaN,NaN,NaN,2004,1,3,1,12.878177728212371,6.5915487957765695,217.1542286109241,217.1542286109241
474,5,148.74713474802425,29.74942694960485,2020,8,7,26,26161,21,4,2201210401,NaN,NaN,NaN,NaN,NaN,NaN,NaN,2003,1,3,1,18.26637113134458,9.349434304688353,278.14031286745575,278.14031286745575
475,5,118.52562992373574,23.70512598474715,2020,8,7,26,26161,21,4,2201210401,NaN,NaN,NaN,NaN,NaN,NaN,NaN,2002,1,3,1,21.935342502766964,11.227355570835917,266.1458782822181,266.1458782822181
476,5,94.5116320580201,18.90232641160402,2020,8,7,26,26161,21,4,2201210401,NaN,NaN,NaN,NaN,NaN,NaN,NaN,2001,1,3,1,22.00153954930486,11.26123777619133,212.86359224425428,212.86359224425428
477,5,83.62548218400153,16.725096436800307,2020,8,7,26,26161,21,4,2201210401,NaN,NaN,NaN,NaN,NaN,NaN,NaN,2000,1,3,1,42.04763109746299,41.49182427267956,693.9547622993374,693.9547622993374
478,5,60.874080684058114,12.174816136811623,2020,8,7,26,26161,21,4,2201210401,NaN,NaN,NaN,NaN,NaN,NaN,NaN,1999,1,3,1,57.90284384062456,57.13745480583229,695.6380067863918,695.6380067863918
479,5,46.82985881634186,9.365971763268373,2020,8,7,26,26161,21,4,2201210401,NaN,NaN,NaN,NaN,NaN,NaN,NaN,1998,1,3,1,65.68003868025707,64.81184675605782,607.0259266425144,607.0259266425144
480,5,36.74778034358123,7.349556068716247,2020,8,7,26,26161,21,4,2201210401,NaN,NaN,NaN,NaN,NaN,NaN,NaN,1997,1,3,1,83.07082102770025,81.97274895889481,602.4633145801987,602.4633145801987
481,5,26.865139913300695,5.373027982660139,2020,8,7,26,26161,21,4,2201210401,NaN,NaN,NaN,NaN,NaN,NaN,NaN,1996,1,3,1,84.27041150333773,83.15648264174986,446.8021081737141,446.8021081737141
482,5,25.04660490806586,5.009320981613172,2020,8,7,26,26161,21,4,2201210401,NaN,NaN,NaN,NaN,NaN,NaN,NaN,1995,1,3,1,97.45728731637983,96.16904767001859,481.7416282751814,481.7416282751814
483,5,18.41216437802274,3.6824328756045484,2020,8,7,26,26161,21,4,2201210401,NaN,NaN,NaN,NaN,NaN,NaN,NaN,1994,1,3,1,113.19981556009054,111.70348322434761,411.3405789448788,411.3405789448788
484,5,15.146433442304176,3.029286688460835,2020,8,7,26,26161,21,4,2201210401,NaN,NaN,NaN,NaN,NaN,NaN,NaN,1993,1,3,1,163.5619639803711,160.81324143120352,487.14941159578325,487.14941159578325
485,5,12.785088718582324,2.557017743716465,2020,8,7,26,26161,21,4,2201210401,NaN,NaN,NaN,NaN,NaN,NaN,NaN,1992,1,3,1,163.48445180559742,160.73703187873545,411.00744258624565,411.00744258624565
486,5,12.603265015943999,2.5206530031887997,2020,8,7,26,26161,21,4,2201210401,NaN,NaN,NaN,NaN,NaN,NaN,NaN,1991,1,3,1,163.21307362817086,160.4702143173439,404.48972764136323,404.48972764136323
487,5,10.501237834887378,2.1002475669774756,2020,8,7,26,26161,21,4,2201210401,NaN,NaN,NaN,NaN,NaN,NaN,NaN,1990,1,3,1,163.50102565186808,160.7533271950603,337.6217843249595,337.6217843249595
488,5,10.217773915995503,2.0435547831991006,2020,8,7,26,26161,21,4,2201210401,NaN,NaN,NaN,NaN,NaN,NaN,NaN,1989,1,3,1,122.16931985875901,120.116216825877,245.46406943430122,245.46406943430122
489,5,9.15454189972411,1.830908379944822,2020,8,7,26,26161,21,4,2201210401,NaN,NaN,NaN,NaN,NaN,NaN,NaN,1988,1,3,1,122.24888149424095,120.19444139706737,220.06500997667746,220.06500997667746
490,5,9.00619255308734,1.801238510617468,2020,8,7,26,26161,21,4,2201210401,NaN,NaN,NaN,NaN,NaN,NaN,NaN,1987,1,3,1,120.71952384615243,118.6907852002866,213.79041315818205,213.79041315818205
491,5,7.780739775004618,1.5561479550009236,2020,8,7,26,26161,21,4,2201210401,NaN,NaN,NaN,NaN,NaN,NaN,NaN,1986,1,3,1,121.19453836607266,119.1578169160737,185.42719311632254,185.42719311632254
492,5,5.992761098455286,1.1985522196910572,2020,8,7,26,26161,21,4,2201210401,NaN,NaN,NaN,NaN,NaN,NaN,NaN,1985,1,3,1,132.2319130203415,130.00970418771706,155.82341953556602,155.82341953556602
493,5,4.779871405562617,0.9559742811125235,2020,8,7,26,26161,21,4,2201210401,NaN,NaN,NaN,NaN,NaN,NaN,NaN,1984,1,3,1,130.7806501696144,128.58283037479242,122.92187883095573,122.92187883095573
494,5,3.5629958872973577,0.7125991774594715,2020,8,7,26,26161,21,4,2201210401,NaN,NaN,NaN,NaN,NaN,NaN,NaN,1983,1,3,1,126.26968894568589,124.14767761227442,88.46753295001041,88.46753295001041
495,5,2.6061493961116446,0.5212298792223289,2020,8,7,26,26161,21,4,2201210401,NaN,NaN,NaN,NaN,NaN,NaN,NaN,1982,1,3,1,102.97876685066961,101.24816854016096,52.7735706596701,52.7735706596701
496,5,1.8323500164585729,0.3664700032917146,2020,8,7,26,26161,21,4,2201210401,NaN,NaN,NaN,NaN,NaN,NaN,NaN,1981,1,3,1,106.47412884890672,104.6847896177815,38.36383519582084,38.36383519582084
497,5,23.19180710506584,4.638361421013168,2020,8,7,26,26161,21,4,2201210401,NaN,NaN,NaN,NaN,NaN,NaN,NaN,1980,1,3,1,111.39047794684446,109.5185175530955,507.9864667048317,507.9864667048317
498,5,310.4463445557139,62.08926891114278,2020,8,7,26,26161,21,4,2202210401,NaN,NaN,NaN,NaN,NaN,NaN,NaN,2019,2,3,1,0.00007360316429416876,0.00007430595590047753,0.0046136024776042665,0.0046136024776042665
499,5,327.8141613006279,65.56283226012559,2020,8,7,26,26161,21,4,2202210401,NaN,NaN,NaN,NaN,NaN,NaN,NaN,2018,2,3,1,0.0009338439541037521,0.0009427606589606697,0.06181005894488385,0.06181005894488385
500,5,368.3242419642923,73.66484839285846,2020,8,7,26,26161,21,4,2202210401,NaN,NaN,NaN,NaN,NaN,NaN,NaN,2017,2,3,1,0.0011117810548374354,0.001122396772257818,0.08268118806500584,0.08268118806500584
501,5,367.29985169622574,73.45997033924515,2020,8,7,26,26161,21,4,2202210401,NaN,NaN,NaN,NaN,NaN,NaN,NaN,2016,2,3,1,0.0026747100131495347,0.0027002491834362727,0.1983602249237995,0.1983602249237995
502,5,392.56334931271454,78.51266986254291,2020,8,7,26,26161,21,4,2202210401,NaN,NaN,NaN,NaN,NaN,NaN,NaN,2015,2,3,1,0.03134406389415734,0.03164334919287601,2.4844038285254375,2.4844038285254375
503,5,364.0998652152451,72.81997304304902,2020,8,7,26,26161,21,4,2202210401,NaN,NaN,NaN,NaN,NaN,NaN,NaN,2014,2,3,1,0.04439771084521773,0.04482163743615392,3.2639104298460455,3.2639104298460455
504,5,370.3959424661204,74.07918849322408,2020,8,7,26,26161,21,4,2202210401,NaN,NaN,NaN,NaN,NaN,NaN,NaN,2013,2,3,1,0.04478513197431645,0.045212757812700066,3.349324408305498,3.349324408305498
505,5,316.43263381169584,63.286526762339165,2020,8,7,26,26161,21,4,2202210401,NaN,NaN,NaN,NaN,NaN,NaN,NaN,2012,2,3,1,0.045112069653310535,0.045542817219663134,2.882246720804532,2.882246720804532
506,5,231.92053549096389,46.38410709819278,2020,8,7,26,26161,21,4,2202210401,NaN,NaN,NaN,NaN,NaN,NaN,NaN,2011,2,3,1,0.04213609093940472,0.04253842270487779,1.9731067545312466,1.9731067545312466
507,5,230.10402906651655,46.02080581330331,2020,8,7,26,26161,21,4,2202210401,NaN,NaN,NaN,NaN,NaN,NaN,NaN,2010,2,3,1,0.04501592843894927,0.04544575801163785,2.091450404491959,2.091450404491959
508,5,205.50535743034038,41.10107148606808,2020,8,7,26,26161,21,4,2202210401,NaN,NaN,NaN,NaN,NaN,NaN,NaN,2009,2,3,1,0.04024854393483318,0.040632852668225396,1.670053782199604,1.670053782199604
509,5,253.9388285109485,50.7877657021897,2020,8,7,26,26161,21,4,2202210401,NaN,NaN,NaN,NaN,NaN,NaN,NaN,2008,2,3,1,0.0037489348468905206,0.0037847311332086333,0.192218038039183,0.192218038039183
510,5,268.1829985315532,53.63659970631064,2020,8,7,26,26161,21,4,2202210401,NaN,NaN,NaN,NaN,NaN,NaN,NaN,2007,2,3,1,0.002634033699942904,0.0026591844769890617,0.14262961333749732,0.14262961333749732
511,5,229.81669167512396,45.963338335024794,2020,8,7,26,26161,21,4,2202210401,NaN,NaN,NaN,NaN,NaN,NaN,NaN,2006,2,3,1,0.05140974377271834,0.052100441380422365,2.3947102145724792,2.3947102145724792
512,5,203.39262514967626,40.67852502993525,2020,8,7,26,26161,21,4,2202210401,NaN,NaN,NaN,NaN,NaN,NaN,NaN,2005,2,3,1,0.046642385560811385,0.047269032996886666,1.9228345419046895,1.9228345419046895
513,5,164.72170300101715,32.94434060020343,2020,8,7,26,26161,21,4,2202210401,NaN,NaN,NaN,NaN,NaN,NaN,NaN,2004,2,3,1,0.04368645833421124,0.044273392445260316,1.4585577202431295,1.4585577202431295
514,5,148.74713474802425,29.74942694960485,2020,8,7,26,26161,21,4,2202210401,NaN,NaN,NaN,NaN,NaN,NaN,NaN,2003,2,3,1,0.0762951091249682,0.07732014534349332,2.3002300156290842,2.3002300156290842
515,5,118.52562992373574,23.70512598474715,2020,8,7,26,26161,21,4,2202210401,NaN,NaN,NaN,NaN,NaN,NaN,NaN,2002,2,3,1,0.1023546002191386,0.10372974960368732,2.4589267827216834,2.4589267827216834
516,5,94.5116320580201,18.90232641160402,2020,8,7,26,26161,21,4,2202210401,NaN,NaN,NaN,NaN,NaN,NaN,NaN,2001,2,3,1,0.07403434233050328,0.07502900480852862,1.4182227392286153,1.4182227392286153
517,5,83.62548218400153,16.725096436800307,2020,8,7,26,26161,21,4,2202210401,NaN,NaN,NaN,NaN,NaN,NaN,NaN,2000,2,3,1,0.13038852034240983,0.1321403096427168,2.2100594219630922,2.2100594219630922
518,5,60.874080684058114,12.174816136811623,2020,8,7,26,26161,21,4,2202210401,NaN,NaN,NaN,NaN,NaN,NaN,NaN,1999,2,3,1,0.10901793410351858,0.1104826063768337,1.3451054189536817,1.3451054189536817
519,5,46.82985881634186,9.365971763268373,2020,8,7,26,26161,21,4,2202210401,NaN,NaN,NaN,NaN,NaN,NaN,NaN,1998,2,3,1,0.14532698501225866,0.14727947482287843,1.3794154025000747,1.3794154025000747
520,5,36.74778034358123,7.349556068716247,2020,8,7,26,26161,21,4,2202210401,NaN,NaN,NaN,NaN,NaN,NaN,NaN,1997,2,3,1,0.07544586231290985,0.07645948877331535,0.5619432997248616,0.5619432997248616
521,5,26.865139913300695,5.373027982660139,2020,8,7,26,26161,21,4,2202210401,NaN,NaN,NaN,NaN,NaN,NaN,NaN,1996,2,3,1,0.10489737632406312,0.10630668828643683,0.5711888109069538,0.5711888109069538
522,5,25.04660490806586,5.009320981613172,2020,8,7,26,26161,21,4,2202210401,NaN,NaN,NaN,NaN,NaN,NaN,NaN,1995,2,3,1,0.09195384942810755,0.09318926316796115,0.46681493124833934,0.46681493124833934
523,5,18.41216437802274,3.6824328756045484,2020,8,7,26,26161,21,4,2202210401,NaN,NaN,NaN,NaN,NaN,NaN,NaN,1994,2,3,1,0.01699442230491978,0.017222744913999756,0.06342160207946373,0.06342160207946373
524,5,15.146433442304176,3.029286688460835,2020,8,7,26,26161,21,4,2202210401,NaN,NaN,NaN,NaN,NaN,NaN,NaN,1993,2,3,1,0.113218019213761,0.1147391202596182,0.3475776896481683,0.3475776896481683
525,5,12.785088718582324,2.557017743716465,2020,8,7,26,26161,21,4,2202210401,NaN,NaN,NaN,NaN,NaN,NaN,NaN,1992,2,3,1,0.19073019398745958,0.1932926827111239,0.4942528194229006,0.4942528194229006
526,5,12.603265015943999,2.5206530031887997,2020,8,7,26,26161,21,4,2202210401,NaN,NaN,NaN,NaN,NaN,NaN,NaN,1991,2,3,1,0.4621083714140686,0.468316866598304,1.1804643162349835,1.1804643162349835
527,5,10.501237834887378,2.1002475669774756,2020,8,7,26,26161,21,4,2202210401,NaN,NaN,NaN,NaN,NaN,NaN,NaN,1990,2,3,1,0.17415634771674868,0.17649616433334622,0.3706856397219671,0.3706856397219671
528,5,10.217773915995503,2.0435547831991006,2020,8,7,26,26161,21,4,2202210401,NaN,NaN,NaN,NaN,NaN,NaN,NaN,1989,2,3,1,0.11135350545896236,0.1128495564832582,0.23061425093325935,0.23061425093325935
529,5,9.15454189972411,1.830908379944822,2020,8,7,26,26161,21,4,2202210401,NaN,NaN,NaN,NaN,NaN,NaN,NaN,1988,2,3,1,0.03179186997710763,0.032218998512015415,0.05899003436907878,0.05899003436907878
530,5,9.00619255308734,1.801238510617468,2020,8,7,26,26161,21,4,2202210401,NaN,NaN,NaN,NaN,NaN,NaN,NaN,1987,2,3,1,1.5611495180655268,1.5821237956686836,2.849782309322715,2.849782309322715
531,5,7.780739775004618,1.5561479550009236,2020,8,7,26,26161,21,4,2202210401,NaN,NaN,NaN,NaN,NaN,NaN,NaN,1986,2,3,1,1.0861349981453727,1.1007273845260404,1.712894668443713,1.712894668443713
532,5,5.992761098455286,1.1985522196910572,2020,8,7,26,26161,21,4,2202210401,NaN,NaN,NaN,NaN,NaN,NaN,NaN,1985,2,3,1,4.618579060646373,4.680630362093886,5.609979910040984,5.609979910040984
533,5,4.779871405562617,0.9559742811125235,2020,8,7,26,26161,21,4,2202210401,NaN,NaN,NaN,NaN,NaN,NaN,NaN,1984,2,3,1,6.069841911373591,6.151391146589818,5.880571729203143,5.880571729203143
534,5,3.5629958872973577,0.7125991774594715,2020,8,7,26,26161,21,4,2202210401,NaN,NaN,NaN,NaN,NaN,NaN,NaN,1983,2,3,1,10.580803135302032,10.722957810210538,7.641170915488646,7.641170915488646
535,5,2.6061493961116446,0.5212298792223289,2020,8,7,26,26161,21,4,2202210401,NaN,NaN,NaN,NaN,NaN,NaN,NaN,1982,2,3,1,12.303095193725532,12.468389120402728,6.498896955324513,6.498896955324513
536,5,1.8323500164585729,0.3664700032917146,2020,8,7,26,26161,21,4,2202210401,NaN,NaN,NaN,NaN,NaN,NaN,NaN,1981,2,3,1,8.807733195488401,8.926066410186264,3.271135586723023,3.271135586723023
537,5,23.19180710506584,4.638361421013168,2020,8,7,26,26161,21,4,2202210401,NaN,NaN,NaN,NaN,NaN,NaN,NaN,1980,2,3,1,5.453176727699956,5.526440973809822,25.63363060842592,25.63363060842592
538,5,260.05730384453915,52.01146076890783,2020,8,7,26,26161,21,4,2205210401,NaN,NaN,NaN,NaN,NaN,NaN,NaN,2020,5,3,1,0.00025731685211552934,0.00024386600539944004,0.01268382717270324,0.01268382717270324
539,5,310.4463445557139,62.08926891114278,2020,8,7,26,26161,21,4,2205210401,NaN,NaN,NaN,NaN,NaN,NaN,NaN,2019,5,3,1,0.00047541063410302953,0.0004505592669502571,0.02797489548608188,0.02797489548608188
540,5,327.8141613006279,65.56283226012559,2020,8,7,26,26161,21,4,2205210401,NaN,NaN,NaN,NaN,NaN,NaN,NaN,2018,5,3,1,0.00045870868344852493,0.0004347303853398762,0.028502155332418063,0.028502155332418063
541,5,368.3242419642923,73.66484839285846,2020,8,7,26,26161,21,4,2205210401,NaN,NaN,NaN,NaN,NaN,NaN,NaN,2017,5,3,1,0.00033662003917613845,0.0003190237390842606,0.02350083537336489,0.02350083537336489
542,5,367.29985169622574,73.45997033924515,2020,8,7,26,26161,21,4,2205210401,NaN,NaN,NaN,NaN,NaN,NaN,NaN,2016,5,3,1,0.0016692092649911352,0.0008543657769567604,0.06276168463410975,0.06276168463410975
543,5,392.56334931271454,78.51266986254291,2020,8,7,26,26161,21,4,2205210401,NaN,NaN,NaN,NaN,NaN,NaN,NaN,2015,5,3,1,0.0017444039202739697,0.0008928533060108576,0.07010029685051046,0.07010029685051046
544,5,364.0998652152451,72.81997304304902,2020,8,7,26,26161,21,4,2205210401,NaN,NaN,NaN,NaN,NaN,NaN,NaN,2014,5,3,1,0.002437397917917178,0.001247554401697596,0.0908468779013561,0.0908468779013561
545,5,370.3959424661204,74.07918849322408,2020,8,7,26,26161,21,4,2205210401,NaN,NaN,NaN,NaN,NaN,NaN,NaN,2013,5,3,1,0.002733998438747785,0.001399366004796125,0.10366389804030206,0.10366389804030206
546,5,316.43263381169584,63.286526762339165,2020,8,7,26,26161,21,4,2205210401,NaN,NaN,NaN,NaN,NaN,NaN,NaN,2012,5,3,1,0.0030524515285042875,0.001562362596751622,0.09887650229179923,0.09887650229179923
547,5,231.92053549096389,46.38410709819278,2020,8,7,26,26161,21,4,2205210401,NaN,NaN,NaN,NaN,NaN,NaN,NaN,2011,5,3,1,0.005447736233264542,0.0027883618292840434,0.1293356737180238,0.1293356737180238
548,5,230.10402906651655,46.02080581330331,2020,8,7,26,26161,21,4,2205210401,NaN,NaN,NaN,NaN,NaN,NaN,NaN,2010,5,3,1,0.0040691216873457985,0.0020827336541049332,0.09584908105639477,0.09584908105639477
549,5,205.50535743034038,41.10107148606808,2020,8,7,26,26161,21,4,2205210401,NaN,NaN,NaN,NaN,NaN,NaN,NaN,2009,5,3,1,0.004202720511858839,0.002151114692899491,0.08841311876759335,0.08841311876759335
550,5,253.9388285109485,50.7877657021897,2020,8,7,26,26161,21,4,2205210401,NaN,NaN,NaN,NaN,NaN,NaN,NaN,2008,5,3,1,0.004990380513215288,0.0025542695058703136,0.12972564120438934,0.12972564120438934
551,5,268.1829985315532,53.63659970631064,2020,8,7,26,26161,21,4,2205210401,NaN,NaN,NaN,NaN,NaN,NaN,NaN,2007,5,3,1,0.0030411329680543222,0.0015565693203208697,0.08348908554917452,0.08348908554917452
552,5,229.81669167512396,45.963338335024794,2020,8,7,26,26161,21,4,2205210401,NaN,NaN,NaN,NaN,NaN,NaN,NaN,2006,5,3,1,0.004699351483887645,0.002405309607328291,0.11055605928211587,0.11055605928211587
553,5,203.39262514967626,40.67852502993525,2020,8,7,26,26161,21,4,2205210401,NaN,NaN,NaN,NaN,NaN,NaN,NaN,2005,5,3,1,0.002355634283196085,0.0012057046152325862,0.04904628536944721,0.04904628536944721
554,5,164.72170300101715,32.94434060020343,2020,8,7,26,26161,21,4,2205210401,NaN,NaN,NaN,NaN,NaN,NaN,NaN,2004,5,3,1,0.0021978569736722784,0.0011249480938876303,0.03706067316258372,0.03706067316258372
555,5,148.74713474802425,29.74942694960485,2020,8,7,26,26161,21,4,2205210401,NaN,NaN,NaN,NaN,NaN,NaN,NaN,2003,5,3,1,0.004657733406474384,0.0023840078677619127,0.07092286790926625,0.07092286790926625
556,5,118.52562992373574,23.70512598474715,2020,8,7,26,26161,21,4,2205210401,NaN,NaN,NaN,NaN,NaN,NaN,NaN,2002,5,3,1,0.0031234161893641545,0.001598685051271628,0.0378970305503259,0.0378970305503259
557,5,94.5116320580201,18.90232641160402,2020,8,7,26,26161,21,4,2205210401,NaN,NaN,NaN,NaN,NaN,NaN,NaN,2001,5,3,1,0.0037091500690513827,0.0018984862755426508,0.035885807268257595,0.035885807268257595
558,5,83.62548218400153,16.725096436800307,2020,8,7,26,26161,21,4,2205210401,NaN,NaN,NaN,NaN,NaN,NaN,NaN,2000,5,3,1,0.009405061084324307,0.009608142634140225,0.16069711213452778,0.16069711213452778
559,5,60.874080684058114,12.174816136811623,2020,8,7,26,26161,21,4,2205210401,NaN,NaN,NaN,NaN,NaN,NaN,NaN,1999,5,3,1,0.01756679724758905,0.017946113487893794,0.2184906320854621,0.2184906320854621
560,5,46.82985881634186,9.365971763268373,2020,8,7,26,26161,21,4,2205210401,NaN,NaN,NaN,NaN,NaN,NaN,NaN,1998,5,3,1,0.010607858275813472,0.01083691157802651,0.1014982078408324,0.1014982078408324
561,5,260.05730384453915,52.01146076890783,2020,8,7,26,26161,21,4,2209210401,NaN,NaN,NaN,NaN,NaN,NaN,NaN,2020,9,3,1,0,0,0,0
562,5,310.4463445557139,62.08926891114278,2020,8,7,26,26161,21,4,2209210401,NaN,NaN,NaN,NaN,NaN,NaN,NaN,2019,9,3,1,0,0,0,0
563,5,327.8141613006279,65.56283226012559,2020,8,7,26,26161,21,4,2209210401,NaN,NaN,NaN,NaN,NaN,NaN,NaN,2018,9,3,1,0,0,0,0
564,5,368.3242419642923,73.66484839285846,2020,8,7,26,26161,21,4,2209210401,NaN,NaN,NaN,NaN,NaN,NaN,NaN,2017,9,3,1,0,0,0,0
565,5,367.29985169622574,73.45997033924515,2020,8,7,26,26161,21,4,2209210401,NaN,NaN,NaN,NaN,NaN,NaN,NaN,2016,9,3,1,0,0,0,0
566,5,392.56334931271454,78.51266986254291,2020,8,7,26,26161,21,4,2209210401,NaN,NaN,NaN,NaN,NaN,NaN,NaN,2015,9,3,1,0,0,0,0
567,5,364.0998652152451,72.81997304304902,2020,8,7,26,26161,21,4,2209210401,NaN,NaN,NaN,NaN,NaN,NaN,NaN,2014,9,3,1,0,0,0,0
568,5,370.3959424661204,74.07918849322408,2020,8,7,26,26161,21,4,2209210401,NaN,NaN,NaN,NaN,NaN,NaN,NaN,2013,9,3,1,0,0,0,0
569,5,316.43263381169584,63.286526762339165,2020,8,7,26,26161,21,4,2209210401,NaN,NaN,NaN,NaN,NaN,NaN,NaN,2012,9,3,1,0,0,0,0
570,5,231.92053549096389,46.38410709819278,2020,8,7,26,26161,21,4,2209210401,NaN,NaN,NaN,NaN,NaN,NaN,NaN,2011,9,3,1,0,0,0,0
571,5,230.10402906651655,46.02080581330331,2020,8,7,26,26161,21,4,2209210401,NaN,NaN,NaN,NaN,NaN,NaN,NaN,2010,9,3,1,0,0,0,0
572,5,205.50535743034038,41.10107148606808,2020,8,7,26,26161,21,4,2209210401,NaN,NaN,NaN,NaN,NaN,NaN,NaN,2009,9,3,1,0,0,0,0
573,5,253.9388285109485,50.7877657021897,2020,8,7,26,26161,21,4,2209210401,NaN,NaN,NaN,NaN,NaN,NaN,NaN,2008,9,3,1,0,0,0,0
574,5,268.1829985315532,53.63659970631064,2020,8,7,26,26161,21,4,2209210401,NaN,NaN,NaN,NaN,NaN,NaN,NaN,2007,9,3,1,0,0,0,0
575,5,229.81669167512396,45.963338335024794,2020,8,7,26,26161,21,4,2209210401,NaN,NaN,NaN,NaN,NaN,NaN,NaN,2006,9,3,1,0,0,0,0
576,5,203.39262514967626,40.67852502993525,2020,8,7,26,26161,21,4,2209210401,NaN,NaN,NaN,NaN,NaN,NaN,NaN,2005,9,3,1,0,0,0,0
577,5,164.72170300101715,32.94434060020343,2020,8,7,26,26161,21,4,2209210401,NaN,NaN,NaN,NaN,NaN,NaN,NaN,2004,9,3,1,0,0,0,0
578,5,148.74713474802425,29.74942694960485,2020,8,7,26,26161,21,4,2209210401,NaN,NaN,NaN,NaN,NaN,NaN,NaN,2003,9,3,1,0,0,0,0
579,5,118.52562992373574,23.70512598474715,2020,8,7,26,26161,21,4,2209210401,NaN,NaN,NaN,NaN,NaN,NaN,NaN,2002,9,3,1,0,0,0,0
580,5,94.5116320580201,18.90232641160402,2020,8,7,26,26161,21,4,2209210401,NaN,NaN,NaN,NaN,NaN,NaN,NaN,2001,9,3,1,0,0,0,0
581,5,260.05730384453915,52.01146076890783,2020,8,7,26,26161,21,4,2201210415,NaN,NaN,NaN,NaN,NaN,NaN,NaN,2020,1,3,15,0,0,0,0.0015214144974930015
582,5,310.4463445557139,62.08926891114278,2020,8,7,26,26161,21,4,2201210415,NaN,NaN,NaN,NaN,NaN,NaN,NaN,2019,1,3,15,0,0,0,0.002130479237375175
583,5,327.8141613006279,65.56283226012559,2020,8,7,26,26161,21,4,2201210415,NaN,NaN,NaN,NaN,NaN,NaN,NaN,2018,1,3,15,0,0,0,0.0025672153700286283
584,5,368.3242419642923,73.66484839285846,2020,8,7,26,26161,21,4,2201210415,NaN,NaN,NaN,NaN,NaN,NaN,NaN,2017,1,3,15,0,0,0,0.0033034506939084232
585,5,367.29985169622574,73.45997033924515,2020,8,7,26,26161,21,4,2201210415,NaN,NaN,NaN,NaN,NaN,NaN,NaN,2016,1,3,15,0,0,0,0.004560117042533983
586,5,392.56334931271454,78.51266986254291,2020,8,7,26,26161,21,4,2201210415,NaN,NaN,NaN,NaN,NaN,NaN,NaN,2015,1,3,15,0,0,0,0.004828040420146527
587,5,364.0998652152451,72.81997304304902,2020,8,7,26,26161,21,4,2201210415,NaN,NaN,NaN,NaN,NaN,NaN,NaN,2014,1,3,15,0,0,0,0.004866755016172481
588,5,370.3959424661204,74.07918849322408,2020,8,7,26,26161,21,4,2201210415,NaN,NaN,NaN,NaN,NaN,NaN,NaN,2013,1,3,15,0,0,0,0.004944800786066823
589,5,316.43263381169584,63.286526762339165,2020,8,7,26,26161,21,4,2201210415,NaN,NaN,NaN,NaN,NaN,NaN,NaN,2012,1,3,15,0,0,0,0.004574555426965865
590,5,231.92053549096389,46.38410709819278,2020,8,7,26,26161,21,4,2201210415,NaN,NaN,NaN,NaN,NaN,NaN,NaN,2011,1,3,15,0,0,0,0.003354801206512766
591,5,230.10402906651655,46.02080581330331,2020,8,7,26,26161,21,4,2201210415,NaN,NaN,NaN,NaN,NaN,NaN,NaN,2010,1,3,15,0,0,0,0.003950997949296608
592,5,205.50535743034038,41.10107148606808,2020,8,7,26,26161,21,4,2201210415,NaN,NaN,NaN,NaN,NaN,NaN,NaN,2009,1,3,15,0,0,0,0.004307670097225081
593,5,253.9388285109485,50.7877657021897,2020,8,7,26,26161,21,4,2201210415,NaN,NaN,NaN,NaN,NaN,NaN,NaN,2008,1,3,15,0,0,0,0.005633753105212707
594,5,268.1829985315532,53.63659970631064,2020,8,7,26,26161,21,4,2201210415,NaN,NaN,NaN,NaN,NaN,NaN,NaN,2007,1,3,15,0,0,0,0.0061643290004093805
595,5,229.81669167512396,45.963338335024794,2020,8,7,26,26161,21,4,2201210415,NaN,NaN,NaN,NaN,NaN,NaN,NaN,2006,1,3,15,0,0,0,0.006912348312116857
596,5,203.39262514967626,40.67852502993525,2020,8,7,26,26161,21,4,2201210415,NaN,NaN,NaN,NaN,NaN,NaN,NaN,2005,1,3,15,0,0,0,0.007871886442745198
597,5,164.72170300101715,32.94434060020343,2020,8,7,26,26161,21,4,2201210415,NaN,NaN,NaN,NaN,NaN,NaN,NaN,2004,1,3,15,0,0,0,0.008686169144436965
598,5,148.74713474802425,29.74942694960485,2020,8,7,26,26161,21,4,2201210415,NaN,NaN,NaN,NaN,NaN,NaN,NaN,2003,1,3,15,0,0,0,0.01112561251469823
599,5,118.52562992373574,23.70512598474715,2020,8,7,26,26161,21,4,2201210415,NaN,NaN,NaN,NaN,NaN,NaN,NaN,2002,1,3,15,0,0,0,0.010645835131288726
600,5,94.5116320580201,18.90232641160402,2020,8,7,26,26161,21,4,2201210415,NaN,NaN,NaN,NaN,NaN,NaN,NaN,2001,1,3,15,0,0,0,0.008514543689770171
601,5,83.62548218400153,16.725096436800307,2020,8,7,26,26161,21,4,2201210415,NaN,NaN,NaN,NaN,NaN,NaN,NaN,2000,1,3,15,0,0,0,0.0277581904919735
602,5,60.874080684058114,12.174816136811623,2020,8,7,26,26161,21,4,2201210415,NaN,NaN,NaN,NaN,NaN,NaN,NaN,1999,1,3,15,0,0,0,0.027825520271455673
603,5,46.82985881634186,9.365971763268373,2020,8,7,26,26161,21,4,2201210415,NaN,NaN,NaN,NaN,NaN,NaN,NaN,1998,1,3,15,0,0,0,0.02428103706570058
604,5,36.74778034358123,7.349556068716247,2020,8,7,26,26161,21,4,2201210415,NaN,NaN,NaN,NaN,NaN,NaN,NaN,1997,1,3,15,0,0,0,0.02409853258320795
605,5,26.865139913300695,5.373027982660139,2020,8,7,26,26161,21,4,2201210415,NaN,NaN,NaN,NaN,NaN,NaN,NaN,1996,1,3,15,0,0,0,0.017872084326948565
606,5,25.04660490806586,5.009320981613172,2020,8,7,26,26161,21,4,2201210415,NaN,NaN,NaN,NaN,NaN,NaN,NaN,1995,1,3,15,0,0,0,0.01926966513100726
607,5,18.41216437802274,3.6824328756045484,2020,8,7,26,26161,21,4,2201210415,NaN,NaN,NaN,NaN,NaN,NaN,NaN,1994,1,3,15,0,0,0,0.016453623157795152
608,5,15.146433442304176,3.029286688460835,2020,8,7,26,26161,21,4,2201210415,NaN,NaN,NaN,NaN,NaN,NaN,NaN,1993,1,3,15,0,0,0,0.019485976463831333
609,5,12.785088718582324,2.557017743716465,2020,8,7,26,26161,21,4,2201210415,NaN,NaN,NaN,NaN,NaN,NaN,NaN,1992,1,3,15,0,0,0,0.016440297703449826
610,5,12.603265015943999,2.5206530031887997,2020,8,7,26,26161,21,4,2201210415,NaN,NaN,NaN,NaN,NaN,NaN,NaN,1991,1,3,15,0,0,0,0.01617958910565453
611,5,10.501237834887378,2.1002475669774756,2020,8,7,26,26161,21,4,2201210415,NaN,NaN,NaN,NaN,NaN,NaN,NaN,1990,1,3,15,0,0,0,0.01350487137299838
612,5,10.217773915995503,2.0435547831991006,2020,8,7,26,26161,21,4,2201210415,NaN,NaN,NaN,NaN,NaN,NaN,NaN,1989,1,3,15,0,0,0,0.00981856277737205
613,5,9.15454189972411,1.830908379944822,2020,8,7,26,26161,21,4,2201210415,NaN,NaN,NaN,NaN,NaN,NaN,NaN,1988,1,3,15,0,0,0,0.0088026003990671
614,5,9.00619255308734,1.801238510617468,2020,8,7,26,26161,21,4,2201210415,NaN,NaN,NaN,NaN,NaN,NaN,NaN,1987,1,3,15,0,0,0,0.008551616526327282
615,5,7.780739775004618,1.5561479550009236,2020,8,7,26,26161,21,4,2201210415,NaN,NaN,NaN,NaN,NaN,NaN,NaN,1986,1,3,15,0,0,0,0.007417087724652902
616,5,5.992761098455286,1.1985522196910572,2020,8,7,26,26161,21,4,2201210415,NaN,NaN,NaN,NaN,NaN,NaN,NaN,1985,1,3,15,0,0,0,0.0062329367814226416
617,5,4.779871405562617,0.9559742811125235,2020,8,7,26,26161,21,4,2201210415,NaN,NaN,NaN,NaN,NaN,NaN,NaN,1984,1,3,15,0,0,0,0.00491687515323823
618,5,3.5629958872973577,0.7125991774594715,2020,8,7,26,26161,21,4,2201210415,NaN,NaN,NaN,NaN,NaN,NaN,NaN,1983,1,3,15,0,0,0,0.003538701318000417
619,5,2.6061493961116446,0.5212298792223289,2020,8,7,26,26161,21,4,2201210415,NaN,NaN,NaN,NaN,NaN,NaN,NaN,1982,1,3,15,0,0,0,0.0021109428263868042
620,5,1.8323500164585729,0.3664700032917146,2020,8,7,26,26161,21,4,2201210415,NaN,NaN,NaN,NaN,NaN,NaN,NaN,1981,1,3,15,0,0,0,0.0015345534078328338
621,5,23.19180710506584,4.638361421013168,2020,8,7,26,26161,21,4,2201210415,NaN,NaN,NaN,NaN,NaN,NaN,NaN,1980,1,3,15,0,0,0,0.02031945866819327
622,5,310.4463445557139,62.08926891114278,2020,8,7,26,26161,21,4,2202210415,NaN,NaN,NaN,NaN,NaN,NaN,NaN,2019,2,3,15,0,0,0,0
623,5,327.8141613006279,65.56283226012559,2020,8,7,26,26161,21,4,2202210415,NaN,NaN,NaN,NaN,NaN,NaN,NaN,2018,2,3,15,0,0,0,0
624,5,368.3242419642923,73.66484839285846,2020,8,7,26,26161,21,4,2202210415,NaN,NaN,NaN,NaN,NaN,NaN,NaN,2017,2,3,15,0,0,0,0
625,5,367.29985169622574,73.45997033924515,2020,8,7,26,26161,21,4,2202210415,NaN,NaN,NaN,NaN,NaN,NaN,NaN,2016,2,3,15,0,0,0,0
626,5,392.56334931271454,78.51266986254291,2020,8,7,26,26161,21,4,2202210415,NaN,NaN,NaN,NaN,NaN,NaN,NaN,2015,2,3,15,0,0,0,0
627,5,364.0998652152451,72.81997304304902,2020,8,7,26,26161,21,4,2202210415,NaN,NaN,NaN,NaN,NaN,NaN,NaN,2014,2,3,15,0,0,0,0
628,5,370.3959424661204,74.07918849322408,2020,8,7,26,26161,21,4,2202210415,NaN,NaN,NaN,NaN,NaN,NaN,NaN,2013,2,3,15,0,0,0,0
629,5,316.43263381169584,63.286526762339165,2020,8,7,26,26161,21,4,2202210415,NaN,NaN,NaN,NaN,NaN,NaN,NaN,2012,2,3,15,0,0,0,0
630,5,231.92053549096389,46.38410709819278,2020,8,7,26,26161,21,4,2202210415,NaN,NaN,NaN,NaN,NaN,NaN,NaN,2011,2,3,15,0,0,0,0
631,5,230.10402906651655,46.02080581330331,2020,8,7,26,26161,21,4,2202210415,NaN,NaN,NaN,NaN,NaN,NaN,NaN,2010,2,3,15,0,0,0,0
632,5,205.50535743034038,41.10107148606808,2020,8,7,26,26161,21,4,2202210415,NaN,NaN,NaN,NaN,NaN,NaN,NaN,2009,2,3,15,0,0,0,0
633,5,253.9388285109485,50.7877657021897,2020,8,7,26,26161,21,4,2202210415,NaN,NaN,NaN,NaN,NaN,NaN,NaN,2008,2,3,15,0,0,0,0
634,5,268.1829985315532,53.63659970631064,2020,8,7,26,26161,21,4,2202210415,NaN,NaN,NaN,NaN,NaN,NaN,NaN,2007,2,3,15,0,0,0,0
635,5,229.81669167512396,45.963338335024794,2020,8,7,26,26161,21,4,2202210415,NaN,NaN,NaN,NaN,NaN,NaN,NaN,2006,2,3,15,0,0,0,0
636,5,203.39262514967626,40.67852502993525,2020,8,7,26,26161,21,4,2202210415,NaN,NaN,NaN,NaN,NaN,NaN,NaN,2005,2,3,15,0,0,0,0
637,5,164.72170300101715,32.94434060020343,2020,8,7,26,26161,21,4,2202210415,NaN,NaN,NaN,NaN,NaN,NaN,NaN,2004,2,3,15,0,0,0,0
638,5,148.74713474802425,29.74942694960485,2020,8,7,26,26161,21,4,2202210415,NaN,NaN,NaN,NaN,NaN,NaN,NaN,2003,2,3,15,0,0,0,0
639,5,118.52562992373574,23.70512598474715,2020,8,7,26,26161,21,4,2202210415,NaN,NaN,NaN,NaN,NaN,NaN,NaN,2002,2,3,15,0,0,0,0
640,5,94.5116320580201,18.90232641160402,2020,8,7,26,26161,21,4,2202210415,NaN,NaN,NaN,NaN,NaN,NaN,NaN,2001,2,3,15,0,0,0,0
641,5,83.62548218400153,16.725096436800307,2020,8,7,26,26161,21,4,2202210415,NaN,NaN,NaN,NaN,NaN,NaN,NaN,2000,2,3,15,0,0,0,0.0022100594219630924
642,5,60.874080684058114,12.174816136811623,2020,8,7,26,26161,21,4,2202210415,NaN,NaN,NaN,NaN,NaN,NaN,NaN,1999,2,3,15,0,0,0,0.0013451054189536817
643,5,46.82985881634186,9.365971763268373,2020,8,7,26,26161,21,4,2202210415,NaN,NaN,NaN,NaN,NaN,NaN,NaN,1998,2,3,15,0,0,0,0.0013794154025000747
644,5,36.74778034358123,7.349556068716247,2020,8,7,26,26161,21,4,2202210415,NaN,NaN,NaN,NaN,NaN,NaN,NaN,1997,2,3,15,0,0,0,0.0005619432997248615
645,5,26.865139913300695,5.373027982660139,2020,8,7,26,26161,21,4,2202210415,NaN,NaN,NaN,NaN,NaN,NaN,NaN,1996,2,3,15,0,0,0,0.0005711888109069538
646,5,25.04660490806586,5.009320981613172,2020,8,7,26,26161,21,4,2202210415,NaN,NaN,NaN,NaN,NaN,NaN,NaN,1995,2,3,15,0,0,0,0.00046681493124833937
647,5,18.41216437802274,3.6824328756045484,2020,8,7,26,26161,21,4,2202210415,NaN,NaN,NaN,NaN,NaN,NaN,NaN,1994,2,3,15,0,0,0,0.00006342160207946373
648,5,15.146433442304176,3.029286688460835,2020,8,7,26,26161,21,4,2202210415,NaN,NaN,NaN,NaN,NaN,NaN,NaN,1993,2,3,15,0,0,0,0.00034757768964816833
649,5,12.785088718582324,2.557017743716465,2020,8,7,26,26161,21,4,2202210415,NaN,NaN,NaN,NaN,NaN,NaN,NaN,1992,2,3,15,0,0,0,0.0004942528194229007
650,5,12.603265015943999,2.5206530031887997,2020,8,7,26,26161,21,4,2202210415,NaN,NaN,NaN,NaN,NaN,NaN,NaN,1991,2,3,15,0,0,0,0.0011804643162349835
651,5,10.501237834887378,2.1002475669774756,2020,8,7,26,26161,21,4,2202210415,NaN,NaN,NaN,NaN,NaN,NaN,NaN,1990,2,3,15,0,0,0,0.0003706856397219671
652,5,10.217773915995503,2.0435547831991006,2020,8,7,26,26161,21,4,2202210415,NaN,NaN,NaN,NaN,NaN,NaN,NaN,1989,2,3,15,0,0,0,0.00023061425093325936
653,5,9.15454189972411,1.830908379944822,2020,8,7,26,26161,21,4,2202210415,NaN,NaN,NaN,NaN,NaN,NaN,NaN,1988,2,3,15,0,0,0,0.00005899003436907878
654,5,9.00619255308734,1.801238510617468,2020,8,7,26,26161,21,4,2202210415,NaN,NaN,NaN,NaN,NaN,NaN,NaN,1987,2,3,15,0,0,0,0.002849782309322715
655,5,7.780739775004618,1.5561479550009236,2020,8,7,26,26161,21,4,2202210415,NaN,NaN,NaN,NaN,NaN,NaN,NaN,1986,2,3,15,0,0,0,0.001712894668443713
656,5,5.992761098455286,1.1985522196910572,2020,8,7,26,26161,21,4,2202210415,NaN,NaN,NaN,NaN,NaN,NaN,NaN,1985,2,3,15,0,0,0,0.005609979910040984
657,5,4.779871405562617,0.9559742811125235,2020,8,7,26,26161,21,4,2202210415,NaN,NaN,NaN,NaN,NaN,NaN,NaN,1984,2,3,15,0,0,0,0.005880571729203143
658,5,3.5629958872973577,0.7125991774594715,2020,8,7,26,26161,21,4,2202210415,NaN,NaN,NaN,NaN,NaN,NaN,NaN,1983,2,3,15,0,0,0,0.007641170915488646
659,5,2.6061493961116446,0.5212298792223289,2020,8,7,26,26161,21,4,2202210415,NaN,NaN,NaN,NaN,NaN,NaN,NaN,1982,2,3,15,0,0,0,0.006498896955324514
660,5,1.8323500164585729,0.3664700032917146,2020,8,7,26,26161,21,4,2202210415,NaN,NaN,NaN,NaN,NaN,NaN,NaN,1981,2,3,15,0,0,0,0.003271135586723023
661,5,23.19180710506584,4.638361421013168,2020,8,7,26,26161,21,4,2202210415,NaN,NaN,NaN,NaN,NaN,NaN,NaN,1980,2,3,15,0,0,0,0.025633630608425922
662,5,260.05730384453915,52.01146076890783,2020,8,7,26,26161,21,4,2205210415,NaN,NaN,NaN,NaN,NaN,NaN,NaN,2020,5,3,15,0,0,0,0.0000005073530869081296
663,5,310.4463445557139,62.08926891114278,2020,8,7,26,26161,21,4,2205210415,NaN,NaN,NaN,NaN,NaN,NaN,NaN,2019,5,3,15,0,0,0,0.0000011189958194432752
664,5,327.8141613006279,65.56283226012559,2020,8,7,26,26161,21,4,2205210415,NaN,NaN,NaN,NaN,NaN,NaN,NaN,2018,5,3,15,0,0,0,0.0000011400862132967226
665,5,368.3242419642923,73.66484839285846,2020,8,7,26,26161,21,4,2205210415,NaN,NaN,NaN,NaN,NaN,NaN,NaN,2017,5,3,15,0,0,0,0.0000009400334149345956
666,5,367.29985169622574,73.45997033924515,2020,8,7,26,26161,21,4,2205210415,NaN,NaN,NaN,NaN,NaN,NaN,NaN,2016,5,3,15,0,0,0,0.0000025104673853643903
667,5,392.56334931271454,78.51266986254291,2020,8,7,26,26161,21,4,2205210415,NaN,NaN,NaN,NaN,NaN,NaN,NaN,2015,5,3,15,0,0,0,0.000002804011874020419
668,5,364.0998652152451,72.81997304304902,2020,8,7,26,26161,21,4,2205210415,NaN,NaN,NaN,NaN,NaN,NaN,NaN,2014,5,3,15,0,0,0,0.000003633875116054244
669,5,370.3959424661204,74.07918849322408,2020,8,7,26,26161,21,4,2205210415,NaN,NaN,NaN,NaN,NaN,NaN,NaN,2013,5,3,15,0,0,0,0.000004146555921612083
670,5,316.43263381169584,63.286526762339165,2020,8,7,26,26161,21,4,2205210415,NaN,NaN,NaN,NaN,NaN,NaN,NaN,2012,5,3,15,0,0,0,0.00000395506009167197
671,5,231.92053549096389,46.38410709819278,2020,8,7,26,26161,21,4,2205210415,NaN,NaN,NaN,NaN,NaN,NaN,NaN,2011,5,3,15,0,0,0,0.000005173426948720952
672,5,230.10402906651655,46.02080581330331,2020,8,7,26,26161,21,4,2205210415,NaN,NaN,NaN,NaN,NaN,NaN,NaN,2010,5,3,15,0,0,0,0.000003833963242255791
673,5,205.50535743034038,41.10107148606808,2020,8,7,26,26161,21,4,2205210415,NaN,NaN,NaN,NaN,NaN,NaN,NaN,2009,5,3,15,0,0,0,0.000003536524750703734
674,5,253.9388285109485,50.7877657021897,2020,8,7,26,26161,21,4,2205210415,NaN,NaN,NaN,NaN,NaN,NaN,NaN,2008,5,3,15,0,0,0,0.000005189025648175574
675,5,268.1829985315532,53.63659970631064,2020,8,7,26,26161,21,4,2205210415,NaN,NaN,NaN,NaN,NaN,NaN,NaN,2007,5,3,15,0,0,0,0.000003339563421966981
676,5,229.81669167512396,45.963338335024794,2020,8,7,26,26161,21,4,2205210415,NaN,NaN,NaN,NaN,NaN,NaN,NaN,2006,5,3,15,0,0,0,0.0000044222423712846355
677,5,203.39262514967626,40.67852502993525,2020,8,7,26,26161,21,4,2205210415,NaN,NaN,NaN,NaN,NaN,NaN,NaN,2005,5,3,15,0,0,0,0.0000019618514147778887
678,5,164.72170300101715,32.94434060020343,2020,8,7,26,26161,21,4,2205210415,NaN,NaN,NaN,NaN,NaN,NaN,NaN,2004,5,3,15,0,0,0,0.000001482426926503349
679,5,148.74713474802425,29.74942694960485,2020,8,7,26,26161,21,4,2205210415,NaN,NaN,NaN,NaN,NaN,NaN,NaN,2003,5,3,15,0,0,0,0.00000283691471637065
680,5,118.52562992373574,23.70512598474715,2020,8,7,26,26161,21,4,2205210415,NaN,NaN,NaN,NaN,NaN,NaN,NaN,2002,5,3,15,0,0,0,0.000001515881222013036
681,5,94.5116320580201,18.90232641160402,2020,8,7,26,26161,21,4,2205210415,NaN,NaN,NaN,NaN,NaN,NaN,NaN,2001,5,3,15,0,0,0,0.0000014354322907303038
682,5,83.62548218400153,16.725096436800307,2020,8,7,26,26161,21,4,2205210415,NaN,NaN,NaN,NaN,NaN,NaN,NaN,2000,5,3,15,0,0,0,0.000006427884485381112
683,5,60.874080684058114,12.174816136811623,2020,8,7,26,26161,21,4,2205210415,NaN,NaN,NaN,NaN,NaN,NaN,NaN,1999,5,3,15,0,0,0,0.000008739625283418485
684,5,46.82985881634186,9.365971763268373,2020,8,7,26,26161,21,4,2205210415,NaN,NaN,NaN,NaN,NaN,NaN,NaN,1998,5,3,15,0,0,0,0.0000040599283136332964
