i1,out_dayID,out_SHO,out_activity,out_yearID,out_monthID,out_hourID,out_stateID,out_countyID,out_sourceTypeID,out_roadTypeID,out_SCC,out_zoneID,out_linkID,out_regClassID,out_fuelSubTypeID,out_engTechID,out_sectorID,out_hpID,out_modelYearID,out_fuelTypeID,out_pollutantID,out_processID,out_meanBaseRate,out_adjustedMeanBaseRate,out_emissionQuant
1,5,260.05730384453915,52.01146076890783,2020,8,7,26,26161,21,4,2201210401,NaN,NaN,NaN,NaN,NaN,NaN,NaN,2020,1,100,1,0,0,2.434425781458888
2,5,310.4463445557139,62.08926891114278,2020,8,7,26,26161,21,4,2201210401,NaN,NaN,NaN,NaN,NaN,NaN,NaN,2019,1,100,1,0,0,2.990905537444152
3,5,327.8141613006279,65.56283226012559,2020,8,7,26,26161,21,4,2201210401,NaN,NaN,NaN,NaN,NaN,NaN,NaN,2018,1,100,1,0,0,3.1779543616373727
4,5,368.3242419642923,73.66484839285846,2020,8,7,26,26161,21,4,2201210401,NaN,NaN,NaN,NaN,NaN,NaN,NaN,2017,1,100,1,0,0,3.659952906829374
5,5,367.29985169622574,73.45997033924515,2020,8,7,26,26161,21,4,2201210401,NaN,NaN,NaN,NaN,NaN,NaN,NaN,2016,1,100,1,0,0,4.57711300552422
6,5,392.56334931271454,78.51266986254291,2020,8,7,26,26161,21,4,2201210401,NaN,NaN,NaN,NaN,NaN,NaN,NaN,2015,1,100,1,0,0,4.674006040263272
7,5,364.0998652152451,72.81997304304902,2020,8,7,26,26161,21,4,2201210401,NaN,NaN,NaN,NaN,NaN,NaN,NaN,2014,1,100,1,0,0,5.033125980881015
8,5,370.3959424661204,74.07918849322408,2020,8,7,26,26161,21,4,2201210401,NaN,NaN,NaN,NaN,NaN,NaN,NaN,2013,1,100,1,0,0,4.911700064276272
9,5,316.43263381169584,63.286526762339165,2020,8,7,26,26161,21,4,2201210401,NaN,NaN,NaN,NaN,NaN,NaN,NaN,2012,1,100,1,0,0,4.569398824040347
10,5,231.92053549096389,46.38410709819278,2020,8,7,26,26161,21,4,2201210401,NaN,NaN,NaN,NaN,NaN,NaN,NaN,2011,1,100,1,0,0,3.1057412988088844
11,5,230.10402906651655,46.02080581330331,2020,8,7,26,26161,21,4,2201210401,NaN,NaN,NaN,NaN,NaN,NaN,NaN,2010,1,100,1,0,0,3.7523294403496488
12,5,205.50535743034038,41.10107148606808,2020,8,7,26,26161,21,4,2201210401,NaN,NaN,NaN,NaN,NaN,NaN,NaN,2009,1,100,1,0,0,3.202224048060822
13,5,253.9388285109485,50.7877657021897,2020,8,7,26,26161,21,4,2201210401,NaN,NaN,NaN,NaN,NaN,NaN,NaN,2008,1,100,1,0,0,3.940219222067328
14,5,268.1829985315532,53.63659970631064,2020,8,7,26,26161,21,4,2201210401,NaN,NaN,NaN,NaN,NaN,NaN,NaN,2007,1,100,1,0,0,4.0361717670815
15,5,229.81669167512396,45.963338335024794,2020,8,7,26,26161,21,4,2201210401,NaN,NaN,NaN,NaN,NaN,NaN,NaN,2006,1,100,1,0,0,3.436213053326283
16,5,203.39262514967626,40.67852502993525,2020,8,7,26,26161,21,4,2201210401,NaN,NaN,NaN,NaN,NaN,NaN,NaN,2005,1,100,1,0,0,4.5280624976644415
17,5,164.72170300101715,32.94434060020343,2020,8,7,26,26161,21,4,2201210401,NaN,NaN,NaN,NaN,NaN,NaN,NaN,2004,1,100,1,0,0,3.673825784807347
18,5,148.74713474802425,29.74942694960485,2020,8,7,26,26161,21,4,2201210401,NaN,NaN,NaN,NaN,NaN,NaN,NaN,2003,1,100,1,0,0,10.013094563902099
19,5,118.52562992373574,23.70512598474715,2020,8,7,26,26161,21,4,2201210401,NaN,NaN,NaN,NaN,NaN,NaN,NaN,2002,1,100,1,0,0,6.670262513819371
20,5,94.5116320580201,18.90232641160402,2020,8,7,26,26161,21,4,2201210401,NaN,NaN,NaN,NaN,NaN,NaN,NaN,2001,1,100,1,0,0,7.999890546632312
21,5,83.62548218400153,16.725096436800307,2020,8,7,26,26161,21,4,2201210401,NaN,NaN,NaN,NaN,NaN,NaN,NaN,2000,1,100,1,0,0,8.155018516156456
22,5,60.874080684058114,12.174816136811623,2020,8,7,26,26161,21,4,2201210401,NaN,NaN,NaN,NaN,NaN,NaN,NaN,1999,1,100,1,0,0,6.037669862595568
23,5,46.82985881634186,9.365971763268373,2020,8,7,26,26161,21,4,2201210401,NaN,NaN,NaN,NaN,NaN,NaN,NaN,1998,1,100,1,0,0,6.161061683198017
24,5,36.74778034358123,7.349556068716247,2020,8,7,26,26161,21,4,2201210401,NaN,NaN,NaN,NaN,NaN,NaN,NaN,1997,1,100,1,0,0,4.172096313874829
25,5,26.865139913300695,5.373027982660139,2020,8,7,26,26161,21,4,2201210401,NaN,NaN,NaN,NaN,NaN,NaN,NaN,1996,1,100,1,0,0,5.1180576814790015
26,5,25.04660490806586,5.009320981613172,2020,8,7,26,26161,21,4,2201210401,NaN,NaN,NaN,NaN,NaN,NaN,NaN,1995,1,100,1,0,0,5.1745502919792745
27,5,18.41216437802274,3.6824328756045484,2020,8,7,26,26161,21,4,2201210401,NaN,NaN,NaN,NaN,NaN,NaN,NaN,1994,1,100,1,0,0,4.960831942383539
28,5,15.146433442304176,3.029286688460835,2020,8,7,26,26161,21,4,2201210401,NaN,NaN,NaN,NaN,NaN,NaN,NaN,1993,1,100,1,0,0,3.8623549293633794
29,5,12.785088718582324,2.557017743716465,2020,8,7,26,26161,21,4,2201210401,NaN,NaN,NaN,NaN,NaN,NaN,NaN,1992,1,100,1,0,0,3.258664762989038
30,5,12.603265015943999,2.5206530031887997,2020,8,7,26,26161,21,4,2201210401,NaN,NaN,NaN,NaN,NaN,NaN,NaN,1991,1,100,1,0,0,3.2069891828767907
31,5,10.501237834887378,2.1002475669774756,2020,8,7,26,26161,21,4,2201210401,NaN,NaN,NaN,NaN,NaN,NaN,NaN,1990,1,100,1,0,0,4.730436181263213
32,5,10.217773915995503,2.0435547831991006,2020,8,7,26,26161,21,4,2201210401,NaN,NaN,NaN,NaN,NaN,NaN,NaN,1989,1,100,1,0,0,4.08043849373157
33,5,9.15454189972411,1.830908379944822,2020,8,7,26,26161,21,4,2201210401,NaN,NaN,NaN,NaN,NaN,NaN,NaN,1988,1,100,1,0,0,3.658220691532197
34,5,9.00619255308734,1.801238510617468,2020,8,7,26,26161,21,4,2201210401,NaN,NaN,NaN,NaN,NaN,NaN,NaN,1987,1,100,1,0,0,6.8695607638802825
35,5,7.780739775004618,1.5561479550009236,2020,8,7,26,26161,21,4,2201210401,NaN,NaN,NaN,NaN,NaN,NaN,NaN,1986,1,100,1,0,0,5.958187514450719
36,5,5.992761098455286,1.1985522196910572,2020,8,7,26,26161,21,4,2201210401,NaN,NaN,NaN,NaN,NaN,NaN,NaN,1985,1,100,1,0,0,2.491491586430083
37,5,4.779871405562617,0.9559742811125235,2020,8,7,26,26161,21,4,2201210401,NaN,NaN,NaN,NaN,NaN,NaN,NaN,1984,1,100,1,0,0,3.425146622323882
38,5,3.5629958872973577,0.7125991774594715,2020,8,7,26,26161,21,4,2201210401,NaN,NaN,NaN,NaN,NaN,NaN,NaN,1983,1,100,1,0,0,2.465096324192744
39,5,2.6061493961116446,0.5212298792223289,2020,8,7,26,26161,21,4,2201210401,NaN,NaN,NaN,NaN,NaN,NaN,NaN,1982,1,100,1,0,0,1.6145518788837494
40,5,1.8323500164585729,0.3664700032917146,2020,8,7,26,26161,21,4,2201210401,NaN,NaN,NaN,NaN,NaN,NaN,NaN,1981,1,100,1,0,0,1.1737011807680147
41,5,23.19180710506584,4.638361421013168,2020,8,7,26,26161,21,4,2201210401,NaN,NaN,NaN,NaN,NaN,NaN,NaN,1980,1,100,1,0,0,19.471898783745196
42,5,310.4463445557139,62.08926891114278,2020,8,7,26,26161,21,4,2202210401,NaN,NaN,NaN,NaN,NaN,NaN,NaN,2019,2,100,1,0,0,0.00019951226678983463
43,5,327.8141613006279,65.56283226012559,2020,8,7,26,26161,21,4,2202210401,NaN,NaN,NaN,NaN,NaN,NaN,NaN,2018,2,100,1,0,0,0.002356294816299288
44,5,368.3242419642923,73.66484839285846,2020,8,7,26,26161,21,4,2202210401,NaN,NaN,NaN,NaN,NaN,NaN,NaN,2017,2,100,1,0,0,0.002818932713813616
45,5,367.29985169622574,73.45997033924515,2020,8,7,26,26161,21,4,2202210401,NaN,NaN,NaN,NaN,NaN,NaN,NaN,2016,2,100,1,0,0,0.0033016955758257485
46,5,392.56334931271454,78.51266986254291,2020,8,7,26,26161,21,4,2202210401,NaN,NaN,NaN,NaN,NaN,NaN,NaN,2015,2,100,1,0,0,0.03972473408145053
47,5,364.0998652152451,72.81997304304902,2020,8,7,26,26161,21,4,2202210401,NaN,NaN,NaN,NaN,NaN,NaN,NaN,2014,2,100,1,0,0,0.05569422003237154
48,5,370.3959424661204,74.07918849322408,2020,8,7,26,26161,21,4,2202210401,NaN,NaN,NaN,NaN,NaN,NaN,NaN,2013,2,100,1,0,0,0.05463359488285314
49,5,316.43263381169584,63.286526762339165,2020,8,7,26,26161,21,4,2202210401,NaN,NaN,NaN,NaN,NaN,NaN,NaN,2012,2,100,1,0,0,0.04681922819760843
50,5,231.92053549096389,46.38410709819278,2020,8,7,26,26161,21,4,2202210401,NaN,NaN,NaN,NaN,NaN,NaN,NaN,2011,2,100,1,0,0,0.02939803618161966
51,5,230.10402906651655,46.02080581330331,2020,8,7,26,26161,21,4,2202210401,NaN,NaN,NaN,NaN,NaN,NaN,NaN,2010,2,100,1,0,0,0.03157052087769782
52,5,205.50535743034038,41.10107148606808,2020,8,7,26,26161,21,4,2202210401,NaN,NaN,NaN,NaN,NaN,NaN,NaN,2009,2,100,1,0,0,0.019578377884273534
53,5,253.9388285109485,50.7877657021897,2020,8,7,26,26161,21,4,2202210401,NaN,NaN,NaN,NaN,NaN,NaN,NaN,2008,2,100,1,0,0,0.0021161487630513495
54,5,268.1829985315532,53.63659970631064,2020,8,7,26,26161,21,4,2202210401,NaN,NaN,NaN,NaN,NaN,NaN,NaN,2007,2,100,1,0,0,0.0014621564750956348
55,5,229.81669167512396,45.963338335024794,2020,8,7,26,26161,21,4,2202210401,NaN,NaN,NaN,NaN,NaN,NaN,NaN,2006,2,100,1,0,0,0.020335032160637978
56,5,203.39262514967626,40.67852502993525,2020,8,7,26,26161,21,4,2202210401,NaN,NaN,NaN,NaN,NaN,NaN,NaN,2005,2,100,1,0,0,0.01889352263747869
57,5,164.72170300101715,32.94434060020343,2020,8,7,26,26161,21,4,2202210401,NaN,NaN,NaN,NaN,NaN,NaN,NaN,2004,2,100,1,0,0,0.010537833377789659
58,5,148.74713474802425,29.74942694960485,2020,8,7,26,26161,21,4,2202210401,NaN,NaN,NaN,NaN,NaN,NaN,NaN,2003,2,100,1,0,0,0.03651103843399975
59,5,118.52562992373574,23.70512598474715,2020,8,7,26,26161,21,4,2202210401,NaN,NaN,NaN,NaN,NaN,NaN,NaN,2002,2,100,1,0,0,0.027171731723783805
60,5,94.5116320580201,18.90232641160402,2020,8,7,26,26161,21,4,2202210401,NaN,NaN,NaN,NaN,NaN,NaN,NaN,2001,2,100,1,0,0,0.02350042109951194
61,5,83.62548218400153,16.725096436800307,2020,8,7,26,26161,21,4,2202210401,NaN,NaN,NaN,NaN,NaN,NaN,NaN,2000,2,100,1,0,0,0.0240344466198517
62,5,60.874080684058114,12.174816136811623,2020,8,7,26,26161,21,4,2202210401,NaN,NaN,NaN,NaN,NaN,NaN,NaN,1999,2,100,1,0,0,0.01080385558168277
63,5,46.82985881634186,9.365971763268373,2020,8,7,26,26161,21,4,2202210401,NaN,NaN,NaN,NaN,NaN,NaN,NaN,1998,2,100,1,0,0,0.012956263583532497
64,5,36.74778034358123,7.349556068716247,2020,8,7,26,26161,21,4,2202210401,NaN,NaN,NaN,NaN,NaN,NaN,NaN,1997,2,100,1,0,0,0.0036012444516739534
65,5,26.865139913300695,5.373027982660139,2020,8,7,26,26161,21,4,2202210401,NaN,NaN,NaN,NaN,NaN,NaN,NaN,1996,2,100,1,0,0,0.0060548869609658214
66,5,25.04660490806586,5.009320981613172,2020,8,7,26,26161,21,4,2202210401,NaN,NaN,NaN,NaN,NaN,NaN,NaN,1995,2,100,1,0,0,0.004640230596626706
67,5,18.41216437802274,3.6824328756045484,2020,8,7,26,26161,21,4,2202210401,NaN,NaN,NaN,NaN,NaN,NaN,NaN,1994,2,100,1,0,0,0.0007078260717762049
68,5,15.146433442304176,3.029286688460835,2020,8,7,26,26161,21,4,2202210401,NaN,NaN,NaN,NaN,NaN,NaN,NaN,1993,2,100,1,0,0,0.0025409538000437004
69,5,12.785088718582324,2.557017743716465,2020,8,7,26,26161,21,4,2202210401,NaN,NaN,NaN,NaN,NaN,NaN,NaN,1992,2,100,1,0,0,0.003613216892505891
70,5,12.603265015943999,2.5206530031887997,2020,8,7,26,26161,21,4,2202210401,NaN,NaN,NaN,NaN,NaN,NaN,NaN,1991,2,100,1,0,0,0.008629740571638775
71,5,10.501237834887378,2.1002475669774756,2020,8,7,26,26161,21,4,2202210401,NaN,NaN,NaN,NaN,NaN,NaN,NaN,1990,2,100,1,0,0,0.004788851475522122
72,5,10.217773915995503,2.0435547831991006,2020,8,7,26,26161,21,4,2202210401,NaN,NaN,NaN,NaN,NaN,NaN,NaN,1989,2,100,1,0,0,0.0035347599496807483
73,5,9.15454189972411,1.830908379944822,2020,8,7,26,26161,21,4,2202210401,NaN,NaN,NaN,NaN,NaN,NaN,NaN,1988,2,100,1,0,0,0.0009041748724299596
74,5,9.00619255308734,1.801238510617468,2020,8,7,26,26161,21,4,2202210401,NaN,NaN,NaN,NaN,NaN,NaN,NaN,1987,2,100,1,0,0,0.08443204521089222
75,5,7.780739775004618,1.5561479550009236,2020,8,7,26,26161,21,4,2202210401,NaN,NaN,NaN,NaN,NaN,NaN,NaN,1986,2,100,1,0,0,0.050748858821397916
76,5,5.992761098455286,1.1985522196910572,2020,8,7,26,26161,21,4,2202210401,NaN,NaN,NaN,NaN,NaN,NaN,NaN,1985,2,100,1,0,0,0.08270711633874478
77,5,4.779871405562617,0.9559742811125235,2020,8,7,26,26161,21,4,2202210401,NaN,NaN,NaN,NaN,NaN,NaN,NaN,1984,2,100,1,0,0,0.15108606409496617
78,5,3.5629958872973577,0.7125991774594715,2020,8,7,26,26161,21,4,2202210401,NaN,NaN,NaN,NaN,NaN,NaN,NaN,1983,2,100,1,0,0,0.19632010149029291
79,5,2.6061493961116446,0.5212298792223289,2020,8,7,26,26161,21,4,2202210401,NaN,NaN,NaN,NaN,NaN,NaN,NaN,1982,2,100,1,0,0,0.18332852978041722
80,5,1.8323500164585729,0.3664700032917146,2020,8,7,26,26161,21,4,2202210401,NaN,NaN,NaN,NaN,NaN,NaN,NaN,1981,2,100,1,0,0,0.0922760403725142
81,5,23.19180710506584,4.638361421013168,2020,8,7,26,26161,21,4,2202210401,NaN,NaN,NaN,NaN,NaN,NaN,NaN,1980,2,100,1,0,0,0.9059853249656551
82,5,260.05730384453915,52.01146076890783,2020,8,7,26,26161,21,4,2205210401,NaN,NaN,NaN,NaN,NaN,NaN,NaN,2020,5,100,1,0,0,0.0008118191571771744
83,5,310.4463445557139,62.08926891114278,2020,8,7,26,26161,21,4,2205210401,NaN,NaN,NaN,NaN,NaN,NaN,NaN,2019,5,100,1,0,0,0.0015709192251378784
84,5,327.8141613006279,65.56283226012559,2020,8,7,26,26161,21,4,2205210401,NaN,NaN,NaN,NaN,NaN,NaN,NaN,2018,5,100,1,0,0,0.0014113120373490723
85,5,368.3242419642923,73.66484839285846,2020,8,7,26,26161,21,4,2205210401,NaN,NaN,NaN,NaN,NaN,NaN,NaN,2017,5,100,1,0,0,0.0010414800607894262
86,5,367.29985169622574,73.45997033924515,2020,8,7,26,26161,21,4,2205210401,NaN,NaN,NaN,NaN,NaN,NaN,NaN,2016,5,100,1,0,0,0.002519824121248989
87,5,392.56334931271454,78.51266986254291,2020,8,7,26,26161,21,4,2205210401,NaN,NaN,NaN,NaN,NaN,NaN,NaN,2015,5,100,1,0,0,0.002714552343317709
88,5,364.0998652152451,72.81997304304902,2020,8,7,26,26161,21,4,2205210401,NaN,NaN,NaN,NaN,NaN,NaN,NaN,2014,5,100,1,0,0,0.003758099842114886
89,5,370.3959424661204,74.07918849322408,2020,8,7,26,26161,21,4,2205210401,NaN,NaN,NaN,NaN,NaN,NaN,NaN,2013,5,100,1,0,0,0.004118798687319248
90,5,316.43263381169584,63.286526762339165,2020,8,7,26,26161,21,4,2205210401,NaN,NaN,NaN,NaN,NaN,NaN,NaN,2012,5,100,1,0,0,0.003950601806104133
91,5,231.92053549096389,46.38410709819278,2020,8,7,26,26161,21,4,2205210401,NaN,NaN,NaN,NaN,NaN,NaN,NaN,2011,5,100,1,0,0,0.0047893525553232685
92,5,230.10402906651655,46.02080581330331,2020,8,7,26,26161,21,4,2205210401,NaN,NaN,NaN,NaN,NaN,NaN,NaN,2010,5,100,1,0,0,0.0036411796036735417
93,5,205.50535743034038,41.10107148606808,2020,8,7,26,26161,21,4,2205210401,NaN,NaN,NaN,NaN,NaN,NaN,NaN,2009,5,100,1,0,0,0.0026289721235990167
94,5,253.9388285109485,50.7877657021897,2020,8,7,26,26161,21,4,2205210401,NaN,NaN,NaN,NaN,NaN,NaN,NaN,2008,5,100,1,0,0,0.00362917902522635
95,5,268.1829985315532,53.63659970631064,2020,8,7,26,26161,21,4,2205210401,NaN,NaN,NaN,NaN,NaN,NaN,NaN,2007,5,100,1,0,0,0.002186621057575943
96,5,229.81669167512396,45.963338335024794,2020,8,7,26,26161,21,4,2205210401,NaN,NaN,NaN,NaN,NaN,NaN,NaN,2006,5,100,1,0,0,0.0021983508751351167
97,5,203.39262514967626,40.67852502993525,2020,8,7,26,26161,21,4,2205210401,NaN,NaN,NaN,NaN,NaN,NaN,NaN,2005,5,100,1,0,0,0.0011284951684526255
98,5,164.72170300101715,32.94434060020343,2020,8,7,26,26161,21,4,2205210401,NaN,NaN,NaN,NaN,NaN,NaN,NaN,2004,5,100,1,0,0,0.0006269942682579123
99,5,148.74713474802425,29.74942694960485,2020,8,7,26,26161,21,4,2205210401,NaN,NaN,NaN,NaN,NaN,NaN,NaN,2003,5,100,1,0,0,0.002553234285952058
100,5,118.52562992373574,23.70512598474715,2020,8,7,26,26161,21,4,2205210401,NaN,NaN,NaN,NaN,NaN,NaN,NaN,2002,5,100,1,0,0,0.000949791685283429
101,5,94.5116320580201,18.90232641160402,2020,8,7,26,26161,21,4,2205210401,NaN,NaN,NaN,NaN,NaN,NaN,NaN,2001,5,100,1,0,0,0.0013486690105003248
102,5,83.62548218400153,16.725096436800307,2020,8,7,26,26161,21,4,2205210401,NaN,NaN,NaN,NaN,NaN,NaN,NaN,2000,5,100,1,0,0,0.0018240848601070178
103,5,60.874080684058114,12.174816136811623,2020,8,7,26,26161,21,4,2205210401,NaN,NaN,NaN,NaN,NaN,NaN,NaN,1999,5,100,1,0,0,0.0018317325245030846
104,5,46.82985881634186,9.365971763268373,2020,8,7,26,26161,21,4,2205210401,NaN,NaN,NaN,NaN,NaN,NaN,NaN,1998,5,100,1,0,0,0.0009950613683721047
105,5,260.05730384453915,52.01146076890783,2020,8,7,26,26161,21,4,2201210401,NaN,NaN,NaN,NaN,NaN,NaN,NaN,2020,1,110,1,0,0,2.153539610111982
106,5,310.4463445557139,62.08926891114278,2020,8,7,26,26161,21,4,2201210401,NaN,NaN,NaN,NaN,NaN,NaN,NaN,2019,1,110,1,0,0,2.6458122461754834
107,5,327.8141613006279,65.56283226012559,2020,8,7,26,26161,21,4,2201210401,NaN,NaN,NaN,NaN,NaN,NaN,NaN,2018,1,110,1,0,0,2.81127921378358
108,5,368.3242419642923,73.66484839285846,2020,8,7,26,26161,21,4,2201210401,NaN,NaN,NaN,NaN,NaN,NaN,NaN,2017,1,110,1,0,0,3.237664346159757
109,5,367.29985169622574,73.45997033924515,2020,8,7,26,26161,21,4,2201210401,NaN,NaN,NaN,NaN,NaN,NaN,NaN,2016,1,110,1,0,0,4.049001712201747
110,5,392.56334931271454,78.51266986254291,2020,8,7,26,26161,21,4,2201210401,NaN,NaN,NaN,NaN,NaN,NaN,NaN,2015,1,110,1,0,0,4.1347151440277345
111,5,364.0998652152451,72.81997304304902,2020,8,7,26,26161,21,4,2201210401,NaN,NaN,NaN,NaN,NaN,NaN,NaN,2014,1,110,1,0,0,4.452399512469604
112,5,370.3959424661204,74.07918849322408,2020,8,7,26,26161,21,4,2201210401,NaN,NaN,NaN,NaN,NaN,NaN,NaN,2013,1,110,1,0,0,4.344983824099034
113,5,316.43263381169584,63.286526762339165,2020,8,7,26,26161,21,4,2201210401,NaN,NaN,NaN,NaN,NaN,NaN,NaN,2012,1,110,1,0,0,4.0421775997101514
114,5,231.92053549096389,46.38410709819278,2020,8,7,26,26161,21,4,2201210401,NaN,NaN,NaN,NaN,NaN,NaN,NaN,2011,1,110,1,0,0,2.7473981571692936
115,5,230.10402906651655,46.02080581330331,2020,8,7,26,26161,21,4,2201210401,NaN,NaN,NaN,NaN,NaN,NaN,NaN,2010,1,110,1,0,0,3.3193823946194354
116,5,205.50535743034038,41.10107148606808,2020,8,7,26,26161,21,4,2201210401,NaN,NaN,NaN,NaN,NaN,NaN,NaN,2009,1,110,1,0,0,2.832748642605754
117,5,253.9388285109485,50.7877657021897,2020,8,7,26,26161,21,4,2201210401,NaN,NaN,NaN,NaN,NaN,NaN,NaN,2008,1,110,1,0,0,3.48559328933886
118,5,268.1829985315532,53.63659970631064,2020,8,7,26,26161,21,4,2201210401,NaN,NaN,NaN,NaN,NaN,NaN,NaN,2007,1,110,1,0,0,3.5704747459652517
119,5,229.81669167512396,45.963338335024794,2020,8,7,26,26161,21,4,2201210401,NaN,NaN,NaN,NaN,NaN,NaN,NaN,2006,1,110,1,0,0,3.039739792226217
120,5,203.39262514967626,40.67852502993525,2020,8,7,26,26161,21,4,2201210401,NaN,NaN,NaN,NaN,NaN,NaN,NaN,2005,1,110,1,0,0,4.005610694748407
121,5,164.72170300101715,32.94434060020343,2020,8,7,26,26161,21,4,2201210401,NaN,NaN,NaN,NaN,NaN,NaN,NaN,2004,1,110,1,0,0,3.249936559368866
122,5,148.74713474802425,29.74942694960485,2020,8,7,26,26161,21,4,2201210401,NaN,NaN,NaN,NaN,NaN,NaN,NaN,2003,1,110,1,0,0,8.857774974038284
123,5,118.52562992373574,23.70512598474715,2020,8,7,26,26161,21,4,2201210401,NaN,NaN,NaN,NaN,NaN,NaN,NaN,2002,1,110,1,0,0,5.9006418034016885
124,5,94.5116320580201,18.90232641160402,2020,8,7,26,26161,21,4,2201210401,NaN,NaN,NaN,NaN,NaN,NaN,NaN,2001,1,110,1,0,0,7.076856193335555
125,5,83.62548218400153,16.725096436800307,2020,8,7,26,26161,21,4,2201210401,NaN,NaN,NaN,NaN,NaN,NaN,NaN,2000,1,110,1,0,0,7.214085362345706
126,5,60.874080684058114,12.174816136811623,2020,8,7,26,26161,21,4,2201210401,NaN,NaN,NaN,NaN,NaN,NaN,NaN,1999,1,110,1,0,0,5.341038244380959
127,5,46.82985881634186,9.365971763268373,2020,8,7,26,26161,21,4,2201210401,NaN,NaN,NaN,NaN,NaN,NaN,NaN,1998,1,110,1,0,0,5.450193009030206
128,5,36.74778034358123,7.349556068716247,2020,8,7,26,26161,21,4,2201210401,NaN,NaN,NaN,NaN,NaN,NaN,NaN,1997,1,110,1,0,0,3.6907161999193487
129,5,26.865139913300695,5.373027982660139,2020,8,7,26,26161,21,4,2201210401,NaN,NaN,NaN,NaN,NaN,NaN,NaN,1996,1,110,1,0,0,4.527531719327159
130,5,25.04660490806586,5.009320981613172,2020,8,7,26,26161,21,4,2201210401,NaN,NaN,NaN,NaN,NaN,NaN,NaN,1995,1,110,1,0,0,4.577506163123125
131,5,18.41216437802274,3.6824328756045484,2020,8,7,26,26161,21,4,2201210401,NaN,NaN,NaN,NaN,NaN,NaN,NaN,1994,1,110,1,0,0,4.38844682322969
132,5,15.146433442304176,3.029286688460835,2020,8,7,26,26161,21,4,2201210401,NaN,NaN,NaN,NaN,NaN,NaN,NaN,1993,1,110,1,0,0,3.416713046684341
133,5,12.785088718582324,2.557017743716465,2020,8,7,26,26161,21,4,2201210401,NaN,NaN,NaN,NaN,NaN,NaN,NaN,1992,1,110,1,0,0,2.882677178586058
134,5,12.603265015943999,2.5206530031887997,2020,8,7,26,26161,21,4,2201210401,NaN,NaN,NaN,NaN,NaN,NaN,NaN,1991,1,110,1,0,0,2.836963972007812
135,5,10.501237834887378,2.1002475669774756,2020,8,7,26,26161,21,4,2201210401,NaN,NaN,NaN,NaN,NaN,NaN,NaN,1990,1,110,1,0,0,4.184634326108838
136,5,10.217773915995503,2.0435547831991006,2020,8,7,26,26161,21,4,2201210401,NaN,NaN,NaN,NaN,NaN,NaN,NaN,1989,1,110,1,0,0,3.609633939059977
137,5,9.15454189972411,1.830908379944822,2020,8,7,26,26161,21,4,2201210401,NaN,NaN,NaN,NaN,NaN,NaN,NaN,1988,1,110,1,0,0,3.236131995375385
138,5,9.00619255308734,1.801238510617468,2020,8,7,26,26161,21,4,2201210401,NaN,NaN,NaN,NaN,NaN,NaN,NaN,1987,1,110,1,0,0,6.0769448474299885
139,5,7.780739775004618,1.5561479550009236,2020,8,7,26,26161,21,4,2201210401,NaN,NaN,NaN,NaN,NaN,NaN,NaN,1986,1,110,1,0,0,5.270726638934493
140,5,5.992761098455286,1.1985522196910572,2020,8,7,26,26161,21,4,2201210401,NaN,NaN,NaN,NaN,NaN,NaN,NaN,1985,1,110,1,0,0,2.2040211127005502
141,5,4.779871405562617,0.9559742811125235,2020,8,7,26,26161,21,4,2201210401,NaN,NaN,NaN,NaN,NaN,NaN,NaN,1984,1,110,1,0,0,3.0299502156912697
142,5,3.5629958872973577,0.7125991774594715,2020,8,7,26,26161,21,4,2201210401,NaN,NaN,NaN,NaN,NaN,NaN,NaN,1983,1,110,1,0,0,2.1806713588570226
143,5,2.6061493961116446,0.5212298792223289,2020,8,7,26,26161,21,4,2201210401,NaN,NaN,NaN,NaN,NaN,NaN,NaN,1982,1,110,1,0,0,1.428263473973399
144,5,1.8323500164585729,0.3664700032917146,2020,8,7,26,26161,21,4,2201210401,NaN,NaN,NaN,NaN,NaN,NaN,NaN,1981,1,110,1,0,0,1.0382785141654192
145,5,23.19180710506584,4.638361421013168,2020,8,7,26,26161,21,4,2201210401,NaN,NaN,NaN,NaN,NaN,NaN,NaN,1980,1,110,1,0,0,17.225214107680436
146,5,310.4463445557139,62.08926891114278,2020,8,7,26,26161,21,4,2202210401,NaN,NaN,NaN,NaN,NaN,NaN,NaN,2019,2,110,1,0,0,0.00018355069808441402
147,5,327.8141613006279,65.56283226012559,2020,8,7,26,26161,21,4,2202210401,NaN,NaN,NaN,NaN,NaN,NaN,NaN,2018,2,110,1,0,0,0.002167784294085604
148,5,368.3242419642923,73.66484839285846,2020,8,7,26,26161,21,4,2202210401,NaN,NaN,NaN,NaN,NaN,NaN,NaN,2017,2,110,1,0,0,0.002593409797797174
149,5,367.29985169622574,73.45997033924515,2020,8,7,26,26161,21,4,2202210401,NaN,NaN,NaN,NaN,NaN,NaN,NaN,2016,2,110,1,0,0,0.0030375502095990187
150,5,392.56334931271454,78.51266986254291,2020,8,7,26,26161,21,4,2202210401,NaN,NaN,NaN,NaN,NaN,NaN,NaN,2015,2,110,1,0,0,0.0365466384056916
151,5,364.0998652152451,72.81997304304902,2020,8,7,26,26161,21,4,2202210401,NaN,NaN,NaN,NaN,NaN,NaN,NaN,2014,2,110,1,0,0,0.05123851846652273
152,5,370.3959424661204,74.07918849322408,2020,8,7,26,26161,21,4,2202210401,NaN,NaN,NaN,NaN,NaN,NaN,NaN,2013,2,110,1,0,0,0.05026274645143625
153,5,316.43263381169584,63.286526762339165,2020,8,7,26,26161,21,4,2202210401,NaN,NaN,NaN,NaN,NaN,NaN,NaN,2012,2,110,1,0,0,0.043073552106433016
154,5,231.92053549096389,46.38410709819278,2020,8,7,26,26161,21,4,2202210401,NaN,NaN,NaN,NaN,NaN,NaN,NaN,2011,2,110,1,0,0,0.02704610673954852
155,5,230.10402906651655,46.02080581330331,2020,8,7,26,26161,21,4,2202210401,NaN,NaN,NaN,NaN,NaN,NaN,NaN,2010,2,110,1,0,0,0.029044786264165956
156,5,205.50535743034038,41.10107148606808,2020,8,7,26,26161,21,4,2202210401,NaN,NaN,NaN,NaN,NaN,NaN,NaN,2009,2,110,1,0,0,0.018012050014971605
157,5,253.9388285109485,50.7877657021897,2020,8,7,26,26161,21,4,2202210401,NaN,NaN,NaN,NaN,NaN,NaN,NaN,2008,2,110,1,0,0,0.0019468506320852188
158,5,268.1829985315532,53.63659970631064,2020,8,7,26,26161,21,4,2202210401,NaN,NaN,NaN,NaN,NaN,NaN,NaN,2007,2,110,1,0,0,0.0013451796525130962
159,5,229.81669167512396,45.963338335024794,2020,8,7,26,26161,21,4,2202210401,NaN,NaN,NaN,NaN,NaN,NaN,NaN,2006,2,110,1,0,0,0.01870816972164383
160,5,203.39262514967626,40.67852502993525,2020,8,7,26,26161,21,4,2202210401,NaN,NaN,NaN,NaN,NaN,NaN,NaN,2005,2,110,1,0,0,0.01738198520412774
161,5,164.72170300101715,32.94434060020343,2020,8,7,26,26161,21,4,2202210401,NaN,NaN,NaN,NaN,NaN,NaN,NaN,2004,2,110,1,0,0,0.009694775684284297
162,5,148.74713474802425,29.74942694960485,2020,8,7,26,26161,21,4,2202210401,NaN,NaN,NaN,NaN,NaN,NaN,NaN,2003,2,110,1,0,0,0.033590047871126585
163,5,118.52562992373574,23.70512598474715,2020,8,7,26,26161,21,4,2202210401,NaN,NaN,NaN,NaN,NaN,NaN,NaN,2002,2,110,1,0,0,0.024997913192558886
164,5,94.5116320580201,18.90232641160402,2020,8,7,26,26161,21,4,2202210401,NaN,NaN,NaN,NaN,NaN,NaN,NaN,2001,2,110,1,0,0,0.02162031822653266
165,5,83.62548218400153,16.725096436800307,2020,8,7,26,26161,21,4,2202210401,NaN,NaN,NaN,NaN,NaN,NaN,NaN,2000,2,110,1,0,0,0.022111620133079136
166,5,60.874080684058114,12.174816136811623,2020,8,7,26,26161,21,4,2202210401,NaN,NaN,NaN,NaN,NaN,NaN,NaN,1999,2,110,1,0,0,0.009939515328699099
167,5,46.82985881634186,9.365971763268373,2020,8,7,26,26161,21,4,2202210401,NaN,NaN,NaN,NaN,NaN,NaN,NaN,1998,2,110,1,0,0,0.011919724353731967
168,5,36.74778034358123,7.349556068716247,2020,8,7,26,26161,21,4,2202210401,NaN,NaN,NaN,NaN,NaN,NaN,NaN,1997,2,110,1,0,0,0.003313134293510298
169,5,26.865139913300695,5.373027982660139,2020,8,7,26,26161,21,4,2202210401,NaN,NaN,NaN,NaN,NaN,NaN,NaN,1996,2,110,1,0,0,0.005570478178558385
170,5,25.04660490806586,5.009320981613172,2020,8,7,26,26161,21,4,2202210401,NaN,NaN,NaN,NaN,NaN,NaN,NaN,1995,2,110,1,0,0,0.004268998488101408
171,5,18.41216437802274,3.6824328756045484,2020,8,7,26,26161,21,4,2202210401,NaN,NaN,NaN,NaN,NaN,NaN,NaN,1994,2,110,1,0,0,0.0006511979022008215
172,5,15.146433442304176,3.029286688460835,2020,8,7,26,26161,21,4,2202210401,NaN,NaN,NaN,NaN,NaN,NaN,NaN,1993,2,110,1,0,0,0.0023376700154961547
173,5,12.785088718582324,2.557017743716465,2020,8,7,26,26161,21,4,2202210401,NaN,NaN,NaN,NaN,NaN,NaN,NaN,1992,2,110,1,0,0,0.0033241489038289274
174,5,12.603265015943999,2.5206530031887997,2020,8,7,26,26161,21,4,2202210401,NaN,NaN,NaN,NaN,NaN,NaN,NaN,1991,2,110,1,0,0,0.00793933592003273
175,5,10.501237834887378,2.1002475669774756,2020,8,7,26,26161,21,4,2202210401,NaN,NaN,NaN,NaN,NaN,NaN,NaN,1990,2,110,1,0,0,0.004405729259146723
176,5,10.217773915995503,2.0435547831991006,2020,8,7,26,26161,21,4,2202210401,NaN,NaN,NaN,NaN,NaN,NaN,NaN,1989,2,110,1,0,0,0.0032519687474062966
177,5,9.15454189972411,1.830908379944822,2020,8,7,26,26161,21,4,2202210401,NaN,NaN,NaN,NaN,NaN,NaN,NaN,1988,2,110,1,0,0,0.0008318382207532566
178,5,9.00619255308734,1.801238510617468,2020,8,7,26,26161,21,4,2202210401,NaN,NaN,NaN,NaN,NaN,NaN,NaN,1987,2,110,1,0,0,0.07767723302687515
179,5,7.780739775004618,1.5561479550009236,2020,8,7,26,26161,21,4,2202210401,NaN,NaN,NaN,NaN,NaN,NaN,NaN,1986,2,110,1,0,0,0.04668880071152381
180,5,5.992761098455286,1.1985522196910572,2020,8,7,26,26161,21,4,2202210401,NaN,NaN,NaN,NaN,NaN,NaN,NaN,1985,2,110,1,0,0,0.07609030354267388
181,5,4.779871405562617,0.9559742811125235,2020,8,7,26,26161,21,4,2202210401,NaN,NaN,NaN,NaN,NaN,NaN,NaN,1984,2,110,1,0,0,0.13899873417141953
182,5,3.5629958872973577,0.7125991774594715,2020,8,7,26,26161,21,4,2202210401,NaN,NaN,NaN,NaN,NaN,NaN,NaN,1983,2,110,1,0,0,0.1806139154065402
183,5,2.6061493961116446,0.5212298792223289,2020,8,7,26,26161,21,4,2202210401,NaN,NaN,NaN,NaN,NaN,NaN,NaN,1982,2,110,1,0,0,0.16866170768051927
184,5,1.8323500164585729,0.3664700032917146,2020,8,7,26,26161,21,4,2202210401,NaN,NaN,NaN,NaN,NaN,NaN,NaN,1981,2,110,1,0,0,0.08489368548291952
185,5,23.19180710506584,4.638361421013168,2020,8,7,26,26161,21,4,2202210401,NaN,NaN,NaN,NaN,NaN,NaN,NaN,1980,2,110,1,0,0,0.8335038317561412
186,5,260.05730384453915,52.01146076890783,2020,8,7,26,26161,21,4,2205210401,NaN,NaN,NaN,NaN,NaN,NaN,NaN,2020,5,110,1,0,0,0.0007181507542945377
187,5,310.4463445557139,62.08926891114278,2020,8,7,26,26161,21,4,2205210401,NaN,NaN,NaN,NaN,NaN,NaN,NaN,2019,5,110,1,0,0,0.0013896651938977897
188,5,327.8141613006279,65.56283226012559,2020,8,7,26,26161,21,4,2205210401,NaN,NaN,NaN,NaN,NaN,NaN,NaN,2018,5,110,1,0,0,0.00124847362273566
189,5,368.3242419642923,73.66484839285846,2020,8,7,26,26161,21,4,2205210401,NaN,NaN,NaN,NaN,NaN,NaN,NaN,2017,5,110,1,0,0,0.0009213131824079565
190,5,367.29985169622574,73.45997033924515,2020,8,7,26,26161,21,4,2205210401,NaN,NaN,NaN,NaN,NaN,NaN,NaN,2016,5,110,1,0,0,0.0022290846149243997
191,5,392.56334931271454,78.51266986254291,2020,8,7,26,26161,21,4,2205210401,NaN,NaN,NaN,NaN,NaN,NaN,NaN,2015,5,110,1,0,0,0.002401344924778809
192,5,364.0998652152451,72.81997304304902,2020,8,7,26,26161,21,4,2205210401,NaN,NaN,NaN,NaN,NaN,NaN,NaN,2014,5,110,1,0,0,0.0033244870023927935
193,5,370.3959424661204,74.07918849322408,2020,8,7,26,26161,21,4,2205210401,NaN,NaN,NaN,NaN,NaN,NaN,NaN,2013,5,110,1,0,0,0.0036435681000320666
194,5,316.43263381169584,63.286526762339165,2020,8,7,26,26161,21,4,2205210401,NaN,NaN,NaN,NaN,NaN,NaN,NaN,2012,5,110,1,0,0,0.0034947779217679403
195,5,231.92053549096389,46.38410709819278,2020,8,7,26,26161,21,4,2205210401,NaN,NaN,NaN,NaN,NaN,NaN,NaN,2011,5,110,1,0,0,0.004236752877509681
196,5,230.10402906651655,46.02080581330331,2020,8,7,26,26161,21,4,2205210401,NaN,NaN,NaN,NaN,NaN,NaN,NaN,2010,5,110,1,0,0,0.003221057123106731
197,5,205.50535743034038,41.10107148606808,2020,8,7,26,26161,21,4,2205210401,NaN,NaN,NaN,NaN,NaN,NaN,NaN,2009,5,110,1,0,0,0.0023256390255027
198,5,253.9388285109485,50.7877657021897,2020,8,7,26,26161,21,4,2205210401,NaN,NaN,NaN,NaN,NaN,NaN,NaN,2008,5,110,1,0,0,0.003210441181874463
199,5,268.1829985315532,53.63659970631064,2020,8,7,26,26161,21,4,2205210401,NaN,NaN,NaN,NaN,NaN,NaN,NaN,2007,5,110,1,0,0,0.001934326811545998
200,5,229.81669167512396,45.963338335024794,2020,8,7,26,26161,21,4,2205210401,NaN,NaN,NaN,NaN,NaN,NaN,NaN,2006,5,110,1,0,0,0.0019447032325178174
201,5,203.39262514967626,40.67852502993525,2020,8,7,26,26161,21,4,2205210401,NaN,NaN,NaN,NaN,NaN,NaN,NaN,2005,5,110,1,0,0,0.0009982884110052153
202,5,164.72170300101715,32.94434060020343,2020,8,7,26,26161,21,4,2205210401,NaN,NaN,NaN,NaN,NaN,NaN,NaN,2004,5,110,1,0,0,0.0005546511223675169
203,5,148.74713474802425,29.74942694960485,2020,8,7,26,26161,21,4,2205210401,NaN,NaN,NaN,NaN,NaN,NaN,NaN,2003,5,110,1,0,0,0.0022586398856647982
204,5,118.52562992373574,23.70512598474715,2020,8,7,26,26161,21,4,2205210401,NaN,NaN,NaN,NaN,NaN,NaN,NaN,2002,5,110,1,0,0,0.0008402038916902675
205,5,94.5116320580201,18.90232641160402,2020,8,7,26,26161,21,4,2205210401,NaN,NaN,NaN,NaN,NaN,NaN,NaN,2001,5,110,1,0,0,0.0011930584029973769
206,5,83.62548218400153,16.725096436800307,2020,8,7,26,26161,21,4,2205210401,NaN,NaN,NaN,NaN,NaN,NaN,NaN,2000,5,110,1,0,0,0.001613620356950026
207,5,60.874080684058114,12.174816136811623,2020,8,7,26,26161,21,4,2205210401,NaN,NaN,NaN,NaN,NaN,NaN,NaN,1999,5,110,1,0,0,0.001620385627153459
208,5,46.82985881634186,9.365971763268373,2020,8,7,26,26161,21,4,2205210401,NaN,NaN,NaN,NaN,NaN,NaN,NaN,1998,5,110,1,0,0,0.0008802503192343662
209,5,260.05730384453915,52.01146076890783,2020,8,7,26,26161,21,4,2201210401,NaN,NaN,NaN,NaN,NaN,NaN,NaN,2020,1,111,1,0,0,0.6870430450496388
210,5,310.4463445557139,62.08926891114278,2020,8,7,26,26161,21,4,2201210401,NaN,NaN,NaN,NaN,NaN,NaN,NaN,2019,1,111,1,0,0,0.8370004457625089
211,5,327.8141613006279,65.56283226012559,2020,8,7,26,26161,21,4,2201210401,NaN,NaN,NaN,NaN,NaN,NaN,NaN,2018,1,111,1,0,0,0.8926156825600455
212,5,368.3242419642923,73.66484839285846,2020,8,7,26,26161,21,4,2201210401,NaN,NaN,NaN,NaN,NaN,NaN,NaN,2017,1,111,1,0,0,1.037961350122295
213,5,367.29985169622574,73.45997033924515,2020,8,7,26,26161,21,4,2201210401,NaN,NaN,NaN,NaN,NaN,NaN,NaN,2016,1,111,1,0,0,1.3357566244294217
214,5,392.56334931271454,78.51266986254291,2020,8,7,26,26161,21,4,2201210401,NaN,NaN,NaN,NaN,NaN,NaN,NaN,2015,1,111,1,0,0,1.4342991451015845
215,5,364.0998652152451,72.81997304304902,2020,8,7,26,26161,21,4,2201210401,NaN,NaN,NaN,NaN,NaN,NaN,NaN,2014,1,111,1,0,0,1.563813573444434
216,5,370.3959424661204,74.07918849322408,2020,8,7,26,26161,21,4,2201210401,NaN,NaN,NaN,NaN,NaN,NaN,NaN,2013,1,111,1,0,0,1.6124672885379518
217,5,316.43263381169584,63.286526762339165,2020,8,7,26,26161,21,4,2201210401,NaN,NaN,NaN,NaN,NaN,NaN,NaN,2012,1,111,1,0,0,1.664646842253362
218,5,231.92053549096389,46.38410709819278,2020,8,7,26,26161,21,4,2201210401,NaN,NaN,NaN,NaN,NaN,NaN,NaN,2011,1,111,1,0,0,1.2493964816635654
219,5,230.10402906651655,46.02080581330331,2020,8,7,26,26161,21,4,2201210401,NaN,NaN,NaN,NaN,NaN,NaN,NaN,2010,1,111,1,0,0,1.6789926858237836
220,5,205.50535743034038,41.10107148606808,2020,8,7,26,26161,21,4,2201210401,NaN,NaN,NaN,NaN,NaN,NaN,NaN,2009,1,111,1,0,0,1.5225866773659769
221,5,253.9388285109485,50.7877657021897,2020,8,7,26,26161,21,4,2201210401,NaN,NaN,NaN,NaN,NaN,NaN,NaN,2008,1,111,1,0,0,1.8995617882689633
222,5,268.1829985315532,53.63659970631064,2020,8,7,26,26161,21,4,2201210401,NaN,NaN,NaN,NaN,NaN,NaN,NaN,2007,1,111,1,0,0,2.0225852050062825
223,5,229.81669167512396,45.963338335024794,2020,8,7,26,26161,21,4,2201210401,NaN,NaN,NaN,NaN,NaN,NaN,NaN,2006,1,111,1,0,0,1.7219370443029178
224,5,203.39262514967626,40.67852502993525,2020,8,7,26,26161,21,4,2201210401,NaN,NaN,NaN,NaN,NaN,NaN,NaN,2005,1,111,1,0,0,2.269077636908236
225,5,164.72170300101715,32.94434060020343,2020,8,7,26,26161,21,4,2201210401,NaN,NaN,NaN,NaN,NaN,NaN,NaN,2004,1,111,1,0,0,1.8410072596177687
226,5,148.74713474802425,29.74942694960485,2020,8,7,26,26161,21,4,2201210401,NaN,NaN,NaN,NaN,NaN,NaN,NaN,2003,1,111,1,0,0,5.198894669068713
227,5,118.52562992373574,23.70512598474715,2020,8,7,26,26161,21,4,2201210401,NaN,NaN,NaN,NaN,NaN,NaN,NaN,2002,1,111,1,0,0,3.463263815422107
228,5,94.5116320580201,18.90232641160402,2020,8,7,26,26161,21,4,2201210401,NaN,NaN,NaN,NaN,NaN,NaN,NaN,2001,1,111,1,0,0,4.153620783540693
229,5,83.62548218400153,16.725096436800307,2020,8,7,26,26161,21,4,2201210401,NaN,NaN,NaN,NaN,NaN,NaN,NaN,2000,1,111,1,0,0,4.225501652950279
230,5,60.874080684058114,12.174816136811623,2020,8,7,26,26161,21,4,2201210401,NaN,NaN,NaN,NaN,NaN,NaN,NaN,1999,1,111,1,0,0,3.1284039358880946
231,5,46.82985881634186,9.365971763268373,2020,8,7,26,26161,21,4,2201210401,NaN,NaN,NaN,NaN,NaN,NaN,NaN,1998,1,111,1,0,0,3.192339029274724
232,5,36.74778034358123,7.349556068716247,2020,8,7,26,26161,21,4,2201210401,NaN,NaN,NaN,NaN,NaN,NaN,NaN,1997,1,111,1,0,0,2.1617610399985328
233,5,26.865139913300695,5.373027982660139,2020,8,7,26,26161,21,4,2201210401,NaN,NaN,NaN,NaN,NaN,NaN,NaN,1996,1,111,1,0,0,2.651908388438379
234,5,25.04660490806586,5.009320981613172,2020,8,7,26,26161,21,4,2201210401,NaN,NaN,NaN,NaN,NaN,NaN,NaN,1995,1,111,1,0,0,2.6811810312829714
235,5,18.41216437802274,3.6824328756045484,2020,8,7,26,26161,21,4,2201210401,NaN,NaN,NaN,NaN,NaN,NaN,NaN,1994,1,111,1,0,0,2.5704427557958485
236,5,15.146433442304176,3.029286688460835,2020,8,7,26,26161,21,4,2201210401,NaN,NaN,NaN,NaN,NaN,NaN,NaN,1993,1,111,1,0,0,2.001269259915693
237,5,12.785088718582324,2.557017743716465,2020,8,7,26,26161,21,4,2201210401,NaN,NaN,NaN,NaN,NaN,NaN,NaN,1992,1,111,1,0,0,1.6884687548938786
238,5,12.603265015943999,2.5206530031887997,2020,8,7,26,26161,21,4,2201210401,NaN,NaN,NaN,NaN,NaN,NaN,NaN,1991,1,111,1,0,0,1.66169318613899
239,5,10.501237834887378,2.1002475669774756,2020,8,7,26,26161,21,4,2201210401,NaN,NaN,NaN,NaN,NaN,NaN,NaN,1990,1,111,1,0,0,2.451063527647582
240,5,10.217773915995503,2.0435547831991006,2020,8,7,26,26161,21,4,2201210401,NaN,NaN,NaN,NaN,NaN,NaN,NaN,1989,1,111,1,0,0,2.114268696705694
241,5,9.15454189972411,1.830908379944822,2020,8,7,26,26161,21,4,2201210401,NaN,NaN,NaN,NaN,NaN,NaN,NaN,1988,1,111,1,0,0,1.8954976298820274
242,5,9.00619255308734,1.801238510617468,2020,8,7,26,26161,21,4,2201210401,NaN,NaN,NaN,NaN,NaN,NaN,NaN,1987,1,111,1,0,0,3.5594462859901923
243,5,7.780739775004618,1.5561479550009236,2020,8,7,26,26161,21,4,2201210401,NaN,NaN,NaN,NaN,NaN,NaN,NaN,1986,1,111,1,0,0,3.087220442252186
244,5,5.992761098455286,1.1985522196910572,2020,8,7,26,26161,21,4,2201210401,NaN,NaN,NaN,NaN,NaN,NaN,NaN,1985,1,111,1,0,0,1.2909600267027566
245,5,4.779871405562617,0.9559742811125235,2020,8,7,26,26161,21,4,2201210401,NaN,NaN,NaN,NaN,NaN,NaN,NaN,1984,1,111,1,0,0,1.7747308965135098
246,5,3.5629958872973577,0.7125991774594715,2020,8,7,26,26161,21,4,2201210401,NaN,NaN,NaN,NaN,NaN,NaN,NaN,1983,1,111,1,0,0,1.2772833083736692
247,5,2.6061493961116446,0.5212298792223289,2020,8,7,26,26161,21,4,2201210401,NaN,NaN,NaN,NaN,NaN,NaN,NaN,1982,1,111,1,0,0,0.8365760747727984
248,5,1.8323500164585729,0.3664700032917146,2020,8,7,26,26161,21,4,2201210401,NaN,NaN,NaN,NaN,NaN,NaN,NaN,1981,1,111,1,0,0,0.6081503726234877
249,5,23.19180710506584,4.638361421013168,2020,8,7,26,26161,21,4,2201210401,NaN,NaN,NaN,NaN,NaN,NaN,NaN,1980,1,111,1,0,0,10.089317228356146
250,5,310.4463445557139,62.08926891114278,2020,8,7,26,26161,21,4,2202210401,NaN,NaN,NaN,NaN,NaN,NaN,NaN,2019,2,111,1,0,0,0.000018504693353461696
251,5,327.8141613006279,65.56283226012559,2020,8,7,26,26161,21,4,2202210401,NaN,NaN,NaN,NaN,NaN,NaN,NaN,2018,2,111,1,0,0,0.00021940913445841215
252,5,368.3242419642923,73.66484839285846,2020,8,7,26,26161,21,4,2202210401,NaN,NaN,NaN,NaN,NaN,NaN,NaN,2017,2,111,1,0,0,0.000265224353566242
253,5,367.29985169622574,73.45997033924515,2020,8,7,26,26161,21,4,2202210401,NaN,NaN,NaN,NaN,NaN,NaN,NaN,2016,2,111,1,0,0,0.00032036812492987744
254,5,392.56334931271454,78.51266986254291,2020,8,7,26,26161,21,4,2202210401,NaN,NaN,NaN,NaN,NaN,NaN,NaN,2015,2,111,1,0,0,0.004069437589436699
255,5,364.0998652152451,72.81997304304902,2020,8,7,26,26161,21,4,2202210401,NaN,NaN,NaN,NaN,NaN,NaN,NaN,2014,2,111,1,0,0,0.005782652376909595
256,5,370.3959424661204,74.07918849322408,2020,8,7,26,26161,21,4,2202210401,NaN,NaN,NaN,NaN,NaN,NaN,NaN,2013,2,111,1,0,0,0.006022026857953591
257,5,316.43263381169584,63.286526762339165,2020,8,7,26,26161,21,4,2202210401,NaN,NaN,NaN,NaN,NaN,NaN,NaN,2012,2,111,1,0,0,0.005782927282436372
258,5,231.92053549096389,46.38410709819278,2020,8,7,26,26161,21,4,2202210401,NaN,NaN,NaN,NaN,NaN,NaN,NaN,2011,2,111,1,0,0,0.004051608109145831
259,5,230.10402906651655,46.02080581330331,2020,8,7,26,26161,21,4,2202210401,NaN,NaN,NaN,NaN,NaN,NaN,NaN,2010,2,111,1,0,0,0.004900415791201767
260,5,205.50535743034038,41.10107148606808,2020,8,7,26,26161,21,4,2202210401,NaN,NaN,NaN,NaN,NaN,NaN,NaN,2009,2,111,1,0,0,0.0032547183132306547
261,5,253.9388285109485,50.7877657021897,2020,8,7,26,26161,21,4,2202210401,NaN,NaN,NaN,NaN,NaN,NaN,NaN,2008,2,111,1,0,0,0.00035734944723518934
262,5,268.1829985315532,53.63659970631064,2020,8,7,26,26161,21,4,2202210401,NaN,NaN,NaN,NaN,NaN,NaN,NaN,2007,2,111,1,0,0,0.00025803230477370584
263,5,229.81669167512396,45.963338335024794,2020,8,7,26,26161,21,4,2202210401,NaN,NaN,NaN,NaN,NaN,NaN,NaN,2006,2,111,1,0,0,0.011395805114584632
264,5,203.39262514967626,40.67852502993525,2020,8,7,26,26161,21,4,2202210401,NaN,NaN,NaN,NaN,NaN,NaN,NaN,2005,2,111,1,0,0,0.010587973412751011
265,5,164.72170300101715,32.94434060020343,2020,8,7,26,26161,21,4,2202210401,NaN,NaN,NaN,NaN,NaN,NaN,NaN,2004,2,111,1,0,0,0.005905425990318473
266,5,148.74713474802425,29.74942694960485,2020,8,7,26,26161,21,4,2202210401,NaN,NaN,NaN,NaN,NaN,NaN,NaN,2003,2,111,1,0,0,0.020533299716640214
267,5,118.52562992373574,23.70512598474715,2020,8,7,26,26161,21,4,2202210401,NaN,NaN,NaN,NaN,NaN,NaN,NaN,2002,2,111,1,0,0,0.015281001850609235
268,5,94.5116320580201,18.90232641160402,2020,8,7,26,26161,21,4,2202210401,NaN,NaN,NaN,NaN,NaN,NaN,NaN,2001,2,111,1,0,0,0.0132163125835217
269,5,83.62548218400153,16.725096436800307,2020,8,7,26,26161,21,4,2202210401,NaN,NaN,NaN,NaN,NaN,NaN,NaN,2000,2,111,1,0,0,0.013516636276117574
270,5,60.874080684058114,12.174816136811623,2020,8,7,26,26161,21,4,2202210401,NaN,NaN,NaN,NaN,NaN,NaN,NaN,1999,2,111,1,0,0,0.006075938999947286
271,5,46.82985881634186,9.365971763268373,2020,8,7,26,26161,21,4,2202210401,NaN,NaN,NaN,NaN,NaN,NaN,NaN,1998,2,111,1,0,0,0.0072864233248591675
272,5,36.74778034358123,7.349556068716247,2020,8,7,26,26161,21,4,2202210401,NaN,NaN,NaN,NaN,NaN,NaN,NaN,1997,2,111,1,0,0,0.0020252896216979405
273,5,26.865139913300695,5.373027982660139,2020,8,7,26,26161,21,4,2202210401,NaN,NaN,NaN,NaN,NaN,NaN,NaN,1996,2,111,1,0,0,0.003405183779962968
274,5,25.04660490806586,5.009320981613172,2020,8,7,26,26161,21,4,2202210401,NaN,NaN,NaN,NaN,NaN,NaN,NaN,1995,2,111,1,0,0,0.0026096019116759735
275,5,18.41216437802274,3.6824328756045484,2020,8,7,26,26161,21,4,2202210401,NaN,NaN,NaN,NaN,NaN,NaN,NaN,1994,2,111,1,0,0,0.00039807156034779004
276,5,15.146433442304176,3.029286688460835,2020,8,7,26,26161,21,4,2202210401,NaN,NaN,NaN,NaN,NaN,NaN,NaN,1993,2,111,1,0,0,0.0014289969046942133
277,5,12.785088718582324,2.557017743716465,2020,8,7,26,26161,21,4,2202210401,NaN,NaN,NaN,NaN,NaN,NaN,NaN,1992,2,111,1,0,0,0.002032022681912187
278,5,12.603265015943999,2.5206530031887997,2020,8,7,26,26161,21,4,2202210401,NaN,NaN,NaN,NaN,NaN,NaN,NaN,1991,2,111,1,0,0,0.004853245487963533
279,5,10.501237834887378,2.1002475669774756,2020,8,7,26,26161,21,4,2202210401,NaN,NaN,NaN,NaN,NaN,NaN,NaN,1990,2,111,1,0,0,0.002693183359802029
280,5,10.217773915995503,2.0435547831991006,2020,8,7,26,26161,21,4,2202210401,NaN,NaN,NaN,NaN,NaN,NaN,NaN,1989,2,111,1,0,0,0.0019878995933619793
281,5,9.15454189972411,1.830908379944822,2020,8,7,26,26161,21,4,2202210401,NaN,NaN,NaN,NaN,NaN,NaN,NaN,1988,2,111,1,0,0,0.0005084953113701468
282,5,9.00619255308734,1.801238510617468,2020,8,7,26,26161,21,4,2202210401,NaN,NaN,NaN,NaN,NaN,NaN,NaN,1987,2,111,1,0,0,0.04748341621426752
283,5,7.780739775004618,1.5561479550009236,2020,8,7,26,26161,21,4,2202210401,NaN,NaN,NaN,NaN,NaN,NaN,NaN,1986,2,111,1,0,0,0.028540457355931373
284,5,5.992761098455286,1.1985522196910572,2020,8,7,26,26161,21,4,2202210401,NaN,NaN,NaN,NaN,NaN,NaN,NaN,1985,2,111,1,0,0,0.04651332906096771
285,5,4.779871405562617,0.9559742811125235,2020,8,7,26,26161,21,4,2202210401,NaN,NaN,NaN,NaN,NaN,NaN,NaN,1984,2,111,1,0,0,0.08496869062531898
286,5,3.5629958872973577,0.7125991774594715,2020,8,7,26,26161,21,4,2202210401,NaN,NaN,NaN,NaN,NaN,NaN,NaN,1983,2,111,1,0,0,0.11040768099283416
287,5,2.6061493961116446,0.5212298792223289,2020,8,7,26,26161,21,4,2202210401,NaN,NaN,NaN,NaN,NaN,NaN,NaN,1982,2,111,1,0,0,0.10310142437245336
288,5,1.8323500164585729,0.3664700032917146,2020,8,7,26,26161,21,4,2202210401,NaN,NaN,NaN,NaN,NaN,NaN,NaN,1981,2,111,1,0,0,0.0518947662387923
289,5,23.19180710506584,4.638361421013168,2020,8,7,26,26161,21,4,2202210401,NaN,NaN,NaN,NaN,NaN,NaN,NaN,1980,2,111,1,0,0,0.5095136347465765
290,5,260.05730384453915,52.01146076890783,2020,8,7,26,26161,21,4,2205210401,NaN,NaN,NaN,NaN,NaN,NaN,NaN,2020,5,111,1,0,0,0.00022911140278936303
291,5,310.4463445557139,62.08926891114278,2020,8,7,26,26161,21,4,2205210401,NaN,NaN,NaN,NaN,NaN,NaN,NaN,2019,5,111,1,0,0,0.0004396193979502609
292,5,327.8141613006279,65.56283226012559,2020,8,7,26,26161,21,4,2205210401,NaN,NaN,NaN,NaN,NaN,NaN,NaN,2018,5,111,1,0,0,0.0003964057107712794
293,5,368.3242419642923,73.66484839285846,2020,8,7,26,26161,21,4,2205210401,NaN,NaN,NaN,NaN,NaN,NaN,NaN,2017,5,111,1,0,0,0.0002953633769454508
294,5,367.29985169622574,73.45997033924515,2020,8,7,26,26161,21,4,2205210401,NaN,NaN,NaN,NaN,NaN,NaN,NaN,2016,5,111,1,0,0,0.0007353700374653273
295,5,392.56334931271454,78.51266986254291,2020,8,7,26,26161,21,4,2205210401,NaN,NaN,NaN,NaN,NaN,NaN,NaN,2015,5,111,1,0,0,0.000833007076117254
296,5,364.0998652152451,72.81997304304902,2020,8,7,26,26161,21,4,2205210401,NaN,NaN,NaN,NaN,NaN,NaN,NaN,2014,5,111,1,0,0,0.0011676575483671719
297,5,370.3959424661204,74.07918849322408,2020,8,7,26,26161,21,4,2205210401,NaN,NaN,NaN,NaN,NaN,NaN,NaN,2013,5,111,1,0,0,0.0013521648440383634
298,5,316.43263381169584,63.286526762339165,2020,8,7,26,26161,21,4,2205210401,NaN,NaN,NaN,NaN,NaN,NaN,NaN,2012,5,111,1,0,0,0.0014392170775140913
299,5,231.92053549096389,46.38410709819278,2020,8,7,26,26161,21,4,2205210401,NaN,NaN,NaN,NaN,NaN,NaN,NaN,2011,5,111,1,0,0,0.0019266898483663814
300,5,230.10402906651655,46.02080581330331,2020,8,7,26,26161,21,4,2205210401,NaN,NaN,NaN,NaN,NaN,NaN,NaN,2010,5,111,1,0,0,0.0016292583099443828
301,5,205.50535743034038,41.10107148606808,2020,8,7,26,26161,21,4,2205210401,NaN,NaN,NaN,NaN,NaN,NaN,NaN,2009,5,111,1,0,0,0.001250018071965455
302,5,253.9388285109485,50.7877657021897,2020,8,7,26,26161,21,4,2205210401,NaN,NaN,NaN,NaN,NaN,NaN,NaN,2008,5,111,1,0,0,0.0017496107222912736
303,5,268.1829985315532,53.63659970631064,2020,8,7,26,26161,21,4,2205210401,NaN,NaN,NaN,NaN,NaN,NaN,NaN,2007,5,111,1,0,0,0.0010957480640637434
304,5,229.81669167512396,45.963338335024794,2020,8,7,26,26161,21,4,2205210401,NaN,NaN,NaN,NaN,NaN,NaN,NaN,2006,5,111,1,0,0,0.0011016260486545139
305,5,203.39262514967626,40.67852502993525,2020,8,7,26,26161,21,4,2205210401,NaN,NaN,NaN,NaN,NaN,NaN,NaN,2005,5,111,1,0,0,0.0005655052578041086
306,5,164.72170300101715,32.94434060020343,2020,8,7,26,26161,21,4,2205210401,NaN,NaN,NaN,NaN,NaN,NaN,NaN,2004,5,111,1,0,0,0.0003141959001907538
307,5,148.74713474802425,29.74942694960485,2020,8,7,26,26161,21,4,2205210401,NaN,NaN,NaN,NaN,NaN,NaN,NaN,2003,5,111,1,0,0,0.0013256637129917155
308,5,118.52562992373574,23.70512598474715,2020,8,7,26,26161,21,4,2205210401,NaN,NaN,NaN,NaN,NaN,NaN,NaN,2002,5,111,1,0,0,0.0004931408874862098
309,5,94.5116320580201,18.90232641160402,2020,8,7,26,26161,21,4,2205210401,NaN,NaN,NaN,NaN,NaN,NaN,NaN,2001,5,111,1,0,0,0.0007002420344975354
310,5,83.62548218400153,16.725096436800307,2020,8,7,26,26161,21,4,2205210401,NaN,NaN,NaN,NaN,NaN,NaN,NaN,2000,5,111,1,0,0,0.0009451448302948168
311,5,60.874080684058114,12.174816136811623,2020,8,7,26,26161,21,4,2205210401,NaN,NaN,NaN,NaN,NaN,NaN,NaN,1999,5,111,1,0,0,0.0009491077467899532
312,5,46.82985881634186,9.365971763268373,2020,8,7,26,26161,21,4,2205210401,NaN,NaN,NaN,NaN,NaN,NaN,NaN,1998,5,111,1,0,0,0.0005155886121771341
313,5,260.05730384453915,52.01146076890783,2020,8,7,26,26161,21,4,2201210401,NaN,NaN,NaN,NaN,NaN,NaN,NaN,2020,1,112,1,0.019685349950691173,0.021474959870551202,1.1169440328210438
314,5,310.4463445557139,62.08926891114278,2020,8,7,26,26161,21,4,2201210401,NaN,NaN,NaN,NaN,NaN,NaN,NaN,2019,1,112,1,0.02041762267702302,0.022273804059334518,1.3829642099141246
315,5,327.8141613006279,65.56283226012559,2020,8,7,26,26161,21,4,2201210401,NaN,NaN,NaN,NaN,NaN,NaN,NaN,2018,1,112,1,0.020476155303095933,0.022337657930318895,1.4645201199695619
316,5,368.3242419642923,73.66484839285846,2020,8,7,26,26161,21,4,2201210401,NaN,NaN,NaN,NaN,NaN,NaN,NaN,2017,1,112,1,0.020801069617053525,0.022692110448109263,1.6716108758739683
317,5,367.29985169622574,73.45997033924515,2020,8,7,26,26161,21,4,2201210401,NaN,NaN,NaN,NaN,NaN,NaN,NaN,2016,1,112,1,0.02537665446406293,0.027683665143349977,2.033641220312084
318,5,392.56334931271454,78.51266986254291,2020,8,7,26,26161,21,4,2201210401,NaN,NaN,NaN,NaN,NaN,NaN,NaN,2015,1,112,1,0.023008389773334966,0.02510009973437229,1.9706758439616725
319,5,364.0998652152451,72.81997304304902,2020,8,7,26,26161,21,4,2201210401,NaN,NaN,NaN,NaN,NaN,NaN,NaN,2014,1,112,1,0.02634628974434794,0.028741450693789743,2.0929516647398914
320,5,370.3959424661204,74.07918849322408,2020,8,7,26,26161,21,4,2201210401,NaN,NaN,NaN,NaN,NaN,NaN,NaN,2013,1,112,1,0.023660918211902745,0.025811950022415785,1.9121283110882183
321,5,316.43263381169584,63.286526762339165,2020,8,7,26,26161,21,4,2201210401,NaN,NaN,NaN,NaN,NaN,NaN,NaN,2012,1,112,1,0.02216969538434277,0.024185159009804093,1.530594712925395
322,5,231.92053549096389,46.38410709819278,2020,8,7,26,26161,21,4,2201210401,NaN,NaN,NaN,NaN,NaN,NaN,NaN,2011,1,112,1,0.017041902584314705,0.018591194722609002,0.8623359670968523
323,5,230.10402906651655,46.02080581330331,2020,8,7,26,26161,21,4,2201210401,NaN,NaN,NaN,NaN,NaN,NaN,NaN,2010,1,112,1,0.015659022092600252,0.01708259552880634,0.7861548116184001
324,5,205.50535743034038,41.10107148606808,2020,8,7,26,26161,21,4,2201210401,NaN,NaN,NaN,NaN,NaN,NaN,NaN,2009,1,112,1,0.011943168881409325,0.013028931316838282,0.5355030374404414
325,5,253.9388285109485,50.7877657021897,2020,8,7,26,26161,21,4,2201210401,NaN,NaN,NaN,NaN,NaN,NaN,NaN,2008,1,112,1,0.011182686578559836,0.012199312997790632,0.619575850259468
326,5,268.1829985315532,53.63659970631064,2020,8,7,26,26161,21,4,2201210401,NaN,NaN,NaN,NaN,NaN,NaN,NaN,2007,1,112,1,0.00886716683948024,0.009673287623552487,0.5188422561084937
327,5,229.81669167512396,45.963338335024794,2020,8,7,26,26161,21,4,2201210401,NaN,NaN,NaN,NaN,NaN,NaN,NaN,2006,1,112,1,0.008809372957511002,0.009610239656452,0.4417186968101757
328,5,203.39262514967626,40.67852502993525,2020,8,7,26,26161,21,4,2201210401,NaN,NaN,NaN,NaN,NaN,NaN,NaN,2005,1,112,1,0.01311671616169632,0.014309166660049584,0.582075794138342
329,5,164.72170300101715,32.94434060020343,2020,8,7,26,26161,21,4,2201210401,NaN,NaN,NaN,NaN,NaN,NaN,NaN,2004,1,112,1,0.013140613576316502,0.014335236606546032,0.4722649173505569
330,5,148.74713474802425,29.74942694960485,2020,8,7,26,26161,21,4,2201210401,NaN,NaN,NaN,NaN,NaN,NaN,NaN,2003,1,112,1,0.040109730889728655,0.043756136590565806,1.3017199890979692
331,5,118.52562992373574,23.70512598474715,2020,8,7,26,26161,21,4,2201210401,NaN,NaN,NaN,NaN,NaN,NaN,NaN,2002,1,112,1,0.03353211867434043,0.036580548718197305,0.867146515956048
332,5,94.5116320580201,18.90232641160402,2020,8,7,26,26161,21,4,2201210401,NaN,NaN,NaN,NaN,NaN,NaN,NaN,2001,1,112,1,0.05043456200315621,0.05501960583985341,1.0399985486227037
333,5,83.62548218400153,16.725096436800307,2020,8,7,26,26161,21,4,2201210401,NaN,NaN,NaN,NaN,NaN,NaN,NaN,2000,1,112,1,0.06325816995986723,0.06325816995986723,1.0579989929942837
334,5,60.874080684058114,12.174816136811623,2020,8,7,26,26161,21,4,2201210401,NaN,NaN,NaN,NaN,NaN,NaN,NaN,1999,1,112,1,0.06433783723410777,0.06433783723410777,0.783301338965375
335,5,46.82985881634186,9.365971763268373,2020,8,7,26,26161,21,4,2201210401,NaN,NaN,NaN,NaN,NaN,NaN,NaN,1998,1,112,1,0.08534189481240942,0.08534189481240942,0.7993097770368462
336,5,36.74778034358123,7.349556068716247,2020,8,7,26,26161,21,4,2201210401,NaN,NaN,NaN,NaN,NaN,NaN,NaN,1997,1,112,1,0.07364670397896057,0.07364670397896057,0.5412705801695187
337,5,26.865139913300695,5.373027982660139,2020,8,7,26,26161,21,4,2201210401,NaN,NaN,NaN,NaN,NaN,NaN,NaN,1996,1,112,1,0.12357945656752224,0.12357945656752224,0.6639958782192302
338,5,25.04660490806586,5.009320981613172,2020,8,7,26,26161,21,4,2201210401,NaN,NaN,NaN,NaN,NaN,NaN,NaN,1995,1,112,1,0.1340148368690066,0.1340148368690066,0.6713233341753811
339,5,18.41216437802274,3.6824328756045484,2020,8,7,26,26161,21,4,2201210401,NaN,NaN,NaN,NaN,NaN,NaN,NaN,1994,1,112,1,0.17477504088679482,0.17477504088679482,0.6435973563966624
340,5,15.146433442304176,3.029286688460835,2020,8,7,26,26161,21,4,2201210401,NaN,NaN,NaN,NaN,NaN,NaN,NaN,1993,1,112,1,0.1654138971163526,0.1654138971163526,0.501086116620997
341,5,12.785088718582324,2.557017743716465,2020,8,7,26,26161,21,4,2201210401,NaN,NaN,NaN,NaN,NaN,NaN,NaN,1992,1,112,1,0.16533550730865368,0.16533550730865368,0.4227658258545907
342,5,12.603265015943999,2.5206530031887997,2020,8,7,26,26161,21,4,2201210401,NaN,NaN,NaN,NaN,NaN,NaN,NaN,1991,1,112,1,0.1650610564471695,0.1650610564471695,0.4160616476430738
343,5,10.501237834887378,2.1002475669774756,2020,8,7,26,26161,21,4,2201210401,NaN,NaN,NaN,NaN,NaN,NaN,NaN,1990,1,112,1,0.29220704210399,0.29220704210399,0.6137071292325897
344,5,10.217773915995503,2.0435547831991006,2020,8,7,26,26161,21,4,2201210401,NaN,NaN,NaN,NaN,NaN,NaN,NaN,1989,1,112,1,0.2590482968583875,0.2590482968583875,0.5293793861245383
345,5,9.15454189972411,1.830908379944822,2020,8,7,26,26161,21,4,2201210401,NaN,NaN,NaN,NaN,NaN,NaN,NaN,1988,1,112,1,0.2592169996570172,0.2592169996570172,0.4746025768961869
346,5,9.00619255308734,1.801238510617468,2020,8,7,26,26161,21,4,2201210401,NaN,NaN,NaN,NaN,NaN,NaN,NaN,1987,1,112,1,0.4947857433738422,0.4947857433738422,0.8912271354694562
347,5,7.780739775004618,1.5561479550009236,2020,8,7,26,26161,21,4,2201210401,NaN,NaN,NaN,NaN,NaN,NaN,NaN,1986,1,112,1,0.4967326563905935,0.4967326563905935,0.7729895074243985
348,5,5.992761098455286,1.1985522196910572,2020,8,7,26,26161,21,4,2201210401,NaN,NaN,NaN,NaN,NaN,NaN,NaN,1985,1,112,1,0.26968854618538995,0.26968854618538995,0.3232358056557533
349,5,4.779871405562617,0.9559742811125235,2020,8,7,26,26161,21,4,2201210401,NaN,NaN,NaN,NaN,NaN,NaN,NaN,1984,1,112,1,0.4648289361693199,0.4648289361693199,0.4443645080947647
350,5,3.5629958872973577,0.7125991774594715,2020,8,7,26,26161,21,4,2201210401,NaN,NaN,NaN,NaN,NaN,NaN,NaN,1983,1,112,1,0.44879578979712886,0.44879578979712886,0.31981151065670793
351,5,2.6061493961116446,0.5212298792223289,2020,8,7,26,26161,21,4,2201210401,NaN,NaN,NaN,NaN,NaN,NaN,NaN,1982,1,112,1,0.40186701100778005,0.40186701100778005,0.2094650936110235
352,5,1.8323500164585729,0.3664700032917146,2020,8,7,26,26161,21,4,2201210401,NaN,NaN,NaN,NaN,NaN,NaN,NaN,1981,1,112,1,0.4155074023387294,0.4155074023387294,0.15227099910280595
353,5,23.19180710506584,4.638361421013168,2020,8,7,26,26161,21,4,2201210401,NaN,NaN,NaN,NaN,NaN,NaN,NaN,1980,1,112,1,0.544631994920536,0.544631994920536,2.526200033888854
354,5,310.4463445557139,62.08926891114278,2020,8,7,26,26161,21,4,2202210401,NaN,NaN,NaN,NaN,NaN,NaN,NaN,2019,2,112,1,0.000001660289897270978,0.000001660289897270978,0.00010308618590211138
355,5,327.8141613006279,65.56283226012559,2020,8,7,26,26161,21,4,2202210401,NaN,NaN,NaN,NaN,NaN,NaN,NaN,2018,2,112,1,0.000018512333028660206,0.000018512333028660206,0.0012137209851016317
356,5,368.3242419642923,73.66484839285846,2020,8,7,26,26161,21,4,2202210401,NaN,NaN,NaN,NaN,NaN,NaN,NaN,2017,2,112,1,0.0000195497151106918,0.0000195497151106918,0.0014401267997526856
357,5,367.29985169622574,73.45997033924515,2020,8,7,26,26161,21,4,2202210401,NaN,NaN,NaN,NaN,NaN,NaN,NaN,2016,2,112,1,0.0000223861225618145,0.0000223861225618145,0.0016444838994015998
358,5,392.56334931271454,78.51266986254291,2020,8,7,26,26161,21,4,2202210401,NaN,NaN,NaN,NaN,NaN,NaN,NaN,2015,2,112,1,0.00024010622897102882,0.00024010622897102882,0.01885138108714252
359,5,364.0998652152451,72.81997304304902,2020,8,7,26,26161,21,4,2202210401,NaN,NaN,NaN,NaN,NaN,NaN,NaN,2014,2,112,1,0.00035833078343155267,0.00035833078343155267,0.026093637989980302
360,5,370.3959424661204,74.07918849322408,2020,8,7,26,26161,21,4,2202210401,NaN,NaN,NaN,NaN,NaN,NaN,NaN,2013,2,112,1,0.00032501688046630324,0.00032501688046630324,0.024076986751542958
361,5,316.43263381169584,63.286526762339165,2020,8,7,26,26161,21,4,2202210401,NaN,NaN,NaN,NaN,NaN,NaN,NaN,2012,2,112,1,0.00028327476900858394,0.00028327476900858394,0.01792747624995719
362,5,231.92053549096389,46.38410709819278,2020,8,7,26,26161,21,4,2202210401,NaN,NaN,NaN,NaN,NaN,NaN,NaN,2011,2,112,1,0.0002032674222669595,0.0002032674222669595,0.009428377884004224
363,5,230.10402906651655,46.02080581330331,2020,8,7,26,26161,21,4,2202210401,NaN,NaN,NaN,NaN,NaN,NaN,NaN,2010,2,112,1,0.0001681013926798846,0.0001681013926798846,0.007736161549466816
364,5,205.50535743034038,41.10107148606808,2020,8,7,26,26161,21,4,2202210401,NaN,NaN,NaN,NaN,NaN,NaN,NaN,2009,2,112,1,0.00009390171059269273,0.00009390171059269273,0.00385946091973434
365,5,253.9388285109485,50.7877657021897,2020,8,7,26,26161,21,4,2202210401,NaN,NaN,NaN,NaN,NaN,NaN,NaN,2008,2,112,1,0.00000773763770403651,0.00000773763770403651,0.0003929773308010353
366,5,268.1829985315532,53.63659970631064,2020,8,7,26,26161,21,4,2202210401,NaN,NaN,NaN,NaN,NaN,NaN,NaN,2007,2,112,1,0.000004160779333548244,0.000004160779333548244,0.00022317005557981714
367,5,229.81669167512396,45.963338335024794,2020,8,7,26,26161,21,4,2202210401,NaN,NaN,NaN,NaN,NaN,NaN,NaN,2006,2,112,1,0.0000616551607848683,0.00005997197489544139,0.002756512172738786
368,5,203.39262514967626,40.67852502993525,2020,8,7,26,26161,21,4,2202210401,NaN,NaN,NaN,NaN,NaN,NaN,NaN,2005,2,112,1,0.00006472697348288477,0.00006295992710680202,0.0025611169706969447
369,5,164.72170300101715,32.94434060020343,2020,8,7,26,26161,21,4,2202210401,NaN,NaN,NaN,NaN,NaN,NaN,NaN,2004,2,112,1,0.00004457671571266691,0.000043359771373711104,0.0014284590764824894
370,5,148.74713474802425,29.74942694960485,2020,8,7,26,26161,21,4,2202210401,NaN,NaN,NaN,NaN,NaN,NaN,NaN,2003,2,112,1,0.00016753060984038472,0.00016295702419174223,0.004847878087117226
371,5,118.52562992373574,23.70512598474715,2020,8,7,26,26161,21,4,2202210401,NaN,NaN,NaN,NaN,NaN,NaN,NaN,2002,2,112,1,0.00015646742698364007,0.0001521958662269867,0.003607822183268443
372,5,94.5116320580201,18.90232641160402,2020,8,7,26,26161,21,4,2202210401,NaN,NaN,NaN,NaN,NaN,NaN,NaN,2001,2,112,1,0.00016971037959698741,0.00016507728623398965,0.003120344747536659
373,5,83.62548218400153,16.725096436800307,2020,8,7,26,26161,21,4,2202210401,NaN,NaN,NaN,NaN,NaN,NaN,NaN,2000,2,112,1,0.0001961618042528306,0.00019080658699672834,0.003191258568297009
374,5,60.874080684058114,12.174816136811623,2020,8,7,26,26161,21,4,2202210401,NaN,NaN,NaN,NaN,NaN,NaN,NaN,1999,2,112,1,0.00012113356848683598,0.00011782662206714536,0.0014345174596890858
375,5,46.82985881634186,9.365971763268373,2020,8,7,26,26161,21,4,2202210401,NaN,NaN,NaN,NaN,NaN,NaN,NaN,1998,2,112,1,0.00018883180518054218,0.0001836766968991134,0.0017203107567274995
376,5,36.74778034358123,7.349556068716247,2020,8,7,26,26161,21,4,2202210401,NaN,NaN,NaN,NaN,NaN,NaN,NaN,1997,2,112,1,0.00006688677226800863,0.00006506076338509199,0.0004781677283722146
377,5,26.865139913300695,5.373027982660139,2020,8,7,26,26161,21,4,2202210401,NaN,NaN,NaN,NaN,NaN,NaN,NaN,1996,2,112,1,0.00015382814122099261,0.00014962863296565953,0.0008039588319316719
378,5,25.04660490806586,5.009320981613172,2020,8,7,26,26161,21,4,2202210401,NaN,NaN,NaN,NaN,NaN,NaN,NaN,1995,2,112,1,0.0001264469848271043,0.00012299498214132437,0.0006161213446736736
379,5,18.41216437802274,3.6824328756045484,2020,8,7,26,26161,21,4,2202210401,NaN,NaN,NaN,NaN,NaN,NaN,NaN,1994,2,112,1,0.00002623856618929845,0.0000255222533323306,0.00009398398473048194
380,5,15.146433442304176,3.029286688460835,2020,8,7,26,26161,21,4,2202210401,NaN,NaN,NaN,NaN,NaN,NaN,NaN,1993,2,112,1,0.00011449993217365501,0.00011137408402531423,0.00033738403017740293
381,5,12.785088718582324,2.557017743716465,2020,8,7,26,26161,21,4,2202210401,NaN,NaN,NaN,NaN,NaN,NaN,NaN,1992,2,112,1,0.00019288973987258937,0.00018762384997406768,0.00047975751352808706
382,5,12.603265015943999,2.5206530031887997,2020,8,7,26,26161,21,4,2202210401,NaN,NaN,NaN,NaN,NaN,NaN,NaN,1991,2,112,1,0.0004673406013568373,0.0004545822029397957,0.0011458439950363763
383,5,10.501237834887378,2.1002475669774756,2020,8,7,26,26161,21,4,2202210401,NaN,NaN,NaN,NaN,NaN,NaN,NaN,1990,2,112,1,0.00031125010394920217,0.000302752976111389,0.0006358562014731345
384,5,10.217773915995503,2.0435547831991006,2020,8,7,26,26161,21,4,2202210401,NaN,NaN,NaN,NaN,NaN,NaN,NaN,1989,2,112,1,0.00023611440230414952,0.00022966847912124624,0.00046934011905828553
385,5,9.15454189972411,1.830908379944822,2020,8,7,26,26161,21,4,2202210401,NaN,NaN,NaN,NaN,NaN,NaN,NaN,1988,2,112,1,0.00006741160367459127,0.00006557126689427492,0.00012005498204032644
386,5,9.00619255308734,1.801238510617468,2020,8,7,26,26161,21,4,2202210401,NaN,NaN,NaN,NaN,NaN,NaN,NaN,1987,2,112,1,0.006398588233318203,0.006223906774548616,0.011210740568809918
387,5,7.780739775004618,1.5561479550009236,2020,8,7,26,26161,21,4,2202210401,NaN,NaN,NaN,NaN,NaN,NaN,NaN,1986,2,112,1,0.004451675216567159,0.004330144483154876,0.006738345482319991
388,5,5.992761098455286,1.1985522196910572,2020,8,7,26,26161,21,4,2202210401,NaN,NaN,NaN,NaN,NaN,NaN,NaN,1985,2,112,1,0.009419646467009778,0.009162490118460412,0.010981722869378105
389,5,4.779871405562617,0.9559742811125235,2020,8,7,26,26161,21,4,2202210401,NaN,NaN,NaN,NaN,NaN,NaN,NaN,1984,2,112,1,0.021573819634024664,0.02098485435801579,0.02006098105915515
390,5,3.5629958872973577,0.7125991774594715,2020,8,7,26,26161,21,4,2202210401,NaN,NaN,NaN,NaN,NaN,NaN,NaN,1983,2,112,1,0.03760696600621549,0.03658029583424581,0.026067088722707698
391,5,2.6061493961116446,0.5212298792223289,2020,8,7,26,26161,21,4,2202210401,NaN,NaN,NaN,NaN,NaN,NaN,NaN,1982,2,112,1,0.0480119178239559,0.0467011924673619,0.02434205690930178
392,5,1.8323500164585729,0.3664700032917146,2020,8,7,26,26161,21,4,2202210401,NaN,NaN,NaN,NaN,NaN,NaN,NaN,1981,2,112,1,0.03437152649300647,0.03343318381974739,0.012252258984475326
393,5,23.19180710506584,4.638361421013168,2020,8,7,26,26161,21,4,2202210401,NaN,NaN,NaN,NaN,NaN,NaN,NaN,1980,2,112,1,0.02666273252978356,0.02593483993172047,0.12029516099944401
394,5,260.05730384453915,52.01146076890783,2020,8,7,26,26161,21,4,2205210401,NaN,NaN,NaN,NaN,NaN,NaN,NaN,2020,5,112,1,0.00000656456414790796,0.000007161353595292974,0.0003724724615738576
395,5,310.4463445557139,62.08926891114278,2020,8,7,26,26161,21,4,2205210401,NaN,NaN,NaN,NaN,NaN,NaN,NaN,2019,5,112,1,0.000010723988301668487,0.000011698914116713751,0.0007263770245610045
396,5,327.8141613006279,65.56283226012559,2020,8,7,26,26161,21,4,2205210401,NaN,NaN,NaN,NaN,NaN,NaN,NaN,2018,5,112,1,0.000009093347848771225,0.000009920030917940003,0.0006503853230881601
397,5,368.3242419642923,73.66484839285846,2020,8,7,26,26161,21,4,2205210401,NaN,NaN,NaN,NaN,NaN,NaN,NaN,2017,5,112,1,0.000005919174317469969,0.000006457290891595341,0.0004756753545579566
398,5,367.29985169622574,73.45997033924515,2020,8,7,26,26161,21,4,2205210401,NaN,NaN,NaN,NaN,NaN,NaN,NaN,2016,5,112,1,0.000013970532507711808,0.000015240604090089252,0.0011195743244101347
399,5,392.56334931271454,78.51266986254291,2020,8,7,26,26161,21,4,2205210401,NaN,NaN,NaN,NaN,NaN,NaN,NaN,2015,5,112,1,0.000013362729495243789,0.000014577545250157754,0.0011445219976319162
400,5,364.0998652152451,72.81997304304902,2020,8,7,26,26161,21,4,2205210401,NaN,NaN,NaN,NaN,NaN,NaN,NaN,2014,5,112,1,0.000019672066168154137,0.000021460468449386403,0.0015627507339755218
401,5,370.3959424661204,74.07918849322408,2020,8,7,26,26161,21,4,2205210401,NaN,NaN,NaN,NaN,NaN,NaN,NaN,2013,5,112,1,0.000019841309036917518,0.000021645097314210974,0.001603451243893613
402,5,316.43263381169584,63.286526762339165,2020,8,7,26,26161,21,4,2205210401,NaN,NaN,NaN,NaN,NaN,NaN,NaN,2012,5,112,1,0.00001916743142782182,0.000020909956986543852,0.0013233185524282683
403,5,231.92053549096389,46.38410709819278,2020,8,7,26,26161,21,4,2205210401,NaN,NaN,NaN,NaN,NaN,NaN,NaN,2011,5,112,1,0.00002628025705845515,0.00002866941492692533,0.0013298052124130313
404,5,230.10402906651655,46.02080581330331,2020,8,7,26,26161,21,4,2205210401,NaN,NaN,NaN,NaN,NaN,NaN,NaN,2010,5,112,1,0.000015195177492660785,0.00001657658246859543,0.0007628676828354382
405,5,205.50535743034038,41.10107148606808,2020,8,7,26,26161,21,4,2205210401,NaN,NaN,NaN,NaN,NaN,NaN,NaN,2009,5,112,1,0.000009805140922501745,0.000010696533633552764,0.0004396389935257837
406,5,253.9388285109485,50.7877657021897,2020,8,7,26,26161,21,4,2205210401,NaN,NaN,NaN,NaN,NaN,NaN,NaN,2008,5,112,1,0.000010299927310972366,0.000011236301423483696,0.0005706666440550706
407,5,268.1829985315532,53.63659970631064,2020,8,7,26,26161,21,4,2205210401,NaN,NaN,NaN,NaN,NaN,NaN,NaN,2007,5,112,1,0.000004803842564477037,0.000005240563492901889,0.0002810860063042837
408,5,229.81669167512396,45.963338335024794,2020,8,7,26,26161,21,4,2205210401,NaN,NaN,NaN,NaN,NaN,NaN,NaN,2006,5,112,1,0.0000056358824234688835,0.000006148244719159267,0.0002825938521932469
409,5,203.39262514967626,40.67852502993525,2020,8,7,26,26161,21,4,2205210401,NaN,NaN,NaN,NaN,NaN,NaN,NaN,2005,5,112,1,0.0000032689811198660922,0.0000035661666438522736,0.0001450663990828649
410,5,164.72170300101715,32.94434060020343,2020,8,7,26,26161,21,4,2205210401,NaN,NaN,NaN,NaN,NaN,NaN,NaN,2004,5,112,1,0.0000022426456441713407,0.000002446526240736453,0.000080599193762157
411,5,148.74713474802425,29.74942694960485,2020,8,7,26,26161,21,4,2205210401,NaN,NaN,NaN,NaN,NaN,NaN,NaN,2003,5,112,1,0.000010227561465079842,0.00001115735674429673,0.0003319249694151366
412,5,118.52562992373574,23.70512598474715,2020,8,7,26,26161,21,4,2205210401,NaN,NaN,NaN,NaN,NaN,NaN,NaN,2002,5,112,1,0.000004774703760285648,0.00000520877565817945,0.00012347468320342812
413,5,94.5116320580201,18.90232641160402,2020,8,7,26,26161,21,4,2205210401,NaN,NaN,NaN,NaN,NaN,NaN,NaN,2001,5,112,1,0.00000850255768317329,0.000009275531575540125,0.00017532912548199914
414,5,83.62548218400153,16.725096436800307,2020,8,7,26,26161,21,4,2205210401,NaN,NaN,NaN,NaN,NaN,NaN,NaN,2000,5,112,1,0.000014149357217677296,0.000014149357217677296,0.00023664936398438925
415,5,60.874080684058114,12.174816136811623,2020,8,7,26,26161,21,4,2205210401,NaN,NaN,NaN,NaN,NaN,NaN,NaN,1999,5,112,1,0.00001951907138016946,0.00001951907138016946,0.00023764110521486506
416,5,46.82985881634186,9.365971763268373,2020,8,7,26,26161,21,4,2205210401,NaN,NaN,NaN,NaN,NaN,NaN,NaN,1998,5,112,1,0.000013783407308369094,0.000013783407308369094,0.00012909500365181187
417,5,260.05730384453915,52.01146076890783,2020,8,7,26,26161,21,4,2201210401,NaN,NaN,NaN,NaN,NaN,NaN,NaN,2020,1,115,1,0,0,0.0644432305807982
418,5,310.4463445557139,62.08926891114278,2020,8,7,26,26161,21,4,2201210401,NaN,NaN,NaN,NaN,NaN,NaN,NaN,2019,1,115,1,0,0,0.07850892765912092
419,5,327.8141613006279,65.56283226012559,2020,8,7,26,26161,21,4,2201210401,NaN,NaN,NaN,NaN,NaN,NaN,NaN,2018,1,115,1,0,0,0.08372552297228707
420,5,368.3242419642923,73.66484839285846,2020,8,7,26,26161,21,4,2201210401,NaN,NaN,NaN,NaN,NaN,NaN,NaN,2017,1,115,1,0,0,0.09735864892578153
421,5,367.29985169622574,73.45997033924515,2020,8,7,26,26161,21,4,2201210401,NaN,NaN,NaN,NaN,NaN,NaN,NaN,2016,1,115,1,0,0,0.125291235779433
422,5,392.56334931271454,78.51266986254291,2020,8,7,26,26161,21,4,2201210401,NaN,NaN,NaN,NaN,NaN,NaN,NaN,2015,1,115,1,0,0,0.1345343224061675
423,5,364.0998652152451,72.81997304304902,2020,8,7,26,26161,21,4,2201210401,NaN,NaN,NaN,NaN,NaN,NaN,NaN,2014,1,115,1,0,0,0.14668251054281545
424,5,370.3959424661204,74.07918849322408,2020,8,7,26,26161,21,4,2201210401,NaN,NaN,NaN,NaN,NaN,NaN,NaN,2013,1,115,1,0,0,0.15124612937714557
425,5,316.43263381169584,63.286526762339165,2020,8,7,26,26161,21,4,2201210401,NaN,NaN,NaN,NaN,NaN,NaN,NaN,2012,1,115,1,0,0,0.1561404646533907
426,5,231.92053549096389,46.38410709819278,2020,8,7,26,26161,21,4,2201210401,NaN,NaN,NaN,NaN,NaN,NaN,NaN,2011,1,115,1,0,0,0.11719083125114228
427,5,230.10402906651655,46.02080581330331,2020,8,7,26,26161,21,4,2201210401,NaN,NaN,NaN,NaN,NaN,NaN,NaN,2010,1,115,1,0,0,0.15748607540041154
428,5,205.50535743034038,41.10107148606808,2020,8,7,26,26161,21,4,2201210401,NaN,NaN,NaN,NaN,NaN,NaN,NaN,2009,1,115,1,0,0,0.14281551212218133
429,5,253.9388285109485,50.7877657021897,2020,8,7,26,26161,21,4,2201210401,NaN,NaN,NaN,NaN,NaN,NaN,NaN,2008,1,115,1,0,0,0.17817500549044318
430,5,268.1829985315532,53.63659970631064,2020,8,7,26,26161,21,4,2201210401,NaN,NaN,NaN,NaN,NaN,NaN,NaN,2007,1,115,1,0,0,0.18971435003190182
431,5,229.81669167512396,45.963338335024794,2020,8,7,26,26161,21,4,2201210401,NaN,NaN,NaN,NaN,NaN,NaN,NaN,2006,1,115,1,0,0,0.16151416827691445
432,5,203.39262514967626,40.67852502993525,2020,8,7,26,26161,21,4,2201210401,NaN,NaN,NaN,NaN,NaN,NaN,NaN,2005,1,115,1,0,0,0.2128348353347283
433,5,164.72170300101715,32.94434060020343,2020,8,7,26,26161,21,4,2201210401,NaN,NaN,NaN,NaN,NaN,NaN,NaN,2004,1,115,1,0,0,0.17268271062099105
434,5,148.74713474802425,29.74942694960485,2020,8,7,26,26161,21,4,2201210401,NaN,NaN,NaN,NaN,NaN,NaN,NaN,2003,1,115,1,0,0,0.19972165291622468
435,5,118.52562992373574,23.70512598474715,2020,8,7,26,26161,21,4,2201210401,NaN,NaN,NaN,NaN,NaN,NaN,NaN,2002,1,115,1,0,0,0.13304535247007757
436,5,94.5116320580201,18.90232641160402,2020,8,7,26,26161,21,4,2201210401,NaN,NaN,NaN,NaN,NaN,NaN,NaN,2001,1,115,1,0,0,0.15956622730049144
437,5,83.62548218400153,16.725096436800307,2020,8,7,26,26161,21,4,2201210401,NaN,NaN,NaN,NaN,NaN,NaN,NaN,2000,1,115,1,0,0,0.1770849406324991
438,5,60.874080684058114,12.174816136811623,2020,8,7,26,26161,21,4,2201210401,NaN,NaN,NaN,NaN,NaN,NaN,NaN,1999,1,115,1,0,0,0.13110708994147882
439,5,46.82985881634186,9.365971763268373,2020,8,7,26,26161,21,4,2201210401,NaN,NaN,NaN,NaN,NaN,NaN,NaN,1998,1,115,1,0,0,0.13378652143780767
440,5,36.74778034358123,7.349556068716247,2020,8,7,26,26161,21,4,2201210401,NaN,NaN,NaN,NaN,NaN,NaN,NaN,1997,1,115,1,0,0,0.0905964207024993
441,5,26.865139913300695,5.373027982660139,2020,8,7,26,26161,21,4,2201210401,NaN,NaN,NaN,NaN,NaN,NaN,NaN,1996,1,115,1,0,0,0.11113781938803623
442,5,25.04660490806586,5.009320981613172,2020,8,7,26,26161,21,4,2201210401,NaN,NaN,NaN,NaN,NaN,NaN,NaN,1995,1,115,1,0,0,0.11236459543643078
443,5,18.41216437802274,3.6824328756045484,2020,8,7,26,26161,21,4,2201210401,NaN,NaN,NaN,NaN,NaN,NaN,NaN,1994,1,115,1,0,0,0.10772370719380271
444,5,15.146433442304176,3.029286688460835,2020,8,7,26,26161,21,4,2201210401,NaN,NaN,NaN,NaN,NaN,NaN,NaN,1993,1,115,1,0,0,0.08387043177095309
445,5,12.785088718582324,2.557017743716465,2020,8,7,26,26161,21,4,2201210401,NaN,NaN,NaN,NaN,NaN,NaN,NaN,1992,1,115,1,0,0,0.0707613944515786
446,5,12.603265015943999,2.5206530031887997,2020,8,7,26,26161,21,4,2201210401,NaN,NaN,NaN,NaN,NaN,NaN,NaN,1991,1,115,1,0,0,0.06963926733087325
447,5,10.501237834887378,2.1002475669774756,2020,8,7,26,26161,21,4,2201210401,NaN,NaN,NaN,NaN,NaN,NaN,NaN,1990,1,115,1,0,0,0.10272068855467165
448,5,10.217773915995503,2.0435547831991006,2020,8,7,26,26161,21,4,2201210401,NaN,NaN,NaN,NaN,NaN,NaN,NaN,1989,1,115,1,0,0,0.08860608216207096
449,5,9.15454189972411,1.830908379944822,2020,8,7,26,26161,21,4,2201210401,NaN,NaN,NaN,NaN,NaN,NaN,NaN,1988,1,115,1,0,0,0.07943768878242852
450,5,9.00619255308734,1.801238510617468,2020,8,7,26,26161,21,4,2201210401,NaN,NaN,NaN,NaN,NaN,NaN,NaN,1987,1,115,1,0,0,0.14917147974585337
451,5,7.780739775004618,1.5561479550009236,2020,8,7,26,26161,21,4,2201210401,NaN,NaN,NaN,NaN,NaN,NaN,NaN,1986,1,115,1,0,0,0.1293811465803014
452,5,5.992761098455286,1.1985522196910572,2020,8,7,26,26161,21,4,2201210401,NaN,NaN,NaN,NaN,NaN,NaN,NaN,1985,1,115,1,0,0,0.05410235244564868
453,5,4.779871405562617,0.9559742811125235,2020,8,7,26,26161,21,4,2201210401,NaN,NaN,NaN,NaN,NaN,NaN,NaN,1984,1,115,1,0,0,0.07437652171507855
454,5,3.5629958872973577,0.7125991774594715,2020,8,7,26,26161,21,4,2201210401,NaN,NaN,NaN,NaN,NaN,NaN,NaN,1983,1,115,1,0,0,0.05352918006227905
455,5,2.6061493961116446,0.5212298792223289,2020,8,7,26,26161,21,4,2201210401,NaN,NaN,NaN,NaN,NaN,NaN,NaN,1982,1,115,1,0,0,0.0350597483336148
456,5,1.8323500164585729,0.3664700032917146,2020,8,7,26,26161,21,4,2201210401,NaN,NaN,NaN,NaN,NaN,NaN,NaN,1981,1,115,1,0,0,0.02548674251647009
457,5,23.19180710506584,4.638361421013168,2020,8,7,26,26161,21,4,2201210401,NaN,NaN,NaN,NaN,NaN,NaN,NaN,1980,1,115,1,0,0,0.42282935593184157
458,5,310.4463445557139,62.08926891114278,2020,8,7,26,26161,21,4,2202210401,NaN,NaN,NaN,NaN,NaN,NaN,NaN,2019,2,115,1,0,0,0.00005551562830964592
459,5,327.8141613006279,65.56283226012559,2020,8,7,26,26161,21,4,2202210401,NaN,NaN,NaN,NaN,NaN,NaN,NaN,2018,2,115,1,0,0,0.0006582457608818299
460,5,368.3242419642923,73.66484839285846,2020,8,7,26,26161,21,4,2202210401,NaN,NaN,NaN,NaN,NaN,NaN,NaN,2017,2,115,1,0,0,0.0007956952514695494
461,5,367.29985169622574,73.45997033924515,2020,8,7,26,26161,21,4,2202210401,NaN,NaN,NaN,NaN,NaN,NaN,NaN,2016,2,115,1,0,0,0.0009611311793252787
462,5,392.56334931271454,78.51266986254291,2020,8,7,26,26161,21,4,2202210401,NaN,NaN,NaN,NaN,NaN,NaN,NaN,2015,2,115,1,0,0,0.012208653249701466
463,5,364.0998652152451,72.81997304304902,2020,8,7,26,26161,21,4,2202210401,NaN,NaN,NaN,NaN,NaN,NaN,NaN,2014,2,115,1,0,0,0.01734844095324328
464,5,370.3959424661204,74.07918849322408,2020,8,7,26,26161,21,4,2202210401,NaN,NaN,NaN,NaN,NaN,NaN,NaN,2013,2,115,1,0,0,0.018066584424340944
465,5,316.43263381169584,63.286526762339165,2020,8,7,26,26161,21,4,2202210401,NaN,NaN,NaN,NaN,NaN,NaN,NaN,2012,2,115,1,0,0,0.017349265692824387
466,5,231.92053549096389,46.38410709819278,2020,8,7,26,26161,21,4,2202210401,NaN,NaN,NaN,NaN,NaN,NaN,NaN,2011,2,115,1,0,0,0.012155163317073277
467,5,230.10402906651655,46.02080581330331,2020,8,7,26,26161,21,4,2202210401,NaN,NaN,NaN,NaN,NaN,NaN,NaN,2010,2,115,1,0,0,0.01470165738121697
468,5,205.50535743034038,41.10107148606808,2020,8,7,26,26161,21,4,2202210401,NaN,NaN,NaN,NaN,NaN,NaN,NaN,2009,2,115,1,0,0,0.009764427255213568
469,5,253.9388285109485,50.7877657021897,2020,8,7,26,26161,21,4,2202210401,NaN,NaN,NaN,NaN,NaN,NaN,NaN,2008,2,115,1,0,0,0.001072078240391646
470,5,268.1829985315532,53.63659970631064,2020,8,7,26,26161,21,4,2202210401,NaN,NaN,NaN,NaN,NaN,NaN,NaN,2007,2,115,1,0,0,0.0007741185033481557
471,5,229.81669167512396,45.963338335024794,2020,8,7,26,26161,21,4,2202210401,NaN,NaN,NaN,NaN,NaN,NaN,NaN,2006,2,115,1,0,0,0.0002510101353105237
472,5,203.39262514967626,40.67852502993525,2020,8,7,26,26161,21,4,2202210401,NaN,NaN,NaN,NaN,NaN,NaN,NaN,2005,2,115,1,0,0,0.00023321639956772194
473,5,164.72170300101715,32.94434060020343,2020,8,7,26,26161,21,4,2202210401,NaN,NaN,NaN,NaN,NaN,NaN,NaN,2004,2,115,1,0,0,0.00013007609045533885
474,5,148.74713474802425,29.74942694960485,2020,8,7,26,26161,21,4,2202210401,NaN,NaN,NaN,NaN,NaN,NaN,NaN,2003,2,115,1,0,0,0.00045227750811999216
475,5,118.52562992373574,23.70512598474715,2020,8,7,26,26161,21,4,2202210401,NaN,NaN,NaN,NaN,NaN,NaN,NaN,2002,2,115,1,0,0,0.0003365875691654977
476,5,94.5116320580201,18.90232641160402,2020,8,7,26,26161,21,4,2202210401,NaN,NaN,NaN,NaN,NaN,NaN,NaN,2001,2,115,1,0,0,0.00029110961240028874
477,5,83.62548218400153,16.725096436800307,2020,8,7,26,26161,21,4,2202210401,NaN,NaN,NaN,NaN,NaN,NaN,NaN,2000,2,115,1,0,0,0.00029772470365162706
478,5,60.874080684058114,12.174816136811623,2020,8,7,26,26161,21,4,2202210401,NaN,NaN,NaN,NaN,NaN,NaN,NaN,1999,2,115,1,0,0,0.0001338319017550912
479,5,46.82985881634186,9.365971763268373,2020,8,7,26,26161,21,4,2202210401,NaN,NaN,NaN,NaN,NaN,NaN,NaN,1998,2,115,1,0,0,0.00016049468083320417
480,5,36.74778034358123,7.349556068716247,2020,8,7,26,26161,21,4,2202210401,NaN,NaN,NaN,NaN,NaN,NaN,NaN,1997,2,115,1,0,0,0.00004461011897569021
481,5,26.865139913300695,5.373027982660139,2020,8,7,26,26161,21,4,2202210401,NaN,NaN,NaN,NaN,NaN,NaN,NaN,1996,2,115,1,0,0,0.00007500441019931041
482,5,25.04660490806586,5.009320981613172,2020,8,7,26,26161,21,4,2202210401,NaN,NaN,NaN,NaN,NaN,NaN,NaN,1995,2,115,1,0,0,0.00005748049588159907
483,5,18.41216437802274,3.6824328756045484,2020,8,7,26,26161,21,4,2202210401,NaN,NaN,NaN,NaN,NaN,NaN,NaN,1994,2,115,1,0,0,0.000008768138382630819
484,5,15.146433442304176,3.029286688460835,2020,8,7,26,26161,21,4,2202210401,NaN,NaN,NaN,NaN,NaN,NaN,NaN,1993,2,115,1,0,0,0.00003147585473768328
485,5,12.785088718582324,2.557017743716465,2020,8,7,26,26161,21,4,2202210401,NaN,NaN,NaN,NaN,NaN,NaN,NaN,1992,2,115,1,0,0,0.00004475842498289534
486,5,12.603265015943999,2.5206530031887997,2020,8,7,26,26161,21,4,2202210401,NaN,NaN,NaN,NaN,NaN,NaN,NaN,1991,2,115,1,0,0,0.00010690019655301187
487,5,10.501237834887378,2.1002475669774756,2020,8,7,26,26161,21,4,2202210401,NaN,NaN,NaN,NaN,NaN,NaN,NaN,1990,2,115,1,0,0,0.00005932150583154286
488,5,10.217773915995503,2.0435547831991006,2020,8,7,26,26161,21,4,2202210401,NaN,NaN,NaN,NaN,NaN,NaN,NaN,1989,2,115,1,0,0,0.000043786546092729756
489,5,9.15454189972411,1.830908379944822,2020,8,7,26,26161,21,4,2202210401,NaN,NaN,NaN,NaN,NaN,NaN,NaN,1988,2,115,1,0,0,0.000011200391339479285
490,5,9.00619255308734,1.801238510617468,2020,8,7,26,26161,21,4,2202210401,NaN,NaN,NaN,NaN,NaN,NaN,NaN,1987,2,115,1,0,0,0.0010458952754198306
491,5,7.780739775004618,1.5561479550009236,2020,8,7,26,26161,21,4,2202210401,NaN,NaN,NaN,NaN,NaN,NaN,NaN,1986,2,115,1,0,0,0.0006286474707757133
492,5,5.992761098455286,1.1985522196910572,2020,8,7,26,26161,21,4,2202210401,NaN,NaN,NaN,NaN,NaN,NaN,NaN,1985,2,115,1,0,0,0.0010245276137965946
493,5,4.779871405562617,0.9559742811125235,2020,8,7,26,26161,21,4,2202210401,NaN,NaN,NaN,NaN,NaN,NaN,NaN,1984,2,115,1,0,0,0.0018715660996802446
494,5,3.5629958872973577,0.7125991774594715,2020,8,7,26,26161,21,4,2202210401,NaN,NaN,NaN,NaN,NaN,NaN,NaN,1983,2,115,1,0,0,0.002431898989731238
495,5,2.6061493961116446,0.5212298792223289,2020,8,7,26,26161,21,4,2202210401,NaN,NaN,NaN,NaN,NaN,NaN,NaN,1982,2,115,1,0,0,0.0022709674500589715
496,5,1.8323500164585729,0.3664700032917146,2020,8,7,26,26161,21,4,2202210401,NaN,NaN,NaN,NaN,NaN,NaN,NaN,1981,2,115,1,0,0,0.0011430620447199571
497,5,23.19180710506584,4.638361421013168,2020,8,7,26,26161,21,4,2202210401,NaN,NaN,NaN,NaN,NaN,NaN,NaN,1980,2,115,1,0,0,0.011222821478108136
498,5,260.05730384453915,52.01146076890783,2020,8,7,26,26161,21,4,2205210401,NaN,NaN,NaN,NaN,NaN,NaN,NaN,2020,5,115,1,0,0,0.000021490180367924853
499,5,310.4463445557139,62.08926891114278,2020,8,7,26,26161,21,4,2205210401,NaN,NaN,NaN,NaN,NaN,NaN,NaN,2019,5,115,1,0,0,0.00004123539919955594
500,5,327.8141613006279,65.56283226012559,2020,8,7,26,26161,21,4,2205210401,NaN,NaN,NaN,NaN,NaN,NaN,NaN,2018,5,115,1,0,0,0.000037182043842584996
501,5,368.3242419642923,73.66484839285846,2020,8,7,26,26161,21,4,2205210401,NaN,NaN,NaN,NaN,NaN,NaN,NaN,2017,5,115,1,0,0,0.000027704479861583765
502,5,367.29985169622574,73.45997033924515,2020,8,7,26,26161,21,4,2205210401,NaN,NaN,NaN,NaN,NaN,NaN,NaN,2016,5,115,1,0,0,0.0000689762034970668
503,5,392.56334931271454,78.51266986254291,2020,8,7,26,26161,21,4,2205210401,NaN,NaN,NaN,NaN,NaN,NaN,NaN,2015,5,115,1,0,0,0.00007813435776470489
504,5,364.0998652152451,72.81997304304902,2020,8,7,26,26161,21,4,2205210401,NaN,NaN,NaN,NaN,NaN,NaN,NaN,2014,5,115,1,0,0,0.00010952388670698002
505,5,370.3959424661204,74.07918849322408,2020,8,7,26,26161,21,4,2205210401,NaN,NaN,NaN,NaN,NaN,NaN,NaN,2013,5,115,1,0,0,0.00012683029317517885
506,5,316.43263381169584,63.286526762339165,2020,8,7,26,26161,21,4,2205210401,NaN,NaN,NaN,NaN,NaN,NaN,NaN,2012,5,115,1,0,0,0.0001349956143946732
507,5,231.92053549096389,46.38410709819278,2020,8,7,26,26161,21,4,2205210401,NaN,NaN,NaN,NaN,NaN,NaN,NaN,2011,5,115,1,0,0,0.00018071956197007595
508,5,230.10402906651655,46.02080581330331,2020,8,7,26,26161,21,4,2205210401,NaN,NaN,NaN,NaN,NaN,NaN,NaN,2010,5,115,1,0,0,0.00015282109279752857
509,5,205.50535743034038,41.10107148606808,2020,8,7,26,26161,21,4,2205210401,NaN,NaN,NaN,NaN,NaN,NaN,NaN,2009,5,115,1,0,0,0.00011724913514846004
510,5,253.9388285109485,50.7877657021897,2020,8,7,26,26161,21,4,2205210401,NaN,NaN,NaN,NaN,NaN,NaN,NaN,2008,5,115,1,0,0,0.00016410990259730702
511,5,268.1829985315532,53.63659970631064,2020,8,7,26,26161,21,4,2205210401,NaN,NaN,NaN,NaN,NaN,NaN,NaN,2007,5,115,1,0,0,0.0001027789243479224
512,5,229.81669167512396,45.963338335024794,2020,8,7,26,26161,21,4,2205210401,NaN,NaN,NaN,NaN,NaN,NaN,NaN,2006,5,115,1,0,0,0.00010333026726458933
513,5,203.39262514967626,40.67852502993525,2020,8,7,26,26161,21,4,2205210401,NaN,NaN,NaN,NaN,NaN,NaN,NaN,2005,5,115,1,0,0,0.00005304323504314188
514,5,164.72170300101715,32.94434060020343,2020,8,7,26,26161,21,4,2205210401,NaN,NaN,NaN,NaN,NaN,NaN,NaN,2004,5,115,1,0,0,0.000029470931973514567
515,5,148.74713474802425,29.74942694960485,2020,8,7,26,26161,21,4,2205210401,NaN,NaN,NaN,NaN,NaN,NaN,NaN,2003,5,115,1,0,0,0.00005092693059257396
516,5,118.52562992373574,23.70512598474715,2020,8,7,26,26161,21,4,2205210401,NaN,NaN,NaN,NaN,NaN,NaN,NaN,2002,5,115,1,0,0,0.000018944587155285194
517,5,94.5116320580201,18.90232641160402,2020,8,7,26,26161,21,4,2205210401,NaN,NaN,NaN,NaN,NaN,NaN,NaN,2001,5,115,1,0,0,0.00002690062128077697
518,5,83.62548218400153,16.725096436800307,2020,8,7,26,26161,21,4,2205210401,NaN,NaN,NaN,NaN,NaN,NaN,NaN,2000,5,115,1,0,0,0.00003960971498970101
519,5,60.874080684058114,12.174816136811623,2020,8,7,26,26161,21,4,2205210401,NaN,NaN,NaN,NaN,NaN,NaN,NaN,1999,5,115,1,0,0,0.00003977579534888932
520,5,46.82985881634186,9.365971763268373,2020,8,7,26,26161,21,4,2205210401,NaN,NaN,NaN,NaN,NaN,NaN,NaN,1998,5,115,1,0,0,0.000021607606925069336
521,5,260.05730384453915,52.01146076890783,2020,8,7,26,26161,21,4,2201210401,NaN,NaN,NaN,NaN,NaN,NaN,NaN,2020,1,118,1,0.018623368167805316,0.018623368167805316,1.0365955772909383
522,5,310.4463445557139,62.08926891114278,2020,8,7,26,26161,21,4,2201210401,NaN,NaN,NaN,NaN,NaN,NaN,NaN,2019,1,118,1,0.019005638999542614,0.019005638999542614,1.2628480362613588
523,5,327.8141613006279,65.56283226012559,2020,8,7,26,26161,21,4,2201210401,NaN,NaN,NaN,NaN,NaN,NaN,NaN,2018,1,118,1,0.01919464741603091,0.01919464741603091,1.3467590938140184
524,5,368.3242419642923,73.66484839285846,2020,8,7,26,26161,21,4,2201210401,NaN,NaN,NaN,NaN,NaN,NaN,NaN,2017,1,118,1,0.019865258264298906,0.019865258264298906,1.5660534702857887
525,5,367.29985169622574,73.45997033924515,2020,8,7,26,26161,21,4,2201210401,NaN,NaN,NaN,NaN,NaN,NaN,NaN,2016,1,118,1,0.025635979800341668,0.025635979800341668,2.0153604918896626
526,5,392.56334931271454,78.51266986254291,2020,8,7,26,26161,21,4,2201210401,NaN,NaN,NaN,NaN,NaN,NaN,NaN,2015,1,118,1,0.025755698127625674,0.025755698127625674,2.164039300066062
527,5,364.0998652152451,72.81997304304902,2020,8,7,26,26161,21,4,2201210401,NaN,NaN,NaN,NaN,NaN,NaN,NaN,2014,1,118,1,0.03027664838544459,0.03027664838544459,2.3594478477297125
528,5,370.3959424661204,74.07918849322408,2020,8,7,26,26161,21,4,2201210401,NaN,NaN,NaN,NaN,NaN,NaN,NaN,2013,1,118,1,0.03068796071748342,0.03068796071748342,2.432855513010816
529,5,316.43263381169584,63.286526762339165,2020,8,7,26,26161,21,4,2201210401,NaN,NaN,NaN,NaN,NaN,NaN,NaN,2012,1,118,1,0.037083795906708114,0.037083795906708114,2.5115828867847565
530,5,231.92053549096389,46.38410709819278,2020,8,7,26,26161,21,4,2201210401,NaN,NaN,NaN,NaN,NaN,NaN,NaN,2011,1,118,1,0.03797557956349337,0.03797557956349337,1.8850621900724411
531,5,230.10402906651655,46.02080581330331,2020,8,7,26,26161,21,4,2201210401,NaN,NaN,NaN,NaN,NaN,NaN,NaN,2010,1,118,1,0.05143608651721918,0.05143608651721918,2.5332275830010356
532,5,205.50535743034038,41.10107148606808,2020,8,7,26,26161,21,4,2201210401,NaN,NaN,NaN,NaN,NaN,NaN,NaN,2009,1,118,1,0.052227857947706846,0.052227857947706846,2.2972456051653123
533,5,253.9388285109485,50.7877657021897,2020,8,7,26,26161,21,4,2201210401,NaN,NaN,NaN,NaN,NaN,NaN,NaN,2008,1,118,1,0.052731199435435736,0.052731199435435736,2.866017439079392
534,5,268.1829985315532,53.63659970631064,2020,8,7,26,26161,21,4,2201210401,NaN,NaN,NaN,NaN,NaN,NaN,NaN,2007,1,118,1,0.05316415565447641,0.05316415565447641,3.051632489856758
535,5,229.81669167512396,45.963338335024794,2020,8,7,26,26161,21,4,2201210401,NaN,NaN,NaN,NaN,NaN,NaN,NaN,2006,1,118,1,0.0528176455467373,0.0528176455467373,2.5980210954160414
536,5,203.39262514967626,40.67852502993525,2020,8,7,26,26161,21,4,2201210401,NaN,NaN,NaN,NaN,NaN,NaN,NaN,2005,1,118,1,0.07864253258068497,0.07864253258068497,3.423534900610065
537,5,164.72170300101715,32.94434060020343,2020,8,7,26,26161,21,4,2201210401,NaN,NaN,NaN,NaN,NaN,NaN,NaN,2004,1,118,1,0.07878581182715905,0.07878581182715905,2.777671642018309
538,5,148.74713474802425,29.74942694960485,2020,8,7,26,26161,21,4,2201210401,NaN,NaN,NaN,NaN,NaN,NaN,NaN,2003,1,118,1,0.24638016787303135,0.24638016787303135,7.556054984940315
539,5,118.52562992373574,23.70512598474715,2020,8,7,26,26161,21,4,2201210401,NaN,NaN,NaN,NaN,NaN,NaN,NaN,2002,1,118,1,0.20597600961216947,0.20597600961216947,5.03349528744564
540,5,94.5116320580201,18.90232641160402,2020,8,7,26,26161,21,4,2201210401,NaN,NaN,NaN,NaN,NaN,NaN,NaN,2001,1,118,1,0.3098025000744056,0.3098025000744056,6.0368576447128515
541,5,83.62548218400153,16.725096436800307,2020,8,7,26,26161,21,4,2201210401,NaN,NaN,NaN,NaN,NaN,NaN,NaN,2000,1,118,1,0.3885726232426392,0.3885726232426392,6.1560863693514225
542,5,60.874080684058114,12.174816136811623,2020,8,7,26,26161,21,4,2201210401,NaN,NaN,NaN,NaN,NaN,NaN,NaN,1999,1,118,1,0.39520548755609597,0.39520548755609597,4.5577369054155845
543,5,46.82985881634186,9.365971763268373,2020,8,7,26,26161,21,4,2201210401,NaN,NaN,NaN,NaN,NaN,NaN,NaN,1998,1,118,1,0.5242261938179669,0.5242261938179669,4.65088323199336
544,5,36.74778034358123,7.349556068716247,2020,8,7,26,26161,21,4,2201210401,NaN,NaN,NaN,NaN,NaN,NaN,NaN,1997,1,118,1,0.45238597472211184,0.45238597472211184,3.1494456197498297
545,5,26.865139913300695,5.373027982660139,2020,8,7,26,26161,21,4,2201210401,NaN,NaN,NaN,NaN,NaN,NaN,NaN,1996,1,118,1,0.7591052038128645,0.7591052038128645,3.8635358411079292
546,5,25.04660490806586,5.009320981613172,2020,8,7,26,26161,21,4,2201210401,NaN,NaN,NaN,NaN,NaN,NaN,NaN,1995,1,118,1,0.8232084720352602,0.8232084720352602,3.906182828947744
547,5,18.41216437802274,3.6824328756045484,2020,8,7,26,26161,21,4,2201210401,NaN,NaN,NaN,NaN,NaN,NaN,NaN,1994,1,118,1,1.07358306271264,1.07358306271264,3.7448494668330277
548,5,15.146433442304176,3.029286688460835,2020,8,7,26,26161,21,4,2201210401,NaN,NaN,NaN,NaN,NaN,NaN,NaN,1993,1,118,1,1.0160795297192524,1.0160795297192524,2.9156269300633437
549,5,12.785088718582324,2.557017743716465,2020,8,7,26,26161,21,4,2201210401,NaN,NaN,NaN,NaN,NaN,NaN,NaN,1992,1,118,1,1.015598008635897,1.015598008635897,2.4599113527314675
550,5,12.603265015943999,2.5206530031887997,2020,8,7,26,26161,21,4,2201210401,NaN,NaN,NaN,NaN,NaN,NaN,NaN,1991,1,118,1,1.0139121532928497,1.0139121532928497,2.420902324364738
551,5,10.501237834887378,2.1002475669774756,2020,8,7,26,26161,21,4,2201210401,NaN,NaN,NaN,NaN,NaN,NaN,NaN,1990,1,118,1,1.7949263421280586,1.7949263421280586,3.570927196876248
552,5,10.217773915995503,2.0435547831991006,2020,8,7,26,26161,21,4,2201210401,NaN,NaN,NaN,NaN,NaN,NaN,NaN,1989,1,118,1,1.5912427906471207,1.5912427906471207,3.080254552935439
553,5,9.15454189972411,1.830908379944822,2020,8,7,26,26161,21,4,2201210401,NaN,NaN,NaN,NaN,NaN,NaN,NaN,1988,1,118,1,1.5922790727433056,1.5922790727433056,2.7615294184791983
554,5,9.00619255308734,1.801238510617468,2020,8,7,26,26161,21,4,2201210401,NaN,NaN,NaN,NaN,NaN,NaN,NaN,1987,1,118,1,3.03930142614468,3.03930142614468,5.185717711960533
555,5,7.780739775004618,1.5561479550009236,2020,8,7,26,26161,21,4,2201210401,NaN,NaN,NaN,NaN,NaN,NaN,NaN,1986,1,118,1,3.0512606541289853,3.0512606541289853,4.497737131510094
556,5,5.992761098455286,1.1985522196910572,2020,8,7,26,26161,21,4,2201210401,NaN,NaN,NaN,NaN,NaN,NaN,NaN,1985,1,118,1,1.6566027896248388,1.6566027896248388,1.880785307044797
557,5,4.779871405562617,0.9559742811125235,2020,8,7,26,26161,21,4,2201210401,NaN,NaN,NaN,NaN,NaN,NaN,NaN,1984,1,118,1,2.855281000727824,2.855281000727824,2.585585707596505
558,5,3.5629958872973577,0.7125991774594715,2020,8,7,26,26161,21,4,2201210401,NaN,NaN,NaN,NaN,NaN,NaN,NaN,1983,1,118,1,2.7567950101703653,2.7567950101703653,1.8608598482003147
559,5,2.6061493961116446,0.5212298792223289,2020,8,7,26,26161,21,4,2201210401,NaN,NaN,NaN,NaN,NaN,NaN,NaN,1982,1,118,1,2.4685315969182806,2.4685315969182806,1.2187983803623754
560,5,1.8323500164585729,0.3664700032917146,2020,8,7,26,26161,21,4,2201210401,NaN,NaN,NaN,NaN,NaN,NaN,NaN,1981,1,118,1,2.552319855402943,2.552319855402943,0.8860075150626131
561,5,23.19180710506584,4.638361421013168,2020,8,7,26,26161,21,4,2201210401,NaN,NaN,NaN,NaN,NaN,NaN,NaN,1980,1,118,1,3.345490072060967,3.345490072060967,14.699014073791583
562,5,310.4463445557139,62.08926891114278,2020,8,7,26,26161,21,4,2202210401,NaN,NaN,NaN,NaN,NaN,NaN,NaN,2019,2,118,1,0.0000015454723070002752,0.0000015454723070002752,0.00008046451218230264
563,5,327.8141613006279,65.56283226012559,2020,8,7,26,26161,21,4,2202210401,NaN,NaN,NaN,NaN,NaN,NaN,NaN,2018,2,118,1,0.000017353731697842237,0.000017353731697842237,0.0009540633089839722
564,5,368.3242419642923,73.66484839285846,2020,8,7,26,26161,21,4,2202210401,NaN,NaN,NaN,NaN,NaN,NaN,NaN,2017,2,118,1,0.000018670200466468647,0.000018670200466468647,0.0011532829980444885
565,5,367.29985169622574,73.45997033924515,2020,8,7,26,26161,21,4,2202210401,NaN,NaN,NaN,NaN,NaN,NaN,NaN,2016,2,118,1,0.00002261488749887666,0.00002261488749887666,0.0013930663101974186
566,5,392.56334931271454,78.51266986254291,2020,8,7,26,26161,21,4,2202210401,NaN,NaN,NaN,NaN,NaN,NaN,NaN,2015,2,118,1,0.0002687760253047916,0.0002687760253047916,0.01769525731854908
567,5,364.0998652152451,72.81997304304902,2020,8,7,26,26161,21,4,2202210401,NaN,NaN,NaN,NaN,NaN,NaN,NaN,2014,2,118,1,0.00041178682998297545,0.00041178682998297545,0.02514488047654243
568,5,370.3959424661204,74.07918849322408,2020,8,7,26,26161,21,4,2202210401,NaN,NaN,NaN,NaN,NaN,NaN,NaN,2013,2,118,1,0.00042154345706040236,0.00042154345706040236,0.026185759699893285
569,5,316.43263381169584,63.286526762339165,2020,8,7,26,26161,21,4,2202210401,NaN,NaN,NaN,NaN,NaN,NaN,NaN,2012,2,118,1,0.0004738406882601213,0.0004738406882601213,0.025146075856475825
570,5,231.92053549096389,46.38410709819278,2020,8,7,26,26161,21,4,2202210401,NaN,NaN,NaN,NaN,NaN,NaN,NaN,2011,2,118,1,0.0004529540131317169,0.0004529540131317169,0.017617728855544298
571,5,230.10402906651655,46.02080581330331,2020,8,7,26,26161,21,4,2202210401,NaN,NaN,NaN,NaN,NaN,NaN,NaN,2010,2,118,1,0.0005521722701721914,0.0005521722701721914,0.021308624714699142
572,5,205.50535743034038,41.10107148606808,2020,8,7,26,26161,21,4,2202210401,NaN,NaN,NaN,NaN,NaN,NaN,NaN,2009,2,118,1,0.00041063517150090887,0.00041063517150090887,0.014152589095237266
573,5,253.9388285109485,50.7877657021897,2020,8,7,26,26161,21,4,2202210401,NaN,NaN,NaN,NaN,NaN,NaN,NaN,2008,2,118,1,0.0000364863053314012,0.0000364863053314012,0.0015538733012841833
574,5,268.1829985315532,53.63659970631064,2020,8,7,26,26161,21,4,2202210401,NaN,NaN,NaN,NaN,NaN,NaN,NaN,2007,2,118,1,0.000024946448413240148,0.000024946448413240148,0.001122009596933279
575,5,229.81669167512396,45.963338335024794,2020,8,7,26,26161,21,4,2202210401,NaN,NaN,NaN,NaN,NaN,NaN,NaN,2006,2,118,1,0.0003696608651000235,0.0003696608651000235,0.015951657548905044
576,5,203.39262514967626,40.67852502993525,2020,8,7,26,26161,21,4,2202210401,NaN,NaN,NaN,NaN,NaN,NaN,NaN,2005,2,118,1,0.0003880767913421553,0.0003880767913421553,0.014820868233430798
577,5,164.72170300101715,32.94434060020343,2020,8,7,26,26161,21,4,2202210401,NaN,NaN,NaN,NaN,NaN,NaN,NaN,2004,2,118,1,0.0002672639839543478,0.0002672639839543478,0.008266316607801808
578,5,148.74713474802425,29.74942694960485,2020,8,7,26,26161,21,4,2202210401,NaN,NaN,NaN,NaN,NaN,NaN,NaN,2003,2,118,1,0.0010290824411119492,0.0010290824411119492,0.02874216978400936
579,5,118.52562992373574,23.70512598474715,2020,8,7,26,26161,21,4,2202210401,NaN,NaN,NaN,NaN,NaN,NaN,NaN,2002,2,118,1,0.0009611243642960058,0.0009611243642960058,0.021390091009290443
580,5,94.5116320580201,18.90232641160402,2020,8,7,26,26161,21,4,2202210401,NaN,NaN,NaN,NaN,NaN,NaN,NaN,2001,2,118,1,0.001042473609356077,0.001042473609356077,0.018499973478996002
581,5,83.62548218400153,16.725096436800307,2020,8,7,26,26161,21,4,2202210401,NaN,NaN,NaN,NaN,NaN,NaN,NaN,2000,2,118,1,0.0012049527658939481,0.0012049527658939481,0.018920361564782127
582,5,60.874080684058114,12.174816136811623,2020,8,7,26,26161,21,4,2202210401,NaN,NaN,NaN,NaN,NaN,NaN,NaN,1999,2,118,1,0.0007440823790680791,0.0007440823790680791,0.008504997869010014
583,5,46.82985881634186,9.365971763268373,2020,8,7,26,26161,21,4,2202210401,NaN,NaN,NaN,NaN,NaN,NaN,NaN,1998,2,118,1,0.0011599294662857358,0.0011599294662857358,0.010199413597004468
584,5,36.74778034358123,7.349556068716247,2020,8,7,26,26161,21,4,2202210401,NaN,NaN,NaN,NaN,NaN,NaN,NaN,1997,2,118,1,0.0004108620757437197,0.0004108620757437197,0.002834966565138083
585,5,26.865139913300695,5.373027982660139,2020,8,7,26,26161,21,4,2202210401,NaN,NaN,NaN,NaN,NaN,NaN,NaN,1996,2,118,1,0.0009449122510901568,0.0009449122510901568,0.004766519346626713
586,5,25.04660490806586,5.009320981613172,2020,8,7,26,26161,21,4,2202210401,NaN,NaN,NaN,NaN,NaN,NaN,NaN,1995,2,118,1,0.0007767216795162145,0.0007767216795162145,0.0036528771434277347
587,5,18.41216437802274,3.6824328756045484,2020,8,7,26,26161,21,4,2202210401,NaN,NaN,NaN,NaN,NaN,NaN,NaN,1994,2,118,1,0.0001611745024218941,0.0001611745024218941,0.0005572139174703396
588,5,15.146433442304176,3.029286688460835,2020,8,7,26,26161,21,4,2202210401,NaN,NaN,NaN,NaN,NaN,NaN,NaN,1993,2,118,1,0.0007033329077185036,0.0007033329077185036,0.002000285985318752
589,5,12.785088718582324,2.557017743716465,2020,8,7,26,26161,21,4,2202210401,NaN,NaN,NaN,NaN,NaN,NaN,NaN,1992,2,118,1,0.0011848539910739705,0.0011848539910739705,0.0028443913903008406
590,5,12.603265015943999,2.5206530031887997,2020,8,7,26,26161,21,4,2202210401,NaN,NaN,NaN,NaN,NaN,NaN,NaN,1991,2,118,1,0.002870709334121748,0.002870709334121748,0.006793491924996353
591,5,10.501237834887378,2.1002475669774756,2020,8,7,26,26161,21,4,2202210401,NaN,NaN,NaN,NaN,NaN,NaN,NaN,1990,2,118,1,0.0019119012551713273,0.0019119012551713273,0.0037698730576735885
592,5,10.217773915995503,2.0435547831991006,2020,8,7,26,26161,21,4,2202210401,NaN,NaN,NaN,NaN,NaN,NaN,NaN,1989,2,118,1,0.001450367923630172,0.001450367923630172,0.0027826286283480113
593,5,9.15454189972411,1.830908379944822,2020,8,7,26,26161,21,4,2202210401,NaN,NaN,NaN,NaN,NaN,NaN,NaN,1988,2,118,1,0.00041408582744627753,0.00041408582744627753,0.0007117832387129302
594,5,9.00619255308734,1.801238510617468,2020,8,7,26,26161,21,4,2202210401,NaN,NaN,NaN,NaN,NaN,NaN,NaN,1987,2,118,1,0.03930436275352209,0.03930436275352209,0.06646649245806524
595,5,7.780739775004618,1.5561479550009236,2020,8,7,26,26161,21,4,2202210401,NaN,NaN,NaN,NaN,NaN,NaN,NaN,1986,2,118,1,0.027345134769218127,0.027345134769218127,0.03995045522920382
596,5,5.992761098455286,1.1985522196910572,2020,8,7,26,26161,21,4,2202210401,NaN,NaN,NaN,NaN,NaN,NaN,NaN,1985,2,118,1,0.05786160678770984,0.05786160678770984,0.06510858067329577
597,5,4.779871405562617,0.9559742811125235,2020,8,7,26,26161,21,4,2202210401,NaN,NaN,NaN,NaN,NaN,NaN,NaN,1984,2,118,1,0.1325204016380796,0.1325204016380796,0.11893775311226439
598,5,3.5629958872973577,0.7125991774594715,2020,8,7,26,26161,21,4,2202210401,NaN,NaN,NaN,NaN,NaN,NaN,NaN,1983,2,118,1,0.23100639219553717,0.23100639219553717,0.1545468266838325
599,5,2.6061493961116446,0.5212298792223289,2020,8,7,26,26161,21,4,2202210401,NaN,NaN,NaN,NaN,NaN,NaN,NaN,1982,2,118,1,0.2949207895414551,0.2949207895414551,0.1443196507712175
600,5,1.8323500164585729,0.3664700032917146,2020,8,7,26,26161,21,4,2202210401,NaN,NaN,NaN,NaN,NaN,NaN,NaN,1981,2,118,1,0.21113253105679192,0.21113253105679192,0.07264142649844418
601,5,23.19180710506584,4.638361421013168,2020,8,7,26,26161,21,4,2202210401,NaN,NaN,NaN,NaN,NaN,NaN,NaN,1980,2,118,1,0.16378014476623337,0.16378014476623337,0.7132086707566971
602,5,260.05730384453915,52.01146076890783,2020,8,7,26,26161,21,4,2205210401,NaN,NaN,NaN,NaN,NaN,NaN,NaN,2020,5,118,1,0.000006210420200499036,0.000006210420200499036,0.00034567829272068014
603,5,310.4463445557139,62.08926891114278,2020,8,7,26,26161,21,4,2205210401,NaN,NaN,NaN,NaN,NaN,NaN,NaN,2019,5,118,1,0.000009982369324818312,0.000009982369324818312,0.0006632881693367853
604,5,327.8141613006279,65.56283226012559,2020,8,7,26,26161,21,4,2205210401,NaN,NaN,NaN,NaN,NaN,NaN,NaN,2018,5,118,1,0.000008524237250832744,0.000008524237250832744,0.0005980882996474999
605,5,368.3242419642923,73.66484839285846,2020,8,7,26,26161,21,4,2205210401,NaN,NaN,NaN,NaN,NaN,NaN,NaN,2017,5,118,1,0.000005652878851554088,0.000005652878851554088,0.00044563782784999984
606,5,367.29985169622574,73.45997033924515,2020,8,7,26,26161,21,4,2205210401,NaN,NaN,NaN,NaN,NaN,NaN,NaN,2016,5,118,1,0.0000141132980974662,0.0000141132980974662,0.001109510290514265
607,5,392.56334931271454,78.51266986254291,2020,8,7,26,26161,21,4,2205210401,NaN,NaN,NaN,NaN,NaN,NaN,NaN,2015,5,118,1,0.000014958301316656342,0.000014958301316656342,0.0012568229271468928
608,5,364.0998652152451,72.81997304304902,2020,8,7,26,26161,21,4,2205210401,NaN,NaN,NaN,NaN,NaN,NaN,NaN,2014,5,118,1,0.000022606759288228733,0.000022606759288228733,0.001761736268417272
609,5,370.3959424661204,74.07918849322408,2020,8,7,26,26161,21,4,2205210401,NaN,NaN,NaN,NaN,NaN,NaN,NaN,2013,5,118,1,0.000025733968008142162,0.000025733968008142162,0.0020401168561384533
610,5,316.43263381169584,63.286526762339165,2020,8,7,26,26161,21,4,2205210401,NaN,NaN,NaN,NaN,NaN,NaN,NaN,2012,5,118,1,0.00003206183498701415,0.00003206183498701415,0.0021714593693396723
611,5,231.92053549096389,46.38410709819278,2020,8,7,26,26161,21,4,2205210401,NaN,NaN,NaN,NaN,NaN,NaN,NaN,2011,5,118,1,0.00005856200549996009,0.00005856200549996009,0.0029069476650966496
612,5,230.10402906651655,46.02080581330331,2020,8,7,26,26161,21,4,2205210401,NaN,NaN,NaN,NaN,NaN,NaN,NaN,2010,5,118,1,0.00004991246959964004,0.00004991246959964004,0.0024581894402712925
613,5,205.50535743034038,41.10107148606808,2020,8,7,26,26161,21,4,2205210401,NaN,NaN,NaN,NaN,NaN,NaN,NaN,2009,5,118,1,0.00004287819358016473,0.00004287819358016473,0.0018860000319769158
614,5,253.9388285109485,50.7877657021897,2020,8,7,26,26161,21,4,2205210401,NaN,NaN,NaN,NaN,NaN,NaN,NaN,2008,5,118,1,0.00004856860803437826,0.00004856860803437826,0.002639774537819393
615,5,268.1829985315532,53.63659970631064,2020,8,7,26,26161,21,4,2205210401,NaN,NaN,NaN,NaN,NaN,NaN,NaN,2007,5,118,1,0.000028802010660309905,0.000028802010660309905,0.0016532408052417143
616,5,229.81669167512396,45.963338335024794,2020,8,7,26,26161,21,4,2205210401,NaN,NaN,NaN,NaN,NaN,NaN,NaN,2006,5,118,1,0.000033790604804859,0.000033790604804859,0.0016621093803245706
617,5,203.39262514967626,40.67852502993525,2020,8,7,26,26161,21,4,2205210401,NaN,NaN,NaN,NaN,NaN,NaN,NaN,2005,5,118,1,0.000019599490532199356,0.000019599490532199356,0.0008532220119223504
618,5,164.72170300101715,32.94434060020343,2020,8,7,26,26161,21,4,2205210401,NaN,NaN,NaN,NaN,NaN,NaN,NaN,2004,5,118,1,0.000013445997532042898,0.000013445997532042898,0.00047405192860535994
619,5,148.74713474802425,29.74942694960485,2020,8,7,26,26161,21,4,2205210401,NaN,NaN,NaN,NaN,NaN,NaN,NaN,2003,5,118,1,0.00006282436343504387,0.00006282436343504387,0.0019267149162496618
620,5,118.52562992373574,23.70512598474715,2020,8,7,26,26161,21,4,2205210401,NaN,NaN,NaN,NaN,NaN,NaN,NaN,2002,5,118,1,0.000029329325628816768,0.000029329325628816768,0.0007167292084868394
621,5,94.5116320580201,18.90232641160402,2020,8,7,26,26161,21,4,2205210401,NaN,NaN,NaN,NaN,NaN,NaN,NaN,2001,5,118,1,0.00005222834347424467,0.00005222834347424467,0.0010177292775153776
622,5,83.62548218400153,16.725096436800307,2020,8,7,26,26161,21,4,2205210401,NaN,NaN,NaN,NaN,NaN,NaN,NaN,2000,5,118,1,0.00008691451009028807,0.00008691451009028807,0.0013769709929656367
623,5,60.874080684058114,12.174816136811623,2020,8,7,26,26161,21,4,2205210401,NaN,NaN,NaN,NaN,NaN,NaN,NaN,1999,5,118,1,0.00011989902758734046,0.00011989902758734046,0.001382744521938594
624,5,46.82985881634186,9.365971763268373,2020,8,7,26,26161,21,4,2205210401,NaN,NaN,NaN,NaN,NaN,NaN,NaN,1998,5,118,1,0.00008466677669849922,0.00008466677669849922,0.0007511553155825543
625,5,260.05730384453915,52.01146076890783,2020,8,7,26,26161,21,4,2201210401,NaN,NaN,NaN,NaN,NaN,NaN,NaN,2020,1,119,1,0,0,0
626,5,310.4463445557139,62.08926891114278,2020,8,7,26,26161,21,4,2201210401,NaN,NaN,NaN,NaN,NaN,NaN,NaN,2019,1,119,1,0,0,0
627,5,327.8141613006279,65.56283226012559,2020,8,7,26,26161,21,4,2201210401,NaN,NaN,NaN,NaN,NaN,NaN,NaN,2018,1,119,1,0,0,0
628,5,368.3242419642923,73.66484839285846,2020,8,7,26,26161,21,4,2201210401,NaN,NaN,NaN,NaN,NaN,NaN,NaN,2017,1,119,1,0,0,0
629,5,367.29985169622574,73.45997033924515,2020,8,7,26,26161,21,4,2201210401,NaN,NaN,NaN,NaN,NaN,NaN,NaN,2016,1,119,1,0,0,0
630,5,392.56334931271454,78.51266986254291,2020,8,7,26,26161,21,4,2201210401,NaN,NaN,NaN,NaN,NaN,NaN,NaN,2015,1,119,1,0,0,0
631,5,364.0998652152451,72.81997304304902,2020,8,7,26,26161,21,4,2201210401,NaN,NaN,NaN,NaN,NaN,NaN,NaN,2014,1,119,1,0,0,0
632,5,370.3959424661204,74.07918849322408,2020,8,7,26,26161,21,4,2201210401,NaN,NaN,NaN,NaN,NaN,NaN,NaN,2013,1,119,1,0,0,0
633,5,316.43263381169584,63.286526762339165,2020,8,7,26,26161,21,4,2201210401,NaN,NaN,NaN,NaN,NaN,NaN,NaN,2012,1,119,1,0,0,0
634,5,231.92053549096389,46.38410709819278,2020,8,7,26,26161,21,4,2201210401,NaN,NaN,NaN,NaN,NaN,NaN,NaN,2011,1,119,1,0,0,0
635,5,230.10402906651655,46.02080581330331,2020,8,7,26,26161,21,4,2201210401,NaN,NaN,NaN,NaN,NaN,NaN,NaN,2010,1,119,1,0,0,0
636,5,205.50535743034038,41.10107148606808,2020,8,7,26,26161,21,4,2201210401,NaN,NaN,NaN,NaN,NaN,NaN,NaN,2009,1,119,1,0,0,0
637,5,253.9388285109485,50.7877657021897,2020,8,7,26,26161,21,4,2201210401,NaN,NaN,NaN,NaN,NaN,NaN,NaN,2008,1,119,1,0,0,0
638,5,268.1829985315532,53.63659970631064,2020,8,7,26,26161,21,4,2201210401,NaN,NaN,NaN,NaN,NaN,NaN,NaN,2007,1,119,1,0,0,0
639,5,229.81669167512396,45.963338335024794,2020,8,7,26,26161,21,4,2201210401,NaN,NaN,NaN,NaN,NaN,NaN,NaN,2006,1,119,1,0,0,0
640,5,203.39262514967626,40.67852502993525,2020,8,7,26,26161,21,4,2201210401,NaN,NaN,NaN,NaN,NaN,NaN,NaN,2005,1,119,1,0,0,0
641,5,164.72170300101715,32.94434060020343,2020,8,7,26,26161,21,4,2201210401,NaN,NaN,NaN,NaN,NaN,NaN,NaN,2004,1,119,1,0,0,0
642,5,148.74713474802425,29.74942694960485,2020,8,7,26,26161,21,4,2201210401,NaN,NaN,NaN,NaN,NaN,NaN,NaN,2003,1,119,1,0,0,0
643,5,118.52562992373574,23.70512598474715,2020,8,7,26,26161,21,4,2201210401,NaN,NaN,NaN,NaN,NaN,NaN,NaN,2002,1,119,1,0,0,0
644,5,94.5116320580201,18.90232641160402,2020,8,7,26,26161,21,4,2201210401,NaN,NaN,NaN,NaN,NaN,NaN,NaN,2001,1,119,1,0,0,0
645,5,83.62548218400153,16.725096436800307,2020,8,7,26,26161,21,4,2201210401,NaN,NaN,NaN,NaN,NaN,NaN,NaN,2000,1,119,1,0,0,0
646,5,60.874080684058114,12.174816136811623,2020,8,7,26,26161,21,4,2201210401,NaN,NaN,NaN,NaN,NaN,NaN,NaN,1999,1,119,1,0,0,0
647,5,46.82985881634186,9.365971763268373,2020,8,7,26,26161,21,4,2201210401,NaN,NaN,NaN,NaN,NaN,NaN,NaN,1998,1,119,1,0,0,0
648,5,36.74778034358123,7.349556068716247,2020,8,7,26,26161,21,4,2201210401,NaN,NaN,NaN,NaN,NaN,NaN,NaN,1997,1,119,1,0,0,0
649,5,26.865139913300695,5.373027982660139,2020,8,7,26,26161,21,4,2201210401,NaN,NaN,NaN,NaN,NaN,NaN,NaN,1996,1,119,1,0,0,0
650,5,25.04660490806586,5.009320981613172,2020,8,7,26,26161,21,4,2201210401,NaN,NaN,NaN,NaN,NaN,NaN,NaN,1995,1,119,1,0,0,0
651,5,18.41216437802274,3.6824328756045484,2020,8,7,26,26161,21,4,2201210401,NaN,NaN,NaN,NaN,NaN,NaN,NaN,1994,1,119,1,0,0,0
652,5,15.146433442304176,3.029286688460835,2020,8,7,26,26161,21,4,2201210401,NaN,NaN,NaN,NaN,NaN,NaN,NaN,1993,1,119,1,0,0,0
653,5,12.785088718582324,2.557017743716465,2020,8,7,26,26161,21,4,2201210401,NaN,NaN,NaN,NaN,NaN,NaN,NaN,1992,1,119,1,0,0,0
654,5,12.603265015943999,2.5206530031887997,2020,8,7,26,26161,21,4,2201210401,NaN,NaN,NaN,NaN,NaN,NaN,NaN,1991,1,119,1,0,0,0
655,5,10.501237834887378,2.1002475669774756,2020,8,7,26,26161,21,4,2201210401,NaN,NaN,NaN,NaN,NaN,NaN,NaN,1990,1,119,1,0,0,0
656,5,10.217773915995503,2.0435547831991006,2020,8,7,26,26161,21,4,2201210401,NaN,NaN,NaN,NaN,NaN,NaN,NaN,1989,1,119,1,0,0,0
657,5,9.15454189972411,1.830908379944822,2020,8,7,26,26161,21,4,2201210401,NaN,NaN,NaN,NaN,NaN,NaN,NaN,1988,1,119,1,0,0,0
658,5,9.00619255308734,1.801238510617468,2020,8,7,26,26161,21,4,2201210401,NaN,NaN,NaN,NaN,NaN,NaN,NaN,1987,1,119,1,0,0,0
659,5,7.780739775004618,1.5561479550009236,2020,8,7,26,26161,21,4,2201210401,NaN,NaN,NaN,NaN,NaN,NaN,NaN,1986,1,119,1,0,0,0
660,5,5.992761098455286,1.1985522196910572,2020,8,7,26,26161,21,4,2201210401,NaN,NaN,NaN,NaN,NaN,NaN,NaN,1985,1,119,1,0,0,0
661,5,4.779871405562617,0.9559742811125235,2020,8,7,26,26161,21,4,2201210401,NaN,NaN,NaN,NaN,NaN,NaN,NaN,1984,1,119,1,0,0,0
662,5,3.5629958872973577,0.7125991774594715,2020,8,7,26,26161,21,4,2201210401,NaN,NaN,NaN,NaN,NaN,NaN,NaN,1983,1,119,1,0,0,0
663,5,2.6061493961116446,0.5212298792223289,2020,8,7,26,26161,21,4,2201210401,NaN,NaN,NaN,NaN,NaN,NaN,NaN,1982,1,119,1,0,0,0
664,5,1.8323500164585729,0.3664700032917146,2020,8,7,26,26161,21,4,2201210401,NaN,NaN,NaN,NaN,NaN,NaN,NaN,1981,1,119,1,0,0,0
665,5,23.19180710506584,4.638361421013168,2020,8,7,26,26161,21,4,2201210401,NaN,NaN,NaN,NaN,NaN,NaN,NaN,1980,1,119,1,0,0,0
666,5,310.4463445557139,62.08926891114278,2020,8,7,26,26161,21,4,2202210401,NaN,NaN,NaN,NaN,NaN,NaN,NaN,2019,2,119,1,0,0,0
667,5,327.8141613006279,65.56283226012559,2020,8,7,26,26161,21,4,2202210401,NaN,NaN,NaN,NaN,NaN,NaN,NaN,2018,2,119,1,0,0,0
668,5,368.3242419642923,73.66484839285846,2020,8,7,26,26161,21,4,2202210401,NaN,NaN,NaN,NaN,NaN,NaN,NaN,2017,2,119,1,0,0,0
669,5,367.29985169622574,73.45997033924515,2020,8,7,26,26161,21,4,2202210401,NaN,NaN,NaN,NaN,NaN,NaN,NaN,2016,2,119,1,0,0,0
670,5,392.56334931271454,78.51266986254291,2020,8,7,26,26161,21,4,2202210401,NaN,NaN,NaN,NaN,NaN,NaN,NaN,2015,2,119,1,0,0,0
671,5,364.0998652152451,72.81997304304902,2020,8,7,26,26161,21,4,2202210401,NaN,NaN,NaN,NaN,NaN,NaN,NaN,2014,2,119,1,0,0,0
672,5,370.3959424661204,74.07918849322408,2020,8,7,26,26161,21,4,2202210401,NaN,NaN,NaN,NaN,NaN,NaN,NaN,2013,2,119,1,0,0,0
673,5,316.43263381169584,63.286526762339165,2020,8,7,26,26161,21,4,2202210401,NaN,NaN,NaN,NaN,NaN,NaN,NaN,2012,2,119,1,0,0,0
674,5,231.92053549096389,46.38410709819278,2020,8,7,26,26161,21,4,2202210401,NaN,NaN,NaN,NaN,NaN,NaN,NaN,2011,2,119,1,0,0,0
675,5,230.10402906651655,46.02080581330331,2020,8,7,26,26161,21,4,2202210401,NaN,NaN,NaN,NaN,NaN,NaN,NaN,2010,2,119,1,0,0,0
676,5,205.50535743034038,41.10107148606808,2020,8,7,26,26161,21,4,2202210401,NaN,NaN,NaN,NaN,NaN,NaN,NaN,2009,2,119,1,0,0,0
677,5,253.9388285109485,50.7877657021897,2020,8,7,26,26161,21,4,2202210401,NaN,NaN,NaN,NaN,NaN,NaN,NaN,2008,2,119,1,0,0,0
678,5,268.1829985315532,53.63659970631064,2020,8,7,26,26161,21,4,2202210401,NaN,NaN,NaN,NaN,NaN,NaN,NaN,2007,2,119,1,0,0,0
679,5,229.81669167512396,45.963338335024794,2020,8,7,26,26161,21,4,2202210401,NaN,NaN,NaN,NaN,NaN,NaN,NaN,2006,2,119,1,0,0,0
680,5,203.39262514967626,40.67852502993525,2020,8,7,26,26161,21,4,2202210401,NaN,NaN,NaN,NaN,NaN,NaN,NaN,2005,2,119,1,0,0,0
681,5,164.72170300101715,32.94434060020343,2020,8,7,26,26161,21,4,2202210401,NaN,NaN,NaN,NaN,NaN,NaN,NaN,2004,2,119,1,0,0,0
682,5,148.74713474802425,29.74942694960485,2020,8,7,26,26161,21,4,2202210401,NaN,NaN,NaN,NaN,NaN,NaN,NaN,2003,2,119,1,0,0,0
683,5,118.52562992373574,23.70512598474715,2020,8,7,26,26161,21,4,2202210401,NaN,NaN,NaN,NaN,NaN,NaN,NaN,2002,2,119,1,0,0,0
684,5,94.5116320580201,18.90232641160402,2020,8,7,26,26161,21,4,2202210401,NaN,NaN,NaN,NaN,NaN,NaN,NaN,2001,2,119,1,0,0,0
685,5,83.62548218400153,16.725096436800307,2020,8,7,26,26161,21,4,2202210401,NaN,NaN,NaN,NaN,NaN,NaN,NaN,2000,2,119,1,0,0,0
686,5,60.874080684058114,12.174816136811623,2020,8,7,26,26161,21,4,2202210401,NaN,NaN,NaN,NaN,NaN,NaN,NaN,1999,2,119,1,0,0,0
687,5,46.82985881634186,9.365971763268373,2020,8,7,26,26161,21,4,2202210401,NaN,NaN,NaN,NaN,NaN,NaN,NaN,1998,2,119,1,0,0,0
688,5,36.74778034358123,7.349556068716247,2020,8,7,26,26161,21,4,2202210401,NaN,NaN,NaN,NaN,NaN,NaN,NaN,1997,2,119,1,0,0,0
689,5,26.865139913300695,5.373027982660139,2020,8,7,26,26161,21,4,2202210401,NaN,NaN,NaN,NaN,NaN,NaN,NaN,1996,2,119,1,0,0,0
690,5,25.04660490806586,5.009320981613172,2020,8,7,26,26161,21,4,2202210401,NaN,NaN,NaN,NaN,NaN,NaN,NaN,1995,2,119,1,0,0,0
691,5,18.41216437802274,3.6824328756045484,2020,8,7,26,26161,21,4,2202210401,NaN,NaN,NaN,NaN,NaN,NaN,NaN,1994,2,119,1,0,0,0
692,5,15.146433442304176,3.029286688460835,2020,8,7,26,26161,21,4,2202210401,NaN,NaN,NaN,NaN,NaN,NaN,NaN,1993,2,119,1,0,0,0
693,5,12.785088718582324,2.557017743716465,2020,8,7,26,26161,21,4,2202210401,NaN,NaN,NaN,NaN,NaN,NaN,NaN,1992,2,119,1,0,0,0
694,5,12.603265015943999,2.5206530031887997,2020,8,7,26,26161,21,4,2202210401,NaN,NaN,NaN,NaN,NaN,NaN,NaN,1991,2,119,1,0,0,0
695,5,10.501237834887378,2.1002475669774756,2020,8,7,26,26161,21,4,2202210401,NaN,NaN,NaN,NaN,NaN,NaN,NaN,1990,2,119,1,0,0,0
696,5,10.217773915995503,2.0435547831991006,2020,8,7,26,26161,21,4,2202210401,NaN,NaN,NaN,NaN,NaN,NaN,NaN,1989,2,119,1,0,0,0
697,5,9.15454189972411,1.830908379944822,2020,8,7,26,26161,21,4,2202210401,NaN,NaN,NaN,NaN,NaN,NaN,NaN,1988,2,119,1,0,0,0
698,5,9.00619255308734,1.801238510617468,2020,8,7,26,26161,21,4,2202210401,NaN,NaN,NaN,NaN,NaN,NaN,NaN,1987,2,119,1,0,0,0
699,5,7.780739775004618,1.5561479550009236,2020,8,7,26,26161,21,4,2202210401,NaN,NaN,NaN,NaN,NaN,NaN,NaN,1986,2,119,1,0,0,0
700,5,5.992761098455286,1.1985522196910572,2020,8,7,26,26161,21,4,2202210401,NaN,NaN,NaN,NaN,NaN,NaN,NaN,1985,2,119,1,0,0,0
701,5,4.779871405562617,0.9559742811125235,2020,8,7,26,26161,21,4,2202210401,NaN,NaN,NaN,NaN,NaN,NaN,NaN,1984,2,119,1,0,0,0
702,5,3.5629958872973577,0.7125991774594715,2020,8,7,26,26161,21,4,2202210401,NaN,NaN,NaN,NaN,NaN,NaN,NaN,1983,2,119,1,0,0,0
703,5,2.6061493961116446,0.5212298792223289,2020,8,7,26,26161,21,4,2202210401,NaN,NaN,NaN,NaN,NaN,NaN,NaN,1982,2,119,1,0,0,0
704,5,1.8323500164585729,0.3664700032917146,2020,8,7,26,26161,21,4,2202210401,NaN,NaN,NaN,NaN,NaN,NaN,NaN,1981,2,119,1,0,0,0
705,5,23.19180710506584,4.638361421013168,2020,8,7,26,26161,21,4,2202210401,NaN,NaN,NaN,NaN,NaN,NaN,NaN,1980,2,119,1,0,0,0
706,5,260.05730384453915,52.01146076890783,2020,8,7,26,26161,21,4,2205210401,NaN,NaN,NaN,NaN,NaN,NaN,NaN,2020,5,119,1,0,0,0
707,5,310.4463445557139,62.08926891114278,2020,8,7,26,26161,21,4,2205210401,NaN,NaN,NaN,NaN,NaN,NaN,NaN,2019,5,119,1,0,0,0
708,5,327.8141613006279,65.56283226012559,2020,8,7,26,26161,21,4,2205210401,NaN,NaN,NaN,NaN,NaN,NaN,NaN,2018,5,119,1,0,0,0
709,5,368.3242419642923,73.66484839285846,2020,8,7,26,26161,21,4,2205210401,NaN,NaN,NaN,NaN,NaN,NaN,NaN,2017,5,119,1,0,0,0
710,5,367.29985169622574,73.45997033924515,2020,8,7,26,26161,21,4,2205210401,NaN,NaN,NaN,NaN,NaN,NaN,NaN,2016,5,119,1,0,0,0
711,5,392.56334931271454,78.51266986254291,2020,8,7,26,26161,21,4,2205210401,NaN,NaN,NaN,NaN,NaN,NaN,NaN,2015,5,119,1,0,0,0
712,5,364.0998652152451,72.81997304304902,2020,8,7,26,26161,21,4,2205210401,NaN,NaN,NaN,NaN,NaN,NaN,NaN,2014,5,119,1,0,0,0
713,5,370.3959424661204,74.07918849322408,2020,8,7,26,26161,21,4,2205210401,NaN,NaN,NaN,NaN,NaN,NaN,NaN,2013,5,119,1,0,0,0
714,5,316.43263381169584,63.286526762339165,2020,8,7,26,26161,21,4,2205210401,NaN,NaN,NaN,NaN,NaN,NaN,NaN,2012,5,119,1,0,0,0
715,5,231.92053549096389,46.38410709819278,2020,8,7,26,26161,21,4,2205210401,NaN,NaN,NaN,NaN,NaN,NaN,NaN,2011,5,119,1,0,0,0
716,5,230.10402906651655,46.02080581330331,2020,8,7,26,26161,21,4,2205210401,NaN,NaN,NaN,NaN,NaN,NaN,NaN,2010,5,119,1,0,0,0
717,5,205.50535743034038,41.10107148606808,2020,8,7,26,26161,21,4,2205210401,NaN,NaN,NaN,NaN,NaN,NaN,NaN,2009,5,119,1,0,0,0
718,5,253.9388285109485,50.7877657021897,2020,8,7,26,26161,21,4,2205210401,NaN,NaN,NaN,NaN,NaN,NaN,NaN,2008,5,119,1,0,0,0
719,5,268.1829985315532,53.63659970631064,2020,8,7,26,26161,21,4,2205210401,NaN,NaN,NaN,NaN,NaN,NaN,NaN,2007,5,119,1,0,0,0
720,5,229.81669167512396,45.963338335024794,2020,8,7,26,26161,21,4,2205210401,NaN,NaN,NaN,NaN,NaN,NaN,NaN,2006,5,119,1,0,0,0
721,5,203.39262514967626,40.67852502993525,2020,8,7,26,26161,21,4,2205210401,NaN,NaN,NaN,NaN,NaN,NaN,NaN,2005,5,119,1,0,0,0
722,5,164.72170300101715,32.94434060020343,2020,8,7,26,26161,21,4,2205210401,NaN,NaN,NaN,NaN,NaN,NaN,NaN,2004,5,119,1,0,0,0
723,5,148.74713474802425,29.74942694960485,2020,8,7,26,26161,21,4,2205210401,NaN,NaN,NaN,NaN,NaN,NaN,NaN,2003,5,119,1,0,0,0
724,5,118.52562992373574,23.70512598474715,2020,8,7,26,26161,21,4,2205210401,NaN,NaN,NaN,NaN,NaN,NaN,NaN,2002,5,119,1,0,0,0
725,5,94.5116320580201,18.90232641160402,2020,8,7,26,26161,21,4,2205210401,NaN,NaN,NaN,NaN,NaN,NaN,NaN,2001,5,119,1,0,0,0
726,5,83.62548218400153,16.725096436800307,2020,8,7,26,26161,21,4,2205210401,NaN,NaN,NaN,NaN,NaN,NaN,NaN,2000,5,119,1,0,0,0
727,5,60.874080684058114,12.174816136811623,2020,8,7,26,26161,21,4,2205210401,NaN,NaN,NaN,NaN,NaN,NaN,NaN,1999,5,119,1,0,0,0
728,5,46.82985881634186,9.365971763268373,2020,8,7,26,26161,21,4,2205210401,NaN,NaN,NaN,NaN,NaN,NaN,NaN,1998,5,119,1,0,0,0
