Running simulation for: fixtures/process-nox-speciation.esm
Simulation time: 0 → 0
✓ Static evaluation complete: 26 field(s). The document declares no differential equations, so it was evaluated once rather than integrated.
Final state at t = 0:
  out_dayID[1] = 5
  out_dayID[2] = 5
  out_dayID[3] = 5
  out_dayID[4] = 5
  out_dayID[5] = 5
  out_dayID[6] = 5
  out_dayID[7] = 5
  out_dayID[8] = 5
  out_dayID[9] = 5
  out_dayID[10] = 5
  out_dayID[11] = 5
  out_dayID[12] = 5
  out_dayID[13] = 5
  out_dayID[14] = 5
  out_dayID[15] = 5
  out_dayID[16] = 5
  out_dayID[17] = 5
  out_dayID[18] = 5
  out_dayID[19] = 5
  out_dayID[20] = 5
  out_dayID[21] = 5
  out_dayID[22] = 5
  out_dayID[23] = 5
  out_dayID[24] = 5
  out_dayID[25] = 5
  out_dayID[26] = 5
  out_dayID[27] = 5
  out_dayID[28] = 5
  out_dayID[29] = 5
  out_dayID[30] = 5
  out_dayID[31] = 5
  out_dayID[32] = 5
  out_dayID[33] = 5
  out_dayID[34] = 5
  out_dayID[35] = 5
  out_dayID[36] = 5
  out_dayID[37] = 5
  out_dayID[38] = 5
  out_dayID[39] = 5
  out_dayID[40] = 5
  out_dayID[41] = 5
  out_dayID[42] = 5
  out_dayID[43] = 5
  out_dayID[44] = 5
  out_dayID[45] = 5
  out_dayID[46] = 5
  out_dayID[47] = 5
  out_dayID[48] = 5
  out_dayID[49] = 5
  out_dayID[50] = 5
  out_dayID[51] = 5
  out_dayID[52] = 5
  out_dayID[53] = 5
  out_dayID[54] = 5
  out_dayID[55] = 5
  out_dayID[56] = 5
  out_dayID[57] = 5
  out_dayID[58] = 5
  out_dayID[59] = 5
  out_dayID[60] = 5
  out_dayID[61] = 5
  out_dayID[62] = 5
  out_dayID[63] = 5
  out_dayID[64] = 5
  out_dayID[65] = 5
  out_dayID[66] = 5
  out_dayID[67] = 5
  out_dayID[68] = 5
  out_dayID[69] = 5
  out_dayID[70] = 5
  out_dayID[71] = 5
  out_dayID[72] = 5
  out_dayID[73] = 5
  out_dayID[74] = 5
  out_dayID[75] = 5
  out_dayID[76] = 5
  out_dayID[77] = 5
  out_dayID[78] = 5
  out_dayID[79] = 5
  out_dayID[80] = 5
  out_dayID[81] = 5
  out_dayID[82] = 5
  out_dayID[83] = 5
  out_dayID[84] = 5
  out_dayID[85] = 5
  out_dayID[86] = 5
  out_dayID[87] = 5
  out_dayID[88] = 5
  out_dayID[89] = 5
  out_dayID[90] = 5
  out_dayID[91] = 5
  out_dayID[92] = 5
  out_dayID[93] = 5
  out_dayID[94] = 5
  out_dayID[95] = 5
  out_dayID[96] = 5
  out_dayID[97] = 5
  out_dayID[98] = 5
  out_dayID[99] = 5
  out_dayID[100] = 5
  out_dayID[101] = 5
  out_dayID[102] = 5
  out_dayID[103] = 5
  out_dayID[104] = 5
  out_dayID[105] = 5
  out_dayID[106] = 5
  out_dayID[107] = 5
  out_dayID[108] = 5
  out_dayID[109] = 5
  out_dayID[110] = 5
  out_dayID[111] = 5
  out_dayID[112] = 5
  out_dayID[113] = 5
  out_dayID[114] = 5
  out_dayID[115] = 5
  out_dayID[116] = 5
  out_dayID[117] = 5
  out_dayID[118] = 5
  out_dayID[119] = 5
  out_dayID[120] = 5
  out_dayID[121] = 5
  out_dayID[122] = 5
  out_dayID[123] = 5
  out_dayID[124] = 5
  out_dayID[125] = 5
  out_dayID[126] = 5
  out_dayID[127] = 5
  out_dayID[128] = 5
  out_dayID[129] = 5
  out_dayID[130] = 5
  out_dayID[131] = 5
  out_dayID[132] = 5
  out_dayID[133] = 5
  out_dayID[134] = 5
  out_dayID[135] = 5
  out_dayID[136] = 5
  out_dayID[137] = 5
  out_dayID[138] = 5
  out_dayID[139] = 5
  out_dayID[140] = 5
  out_dayID[141] = 5
  out_dayID[142] = 5
  out_dayID[143] = 5
  out_dayID[144] = 5
  out_dayID[145] = 5
  out_dayID[146] = 5
  out_dayID[147] = 5
  out_dayID[148] = 5
  out_dayID[149] = 5
  out_dayID[150] = 5
  out_dayID[151] = 5
  out_dayID[152] = 5
  out_dayID[153] = 5
  out_dayID[154] = 5
  out_dayID[155] = 5
  out_dayID[156] = 5
  out_dayID[157] = 5
  out_dayID[158] = 5
  out_dayID[159] = 5
  out_dayID[160] = 5
  out_dayID[161] = 5
  out_dayID[162] = 5
  out_dayID[163] = 5
  out_dayID[164] = 5
  out_dayID[165] = 5
  out_dayID[166] = 5
  out_dayID[167] = 5
  out_dayID[168] = 5
  out_dayID[169] = 5
  out_dayID[170] = 5
  out_dayID[171] = 5
  out_dayID[172] = 5
  out_dayID[173] = 5
  out_dayID[174] = 5
  out_dayID[175] = 5
  out_dayID[176] = 5
  out_dayID[177] = 5
  out_dayID[178] = 5
  out_dayID[179] = 5
  out_dayID[180] = 5
  out_dayID[181] = 5
  out_dayID[182] = 5
  out_dayID[183] = 5
  out_dayID[184] = 5
  out_dayID[185] = 5
  out_dayID[186] = 5
  out_dayID[187] = 5
  out_dayID[188] = 5
  out_dayID[189] = 5
  out_dayID[190] = 5
  out_dayID[191] = 5
  out_dayID[192] = 5
  out_dayID[193] = 5
  out_dayID[194] = 5
  out_dayID[195] = 5
  out_dayID[196] = 5
  out_dayID[197] = 5
  out_dayID[198] = 5
  out_dayID[199] = 5
  out_dayID[200] = 5
  out_dayID[201] = 5
  out_dayID[202] = 5
  out_dayID[203] = 5
  out_dayID[204] = 5
  out_dayID[205] = 5
  out_dayID[206] = 5
  out_dayID[207] = 5
  out_dayID[208] = 5
  out_dayID[209] = 5
  out_dayID[210] = 5
  out_dayID[211] = 5
  out_dayID[212] = 5
  out_dayID[213] = 5
  out_dayID[214] = 5
  out_dayID[215] = 5
  out_dayID[216] = 5
  out_dayID[217] = 5
  out_dayID[218] = 5
  out_dayID[219] = 5
  out_dayID[220] = 5
  out_dayID[221] = 5
  out_dayID[222] = 5
  out_dayID[223] = 5
  out_dayID[224] = 5
  out_dayID[225] = 5
  out_dayID[226] = 5
  out_dayID[227] = 5
  out_dayID[228] = 5
  out_dayID[229] = 5
  out_dayID[230] = 5
  out_dayID[231] = 5
  out_dayID[232] = 5
  out_dayID[233] = 5
  out_dayID[234] = 5
  out_dayID[235] = 5
  out_dayID[236] = 5
  out_dayID[237] = 5
  out_dayID[238] = 5
  out_dayID[239] = 5
  out_dayID[240] = 5
  out_dayID[241] = 5
  out_dayID[242] = 5
  out_dayID[243] = 5
  out_dayID[244] = 5
  out_dayID[245] = 5
  out_dayID[246] = 5
  out_dayID[247] = 5
  out_dayID[248] = 5
  out_dayID[249] = 5
  out_dayID[250] = 5
  out_dayID[251] = 5
  out_dayID[252] = 5
  out_dayID[253] = 5
  out_dayID[254] = 5
  out_dayID[255] = 5
  out_dayID[256] = 5
  out_dayID[257] = 5
  out_dayID[258] = 5
  out_dayID[259] = 5
  out_dayID[260] = 5
  out_dayID[261] = 5
  out_dayID[262] = 5
  out_dayID[263] = 5
  out_dayID[264] = 5
  out_dayID[265] = 5
  out_dayID[266] = 5
  out_dayID[267] = 5
  out_dayID[268] = 5
  out_dayID[269] = 5
  out_dayID[270] = 5
  out_dayID[271] = 5
  out_dayID[272] = 5
  out_dayID[273] = 5
  out_dayID[274] = 5
  out_dayID[275] = 5
  out_dayID[276] = 5
  out_dayID[277] = 5
  out_dayID[278] = 5
  out_dayID[279] = 5
  out_dayID[280] = 5
  out_dayID[281] = 5
  out_dayID[282] = 5
  out_dayID[283] = 5
  out_dayID[284] = 5
  out_dayID[285] = 5
  out_dayID[286] = 5
  out_dayID[287] = 5
  out_dayID[288] = 5
  out_dayID[289] = 5
  out_dayID[290] = 5
  out_dayID[291] = 5
  out_dayID[292] = 5
  out_dayID[293] = 5
  out_dayID[294] = 5
  out_dayID[295] = 5
  out_dayID[296] = 5
  out_dayID[297] = 5
  out_dayID[298] = 5
  out_dayID[299] = 5
  out_dayID[300] = 5
  out_dayID[301] = 5
  out_dayID[302] = 5
  out_dayID[303] = 5
  out_dayID[304] = 5
  out_dayID[305] = 5
  out_dayID[306] = 5
  out_dayID[307] = 5
  out_dayID[308] = 5
  out_dayID[309] = 5
  out_dayID[310] = 5
  out_dayID[311] = 5
  out_dayID[312] = 5
  out_dayID[313] = 5
  out_dayID[314] = 5
  out_dayID[315] = 5
  out_dayID[316] = 5
  out_dayID[317] = 5
  out_dayID[318] = 5
  out_dayID[319] = 5
  out_dayID[320] = 5
  out_dayID[321] = 5
  out_dayID[322] = 5
  out_dayID[323] = 5
  out_dayID[324] = 5
  out_dayID[325] = 5
  out_dayID[326] = 5
  out_dayID[327] = 5
  out_dayID[328] = 5
  out_dayID[329] = 5
  out_dayID[330] = 5
  out_dayID[331] = 5
  out_dayID[332] = 5
  out_dayID[333] = 5
  out_dayID[334] = 5
  out_dayID[335] = 5
  out_dayID[336] = 5
  out_dayID[337] = 5
  out_dayID[338] = 5
  out_dayID[339] = 5
  out_dayID[340] = 5
  out_dayID[341] = 5
  out_dayID[342] = 5
  out_dayID[343] = 5
  out_dayID[344] = 5
  out_dayID[345] = 5
  out_dayID[346] = 5
  out_dayID[347] = 5
  out_dayID[348] = 5
  out_dayID[349] = 5
  out_dayID[350] = 5
  out_dayID[351] = 5
  out_dayID[352] = 5
  out_dayID[353] = 5
  out_dayID[354] = 5
  out_dayID[355] = 5
  out_dayID[356] = 5
  out_dayID[357] = 5
  out_dayID[358] = 5
  out_dayID[359] = 5
  out_dayID[360] = 5
  out_dayID[361] = 5
  out_dayID[362] = 5
  out_dayID[363] = 5
  out_dayID[364] = 5
  out_dayID[365] = 5
  out_dayID[366] = 5
  out_dayID[367] = 5
  out_dayID[368] = 5
  out_dayID[369] = 5
  out_dayID[370] = 5
  out_dayID[371] = 5
  out_dayID[372] = 5
  out_dayID[373] = 5
  out_dayID[374] = 5
  out_dayID[375] = 5
  out_dayID[376] = 5
  out_dayID[377] = 5
  out_dayID[378] = 5
  out_dayID[379] = 5
  out_dayID[380] = 5
  out_dayID[381] = 5
  out_dayID[382] = 5
  out_dayID[383] = 5
  out_dayID[384] = 5
  out_dayID[385] = 5
  out_dayID[386] = 5
  out_dayID[387] = 5
  out_dayID[388] = 5
  out_dayID[389] = 5
  out_dayID[390] = 5
  out_dayID[391] = 5
  out_dayID[392] = 5
  out_dayID[393] = 5
  out_dayID[394] = 5
  out_dayID[395] = 5
  out_dayID[396] = 5
  out_dayID[397] = 5
  out_dayID[398] = 5
  out_dayID[399] = 5
  out_dayID[400] = 5
  out_dayID[401] = 5
  out_dayID[402] = 5
  out_dayID[403] = 5
  out_dayID[404] = 5
  out_dayID[405] = 5
  out_dayID[406] = 5
  out_dayID[407] = 5
  out_dayID[408] = 5
  out_dayID[409] = 5
  out_dayID[410] = 5
  out_dayID[411] = 5
  out_dayID[412] = 5
  out_dayID[413] = 5
  out_dayID[414] = 5
  out_dayID[415] = 5
  out_dayID[416] = 5
  out_dayID[417] = 5
  out_dayID[418] = 5
  out_dayID[419] = 5
  out_dayID[420] = 5
  out_dayID[421] = 5
  out_dayID[422] = 5
  out_dayID[423] = 5
  out_dayID[424] = 5
  out_dayID[425] = 5
  out_dayID[426] = 5
  out_dayID[427] = 5
  out_dayID[428] = 5
  out_dayID[429] = 5
  out_dayID[430] = 5
  out_dayID[431] = 5
  out_dayID[432] = 5
  out_dayID[433] = 5
  out_dayID[434] = 5
  out_dayID[435] = 5
  out_dayID[436] = 5
  out_SHO[1] = 260.05730384453915
  out_SHO[2] = 310.4463445557139
  out_SHO[3] = 327.8141613006279
  out_SHO[4] = 368.3242419642923
  out_SHO[5] = 367.29985169622574
  out_SHO[6] = 392.56334931271454
  out_SHO[7] = 364.0998652152451
  out_SHO[8] = 370.3959424661204
  out_SHO[9] = 316.43263381169584
  out_SHO[10] = 231.92053549096389
  out_SHO[11] = 230.10402906651655
  out_SHO[12] = 205.50535743034038
  out_SHO[13] = 253.9388285109485
  out_SHO[14] = 268.1829985315532
  out_SHO[15] = 229.81669167512396
  out_SHO[16] = 203.39262514967626
  out_SHO[17] = 164.72170300101715
  out_SHO[18] = 148.74713474802425
  out_SHO[19] = 118.52562992373574
  out_SHO[20] = 94.5116320580201
  out_SHO[21] = 83.62548218400153
  out_SHO[22] = 60.874080684058114
  out_SHO[23] = 46.82985881634186
  out_SHO[24] = 36.74778034358123
  out_SHO[25] = 26.865139913300695
  out_SHO[26] = 25.04660490806586
  out_SHO[27] = 18.41216437802274
  out_SHO[28] = 15.146433442304176
  out_SHO[29] = 12.785088718582324
  out_SHO[30] = 12.603265015943999
  out_SHO[31] = 10.501237834887378
  out_SHO[32] = 10.217773915995503
  out_SHO[33] = 9.15454189972411
  out_SHO[34] = 9.00619255308734
  out_SHO[35] = 7.780739775004618
  out_SHO[36] = 5.992761098455286
  out_SHO[37] = 4.779871405562617
  out_SHO[38] = 3.5629958872973577
  out_SHO[39] = 2.6061493961116446
  out_SHO[40] = 1.8323500164585729
  out_SHO[41] = 23.19180710506584
  out_SHO[42] = 310.4463445557139
  out_SHO[43] = 327.8141613006279
  out_SHO[44] = 368.3242419642923
  out_SHO[45] = 367.29985169622574
  out_SHO[46] = 392.56334931271454
  out_SHO[47] = 364.0998652152451
  out_SHO[48] = 370.3959424661204
  out_SHO[49] = 316.43263381169584
  out_SHO[50] = 231.92053549096389
  out_SHO[51] = 230.10402906651655
  out_SHO[52] = 205.50535743034038
  out_SHO[53] = 253.9388285109485
  out_SHO[54] = 268.1829985315532
  out_SHO[55] = 229.81669167512396
  out_SHO[56] = 203.39262514967626
  out_SHO[57] = 164.72170300101715
  out_SHO[58] = 148.74713474802425
  out_SHO[59] = 118.52562992373574
  out_SHO[60] = 94.5116320580201
  out_SHO[61] = 83.62548218400153
  out_SHO[62] = 60.874080684058114
  out_SHO[63] = 46.82985881634186
  out_SHO[64] = 36.74778034358123
  out_SHO[65] = 26.865139913300695
  out_SHO[66] = 25.04660490806586
  out_SHO[67] = 18.41216437802274
  out_SHO[68] = 15.146433442304176
  out_SHO[69] = 12.785088718582324
  out_SHO[70] = 12.603265015943999
  out_SHO[71] = 10.501237834887378
  out_SHO[72] = 10.217773915995503
  out_SHO[73] = 9.15454189972411
  out_SHO[74] = 9.00619255308734
  out_SHO[75] = 7.780739775004618
  out_SHO[76] = 5.992761098455286
  out_SHO[77] = 4.779871405562617
  out_SHO[78] = 3.5629958872973577
  out_SHO[79] = 2.6061493961116446
  out_SHO[80] = 1.8323500164585729
  out_SHO[81] = 23.19180710506584
  out_SHO[82] = 260.05730384453915
  out_SHO[83] = 310.4463445557139
  out_SHO[84] = 327.8141613006279
  out_SHO[85] = 368.3242419642923
  out_SHO[86] = 367.29985169622574
  out_SHO[87] = 392.56334931271454
  out_SHO[88] = 364.0998652152451
  out_SHO[89] = 370.3959424661204
  out_SHO[90] = 316.43263381169584
  out_SHO[91] = 231.92053549096389
  out_SHO[92] = 230.10402906651655
  out_SHO[93] = 205.50535743034038
  out_SHO[94] = 253.9388285109485
  out_SHO[95] = 268.1829985315532
  out_SHO[96] = 229.81669167512396
  out_SHO[97] = 203.39262514967626
  out_SHO[98] = 164.72170300101715
  out_SHO[99] = 148.74713474802425
  out_SHO[100] = 118.52562992373574
  out_SHO[101] = 94.5116320580201
  out_SHO[102] = 83.62548218400153
  out_SHO[103] = 60.874080684058114
  out_SHO[104] = 46.82985881634186
  out_SHO[105] = 260.05730384453915
  out_SHO[106] = 310.4463445557139
  out_SHO[107] = 327.8141613006279
  out_SHO[108] = 368.3242419642923
  out_SHO[109] = 367.29985169622574
  out_SHO[110] = 392.56334931271454
  out_SHO[111] = 364.0998652152451
  out_SHO[112] = 370.3959424661204
  out_SHO[113] = 316.43263381169584
  out_SHO[114] = 231.92053549096389
  out_SHO[115] = 230.10402906651655
  out_SHO[116] = 205.50535743034038
  out_SHO[117] = 253.9388285109485
  out_SHO[118] = 268.1829985315532
  out_SHO[119] = 229.81669167512396
  out_SHO[120] = 203.39262514967626
  out_SHO[121] = 164.72170300101715
  out_SHO[122] = 148.74713474802425
  out_SHO[123] = 118.52562992373574
  out_SHO[124] = 94.5116320580201
  out_SHO[125] = 260.05730384453915
  out_SHO[126] = 310.4463445557139
  out_SHO[127] = 327.8141613006279
  out_SHO[128] = 368.3242419642923
  out_SHO[129] = 367.29985169622574
  out_SHO[130] = 392.56334931271454
  out_SHO[131] = 364.0998652152451
  out_SHO[132] = 370.3959424661204
  out_SHO[133] = 316.43263381169584
  out_SHO[134] = 231.92053549096389
  out_SHO[135] = 230.10402906651655
  out_SHO[136] = 205.50535743034038
  out_SHO[137] = 253.9388285109485
  out_SHO[138] = 268.1829985315532
  out_SHO[139] = 229.81669167512396
  out_SHO[140] = 203.39262514967626
  out_SHO[141] = 164.72170300101715
  out_SHO[142] = 148.74713474802425
  out_SHO[143] = 118.52562992373574
  out_SHO[144] = 94.5116320580201
  out_SHO[145] = 83.62548218400153
  out_SHO[146] = 60.874080684058114
  out_SHO[147] = 46.82985881634186
  out_SHO[148] = 36.74778034358123
  out_SHO[149] = 26.865139913300695
  out_SHO[150] = 25.04660490806586
  out_SHO[151] = 18.41216437802274
  out_SHO[152] = 15.146433442304176
  out_SHO[153] = 12.785088718582324
  out_SHO[154] = 12.603265015943999
  out_SHO[155] = 10.501237834887378
  out_SHO[156] = 10.217773915995503
  out_SHO[157] = 9.15454189972411
  out_SHO[158] = 9.00619255308734
  out_SHO[159] = 7.780739775004618
  out_SHO[160] = 5.992761098455286
  out_SHO[161] = 4.779871405562617
  out_SHO[162] = 3.5629958872973577
  out_SHO[163] = 2.6061493961116446
  out_SHO[164] = 1.8323500164585729
  out_SHO[165] = 23.19180710506584
  out_SHO[166] = 310.4463445557139
  out_SHO[167] = 327.8141613006279
  out_SHO[168] = 368.3242419642923
  out_SHO[169] = 367.29985169622574
  out_SHO[170] = 392.56334931271454
  out_SHO[171] = 364.0998652152451
  out_SHO[172] = 370.3959424661204
  out_SHO[173] = 316.43263381169584
  out_SHO[174] = 231.92053549096389
  out_SHO[175] = 230.10402906651655
  out_SHO[176] = 205.50535743034038
  out_SHO[177] = 253.9388285109485
  out_SHO[178] = 268.1829985315532
  out_SHO[179] = 229.81669167512396
  out_SHO[180] = 203.39262514967626
  out_SHO[181] = 164.72170300101715
  out_SHO[182] = 148.74713474802425
  out_SHO[183] = 118.52562992373574
  out_SHO[184] = 94.5116320580201
  out_SHO[185] = 83.62548218400153
  out_SHO[186] = 60.874080684058114
  out_SHO[187] = 46.82985881634186
  out_SHO[188] = 36.74778034358123
  out_SHO[189] = 26.865139913300695
  out_SHO[190] = 25.04660490806586
  out_SHO[191] = 18.41216437802274
  out_SHO[192] = 15.146433442304176
  out_SHO[193] = 12.785088718582324
  out_SHO[194] = 12.603265015943999
  out_SHO[195] = 10.501237834887378
  out_SHO[196] = 10.217773915995503
  out_SHO[197] = 9.15454189972411
  out_SHO[198] = 9.00619255308734
  out_SHO[199] = 7.780739775004618
  out_SHO[200] = 5.992761098455286
  out_SHO[201] = 4.779871405562617
  out_SHO[202] = 3.5629958872973577
  out_SHO[203] = 2.6061493961116446
  out_SHO[204] = 1.8323500164585729
  out_SHO[205] = 23.19180710506584
  out_SHO[206] = 260.05730384453915
  out_SHO[207] = 310.4463445557139
  out_SHO[208] = 327.8141613006279
  out_SHO[209] = 368.3242419642923
  out_SHO[210] = 367.29985169622574
  out_SHO[211] = 392.56334931271454
  out_SHO[212] = 364.0998652152451
  out_SHO[213] = 370.3959424661204
  out_SHO[214] = 316.43263381169584
  out_SHO[215] = 231.92053549096389
  out_SHO[216] = 230.10402906651655
  out_SHO[217] = 205.50535743034038
  out_SHO[218] = 253.9388285109485
  out_SHO[219] = 268.1829985315532
  out_SHO[220] = 229.81669167512396
  out_SHO[221] = 203.39262514967626
  out_SHO[222] = 164.72170300101715
  out_SHO[223] = 148.74713474802425
  out_SHO[224] = 118.52562992373574
  out_SHO[225] = 94.5116320580201
  out_SHO[226] = 83.62548218400153
  out_SHO[227] = 60.874080684058114
  out_SHO[228] = 46.82985881634186
  out_SHO[229] = 260.05730384453915
  out_SHO[230] = 310.4463445557139
  out_SHO[231] = 327.8141613006279
  out_SHO[232] = 368.3242419642923
  out_SHO[233] = 367.29985169622574
  out_SHO[234] = 392.56334931271454
  out_SHO[235] = 364.0998652152451
  out_SHO[236] = 370.3959424661204
  out_SHO[237] = 316.43263381169584
  out_SHO[238] = 231.92053549096389
  out_SHO[239] = 230.10402906651655
  out_SHO[240] = 205.50535743034038
  out_SHO[241] = 253.9388285109485
  out_SHO[242] = 268.1829985315532
  out_SHO[243] = 229.81669167512396
  out_SHO[244] = 203.39262514967626
  out_SHO[245] = 164.72170300101715
  out_SHO[246] = 148.74713474802425
  out_SHO[247] = 118.52562992373574
  out_SHO[248] = 94.5116320580201
  out_SHO[249] = 83.62548218400153
  out_SHO[250] = 60.874080684058114
  out_SHO[251] = 46.82985881634186
  out_SHO[252] = 36.74778034358123
  out_SHO[253] = 26.865139913300695
  out_SHO[254] = 25.04660490806586
  out_SHO[255] = 18.41216437802274
  out_SHO[256] = 15.146433442304176
  out_SHO[257] = 12.785088718582324
  out_SHO[258] = 12.603265015943999
  out_SHO[259] = 10.501237834887378
  out_SHO[260] = 10.217773915995503
  out_SHO[261] = 9.15454189972411
  out_SHO[262] = 9.00619255308734
  out_SHO[263] = 7.780739775004618
  out_SHO[264] = 5.992761098455286
  out_SHO[265] = 4.779871405562617
  out_SHO[266] = 3.5629958872973577
  out_SHO[267] = 2.6061493961116446
  out_SHO[268] = 1.8323500164585729
  out_SHO[269] = 23.19180710506584
  out_SHO[270] = 310.4463445557139
  out_SHO[271] = 327.8141613006279
  out_SHO[272] = 368.3242419642923
  out_SHO[273] = 367.29985169622574
  out_SHO[274] = 392.56334931271454
  out_SHO[275] = 364.0998652152451
  out_SHO[276] = 370.3959424661204
  out_SHO[277] = 316.43263381169584
  out_SHO[278] = 231.92053549096389
  out_SHO[279] = 230.10402906651655
  out_SHO[280] = 205.50535743034038
  out_SHO[281] = 253.9388285109485
  out_SHO[282] = 268.1829985315532
  out_SHO[283] = 229.81669167512396
  out_SHO[284] = 203.39262514967626
  out_SHO[285] = 164.72170300101715
  out_SHO[286] = 148.74713474802425
  out_SHO[287] = 118.52562992373574
  out_SHO[288] = 94.5116320580201
  out_SHO[289] = 83.62548218400153
  out_SHO[290] = 60.874080684058114
  out_SHO[291] = 46.82985881634186
  out_SHO[292] = 36.74778034358123
  out_SHO[293] = 26.865139913300695
  out_SHO[294] = 25.04660490806586
  out_SHO[295] = 18.41216437802274
  out_SHO[296] = 15.146433442304176
  out_SHO[297] = 12.785088718582324
  out_SHO[298] = 12.603265015943999
  out_SHO[299] = 10.501237834887378
  out_SHO[300] = 10.217773915995503
  out_SHO[301] = 9.15454189972411
  out_SHO[302] = 9.00619255308734
  out_SHO[303] = 7.780739775004618
  out_SHO[304] = 5.992761098455286
  out_SHO[305] = 4.779871405562617
  out_SHO[306] = 3.5629958872973577
  out_SHO[307] = 2.6061493961116446
  out_SHO[308] = 1.8323500164585729
  out_SHO[309] = 23.19180710506584
  out_SHO[310] = 260.05730384453915
  out_SHO[311] = 310.4463445557139
  out_SHO[312] = 327.8141613006279
  out_SHO[313] = 368.3242419642923
  out_SHO[314] = 367.29985169622574
  out_SHO[315] = 392.56334931271454
  out_SHO[316] = 364.0998652152451
  out_SHO[317] = 370.3959424661204
  out_SHO[318] = 316.43263381169584
  out_SHO[319] = 231.92053549096389
  out_SHO[320] = 230.10402906651655
  out_SHO[321] = 205.50535743034038
  out_SHO[322] = 253.9388285109485
  out_SHO[323] = 268.1829985315532
  out_SHO[324] = 229.81669167512396
  out_SHO[325] = 203.39262514967626
  out_SHO[326] = 164.72170300101715
  out_SHO[327] = 148.74713474802425
  out_SHO[328] = 118.52562992373574
  out_SHO[329] = 94.5116320580201
  out_SHO[330] = 83.62548218400153
  out_SHO[331] = 60.874080684058114
  out_SHO[332] = 46.82985881634186
  out_SHO[333] = 260.05730384453915
  out_SHO[334] = 310.4463445557139
  out_SHO[335] = 327.8141613006279
  out_SHO[336] = 368.3242419642923
  out_SHO[337] = 367.29985169622574
  out_SHO[338] = 392.56334931271454
  out_SHO[339] = 364.0998652152451
  out_SHO[340] = 370.3959424661204
  out_SHO[341] = 316.43263381169584
  out_SHO[342] = 231.92053549096389
  out_SHO[343] = 230.10402906651655
  out_SHO[344] = 205.50535743034038
  out_SHO[345] = 253.9388285109485
  out_SHO[346] = 268.1829985315532
  out_SHO[347] = 229.81669167512396
  out_SHO[348] = 203.39262514967626
  out_SHO[349] = 164.72170300101715
  out_SHO[350] = 148.74713474802425
  out_SHO[351] = 118.52562992373574
  out_SHO[352] = 94.5116320580201
  out_SHO[353] = 83.62548218400153
  out_SHO[354] = 60.874080684058114
  out_SHO[355] = 46.82985881634186
  out_SHO[356] = 36.74778034358123
  out_SHO[357] = 26.865139913300695
  out_SHO[358] = 25.04660490806586
  out_SHO[359] = 18.41216437802274
  out_SHO[360] = 15.146433442304176
  out_SHO[361] = 12.785088718582324
  out_SHO[362] = 12.603265015943999
  out_SHO[363] = 10.501237834887378
  out_SHO[364] = 10.217773915995503
  out_SHO[365] = 9.15454189972411
  out_SHO[366] = 9.00619255308734
  out_SHO[367] = 7.780739775004618
  out_SHO[368] = 5.992761098455286
  out_SHO[369] = 4.779871405562617
  out_SHO[370] = 3.5629958872973577
  out_SHO[371] = 2.6061493961116446
  out_SHO[372] = 1.8323500164585729
  out_SHO[373] = 23.19180710506584
  out_SHO[374] = 310.4463445557139
  out_SHO[375] = 327.8141613006279
  out_SHO[376] = 368.3242419642923
  out_SHO[377] = 367.29985169622574
  out_SHO[378] = 392.56334931271454
  out_SHO[379] = 364.0998652152451
  out_SHO[380] = 370.3959424661204
  out_SHO[381] = 316.43263381169584
  out_SHO[382] = 231.92053549096389
  out_SHO[383] = 230.10402906651655
  out_SHO[384] = 205.50535743034038
  out_SHO[385] = 253.9388285109485
  out_SHO[386] = 268.1829985315532
  out_SHO[387] = 229.81669167512396
  out_SHO[388] = 203.39262514967626
  out_SHO[389] = 164.72170300101715
  out_SHO[390] = 148.74713474802425
  out_SHO[391] = 118.52562992373574
  out_SHO[392] = 94.5116320580201
  out_SHO[393] = 83.62548218400153
  out_SHO[394] = 60.874080684058114
  out_SHO[395] = 46.82985881634186
  out_SHO[396] = 36.74778034358123
  out_SHO[397] = 26.865139913300695
  out_SHO[398] = 25.04660490806586
  out_SHO[399] = 18.41216437802274
  out_SHO[400] = 15.146433442304176
  out_SHO[401] = 12.785088718582324
  out_SHO[402] = 12.603265015943999
  out_SHO[403] = 10.501237834887378
  out_SHO[404] = 10.217773915995503
  out_SHO[405] = 9.15454189972411
  out_SHO[406] = 9.00619255308734
  out_SHO[407] = 7.780739775004618
  out_SHO[408] = 5.992761098455286
  out_SHO[409] = 4.779871405562617
  out_SHO[410] = 3.5629958872973577
  out_SHO[411] = 2.6061493961116446
  out_SHO[412] = 1.8323500164585729
  out_SHO[413] = 23.19180710506584
  out_SHO[414] = 260.05730384453915
  out_SHO[415] = 310.4463445557139
  out_SHO[416] = 327.8141613006279
  out_SHO[417] = 368.3242419642923
  out_SHO[418] = 367.29985169622574
  out_SHO[419] = 392.56334931271454
  out_SHO[420] = 364.0998652152451
  out_SHO[421] = 370.3959424661204
  out_SHO[422] = 316.43263381169584
  out_SHO[423] = 231.92053549096389
  out_SHO[424] = 230.10402906651655
  out_SHO[425] = 205.50535743034038
  out_SHO[426] = 253.9388285109485
  out_SHO[427] = 268.1829985315532
  out_SHO[428] = 229.81669167512396
  out_SHO[429] = 203.39262514967626
  out_SHO[430] = 164.72170300101715
  out_SHO[431] = 148.74713474802425
  out_SHO[432] = 118.52562992373574
  out_SHO[433] = 94.5116320580201
  out_SHO[434] = 83.62548218400153
  out_SHO[435] = 60.874080684058114
  out_SHO[436] = 46.82985881634186
  out_activity[1] = 52.01146076890783
  out_activity[2] = 62.08926891114278
  out_activity[3] = 65.56283226012559
  out_activity[4] = 73.66484839285846
  out_activity[5] = 73.45997033924515
  out_activity[6] = 78.51266986254291
  out_activity[7] = 72.81997304304902
  out_activity[8] = 74.07918849322408
  out_activity[9] = 63.286526762339165
  out_activity[10] = 46.38410709819278
  out_activity[11] = 46.02080581330331
  out_activity[12] = 41.10107148606808
  out_activity[13] = 50.7877657021897
  out_activity[14] = 53.63659970631064
  out_activity[15] = 45.963338335024794
  out_activity[16] = 40.67852502993525
  out_activity[17] = 32.94434060020343
  out_activity[18] = 29.74942694960485
  out_activity[19] = 23.70512598474715
  out_activity[20] = 18.90232641160402
  out_activity[21] = 16.725096436800307
  out_activity[22] = 12.174816136811623
  out_activity[23] = 9.365971763268373
  out_activity[24] = 7.349556068716247
  out_activity[25] = 5.373027982660139
  out_activity[26] = 5.009320981613172
  out_activity[27] = 3.6824328756045484
  out_activity[28] = 3.029286688460835
  out_activity[29] = 2.557017743716465
  out_activity[30] = 2.5206530031887997
  out_activity[31] = 2.1002475669774756
  out_activity[32] = 2.0435547831991006
  out_activity[33] = 1.830908379944822
  out_activity[34] = 1.801238510617468
  out_activity[35] = 1.5561479550009236
  out_activity[36] = 1.1985522196910572
  out_activity[37] = 0.9559742811125235
  out_activity[38] = 0.7125991774594715
  out_activity[39] = 0.5212298792223289
  out_activity[40] = 0.3664700032917146
  out_activity[41] = 4.638361421013168
  out_activity[42] = 62.08926891114278
  out_activity[43] = 65.56283226012559
  out_activity[44] = 73.66484839285846
  out_activity[45] = 73.45997033924515
  out_activity[46] = 78.51266986254291
  out_activity[47] = 72.81997304304902
  out_activity[48] = 74.07918849322408
  out_activity[49] = 63.286526762339165
  out_activity[50] = 46.38410709819278
  out_activity[51] = 46.02080581330331
  out_activity[52] = 41.10107148606808
  out_activity[53] = 50.7877657021897
  out_activity[54] = 53.63659970631064
  out_activity[55] = 45.963338335024794
  out_activity[56] = 40.67852502993525
  out_activity[57] = 32.94434060020343
  out_activity[58] = 29.74942694960485
  out_activity[59] = 23.70512598474715
  out_activity[60] = 18.90232641160402
  out_activity[61] = 16.725096436800307
  out_activity[62] = 12.174816136811623
  out_activity[63] = 9.365971763268373
  out_activity[64] = 7.349556068716247
  out_activity[65] = 5.373027982660139
  out_activity[66] = 5.009320981613172
  out_activity[67] = 3.6824328756045484
  out_activity[68] = 3.029286688460835
  out_activity[69] = 2.557017743716465
  out_activity[70] = 2.5206530031887997
  out_activity[71] = 2.1002475669774756
  out_activity[72] = 2.0435547831991006
  out_activity[73] = 1.830908379944822
  out_activity[74] = 1.801238510617468
  out_activity[75] = 1.5561479550009236
  out_activity[76] = 1.1985522196910572
  out_activity[77] = 0.9559742811125235
  out_activity[78] = 0.7125991774594715
  out_activity[79] = 0.5212298792223289
  out_activity[80] = 0.3664700032917146
  out_activity[81] = 4.638361421013168
  out_activity[82] = 52.01146076890783
  out_activity[83] = 62.08926891114278
  out_activity[84] = 65.56283226012559
  out_activity[85] = 73.66484839285846
  out_activity[86] = 73.45997033924515
  out_activity[87] = 78.51266986254291
  out_activity[88] = 72.81997304304902
  out_activity[89] = 74.07918849322408
  out_activity[90] = 63.286526762339165
  out_activity[91] = 46.38410709819278
  out_activity[92] = 46.02080581330331
  out_activity[93] = 41.10107148606808
  out_activity[94] = 50.7877657021897
  out_activity[95] = 53.63659970631064
  out_activity[96] = 45.963338335024794
  out_activity[97] = 40.67852502993525
  out_activity[98] = 32.94434060020343
  out_activity[99] = 29.74942694960485
  out_activity[100] = 23.70512598474715
  out_activity[101] = 18.90232641160402
  out_activity[102] = 16.725096436800307
  out_activity[103] = 12.174816136811623
  out_activity[104] = 9.365971763268373
  out_activity[105] = 52.01146076890783
  out_activity[106] = 62.08926891114278
  out_activity[107] = 65.56283226012559
  out_activity[108] = 73.66484839285846
  out_activity[109] = 73.45997033924515
  out_activity[110] = 78.51266986254291
  out_activity[111] = 72.81997304304902
  out_activity[112] = 74.07918849322408
  out_activity[113] = 63.286526762339165
  out_activity[114] = 46.38410709819278
  out_activity[115] = 46.02080581330331
  out_activity[116] = 41.10107148606808
  out_activity[117] = 50.7877657021897
  out_activity[118] = 53.63659970631064
  out_activity[119] = 45.963338335024794
  out_activity[120] = 40.67852502993525
  out_activity[121] = 32.94434060020343
  out_activity[122] = 29.74942694960485
  out_activity[123] = 23.70512598474715
  out_activity[124] = 18.90232641160402
  out_activity[125] = 52.01146076890783
  out_activity[126] = 62.08926891114278
  out_activity[127] = 65.56283226012559
  out_activity[128] = 73.66484839285846
  out_activity[129] = 73.45997033924515
  out_activity[130] = 78.51266986254291
  out_activity[131] = 72.81997304304902
  out_activity[132] = 74.07918849322408
  out_activity[133] = 63.286526762339165
  out_activity[134] = 46.38410709819278
  out_activity[135] = 46.02080581330331
  out_activity[136] = 41.10107148606808
  out_activity[137] = 50.7877657021897
  out_activity[138] = 53.63659970631064
  out_activity[139] = 45.963338335024794
  out_activity[140] = 40.67852502993525
  out_activity[141] = 32.94434060020343
  out_activity[142] = 29.74942694960485
  out_activity[143] = 23.70512598474715
  out_activity[144] = 18.90232641160402
  out_activity[145] = 16.725096436800307
  out_activity[146] = 12.174816136811623
  out_activity[147] = 9.365971763268373
  out_activity[148] = 7.349556068716247
  out_activity[149] = 5.373027982660139
  out_activity[150] = 5.009320981613172
  out_activity[151] = 3.6824328756045484
  out_activity[152] = 3.029286688460835
  out_activity[153] = 2.557017743716465
  out_activity[154] = 2.5206530031887997
  out_activity[155] = 2.1002475669774756
  out_activity[156] = 2.0435547831991006
  out_activity[157] = 1.830908379944822
  out_activity[158] = 1.801238510617468
  out_activity[159] = 1.5561479550009236
  out_activity[160] = 1.1985522196910572
  out_activity[161] = 0.9559742811125235
  out_activity[162] = 0.7125991774594715
  out_activity[163] = 0.5212298792223289
  out_activity[164] = 0.3664700032917146
  out_activity[165] = 4.638361421013168
  out_activity[166] = 62.08926891114278
  out_activity[167] = 65.56283226012559
  out_activity[168] = 73.66484839285846
  out_activity[169] = 73.45997033924515
  out_activity[170] = 78.51266986254291
  out_activity[171] = 72.81997304304902
  out_activity[172] = 74.07918849322408
  out_activity[173] = 63.286526762339165
  out_activity[174] = 46.38410709819278
  out_activity[175] = 46.02080581330331
  out_activity[176] = 41.10107148606808
  out_activity[177] = 50.7877657021897
  out_activity[178] = 53.63659970631064
  out_activity[179] = 45.963338335024794
  out_activity[180] = 40.67852502993525
  out_activity[181] = 32.94434060020343
  out_activity[182] = 29.74942694960485
  out_activity[183] = 23.70512598474715
  out_activity[184] = 18.90232641160402
  out_activity[185] = 16.725096436800307
  out_activity[186] = 12.174816136811623
  out_activity[187] = 9.365971763268373
  out_activity[188] = 7.349556068716247
  out_activity[189] = 5.373027982660139
  out_activity[190] = 5.009320981613172
  out_activity[191] = 3.6824328756045484
  out_activity[192] = 3.029286688460835
  out_activity[193] = 2.557017743716465
  out_activity[194] = 2.5206530031887997
  out_activity[195] = 2.1002475669774756
  out_activity[196] = 2.0435547831991006
  out_activity[197] = 1.830908379944822
  out_activity[198] = 1.801238510617468
  out_activity[199] = 1.5561479550009236
  out_activity[200] = 1.1985522196910572
  out_activity[201] = 0.9559742811125235
  out_activity[202] = 0.7125991774594715
  out_activity[203] = 0.5212298792223289
  out_activity[204] = 0.3664700032917146
  out_activity[205] = 4.638361421013168
  out_activity[206] = 52.01146076890783
  out_activity[207] = 62.08926891114278
  out_activity[208] = 65.56283226012559
  out_activity[209] = 73.66484839285846
  out_activity[210] = 73.45997033924515
  out_activity[211] = 78.51266986254291
  out_activity[212] = 72.81997304304902
  out_activity[213] = 74.07918849322408
  out_activity[214] = 63.286526762339165
  out_activity[215] = 46.38410709819278
  out_activity[216] = 46.02080581330331
  out_activity[217] = 41.10107148606808
  out_activity[218] = 50.7877657021897
  out_activity[219] = 53.63659970631064
  out_activity[220] = 45.963338335024794
  out_activity[221] = 40.67852502993525
  out_activity[222] = 32.94434060020343
  out_activity[223] = 29.74942694960485
  out_activity[224] = 23.70512598474715
  out_activity[225] = 18.90232641160402
  out_activity[226] = 16.725096436800307
  out_activity[227] = 12.174816136811623
  out_activity[228] = 9.365971763268373
  out_activity[229] = 52.01146076890783
  out_activity[230] = 62.08926891114278
  out_activity[231] = 65.56283226012559
  out_activity[232] = 73.66484839285846
  out_activity[233] = 73.45997033924515
  out_activity[234] = 78.51266986254291
  out_activity[235] = 72.81997304304902
  out_activity[236] = 74.07918849322408
  out_activity[237] = 63.286526762339165
  out_activity[238] = 46.38410709819278
  out_activity[239] = 46.02080581330331
  out_activity[240] = 41.10107148606808
  out_activity[241] = 50.7877657021897
  out_activity[242] = 53.63659970631064
  out_activity[243] = 45.963338335024794
  out_activity[244] = 40.67852502993525
  out_activity[245] = 32.94434060020343
  out_activity[246] = 29.74942694960485
  out_activity[247] = 23.70512598474715
  out_activity[248] = 18.90232641160402
  out_activity[249] = 16.725096436800307
  out_activity[250] = 12.174816136811623
  out_activity[251] = 9.365971763268373
  out_activity[252] = 7.349556068716247
  out_activity[253] = 5.373027982660139
  out_activity[254] = 5.009320981613172
  out_activity[255] = 3.6824328756045484
  out_activity[256] = 3.029286688460835
  out_activity[257] = 2.557017743716465
  out_activity[258] = 2.5206530031887997
  out_activity[259] = 2.1002475669774756
  out_activity[260] = 2.0435547831991006
  out_activity[261] = 1.830908379944822
  out_activity[262] = 1.801238510617468
  out_activity[263] = 1.5561479550009236
  out_activity[264] = 1.1985522196910572
  out_activity[265] = 0.9559742811125235
  out_activity[266] = 0.7125991774594715
  out_activity[267] = 0.5212298792223289
  out_activity[268] = 0.3664700032917146
  out_activity[269] = 4.638361421013168
  out_activity[270] = 62.08926891114278
  out_activity[271] = 65.56283226012559
  out_activity[272] = 73.66484839285846
  out_activity[273] = 73.45997033924515
  out_activity[274] = 78.51266986254291
  out_activity[275] = 72.81997304304902
  out_activity[276] = 74.07918849322408
  out_activity[277] = 63.286526762339165
  out_activity[278] = 46.38410709819278
  out_activity[279] = 46.02080581330331
  out_activity[280] = 41.10107148606808
  out_activity[281] = 50.7877657021897
  out_activity[282] = 53.63659970631064
  out_activity[283] = 45.963338335024794
  out_activity[284] = 40.67852502993525
  out_activity[285] = 32.94434060020343
  out_activity[286] = 29.74942694960485
  out_activity[287] = 23.70512598474715
  out_activity[288] = 18.90232641160402
  out_activity[289] = 16.725096436800307
  out_activity[290] = 12.174816136811623
  out_activity[291] = 9.365971763268373
  out_activity[292] = 7.349556068716247
  out_activity[293] = 5.373027982660139
  out_activity[294] = 5.009320981613172
  out_activity[295] = 3.6824328756045484
  out_activity[296] = 3.029286688460835
  out_activity[297] = 2.557017743716465
  out_activity[298] = 2.5206530031887997
  out_activity[299] = 2.1002475669774756
  out_activity[300] = 2.0435547831991006
  out_activity[301] = 1.830908379944822
  out_activity[302] = 1.801238510617468
  out_activity[303] = 1.5561479550009236
  out_activity[304] = 1.1985522196910572
  out_activity[305] = 0.9559742811125235
  out_activity[306] = 0.7125991774594715
  out_activity[307] = 0.5212298792223289
  out_activity[308] = 0.3664700032917146
  out_activity[309] = 4.638361421013168
  out_activity[310] = 52.01146076890783
  out_activity[311] = 62.08926891114278
  out_activity[312] = 65.56283226012559
  out_activity[313] = 73.66484839285846
  out_activity[314] = 73.45997033924515
  out_activity[315] = 78.51266986254291
  out_activity[316] = 72.81997304304902
  out_activity[317] = 74.07918849322408
  out_activity[318] = 63.286526762339165
  out_activity[319] = 46.38410709819278
  out_activity[320] = 46.02080581330331
  out_activity[321] = 41.10107148606808
  out_activity[322] = 50.7877657021897
  out_activity[323] = 53.63659970631064
  out_activity[324] = 45.963338335024794
  out_activity[325] = 40.67852502993525
  out_activity[326] = 32.94434060020343
  out_activity[327] = 29.74942694960485
  out_activity[328] = 23.70512598474715
  out_activity[329] = 18.90232641160402
  out_activity[330] = 16.725096436800307
  out_activity[331] = 12.174816136811623
  out_activity[332] = 9.365971763268373
  out_activity[333] = 52.01146076890783
  out_activity[334] = 62.08926891114278
  out_activity[335] = 65.56283226012559
  out_activity[336] = 73.66484839285846
  out_activity[337] = 73.45997033924515
  out_activity[338] = 78.51266986254291
  out_activity[339] = 72.81997304304902
  out_activity[340] = 74.07918849322408
  out_activity[341] = 63.286526762339165
  out_activity[342] = 46.38410709819278
  out_activity[343] = 46.02080581330331
  out_activity[344] = 41.10107148606808
  out_activity[345] = 50.7877657021897
  out_activity[346] = 53.63659970631064
  out_activity[347] = 45.963338335024794
  out_activity[348] = 40.67852502993525
  out_activity[349] = 32.94434060020343
  out_activity[350] = 29.74942694960485
  out_activity[351] = 23.70512598474715
  out_activity[352] = 18.90232641160402
  out_activity[353] = 16.725096436800307
  out_activity[354] = 12.174816136811623
  out_activity[355] = 9.365971763268373
  out_activity[356] = 7.349556068716247
  out_activity[357] = 5.373027982660139
  out_activity[358] = 5.009320981613172
  out_activity[359] = 3.6824328756045484
  out_activity[360] = 3.029286688460835
  out_activity[361] = 2.557017743716465
  out_activity[362] = 2.5206530031887997
  out_activity[363] = 2.1002475669774756
  out_activity[364] = 2.0435547831991006
  out_activity[365] = 1.830908379944822
  out_activity[366] = 1.801238510617468
  out_activity[367] = 1.5561479550009236
  out_activity[368] = 1.1985522196910572
  out_activity[369] = 0.9559742811125235
  out_activity[370] = 0.7125991774594715
  out_activity[371] = 0.5212298792223289
  out_activity[372] = 0.3664700032917146
  out_activity[373] = 4.638361421013168
  out_activity[374] = 62.08926891114278
  out_activity[375] = 65.56283226012559
  out_activity[376] = 73.66484839285846
  out_activity[377] = 73.45997033924515
  out_activity[378] = 78.51266986254291
  out_activity[379] = 72.81997304304902
  out_activity[380] = 74.07918849322408
  out_activity[381] = 63.286526762339165
  out_activity[382] = 46.38410709819278
  out_activity[383] = 46.02080581330331
  out_activity[384] = 41.10107148606808
  out_activity[385] = 50.7877657021897
  out_activity[386] = 53.63659970631064
  out_activity[387] = 45.963338335024794
  out_activity[388] = 40.67852502993525
  out_activity[389] = 32.94434060020343
  out_activity[390] = 29.74942694960485
  out_activity[391] = 23.70512598474715
  out_activity[392] = 18.90232641160402
  out_activity[393] = 16.725096436800307
  out_activity[394] = 12.174816136811623
  out_activity[395] = 9.365971763268373
  out_activity[396] = 7.349556068716247
  out_activity[397] = 5.373027982660139
  out_activity[398] = 5.009320981613172
  out_activity[399] = 3.6824328756045484
  out_activity[400] = 3.029286688460835
  out_activity[401] = 2.557017743716465
  out_activity[402] = 2.5206530031887997
  out_activity[403] = 2.1002475669774756
  out_activity[404] = 2.0435547831991006
  out_activity[405] = 1.830908379944822
  out_activity[406] = 1.801238510617468
  out_activity[407] = 1.5561479550009236
  out_activity[408] = 1.1985522196910572
  out_activity[409] = 0.9559742811125235
  out_activity[410] = 0.7125991774594715
  out_activity[411] = 0.5212298792223289
  out_activity[412] = 0.3664700032917146
  out_activity[413] = 4.638361421013168
  out_activity[414] = 52.01146076890783
  out_activity[415] = 62.08926891114278
  out_activity[416] = 65.56283226012559
  out_activity[417] = 73.66484839285846
  out_activity[418] = 73.45997033924515
  out_activity[419] = 78.51266986254291
  out_activity[420] = 72.81997304304902
  out_activity[421] = 74.07918849322408
  out_activity[422] = 63.286526762339165
  out_activity[423] = 46.38410709819278
  out_activity[424] = 46.02080581330331
  out_activity[425] = 41.10107148606808
  out_activity[426] = 50.7877657021897
  out_activity[427] = 53.63659970631064
  out_activity[428] = 45.963338335024794
  out_activity[429] = 40.67852502993525
  out_activity[430] = 32.94434060020343
  out_activity[431] = 29.74942694960485
  out_activity[432] = 23.70512598474715
  out_activity[433] = 18.90232641160402
  out_activity[434] = 16.725096436800307
  out_activity[435] = 12.174816136811623
  out_activity[436] = 9.365971763268373
  out_yearID[1] = 2020
  out_yearID[2] = 2020
  out_yearID[3] = 2020
  out_yearID[4] = 2020
  out_yearID[5] = 2020
  out_yearID[6] = 2020
  out_yearID[7] = 2020
  out_yearID[8] = 2020
  out_yearID[9] = 2020
  out_yearID[10] = 2020
  out_yearID[11] = 2020
  out_yearID[12] = 2020
  out_yearID[13] = 2020
  out_yearID[14] = 2020
  out_yearID[15] = 2020
  out_yearID[16] = 2020
  out_yearID[17] = 2020
  out_yearID[18] = 2020
  out_yearID[19] = 2020
  out_yearID[20] = 2020
  out_yearID[21] = 2020
  out_yearID[22] = 2020
  out_yearID[23] = 2020
  out_yearID[24] = 2020
  out_yearID[25] = 2020
  out_yearID[26] = 2020
  out_yearID[27] = 2020
  out_yearID[28] = 2020
  out_yearID[29] = 2020
  out_yearID[30] = 2020
  out_yearID[31] = 2020
  out_yearID[32] = 2020
  out_yearID[33] = 2020
  out_yearID[34] = 2020
  out_yearID[35] = 2020
  out_yearID[36] = 2020
  out_yearID[37] = 2020
  out_yearID[38] = 2020
  out_yearID[39] = 2020
  out_yearID[40] = 2020
  out_yearID[41] = 2020
  out_yearID[42] = 2020
  out_yearID[43] = 2020
  out_yearID[44] = 2020
  out_yearID[45] = 2020
  out_yearID[46] = 2020
  out_yearID[47] = 2020
  out_yearID[48] = 2020
  out_yearID[49] = 2020
  out_yearID[50] = 2020
  out_yearID[51] = 2020
  out_yearID[52] = 2020
  out_yearID[53] = 2020
  out_yearID[54] = 2020
  out_yearID[55] = 2020
  out_yearID[56] = 2020
  out_yearID[57] = 2020
  out_yearID[58] = 2020
  out_yearID[59] = 2020
  out_yearID[60] = 2020
  out_yearID[61] = 2020
  out_yearID[62] = 2020
  out_yearID[63] = 2020
  out_yearID[64] = 2020
  out_yearID[65] = 2020
  out_yearID[66] = 2020
  out_yearID[67] = 2020
  out_yearID[68] = 2020
  out_yearID[69] = 2020
  out_yearID[70] = 2020
  out_yearID[71] = 2020
  out_yearID[72] = 2020
  out_yearID[73] = 2020
  out_yearID[74] = 2020
  out_yearID[75] = 2020
  out_yearID[76] = 2020
  out_yearID[77] = 2020
  out_yearID[78] = 2020
  out_yearID[79] = 2020
  out_yearID[80] = 2020
  out_yearID[81] = 2020
  out_yearID[82] = 2020
  out_yearID[83] = 2020
  out_yearID[84] = 2020
  out_yearID[85] = 2020
  out_yearID[86] = 2020
  out_yearID[87] = 2020
  out_yearID[88] = 2020
  out_yearID[89] = 2020
  out_yearID[90] = 2020
  out_yearID[91] = 2020
  out_yearID[92] = 2020
  out_yearID[93] = 2020
  out_yearID[94] = 2020
  out_yearID[95] = 2020
  out_yearID[96] = 2020
  out_yearID[97] = 2020
  out_yearID[98] = 2020
  out_yearID[99] = 2020
  out_yearID[100] = 2020
  out_yearID[101] = 2020
  out_yearID[102] = 2020
  out_yearID[103] = 2020
  out_yearID[104] = 2020
  out_yearID[105] = 2020
  out_yearID[106] = 2020
  out_yearID[107] = 2020
  out_yearID[108] = 2020
  out_yearID[109] = 2020
  out_yearID[110] = 2020
  out_yearID[111] = 2020
  out_yearID[112] = 2020
  out_yearID[113] = 2020
  out_yearID[114] = 2020
  out_yearID[115] = 2020
  out_yearID[116] = 2020
  out_yearID[117] = 2020
  out_yearID[118] = 2020
  out_yearID[119] = 2020
  out_yearID[120] = 2020
  out_yearID[121] = 2020
  out_yearID[122] = 2020
  out_yearID[123] = 2020
  out_yearID[124] = 2020
  out_yearID[125] = 2020
  out_yearID[126] = 2020
  out_yearID[127] = 2020
  out_yearID[128] = 2020
  out_yearID[129] = 2020
  out_yearID[130] = 2020
  out_yearID[131] = 2020
  out_yearID[132] = 2020
  out_yearID[133] = 2020
  out_yearID[134] = 2020
  out_yearID[135] = 2020
  out_yearID[136] = 2020
  out_yearID[137] = 2020
  out_yearID[138] = 2020
  out_yearID[139] = 2020
  out_yearID[140] = 2020
  out_yearID[141] = 2020
  out_yearID[142] = 2020
  out_yearID[143] = 2020
  out_yearID[144] = 2020
  out_yearID[145] = 2020
  out_yearID[146] = 2020
  out_yearID[147] = 2020
  out_yearID[148] = 2020
  out_yearID[149] = 2020
  out_yearID[150] = 2020
  out_yearID[151] = 2020
  out_yearID[152] = 2020
  out_yearID[153] = 2020
  out_yearID[154] = 2020
  out_yearID[155] = 2020
  out_yearID[156] = 2020
  out_yearID[157] = 2020
  out_yearID[158] = 2020
  out_yearID[159] = 2020
  out_yearID[160] = 2020
  out_yearID[161] = 2020
  out_yearID[162] = 2020
  out_yearID[163] = 2020
  out_yearID[164] = 2020
  out_yearID[165] = 2020
  out_yearID[166] = 2020
  out_yearID[167] = 2020
  out_yearID[168] = 2020
  out_yearID[169] = 2020
  out_yearID[170] = 2020
  out_yearID[171] = 2020
  out_yearID[172] = 2020
  out_yearID[173] = 2020
  out_yearID[174] = 2020
  out_yearID[175] = 2020
  out_yearID[176] = 2020
  out_yearID[177] = 2020
  out_yearID[178] = 2020
  out_yearID[179] = 2020
  out_yearID[180] = 2020
  out_yearID[181] = 2020
  out_yearID[182] = 2020
  out_yearID[183] = 2020
  out_yearID[184] = 2020
  out_yearID[185] = 2020
  out_yearID[186] = 2020
  out_yearID[187] = 2020
  out_yearID[188] = 2020
  out_yearID[189] = 2020
  out_yearID[190] = 2020
  out_yearID[191] = 2020
  out_yearID[192] = 2020
  out_yearID[193] = 2020
  out_yearID[194] = 2020
  out_yearID[195] = 2020
  out_yearID[196] = 2020
  out_yearID[197] = 2020
  out_yearID[198] = 2020
  out_yearID[199] = 2020
  out_yearID[200] = 2020
  out_yearID[201] = 2020
  out_yearID[202] = 2020
  out_yearID[203] = 2020
  out_yearID[204] = 2020
  out_yearID[205] = 2020
  out_yearID[206] = 2020
  out_yearID[207] = 2020
  out_yearID[208] = 2020
  out_yearID[209] = 2020
  out_yearID[210] = 2020
  out_yearID[211] = 2020
  out_yearID[212] = 2020
  out_yearID[213] = 2020
  out_yearID[214] = 2020
  out_yearID[215] = 2020
  out_yearID[216] = 2020
  out_yearID[217] = 2020
  out_yearID[218] = 2020
  out_yearID[219] = 2020
  out_yearID[220] = 2020
  out_yearID[221] = 2020
  out_yearID[222] = 2020
  out_yearID[223] = 2020
  out_yearID[224] = 2020
  out_yearID[225] = 2020
  out_yearID[226] = 2020
  out_yearID[227] = 2020
  out_yearID[228] = 2020
  out_yearID[229] = 2020
  out_yearID[230] = 2020
  out_yearID[231] = 2020
  out_yearID[232] = 2020
  out_yearID[233] = 2020
  out_yearID[234] = 2020
  out_yearID[235] = 2020
  out_yearID[236] = 2020
  out_yearID[237] = 2020
  out_yearID[238] = 2020
  out_yearID[239] = 2020
  out_yearID[240] = 2020
  out_yearID[241] = 2020
  out_yearID[242] = 2020
  out_yearID[243] = 2020
  out_yearID[244] = 2020
  out_yearID[245] = 2020
  out_yearID[246] = 2020
  out_yearID[247] = 2020
  out_yearID[248] = 2020
  out_yearID[249] = 2020
  out_yearID[250] = 2020
  out_yearID[251] = 2020
  out_yearID[252] = 2020
  out_yearID[253] = 2020
  out_yearID[254] = 2020
  out_yearID[255] = 2020
  out_yearID[256] = 2020
  out_yearID[257] = 2020
  out_yearID[258] = 2020
  out_yearID[259] = 2020
  out_yearID[260] = 2020
  out_yearID[261] = 2020
  out_yearID[262] = 2020
  out_yearID[263] = 2020
  out_yearID[264] = 2020
  out_yearID[265] = 2020
  out_yearID[266] = 2020
  out_yearID[267] = 2020
  out_yearID[268] = 2020
  out_yearID[269] = 2020
  out_yearID[270] = 2020
  out_yearID[271] = 2020
  out_yearID[272] = 2020
  out_yearID[273] = 2020
  out_yearID[274] = 2020
  out_yearID[275] = 2020
  out_yearID[276] = 2020
  out_yearID[277] = 2020
  out_yearID[278] = 2020
  out_yearID[279] = 2020
  out_yearID[280] = 2020
  out_yearID[281] = 2020
  out_yearID[282] = 2020
  out_yearID[283] = 2020
  out_yearID[284] = 2020
  out_yearID[285] = 2020
  out_yearID[286] = 2020
  out_yearID[287] = 2020
  out_yearID[288] = 2020
  out_yearID[289] = 2020
  out_yearID[290] = 2020
  out_yearID[291] = 2020
  out_yearID[292] = 2020
  out_yearID[293] = 2020
  out_yearID[294] = 2020
  out_yearID[295] = 2020
  out_yearID[296] = 2020
  out_yearID[297] = 2020
  out_yearID[298] = 2020
  out_yearID[299] = 2020
  out_yearID[300] = 2020
  out_yearID[301] = 2020
  out_yearID[302] = 2020
  out_yearID[303] = 2020
  out_yearID[304] = 2020
  out_yearID[305] = 2020
  out_yearID[306] = 2020
  out_yearID[307] = 2020
  out_yearID[308] = 2020
  out_yearID[309] = 2020
  out_yearID[310] = 2020
  out_yearID[311] = 2020
  out_yearID[312] = 2020
  out_yearID[313] = 2020
  out_yearID[314] = 2020
  out_yearID[315] = 2020
  out_yearID[316] = 2020
  out_yearID[317] = 2020
  out_yearID[318] = 2020
  out_yearID[319] = 2020
  out_yearID[320] = 2020
  out_yearID[321] = 2020
  out_yearID[322] = 2020
  out_yearID[323] = 2020
  out_yearID[324] = 2020
  out_yearID[325] = 2020
  out_yearID[326] = 2020
  out_yearID[327] = 2020
  out_yearID[328] = 2020
  out_yearID[329] = 2020
  out_yearID[330] = 2020
  out_yearID[331] = 2020
  out_yearID[332] = 2020
  out_yearID[333] = 2020
  out_yearID[334] = 2020
  out_yearID[335] = 2020
  out_yearID[336] = 2020
  out_yearID[337] = 2020
  out_yearID[338] = 2020
  out_yearID[339] = 2020
  out_yearID[340] = 2020
  out_yearID[341] = 2020
  out_yearID[342] = 2020
  out_yearID[343] = 2020
  out_yearID[344] = 2020
  out_yearID[345] = 2020
  out_yearID[346] = 2020
  out_yearID[347] = 2020
  out_yearID[348] = 2020
  out_yearID[349] = 2020
  out_yearID[350] = 2020
  out_yearID[351] = 2020
  out_yearID[352] = 2020
  out_yearID[353] = 2020
  out_yearID[354] = 2020
  out_yearID[355] = 2020
  out_yearID[356] = 2020
  out_yearID[357] = 2020
  out_yearID[358] = 2020
  out_yearID[359] = 2020
  out_yearID[360] = 2020
  out_yearID[361] = 2020
  out_yearID[362] = 2020
  out_yearID[363] = 2020
  out_yearID[364] = 2020
  out_yearID[365] = 2020
  out_yearID[366] = 2020
  out_yearID[367] = 2020
  out_yearID[368] = 2020
  out_yearID[369] = 2020
  out_yearID[370] = 2020
  out_yearID[371] = 2020
  out_yearID[372] = 2020
  out_yearID[373] = 2020
  out_yearID[374] = 2020
  out_yearID[375] = 2020
  out_yearID[376] = 2020
  out_yearID[377] = 2020
  out_yearID[378] = 2020
  out_yearID[379] = 2020
  out_yearID[380] = 2020
  out_yearID[381] = 2020
  out_yearID[382] = 2020
  out_yearID[383] = 2020
  out_yearID[384] = 2020
  out_yearID[385] = 2020
  out_yearID[386] = 2020
  out_yearID[387] = 2020
  out_yearID[388] = 2020
  out_yearID[389] = 2020
  out_yearID[390] = 2020
  out_yearID[391] = 2020
  out_yearID[392] = 2020
  out_yearID[393] = 2020
  out_yearID[394] = 2020
  out_yearID[395] = 2020
  out_yearID[396] = 2020
  out_yearID[397] = 2020
  out_yearID[398] = 2020
  out_yearID[399] = 2020
  out_yearID[400] = 2020
  out_yearID[401] = 2020
  out_yearID[402] = 2020
  out_yearID[403] = 2020
  out_yearID[404] = 2020
  out_yearID[405] = 2020
  out_yearID[406] = 2020
  out_yearID[407] = 2020
  out_yearID[408] = 2020
  out_yearID[409] = 2020
  out_yearID[410] = 2020
  out_yearID[411] = 2020
  out_yearID[412] = 2020
  out_yearID[413] = 2020
  out_yearID[414] = 2020
  out_yearID[415] = 2020
  out_yearID[416] = 2020
  out_yearID[417] = 2020
  out_yearID[418] = 2020
  out_yearID[419] = 2020
  out_yearID[420] = 2020
  out_yearID[421] = 2020
  out_yearID[422] = 2020
  out_yearID[423] = 2020
  out_yearID[424] = 2020
  out_yearID[425] = 2020
  out_yearID[426] = 2020
  out_yearID[427] = 2020
  out_yearID[428] = 2020
  out_yearID[429] = 2020
  out_yearID[430] = 2020
  out_yearID[431] = 2020
  out_yearID[432] = 2020
  out_yearID[433] = 2020
  out_yearID[434] = 2020
  out_yearID[435] = 2020
  out_yearID[436] = 2020
  out_monthID[1] = 8
  out_monthID[2] = 8
  out_monthID[3] = 8
  out_monthID[4] = 8
  out_monthID[5] = 8
  out_monthID[6] = 8
  out_monthID[7] = 8
  out_monthID[8] = 8
  out_monthID[9] = 8
  out_monthID[10] = 8
  out_monthID[11] = 8
  out_monthID[12] = 8
  out_monthID[13] = 8
  out_monthID[14] = 8
  out_monthID[15] = 8
  out_monthID[16] = 8
  out_monthID[17] = 8
  out_monthID[18] = 8
  out_monthID[19] = 8
  out_monthID[20] = 8
  out_monthID[21] = 8
  out_monthID[22] = 8
  out_monthID[23] = 8
  out_monthID[24] = 8
  out_monthID[25] = 8
  out_monthID[26] = 8
  out_monthID[27] = 8
  out_monthID[28] = 8
  out_monthID[29] = 8
  out_monthID[30] = 8
  out_monthID[31] = 8
  out_monthID[32] = 8
  out_monthID[33] = 8
  out_monthID[34] = 8
  out_monthID[35] = 8
  out_monthID[36] = 8
  out_monthID[37] = 8
  out_monthID[38] = 8
  out_monthID[39] = 8
  out_monthID[40] = 8
  out_monthID[41] = 8
  out_monthID[42] = 8
  out_monthID[43] = 8
  out_monthID[44] = 8
  out_monthID[45] = 8
  out_monthID[46] = 8
  out_monthID[47] = 8
  out_monthID[48] = 8
  out_monthID[49] = 8
  out_monthID[50] = 8
  out_monthID[51] = 8
  out_monthID[52] = 8
  out_monthID[53] = 8
  out_monthID[54] = 8
  out_monthID[55] = 8
  out_monthID[56] = 8
  out_monthID[57] = 8
  out_monthID[58] = 8
  out_monthID[59] = 8
  out_monthID[60] = 8
  out_monthID[61] = 8
  out_monthID[62] = 8
  out_monthID[63] = 8
  out_monthID[64] = 8
  out_monthID[65] = 8
  out_monthID[66] = 8
  out_monthID[67] = 8
  out_monthID[68] = 8
  out_monthID[69] = 8
  out_monthID[70] = 8
  out_monthID[71] = 8
  out_monthID[72] = 8
  out_monthID[73] = 8
  out_monthID[74] = 8
  out_monthID[75] = 8
  out_monthID[76] = 8
  out_monthID[77] = 8
  out_monthID[78] = 8
  out_monthID[79] = 8
  out_monthID[80] = 8
  out_monthID[81] = 8
  out_monthID[82] = 8
  out_monthID[83] = 8
  out_monthID[84] = 8
  out_monthID[85] = 8
  out_monthID[86] = 8
  out_monthID[87] = 8
  out_monthID[88] = 8
  out_monthID[89] = 8
  out_monthID[90] = 8
  out_monthID[91] = 8
  out_monthID[92] = 8
  out_monthID[93] = 8
  out_monthID[94] = 8
  out_monthID[95] = 8
  out_monthID[96] = 8
  out_monthID[97] = 8
  out_monthID[98] = 8
  out_monthID[99] = 8
  out_monthID[100] = 8
  out_monthID[101] = 8
  out_monthID[102] = 8
  out_monthID[103] = 8
  out_monthID[104] = 8
  out_monthID[105] = 8
  out_monthID[106] = 8
  out_monthID[107] = 8
  out_monthID[108] = 8
  out_monthID[109] = 8
  out_monthID[110] = 8
  out_monthID[111] = 8
  out_monthID[112] = 8
  out_monthID[113] = 8
  out_monthID[114] = 8
  out_monthID[115] = 8
  out_monthID[116] = 8
  out_monthID[117] = 8
  out_monthID[118] = 8
  out_monthID[119] = 8
  out_monthID[120] = 8
  out_monthID[121] = 8
  out_monthID[122] = 8
  out_monthID[123] = 8
  out_monthID[124] = 8
  out_monthID[125] = 8
  out_monthID[126] = 8
  out_monthID[127] = 8
  out_monthID[128] = 8
  out_monthID[129] = 8
  out_monthID[130] = 8
  out_monthID[131] = 8
  out_monthID[132] = 8
  out_monthID[133] = 8
  out_monthID[134] = 8
  out_monthID[135] = 8
  out_monthID[136] = 8
  out_monthID[137] = 8
  out_monthID[138] = 8
  out_monthID[139] = 8
  out_monthID[140] = 8
  out_monthID[141] = 8
  out_monthID[142] = 8
  out_monthID[143] = 8
  out_monthID[144] = 8
  out_monthID[145] = 8
  out_monthID[146] = 8
  out_monthID[147] = 8
  out_monthID[148] = 8
  out_monthID[149] = 8
  out_monthID[150] = 8
  out_monthID[151] = 8
  out_monthID[152] = 8
  out_monthID[153] = 8
  out_monthID[154] = 8
  out_monthID[155] = 8
  out_monthID[156] = 8
  out_monthID[157] = 8
  out_monthID[158] = 8
  out_monthID[159] = 8
  out_monthID[160] = 8
  out_monthID[161] = 8
  out_monthID[162] = 8
  out_monthID[163] = 8
  out_monthID[164] = 8
  out_monthID[165] = 8
  out_monthID[166] = 8
  out_monthID[167] = 8
  out_monthID[168] = 8
  out_monthID[169] = 8
  out_monthID[170] = 8
  out_monthID[171] = 8
  out_monthID[172] = 8
  out_monthID[173] = 8
  out_monthID[174] = 8
  out_monthID[175] = 8
  out_monthID[176] = 8
  out_monthID[177] = 8
  out_monthID[178] = 8
  out_monthID[179] = 8
  out_monthID[180] = 8
  out_monthID[181] = 8
  out_monthID[182] = 8
  out_monthID[183] = 8
  out_monthID[184] = 8
  out_monthID[185] = 8
  out_monthID[186] = 8
  out_monthID[187] = 8
  out_monthID[188] = 8
  out_monthID[189] = 8
  out_monthID[190] = 8
  out_monthID[191] = 8
  out_monthID[192] = 8
  out_monthID[193] = 8
  out_monthID[194] = 8
  out_monthID[195] = 8
  out_monthID[196] = 8
  out_monthID[197] = 8
  out_monthID[198] = 8
  out_monthID[199] = 8
  out_monthID[200] = 8
  out_monthID[201] = 8
  out_monthID[202] = 8
  out_monthID[203] = 8
  out_monthID[204] = 8
  out_monthID[205] = 8
  out_monthID[206] = 8
  out_monthID[207] = 8
  out_monthID[208] = 8
  out_monthID[209] = 8
  out_monthID[210] = 8
  out_monthID[211] = 8
  out_monthID[212] = 8
  out_monthID[213] = 8
  out_monthID[214] = 8
  out_monthID[215] = 8
  out_monthID[216] = 8
  out_monthID[217] = 8
  out_monthID[218] = 8
  out_monthID[219] = 8
  out_monthID[220] = 8
  out_monthID[221] = 8
  out_monthID[222] = 8
  out_monthID[223] = 8
  out_monthID[224] = 8
  out_monthID[225] = 8
  out_monthID[226] = 8
  out_monthID[227] = 8
  out_monthID[228] = 8
  out_monthID[229] = 8
  out_monthID[230] = 8
  out_monthID[231] = 8
  out_monthID[232] = 8
  out_monthID[233] = 8
  out_monthID[234] = 8
  out_monthID[235] = 8
  out_monthID[236] = 8
  out_monthID[237] = 8
  out_monthID[238] = 8
  out_monthID[239] = 8
  out_monthID[240] = 8
  out_monthID[241] = 8
  out_monthID[242] = 8
  out_monthID[243] = 8
  out_monthID[244] = 8
  out_monthID[245] = 8
  out_monthID[246] = 8
  out_monthID[247] = 8
  out_monthID[248] = 8
  out_monthID[249] = 8
  out_monthID[250] = 8
  out_monthID[251] = 8
  out_monthID[252] = 8
  out_monthID[253] = 8
  out_monthID[254] = 8
  out_monthID[255] = 8
  out_monthID[256] = 8
  out_monthID[257] = 8
  out_monthID[258] = 8
  out_monthID[259] = 8
  out_monthID[260] = 8
  out_monthID[261] = 8
  out_monthID[262] = 8
  out_monthID[263] = 8
  out_monthID[264] = 8
  out_monthID[265] = 8
  out_monthID[266] = 8
  out_monthID[267] = 8
  out_monthID[268] = 8
  out_monthID[269] = 8
  out_monthID[270] = 8
  out_monthID[271] = 8
  out_monthID[272] = 8
  out_monthID[273] = 8
  out_monthID[274] = 8
  out_monthID[275] = 8
  out_monthID[276] = 8
  out_monthID[277] = 8
  out_monthID[278] = 8
  out_monthID[279] = 8
  out_monthID[280] = 8
  out_monthID[281] = 8
  out_monthID[282] = 8
  out_monthID[283] = 8
  out_monthID[284] = 8
  out_monthID[285] = 8
  out_monthID[286] = 8
  out_monthID[287] = 8
  out_monthID[288] = 8
  out_monthID[289] = 8
  out_monthID[290] = 8
  out_monthID[291] = 8
  out_monthID[292] = 8
  out_monthID[293] = 8
  out_monthID[294] = 8
  out_monthID[295] = 8
  out_monthID[296] = 8
  out_monthID[297] = 8
  out_monthID[298] = 8
  out_monthID[299] = 8
  out_monthID[300] = 8
  out_monthID[301] = 8
  out_monthID[302] = 8
  out_monthID[303] = 8
  out_monthID[304] = 8
  out_monthID[305] = 8
  out_monthID[306] = 8
  out_monthID[307] = 8
  out_monthID[308] = 8
  out_monthID[309] = 8
  out_monthID[310] = 8
  out_monthID[311] = 8
  out_monthID[312] = 8
  out_monthID[313] = 8
  out_monthID[314] = 8
  out_monthID[315] = 8
  out_monthID[316] = 8
  out_monthID[317] = 8
  out_monthID[318] = 8
  out_monthID[319] = 8
  out_monthID[320] = 8
  out_monthID[321] = 8
  out_monthID[322] = 8
  out_monthID[323] = 8
  out_monthID[324] = 8
  out_monthID[325] = 8
  out_monthID[326] = 8
  out_monthID[327] = 8
  out_monthID[328] = 8
  out_monthID[329] = 8
  out_monthID[330] = 8
  out_monthID[331] = 8
  out_monthID[332] = 8
  out_monthID[333] = 8
  out_monthID[334] = 8
  out_monthID[335] = 8
  out_monthID[336] = 8
  out_monthID[337] = 8
  out_monthID[338] = 8
  out_monthID[339] = 8
  out_monthID[340] = 8
  out_monthID[341] = 8
  out_monthID[342] = 8
  out_monthID[343] = 8
  out_monthID[344] = 8
  out_monthID[345] = 8
  out_monthID[346] = 8
  out_monthID[347] = 8
  out_monthID[348] = 8
  out_monthID[349] = 8
  out_monthID[350] = 8
  out_monthID[351] = 8
  out_monthID[352] = 8
  out_monthID[353] = 8
  out_monthID[354] = 8
  out_monthID[355] = 8
  out_monthID[356] = 8
  out_monthID[357] = 8
  out_monthID[358] = 8
  out_monthID[359] = 8
  out_monthID[360] = 8
  out_monthID[361] = 8
  out_monthID[362] = 8
  out_monthID[363] = 8
  out_monthID[364] = 8
  out_monthID[365] = 8
  out_monthID[366] = 8
  out_monthID[367] = 8
  out_monthID[368] = 8
  out_monthID[369] = 8
  out_monthID[370] = 8
  out_monthID[371] = 8
  out_monthID[372] = 8
  out_monthID[373] = 8
  out_monthID[374] = 8
  out_monthID[375] = 8
  out_monthID[376] = 8
  out_monthID[377] = 8
  out_monthID[378] = 8
  out_monthID[379] = 8
  out_monthID[380] = 8
  out_monthID[381] = 8
  out_monthID[382] = 8
  out_monthID[383] = 8
  out_monthID[384] = 8
  out_monthID[385] = 8
  out_monthID[386] = 8
  out_monthID[387] = 8
  out_monthID[388] = 8
  out_monthID[389] = 8
  out_monthID[390] = 8
  out_monthID[391] = 8
  out_monthID[392] = 8
  out_monthID[393] = 8
  out_monthID[394] = 8
  out_monthID[395] = 8
  out_monthID[396] = 8
  out_monthID[397] = 8
  out_monthID[398] = 8
  out_monthID[399] = 8
  out_monthID[400] = 8
  out_monthID[401] = 8
  out_monthID[402] = 8
  out_monthID[403] = 8
  out_monthID[404] = 8
  out_monthID[405] = 8
  out_monthID[406] = 8
  out_monthID[407] = 8
  out_monthID[408] = 8
  out_monthID[409] = 8
  out_monthID[410] = 8
  out_monthID[411] = 8
  out_monthID[412] = 8
  out_monthID[413] = 8
  out_monthID[414] = 8
  out_monthID[415] = 8
  out_monthID[416] = 8
  out_monthID[417] = 8
  out_monthID[418] = 8
  out_monthID[419] = 8
  out_monthID[420] = 8
  out_monthID[421] = 8
  out_monthID[422] = 8
  out_monthID[423] = 8
  out_monthID[424] = 8
  out_monthID[425] = 8
  out_monthID[426] = 8
  out_monthID[427] = 8
  out_monthID[428] = 8
  out_monthID[429] = 8
  out_monthID[430] = 8
  out_monthID[431] = 8
  out_monthID[432] = 8
  out_monthID[433] = 8
  out_monthID[434] = 8
  out_monthID[435] = 8
  out_monthID[436] = 8
  out_hourID[1] = 7
  out_hourID[2] = 7
  out_hourID[3] = 7
  out_hourID[4] = 7
  out_hourID[5] = 7
  out_hourID[6] = 7
  out_hourID[7] = 7
  out_hourID[8] = 7
  out_hourID[9] = 7
  out_hourID[10] = 7
  out_hourID[11] = 7
  out_hourID[12] = 7
  out_hourID[13] = 7
  out_hourID[14] = 7
  out_hourID[15] = 7
  out_hourID[16] = 7
  out_hourID[17] = 7
  out_hourID[18] = 7
  out_hourID[19] = 7
  out_hourID[20] = 7
  out_hourID[21] = 7
  out_hourID[22] = 7
  out_hourID[23] = 7
  out_hourID[24] = 7
  out_hourID[25] = 7
  out_hourID[26] = 7
  out_hourID[27] = 7
  out_hourID[28] = 7
  out_hourID[29] = 7
  out_hourID[30] = 7
  out_hourID[31] = 7
  out_hourID[32] = 7
  out_hourID[33] = 7
  out_hourID[34] = 7
  out_hourID[35] = 7
  out_hourID[36] = 7
  out_hourID[37] = 7
  out_hourID[38] = 7
  out_hourID[39] = 7
  out_hourID[40] = 7
  out_hourID[41] = 7
  out_hourID[42] = 7
  out_hourID[43] = 7
  out_hourID[44] = 7
  out_hourID[45] = 7
  out_hourID[46] = 7
  out_hourID[47] = 7
  out_hourID[48] = 7
  out_hourID[49] = 7
  out_hourID[50] = 7
  out_hourID[51] = 7
  out_hourID[52] = 7
  out_hourID[53] = 7
  out_hourID[54] = 7
  out_hourID[55] = 7
  out_hourID[56] = 7
  out_hourID[57] = 7
  out_hourID[58] = 7
  out_hourID[59] = 7
  out_hourID[60] = 7
  out_hourID[61] = 7
  out_hourID[62] = 7
  out_hourID[63] = 7
  out_hourID[64] = 7
  out_hourID[65] = 7
  out_hourID[66] = 7
  out_hourID[67] = 7
  out_hourID[68] = 7
  out_hourID[69] = 7
  out_hourID[70] = 7
  out_hourID[71] = 7
  out_hourID[72] = 7
  out_hourID[73] = 7
  out_hourID[74] = 7
  out_hourID[75] = 7
  out_hourID[76] = 7
  out_hourID[77] = 7
  out_hourID[78] = 7
  out_hourID[79] = 7
  out_hourID[80] = 7
  out_hourID[81] = 7
  out_hourID[82] = 7
  out_hourID[83] = 7
  out_hourID[84] = 7
  out_hourID[85] = 7
  out_hourID[86] = 7
  out_hourID[87] = 7
  out_hourID[88] = 7
  out_hourID[89] = 7
  out_hourID[90] = 7
  out_hourID[91] = 7
  out_hourID[92] = 7
  out_hourID[93] = 7
  out_hourID[94] = 7
  out_hourID[95] = 7
  out_hourID[96] = 7
  out_hourID[97] = 7
  out_hourID[98] = 7
  out_hourID[99] = 7
  out_hourID[100] = 7
  out_hourID[101] = 7
  out_hourID[102] = 7
  out_hourID[103] = 7
  out_hourID[104] = 7
  out_hourID[105] = 7
  out_hourID[106] = 7
  out_hourID[107] = 7
  out_hourID[108] = 7
  out_hourID[109] = 7
  out_hourID[110] = 7
  out_hourID[111] = 7
  out_hourID[112] = 7
  out_hourID[113] = 7
  out_hourID[114] = 7
  out_hourID[115] = 7
  out_hourID[116] = 7
  out_hourID[117] = 7
  out_hourID[118] = 7
  out_hourID[119] = 7
  out_hourID[120] = 7
  out_hourID[121] = 7
  out_hourID[122] = 7
  out_hourID[123] = 7
  out_hourID[124] = 7
  out_hourID[125] = 7
  out_hourID[126] = 7
  out_hourID[127] = 7
  out_hourID[128] = 7
  out_hourID[129] = 7
  out_hourID[130] = 7
  out_hourID[131] = 7
  out_hourID[132] = 7
  out_hourID[133] = 7
  out_hourID[134] = 7
  out_hourID[135] = 7
  out_hourID[136] = 7
  out_hourID[137] = 7
  out_hourID[138] = 7
  out_hourID[139] = 7
  out_hourID[140] = 7
  out_hourID[141] = 7
  out_hourID[142] = 7
  out_hourID[143] = 7
  out_hourID[144] = 7
  out_hourID[145] = 7
  out_hourID[146] = 7
  out_hourID[147] = 7
  out_hourID[148] = 7
  out_hourID[149] = 7
  out_hourID[150] = 7
  out_hourID[151] = 7
  out_hourID[152] = 7
  out_hourID[153] = 7
  out_hourID[154] = 7
  out_hourID[155] = 7
  out_hourID[156] = 7
  out_hourID[157] = 7
  out_hourID[158] = 7
  out_hourID[159] = 7
  out_hourID[160] = 7
  out_hourID[161] = 7
  out_hourID[162] = 7
  out_hourID[163] = 7
  out_hourID[164] = 7
  out_hourID[165] = 7
  out_hourID[166] = 7
  out_hourID[167] = 7
  out_hourID[168] = 7
  out_hourID[169] = 7
  out_hourID[170] = 7
  out_hourID[171] = 7
  out_hourID[172] = 7
  out_hourID[173] = 7
  out_hourID[174] = 7
  out_hourID[175] = 7
  out_hourID[176] = 7
  out_hourID[177] = 7
  out_hourID[178] = 7
  out_hourID[179] = 7
  out_hourID[180] = 7
  out_hourID[181] = 7
  out_hourID[182] = 7
  out_hourID[183] = 7
  out_hourID[184] = 7
  out_hourID[185] = 7
  out_hourID[186] = 7
  out_hourID[187] = 7
  out_hourID[188] = 7
  out_hourID[189] = 7
  out_hourID[190] = 7
  out_hourID[191] = 7
  out_hourID[192] = 7
  out_hourID[193] = 7
  out_hourID[194] = 7
  out_hourID[195] = 7
  out_hourID[196] = 7
  out_hourID[197] = 7
  out_hourID[198] = 7
  out_hourID[199] = 7
  out_hourID[200] = 7
  out_hourID[201] = 7
  out_hourID[202] = 7
  out_hourID[203] = 7
  out_hourID[204] = 7
  out_hourID[205] = 7
  out_hourID[206] = 7
  out_hourID[207] = 7
  out_hourID[208] = 7
  out_hourID[209] = 7
  out_hourID[210] = 7
  out_hourID[211] = 7
  out_hourID[212] = 7
  out_hourID[213] = 7
  out_hourID[214] = 7
  out_hourID[215] = 7
  out_hourID[216] = 7
  out_hourID[217] = 7
  out_hourID[218] = 7
  out_hourID[219] = 7
  out_hourID[220] = 7
  out_hourID[221] = 7
  out_hourID[222] = 7
  out_hourID[223] = 7
  out_hourID[224] = 7
  out_hourID[225] = 7
  out_hourID[226] = 7
  out_hourID[227] = 7
  out_hourID[228] = 7
  out_hourID[229] = 7
  out_hourID[230] = 7
  out_hourID[231] = 7
  out_hourID[232] = 7
  out_hourID[233] = 7
  out_hourID[234] = 7
  out_hourID[235] = 7
  out_hourID[236] = 7
  out_hourID[237] = 7
  out_hourID[238] = 7
  out_hourID[239] = 7
  out_hourID[240] = 7
  out_hourID[241] = 7
  out_hourID[242] = 7
  out_hourID[243] = 7
  out_hourID[244] = 7
  out_hourID[245] = 7
  out_hourID[246] = 7
  out_hourID[247] = 7
  out_hourID[248] = 7
  out_hourID[249] = 7
  out_hourID[250] = 7
  out_hourID[251] = 7
  out_hourID[252] = 7
  out_hourID[253] = 7
  out_hourID[254] = 7
  out_hourID[255] = 7
  out_hourID[256] = 7
  out_hourID[257] = 7
  out_hourID[258] = 7
  out_hourID[259] = 7
  out_hourID[260] = 7
  out_hourID[261] = 7
  out_hourID[262] = 7
  out_hourID[263] = 7
  out_hourID[264] = 7
  out_hourID[265] = 7
  out_hourID[266] = 7
  out_hourID[267] = 7
  out_hourID[268] = 7
  out_hourID[269] = 7
  out_hourID[270] = 7
  out_hourID[271] = 7
  out_hourID[272] = 7
  out_hourID[273] = 7
  out_hourID[274] = 7
  out_hourID[275] = 7
  out_hourID[276] = 7
  out_hourID[277] = 7
  out_hourID[278] = 7
  out_hourID[279] = 7
  out_hourID[280] = 7
  out_hourID[281] = 7
  out_hourID[282] = 7
  out_hourID[283] = 7
  out_hourID[284] = 7
  out_hourID[285] = 7
  out_hourID[286] = 7
  out_hourID[287] = 7
  out_hourID[288] = 7
  out_hourID[289] = 7
  out_hourID[290] = 7
  out_hourID[291] = 7
  out_hourID[292] = 7
  out_hourID[293] = 7
  out_hourID[294] = 7
  out_hourID[295] = 7
  out_hourID[296] = 7
  out_hourID[297] = 7
  out_hourID[298] = 7
  out_hourID[299] = 7
  out_hourID[300] = 7
  out_hourID[301] = 7
  out_hourID[302] = 7
  out_hourID[303] = 7
  out_hourID[304] = 7
  out_hourID[305] = 7
  out_hourID[306] = 7
  out_hourID[307] = 7
  out_hourID[308] = 7
  out_hourID[309] = 7
  out_hourID[310] = 7
  out_hourID[311] = 7
  out_hourID[312] = 7
  out_hourID[313] = 7
  out_hourID[314] = 7
  out_hourID[315] = 7
  out_hourID[316] = 7
  out_hourID[317] = 7
  out_hourID[318] = 7
  out_hourID[319] = 7
  out_hourID[320] = 7
  out_hourID[321] = 7
  out_hourID[322] = 7
  out_hourID[323] = 7
  out_hourID[324] = 7
  out_hourID[325] = 7
  out_hourID[326] = 7
  out_hourID[327] = 7
  out_hourID[328] = 7
  out_hourID[329] = 7
  out_hourID[330] = 7
  out_hourID[331] = 7
  out_hourID[332] = 7
  out_hourID[333] = 7
  out_hourID[334] = 7
  out_hourID[335] = 7
  out_hourID[336] = 7
  out_hourID[337] = 7
  out_hourID[338] = 7
  out_hourID[339] = 7
  out_hourID[340] = 7
  out_hourID[341] = 7
  out_hourID[342] = 7
  out_hourID[343] = 7
  out_hourID[344] = 7
  out_hourID[345] = 7
  out_hourID[346] = 7
  out_hourID[347] = 7
  out_hourID[348] = 7
  out_hourID[349] = 7
  out_hourID[350] = 7
  out_hourID[351] = 7
  out_hourID[352] = 7
  out_hourID[353] = 7
  out_hourID[354] = 7
  out_hourID[355] = 7
  out_hourID[356] = 7
  out_hourID[357] = 7
  out_hourID[358] = 7
  out_hourID[359] = 7
  out_hourID[360] = 7
  out_hourID[361] = 7
  out_hourID[362] = 7
  out_hourID[363] = 7
  out_hourID[364] = 7
  out_hourID[365] = 7
  out_hourID[366] = 7
  out_hourID[367] = 7
  out_hourID[368] = 7
  out_hourID[369] = 7
  out_hourID[370] = 7
  out_hourID[371] = 7
  out_hourID[372] = 7
  out_hourID[373] = 7
  out_hourID[374] = 7
  out_hourID[375] = 7
  out_hourID[376] = 7
  out_hourID[377] = 7
  out_hourID[378] = 7
  out_hourID[379] = 7
  out_hourID[380] = 7
  out_hourID[381] = 7
  out_hourID[382] = 7
  out_hourID[383] = 7
  out_hourID[384] = 7
  out_hourID[385] = 7
  out_hourID[386] = 7
  out_hourID[387] = 7
  out_hourID[388] = 7
  out_hourID[389] = 7
  out_hourID[390] = 7
  out_hourID[391] = 7
  out_hourID[392] = 7
  out_hourID[393] = 7
  out_hourID[394] = 7
  out_hourID[395] = 7
  out_hourID[396] = 7
  out_hourID[397] = 7
  out_hourID[398] = 7
  out_hourID[399] = 7
  out_hourID[400] = 7
  out_hourID[401] = 7
  out_hourID[402] = 7
  out_hourID[403] = 7
  out_hourID[404] = 7
  out_hourID[405] = 7
  out_hourID[406] = 7
  out_hourID[407] = 7
  out_hourID[408] = 7
  out_hourID[409] = 7
  out_hourID[410] = 7
  out_hourID[411] = 7
  out_hourID[412] = 7
  out_hourID[413] = 7
  out_hourID[414] = 7
  out_hourID[415] = 7
  out_hourID[416] = 7
  out_hourID[417] = 7
  out_hourID[418] = 7
  out_hourID[419] = 7
  out_hourID[420] = 7
  out_hourID[421] = 7
  out_hourID[422] = 7
  out_hourID[423] = 7
  out_hourID[424] = 7
  out_hourID[425] = 7
  out_hourID[426] = 7
  out_hourID[427] = 7
  out_hourID[428] = 7
  out_hourID[429] = 7
  out_hourID[430] = 7
  out_hourID[431] = 7
  out_hourID[432] = 7
  out_hourID[433] = 7
  out_hourID[434] = 7
  out_hourID[435] = 7
  out_hourID[436] = 7
  out_stateID[1] = 26
  out_stateID[2] = 26
  out_stateID[3] = 26
  out_stateID[4] = 26
  out_stateID[5] = 26
  out_stateID[6] = 26
  out_stateID[7] = 26
  out_stateID[8] = 26
  out_stateID[9] = 26
  out_stateID[10] = 26
  out_stateID[11] = 26
  out_stateID[12] = 26
  out_stateID[13] = 26
  out_stateID[14] = 26
  out_stateID[15] = 26
  out_stateID[16] = 26
  out_stateID[17] = 26
  out_stateID[18] = 26
  out_stateID[19] = 26
  out_stateID[20] = 26
  out_stateID[21] = 26
  out_stateID[22] = 26
  out_stateID[23] = 26
  out_stateID[24] = 26
  out_stateID[25] = 26
  out_stateID[26] = 26
  out_stateID[27] = 26
  out_stateID[28] = 26
  out_stateID[29] = 26
  out_stateID[30] = 26
  out_stateID[31] = 26
  out_stateID[32] = 26
  out_stateID[33] = 26
  out_stateID[34] = 26
  out_stateID[35] = 26
  out_stateID[36] = 26
  out_stateID[37] = 26
  out_stateID[38] = 26
  out_stateID[39] = 26
  out_stateID[40] = 26
  out_stateID[41] = 26
  out_stateID[42] = 26
  out_stateID[43] = 26
  out_stateID[44] = 26
  out_stateID[45] = 26
  out_stateID[46] = 26
  out_stateID[47] = 26
  out_stateID[48] = 26
  out_stateID[49] = 26
  out_stateID[50] = 26
  out_stateID[51] = 26
  out_stateID[52] = 26
  out_stateID[53] = 26
  out_stateID[54] = 26
  out_stateID[55] = 26
  out_stateID[56] = 26
  out_stateID[57] = 26
  out_stateID[58] = 26
  out_stateID[59] = 26
  out_stateID[60] = 26
  out_stateID[61] = 26
  out_stateID[62] = 26
  out_stateID[63] = 26
  out_stateID[64] = 26
  out_stateID[65] = 26
  out_stateID[66] = 26
  out_stateID[67] = 26
  out_stateID[68] = 26
  out_stateID[69] = 26
  out_stateID[70] = 26
  out_stateID[71] = 26
  out_stateID[72] = 26
  out_stateID[73] = 26
  out_stateID[74] = 26
  out_stateID[75] = 26
  out_stateID[76] = 26
  out_stateID[77] = 26
  out_stateID[78] = 26
  out_stateID[79] = 26
  out_stateID[80] = 26
  out_stateID[81] = 26
  out_stateID[82] = 26
  out_stateID[83] = 26
  out_stateID[84] = 26
  out_stateID[85] = 26
  out_stateID[86] = 26
  out_stateID[87] = 26
  out_stateID[88] = 26
  out_stateID[89] = 26
  out_stateID[90] = 26
  out_stateID[91] = 26
  out_stateID[92] = 26
  out_stateID[93] = 26
  out_stateID[94] = 26
  out_stateID[95] = 26
  out_stateID[96] = 26
  out_stateID[97] = 26
  out_stateID[98] = 26
  out_stateID[99] = 26
  out_stateID[100] = 26
  out_stateID[101] = 26
  out_stateID[102] = 26
  out_stateID[103] = 26
  out_stateID[104] = 26
  out_stateID[105] = 26
  out_stateID[106] = 26
  out_stateID[107] = 26
  out_stateID[108] = 26
  out_stateID[109] = 26
  out_stateID[110] = 26
  out_stateID[111] = 26
  out_stateID[112] = 26
  out_stateID[113] = 26
  out_stateID[114] = 26
  out_stateID[115] = 26
  out_stateID[116] = 26
  out_stateID[117] = 26
  out_stateID[118] = 26
  out_stateID[119] = 26
  out_stateID[120] = 26
  out_stateID[121] = 26
  out_stateID[122] = 26
  out_stateID[123] = 26
  out_stateID[124] = 26
  out_stateID[125] = 26
  out_stateID[126] = 26
  out_stateID[127] = 26
  out_stateID[128] = 26
  out_stateID[129] = 26
  out_stateID[130] = 26
  out_stateID[131] = 26
  out_stateID[132] = 26
  out_stateID[133] = 26
  out_stateID[134] = 26
  out_stateID[135] = 26
  out_stateID[136] = 26
  out_stateID[137] = 26
  out_stateID[138] = 26
  out_stateID[139] = 26
  out_stateID[140] = 26
  out_stateID[141] = 26
  out_stateID[142] = 26
  out_stateID[143] = 26
  out_stateID[144] = 26
  out_stateID[145] = 26
  out_stateID[146] = 26
  out_stateID[147] = 26
  out_stateID[148] = 26
  out_stateID[149] = 26
  out_stateID[150] = 26
  out_stateID[151] = 26
  out_stateID[152] = 26
  out_stateID[153] = 26
  out_stateID[154] = 26
  out_stateID[155] = 26
  out_stateID[156] = 26
  out_stateID[157] = 26
  out_stateID[158] = 26
  out_stateID[159] = 26
  out_stateID[160] = 26
  out_stateID[161] = 26
  out_stateID[162] = 26
  out_stateID[163] = 26
  out_stateID[164] = 26
  out_stateID[165] = 26
  out_stateID[166] = 26
  out_stateID[167] = 26
  out_stateID[168] = 26
  out_stateID[169] = 26
  out_stateID[170] = 26
  out_stateID[171] = 26
  out_stateID[172] = 26
  out_stateID[173] = 26
  out_stateID[174] = 26
  out_stateID[175] = 26
  out_stateID[176] = 26
  out_stateID[177] = 26
  out_stateID[178] = 26
  out_stateID[179] = 26
  out_stateID[180] = 26
  out_stateID[181] = 26
  out_stateID[182] = 26
  out_stateID[183] = 26
  out_stateID[184] = 26
  out_stateID[185] = 26
  out_stateID[186] = 26
  out_stateID[187] = 26
  out_stateID[188] = 26
  out_stateID[189] = 26
  out_stateID[190] = 26
  out_stateID[191] = 26
  out_stateID[192] = 26
  out_stateID[193] = 26
  out_stateID[194] = 26
  out_stateID[195] = 26
  out_stateID[196] = 26
  out_stateID[197] = 26
  out_stateID[198] = 26
  out_stateID[199] = 26
  out_stateID[200] = 26
  out_stateID[201] = 26
  out_stateID[202] = 26
  out_stateID[203] = 26
  out_stateID[204] = 26
  out_stateID[205] = 26
  out_stateID[206] = 26
  out_stateID[207] = 26
  out_stateID[208] = 26
  out_stateID[209] = 26
  out_stateID[210] = 26
  out_stateID[211] = 26
  out_stateID[212] = 26
  out_stateID[213] = 26
  out_stateID[214] = 26
  out_stateID[215] = 26
  out_stateID[216] = 26
  out_stateID[217] = 26
  out_stateID[218] = 26
  out_stateID[219] = 26
  out_stateID[220] = 26
  out_stateID[221] = 26
  out_stateID[222] = 26
  out_stateID[223] = 26
  out_stateID[224] = 26
  out_stateID[225] = 26
  out_stateID[226] = 26
  out_stateID[227] = 26
  out_stateID[228] = 26
  out_stateID[229] = 26
  out_stateID[230] = 26
  out_stateID[231] = 26
  out_stateID[232] = 26
  out_stateID[233] = 26
  out_stateID[234] = 26
  out_stateID[235] = 26
  out_stateID[236] = 26
  out_stateID[237] = 26
  out_stateID[238] = 26
  out_stateID[239] = 26
  out_stateID[240] = 26
  out_stateID[241] = 26
  out_stateID[242] = 26
  out_stateID[243] = 26
  out_stateID[244] = 26
  out_stateID[245] = 26
  out_stateID[246] = 26
  out_stateID[247] = 26
  out_stateID[248] = 26
  out_stateID[249] = 26
  out_stateID[250] = 26
  out_stateID[251] = 26
  out_stateID[252] = 26
  out_stateID[253] = 26
  out_stateID[254] = 26
  out_stateID[255] = 26
  out_stateID[256] = 26
  out_stateID[257] = 26
  out_stateID[258] = 26
  out_stateID[259] = 26
  out_stateID[260] = 26
  out_stateID[261] = 26
  out_stateID[262] = 26
  out_stateID[263] = 26
  out_stateID[264] = 26
  out_stateID[265] = 26
  out_stateID[266] = 26
  out_stateID[267] = 26
  out_stateID[268] = 26
  out_stateID[269] = 26
  out_stateID[270] = 26
  out_stateID[271] = 26
  out_stateID[272] = 26
  out_stateID[273] = 26
  out_stateID[274] = 26
  out_stateID[275] = 26
  out_stateID[276] = 26
  out_stateID[277] = 26
  out_stateID[278] = 26
  out_stateID[279] = 26
  out_stateID[280] = 26
  out_stateID[281] = 26
  out_stateID[282] = 26
  out_stateID[283] = 26
  out_stateID[284] = 26
  out_stateID[285] = 26
  out_stateID[286] = 26
  out_stateID[287] = 26
  out_stateID[288] = 26
  out_stateID[289] = 26
  out_stateID[290] = 26
  out_stateID[291] = 26
  out_stateID[292] = 26
  out_stateID[293] = 26
  out_stateID[294] = 26
  out_stateID[295] = 26
  out_stateID[296] = 26
  out_stateID[297] = 26
  out_stateID[298] = 26
  out_stateID[299] = 26
  out_stateID[300] = 26
  out_stateID[301] = 26
  out_stateID[302] = 26
  out_stateID[303] = 26
  out_stateID[304] = 26
  out_stateID[305] = 26
  out_stateID[306] = 26
  out_stateID[307] = 26
  out_stateID[308] = 26
  out_stateID[309] = 26
  out_stateID[310] = 26
  out_stateID[311] = 26
  out_stateID[312] = 26
  out_stateID[313] = 26
  out_stateID[314] = 26
  out_stateID[315] = 26
  out_stateID[316] = 26
  out_stateID[317] = 26
  out_stateID[318] = 26
  out_stateID[319] = 26
  out_stateID[320] = 26
  out_stateID[321] = 26
  out_stateID[322] = 26
  out_stateID[323] = 26
  out_stateID[324] = 26
  out_stateID[325] = 26
  out_stateID[326] = 26
  out_stateID[327] = 26
  out_stateID[328] = 26
  out_stateID[329] = 26
  out_stateID[330] = 26
  out_stateID[331] = 26
  out_stateID[332] = 26
  out_stateID[333] = 26
  out_stateID[334] = 26
  out_stateID[335] = 26
  out_stateID[336] = 26
  out_stateID[337] = 26
  out_stateID[338] = 26
  out_stateID[339] = 26
  out_stateID[340] = 26
  out_stateID[341] = 26
  out_stateID[342] = 26
  out_stateID[343] = 26
  out_stateID[344] = 26
  out_stateID[345] = 26
  out_stateID[346] = 26
  out_stateID[347] = 26
  out_stateID[348] = 26
  out_stateID[349] = 26
  out_stateID[350] = 26
  out_stateID[351] = 26
  out_stateID[352] = 26
  out_stateID[353] = 26
  out_stateID[354] = 26
  out_stateID[355] = 26
  out_stateID[356] = 26
  out_stateID[357] = 26
  out_stateID[358] = 26
  out_stateID[359] = 26
  out_stateID[360] = 26
  out_stateID[361] = 26
  out_stateID[362] = 26
  out_stateID[363] = 26
  out_stateID[364] = 26
  out_stateID[365] = 26
  out_stateID[366] = 26
  out_stateID[367] = 26
  out_stateID[368] = 26
  out_stateID[369] = 26
  out_stateID[370] = 26
  out_stateID[371] = 26
  out_stateID[372] = 26
  out_stateID[373] = 26
  out_stateID[374] = 26
  out_stateID[375] = 26
  out_stateID[376] = 26
  out_stateID[377] = 26
  out_stateID[378] = 26
  out_stateID[379] = 26
  out_stateID[380] = 26
  out_stateID[381] = 26
  out_stateID[382] = 26
  out_stateID[383] = 26
  out_stateID[384] = 26
  out_stateID[385] = 26
  out_stateID[386] = 26
  out_stateID[387] = 26
  out_stateID[388] = 26
  out_stateID[389] = 26
  out_stateID[390] = 26
  out_stateID[391] = 26
  out_stateID[392] = 26
  out_stateID[393] = 26
  out_stateID[394] = 26
  out_stateID[395] = 26
  out_stateID[396] = 26
  out_stateID[397] = 26
  out_stateID[398] = 26
  out_stateID[399] = 26
  out_stateID[400] = 26
  out_stateID[401] = 26
  out_stateID[402] = 26
  out_stateID[403] = 26
  out_stateID[404] = 26
  out_stateID[405] = 26
  out_stateID[406] = 26
  out_stateID[407] = 26
  out_stateID[408] = 26
  out_stateID[409] = 26
  out_stateID[410] = 26
  out_stateID[411] = 26
  out_stateID[412] = 26
  out_stateID[413] = 26
  out_stateID[414] = 26
  out_stateID[415] = 26
  out_stateID[416] = 26
  out_stateID[417] = 26
  out_stateID[418] = 26
  out_stateID[419] = 26
  out_stateID[420] = 26
  out_stateID[421] = 26
  out_stateID[422] = 26
  out_stateID[423] = 26
  out_stateID[424] = 26
  out_stateID[425] = 26
  out_stateID[426] = 26
  out_stateID[427] = 26
  out_stateID[428] = 26
  out_stateID[429] = 26
  out_stateID[430] = 26
  out_stateID[431] = 26
  out_stateID[432] = 26
  out_stateID[433] = 26
  out_stateID[434] = 26
  out_stateID[435] = 26
  out_stateID[436] = 26
  out_countyID[1] = 26161
  out_countyID[2] = 26161
  out_countyID[3] = 26161
  out_countyID[4] = 26161
  out_countyID[5] = 26161
  out_countyID[6] = 26161
  out_countyID[7] = 26161
  out_countyID[8] = 26161
  out_countyID[9] = 26161
  out_countyID[10] = 26161
  out_countyID[11] = 26161
  out_countyID[12] = 26161
  out_countyID[13] = 26161
  out_countyID[14] = 26161
  out_countyID[15] = 26161
  out_countyID[16] = 26161
  out_countyID[17] = 26161
  out_countyID[18] = 26161
  out_countyID[19] = 26161
  out_countyID[20] = 26161
  out_countyID[21] = 26161
  out_countyID[22] = 26161
  out_countyID[23] = 26161
  out_countyID[24] = 26161
  out_countyID[25] = 26161
  out_countyID[26] = 26161
  out_countyID[27] = 26161
  out_countyID[28] = 26161
  out_countyID[29] = 26161
  out_countyID[30] = 26161
  out_countyID[31] = 26161
  out_countyID[32] = 26161
  out_countyID[33] = 26161
  out_countyID[34] = 26161
  out_countyID[35] = 26161
  out_countyID[36] = 26161
  out_countyID[37] = 26161
  out_countyID[38] = 26161
  out_countyID[39] = 26161
  out_countyID[40] = 26161
  out_countyID[41] = 26161
  out_countyID[42] = 26161
  out_countyID[43] = 26161
  out_countyID[44] = 26161
  out_countyID[45] = 26161
  out_countyID[46] = 26161
  out_countyID[47] = 26161
  out_countyID[48] = 26161
  out_countyID[49] = 26161
  out_countyID[50] = 26161
  out_countyID[51] = 26161
  out_countyID[52] = 26161
  out_countyID[53] = 26161
  out_countyID[54] = 26161
  out_countyID[55] = 26161
  out_countyID[56] = 26161
  out_countyID[57] = 26161
  out_countyID[58] = 26161
  out_countyID[59] = 26161
  out_countyID[60] = 26161
  out_countyID[61] = 26161
  out_countyID[62] = 26161
  out_countyID[63] = 26161
  out_countyID[64] = 26161
  out_countyID[65] = 26161
  out_countyID[66] = 26161
  out_countyID[67] = 26161
  out_countyID[68] = 26161
  out_countyID[69] = 26161
  out_countyID[70] = 26161
  out_countyID[71] = 26161
  out_countyID[72] = 26161
  out_countyID[73] = 26161
  out_countyID[74] = 26161
  out_countyID[75] = 26161
  out_countyID[76] = 26161
  out_countyID[77] = 26161
  out_countyID[78] = 26161
  out_countyID[79] = 26161
  out_countyID[80] = 26161
  out_countyID[81] = 26161
  out_countyID[82] = 26161
  out_countyID[83] = 26161
  out_countyID[84] = 26161
  out_countyID[85] = 26161
  out_countyID[86] = 26161
  out_countyID[87] = 26161
  out_countyID[88] = 26161
  out_countyID[89] = 26161
  out_countyID[90] = 26161
  out_countyID[91] = 26161
  out_countyID[92] = 26161
  out_countyID[93] = 26161
  out_countyID[94] = 26161
  out_countyID[95] = 26161
  out_countyID[96] = 26161
  out_countyID[97] = 26161
  out_countyID[98] = 26161
  out_countyID[99] = 26161
  out_countyID[100] = 26161
  out_countyID[101] = 26161
  out_countyID[102] = 26161
  out_countyID[103] = 26161
  out_countyID[104] = 26161
  out_countyID[105] = 26161
  out_countyID[106] = 26161
  out_countyID[107] = 26161
  out_countyID[108] = 26161
  out_countyID[109] = 26161
  out_countyID[110] = 26161
  out_countyID[111] = 26161
  out_countyID[112] = 26161
  out_countyID[113] = 26161
  out_countyID[114] = 26161
  out_countyID[115] = 26161
  out_countyID[116] = 26161
  out_countyID[117] = 26161
  out_countyID[118] = 26161
  out_countyID[119] = 26161
  out_countyID[120] = 26161
  out_countyID[121] = 26161
  out_countyID[122] = 26161
  out_countyID[123] = 26161
  out_countyID[124] = 26161
  out_countyID[125] = 26161
  out_countyID[126] = 26161
  out_countyID[127] = 26161
  out_countyID[128] = 26161
  out_countyID[129] = 26161
  out_countyID[130] = 26161
  out_countyID[131] = 26161
  out_countyID[132] = 26161
  out_countyID[133] = 26161
  out_countyID[134] = 26161
  out_countyID[135] = 26161
  out_countyID[136] = 26161
  out_countyID[137] = 26161
  out_countyID[138] = 26161
  out_countyID[139] = 26161
  out_countyID[140] = 26161
  out_countyID[141] = 26161
  out_countyID[142] = 26161
  out_countyID[143] = 26161
  out_countyID[144] = 26161
  out_countyID[145] = 26161
  out_countyID[146] = 26161
  out_countyID[147] = 26161
  out_countyID[148] = 26161
  out_countyID[149] = 26161
  out_countyID[150] = 26161
  out_countyID[151] = 26161
  out_countyID[152] = 26161
  out_countyID[153] = 26161
  out_countyID[154] = 26161
  out_countyID[155] = 26161
  out_countyID[156] = 26161
  out_countyID[157] = 26161
  out_countyID[158] = 26161
  out_countyID[159] = 26161
  out_countyID[160] = 26161
  out_countyID[161] = 26161
  out_countyID[162] = 26161
  out_countyID[163] = 26161
  out_countyID[164] = 26161
  out_countyID[165] = 26161
  out_countyID[166] = 26161
  out_countyID[167] = 26161
  out_countyID[168] = 26161
  out_countyID[169] = 26161
  out_countyID[170] = 26161
  out_countyID[171] = 26161
  out_countyID[172] = 26161
  out_countyID[173] = 26161
  out_countyID[174] = 26161
  out_countyID[175] = 26161
  out_countyID[176] = 26161
  out_countyID[177] = 26161
  out_countyID[178] = 26161
  out_countyID[179] = 26161
  out_countyID[180] = 26161
  out_countyID[181] = 26161
  out_countyID[182] = 26161
  out_countyID[183] = 26161
  out_countyID[184] = 26161
  out_countyID[185] = 26161
  out_countyID[186] = 26161
  out_countyID[187] = 26161
  out_countyID[188] = 26161
  out_countyID[189] = 26161
  out_countyID[190] = 26161
  out_countyID[191] = 26161
  out_countyID[192] = 26161
  out_countyID[193] = 26161
  out_countyID[194] = 26161
  out_countyID[195] = 26161
  out_countyID[196] = 26161
  out_countyID[197] = 26161
  out_countyID[198] = 26161
  out_countyID[199] = 26161
  out_countyID[200] = 26161
  out_countyID[201] = 26161
  out_countyID[202] = 26161
  out_countyID[203] = 26161
  out_countyID[204] = 26161
  out_countyID[205] = 26161
  out_countyID[206] = 26161
  out_countyID[207] = 26161
  out_countyID[208] = 26161
  out_countyID[209] = 26161
  out_countyID[210] = 26161
  out_countyID[211] = 26161
  out_countyID[212] = 26161
  out_countyID[213] = 26161
  out_countyID[214] = 26161
  out_countyID[215] = 26161
  out_countyID[216] = 26161
  out_countyID[217] = 26161
  out_countyID[218] = 26161
  out_countyID[219] = 26161
  out_countyID[220] = 26161
  out_countyID[221] = 26161
  out_countyID[222] = 26161
  out_countyID[223] = 26161
  out_countyID[224] = 26161
  out_countyID[225] = 26161
  out_countyID[226] = 26161
  out_countyID[227] = 26161
  out_countyID[228] = 26161
  out_countyID[229] = 26161
  out_countyID[230] = 26161
  out_countyID[231] = 26161
  out_countyID[232] = 26161
  out_countyID[233] = 26161
  out_countyID[234] = 26161
  out_countyID[235] = 26161
  out_countyID[236] = 26161
  out_countyID[237] = 26161
  out_countyID[238] = 26161
  out_countyID[239] = 26161
  out_countyID[240] = 26161
  out_countyID[241] = 26161
  out_countyID[242] = 26161
  out_countyID[243] = 26161
  out_countyID[244] = 26161
  out_countyID[245] = 26161
  out_countyID[246] = 26161
  out_countyID[247] = 26161
  out_countyID[248] = 26161
  out_countyID[249] = 26161
  out_countyID[250] = 26161
  out_countyID[251] = 26161
  out_countyID[252] = 26161
  out_countyID[253] = 26161
  out_countyID[254] = 26161
  out_countyID[255] = 26161
  out_countyID[256] = 26161
  out_countyID[257] = 26161
  out_countyID[258] = 26161
  out_countyID[259] = 26161
  out_countyID[260] = 26161
  out_countyID[261] = 26161
  out_countyID[262] = 26161
  out_countyID[263] = 26161
  out_countyID[264] = 26161
  out_countyID[265] = 26161
  out_countyID[266] = 26161
  out_countyID[267] = 26161
  out_countyID[268] = 26161
  out_countyID[269] = 26161
  out_countyID[270] = 26161
  out_countyID[271] = 26161
  out_countyID[272] = 26161
  out_countyID[273] = 26161
  out_countyID[274] = 26161
  out_countyID[275] = 26161
  out_countyID[276] = 26161
  out_countyID[277] = 26161
  out_countyID[278] = 26161
  out_countyID[279] = 26161
  out_countyID[280] = 26161
  out_countyID[281] = 26161
  out_countyID[282] = 26161
  out_countyID[283] = 26161
  out_countyID[284] = 26161
  out_countyID[285] = 26161
  out_countyID[286] = 26161
  out_countyID[287] = 26161
  out_countyID[288] = 26161
  out_countyID[289] = 26161
  out_countyID[290] = 26161
  out_countyID[291] = 26161
  out_countyID[292] = 26161
  out_countyID[293] = 26161
  out_countyID[294] = 26161
  out_countyID[295] = 26161
  out_countyID[296] = 26161
  out_countyID[297] = 26161
  out_countyID[298] = 26161
  out_countyID[299] = 26161
  out_countyID[300] = 26161
  out_countyID[301] = 26161
  out_countyID[302] = 26161
  out_countyID[303] = 26161
  out_countyID[304] = 26161
  out_countyID[305] = 26161
  out_countyID[306] = 26161
  out_countyID[307] = 26161
  out_countyID[308] = 26161
  out_countyID[309] = 26161
  out_countyID[310] = 26161
  out_countyID[311] = 26161
  out_countyID[312] = 26161
  out_countyID[313] = 26161
  out_countyID[314] = 26161
  out_countyID[315] = 26161
  out_countyID[316] = 26161
  out_countyID[317] = 26161
  out_countyID[318] = 26161
  out_countyID[319] = 26161
  out_countyID[320] = 26161
  out_countyID[321] = 26161
  out_countyID[322] = 26161
  out_countyID[323] = 26161
  out_countyID[324] = 26161
  out_countyID[325] = 26161
  out_countyID[326] = 26161
  out_countyID[327] = 26161
  out_countyID[328] = 26161
  out_countyID[329] = 26161
  out_countyID[330] = 26161
  out_countyID[331] = 26161
  out_countyID[332] = 26161
  out_countyID[333] = 26161
  out_countyID[334] = 26161
  out_countyID[335] = 26161
  out_countyID[336] = 26161
  out_countyID[337] = 26161
  out_countyID[338] = 26161
  out_countyID[339] = 26161
  out_countyID[340] = 26161
  out_countyID[341] = 26161
  out_countyID[342] = 26161
  out_countyID[343] = 26161
  out_countyID[344] = 26161
  out_countyID[345] = 26161
  out_countyID[346] = 26161
  out_countyID[347] = 26161
  out_countyID[348] = 26161
  out_countyID[349] = 26161
  out_countyID[350] = 26161
  out_countyID[351] = 26161
  out_countyID[352] = 26161
  out_countyID[353] = 26161
  out_countyID[354] = 26161
  out_countyID[355] = 26161
  out_countyID[356] = 26161
  out_countyID[357] = 26161
  out_countyID[358] = 26161
  out_countyID[359] = 26161
  out_countyID[360] = 26161
  out_countyID[361] = 26161
  out_countyID[362] = 26161
  out_countyID[363] = 26161
  out_countyID[364] = 26161
  out_countyID[365] = 26161
  out_countyID[366] = 26161
  out_countyID[367] = 26161
  out_countyID[368] = 26161
  out_countyID[369] = 26161
  out_countyID[370] = 26161
  out_countyID[371] = 26161
  out_countyID[372] = 26161
  out_countyID[373] = 26161
  out_countyID[374] = 26161
  out_countyID[375] = 26161
  out_countyID[376] = 26161
  out_countyID[377] = 26161
  out_countyID[378] = 26161
  out_countyID[379] = 26161
  out_countyID[380] = 26161
  out_countyID[381] = 26161
  out_countyID[382] = 26161
  out_countyID[383] = 26161
  out_countyID[384] = 26161
  out_countyID[385] = 26161
  out_countyID[386] = 26161
  out_countyID[387] = 26161
  out_countyID[388] = 26161
  out_countyID[389] = 26161
  out_countyID[390] = 26161
  out_countyID[391] = 26161
  out_countyID[392] = 26161
  out_countyID[393] = 26161
  out_countyID[394] = 26161
  out_countyID[395] = 26161
  out_countyID[396] = 26161
  out_countyID[397] = 26161
  out_countyID[398] = 26161
  out_countyID[399] = 26161
  out_countyID[400] = 26161
  out_countyID[401] = 26161
  out_countyID[402] = 26161
  out_countyID[403] = 26161
  out_countyID[404] = 26161
  out_countyID[405] = 26161
  out_countyID[406] = 26161
  out_countyID[407] = 26161
  out_countyID[408] = 26161
  out_countyID[409] = 26161
  out_countyID[410] = 26161
  out_countyID[411] = 26161
  out_countyID[412] = 26161
  out_countyID[413] = 26161
  out_countyID[414] = 26161
  out_countyID[415] = 26161
  out_countyID[416] = 26161
  out_countyID[417] = 26161
  out_countyID[418] = 26161
  out_countyID[419] = 26161
  out_countyID[420] = 26161
  out_countyID[421] = 26161
  out_countyID[422] = 26161
  out_countyID[423] = 26161
  out_countyID[424] = 26161
  out_countyID[425] = 26161
  out_countyID[426] = 26161
  out_countyID[427] = 26161
  out_countyID[428] = 26161
  out_countyID[429] = 26161
  out_countyID[430] = 26161
  out_countyID[431] = 26161
  out_countyID[432] = 26161
  out_countyID[433] = 26161
  out_countyID[434] = 26161
  out_countyID[435] = 26161
  out_countyID[436] = 26161
  out_sourceTypeID[1] = 21
  out_sourceTypeID[2] = 21
  out_sourceTypeID[3] = 21
  out_sourceTypeID[4] = 21
  out_sourceTypeID[5] = 21
  out_sourceTypeID[6] = 21
  out_sourceTypeID[7] = 21
  out_sourceTypeID[8] = 21
  out_sourceTypeID[9] = 21
  out_sourceTypeID[10] = 21
  out_sourceTypeID[11] = 21
  out_sourceTypeID[12] = 21
  out_sourceTypeID[13] = 21
  out_sourceTypeID[14] = 21
  out_sourceTypeID[15] = 21
  out_sourceTypeID[16] = 21
  out_sourceTypeID[17] = 21
  out_sourceTypeID[18] = 21
  out_sourceTypeID[19] = 21
  out_sourceTypeID[20] = 21
  out_sourceTypeID[21] = 21
  out_sourceTypeID[22] = 21
  out_sourceTypeID[23] = 21
  out_sourceTypeID[24] = 21
  out_sourceTypeID[25] = 21
  out_sourceTypeID[26] = 21
  out_sourceTypeID[27] = 21
  out_sourceTypeID[28] = 21
  out_sourceTypeID[29] = 21
  out_sourceTypeID[30] = 21
  out_sourceTypeID[31] = 21
  out_sourceTypeID[32] = 21
  out_sourceTypeID[33] = 21
  out_sourceTypeID[34] = 21
  out_sourceTypeID[35] = 21
  out_sourceTypeID[36] = 21
  out_sourceTypeID[37] = 21
  out_sourceTypeID[38] = 21
  out_sourceTypeID[39] = 21
  out_sourceTypeID[40] = 21
  out_sourceTypeID[41] = 21
  out_sourceTypeID[42] = 21
  out_sourceTypeID[43] = 21
  out_sourceTypeID[44] = 21
  out_sourceTypeID[45] = 21
  out_sourceTypeID[46] = 21
  out_sourceTypeID[47] = 21
  out_sourceTypeID[48] = 21
  out_sourceTypeID[49] = 21
  out_sourceTypeID[50] = 21
  out_sourceTypeID[51] = 21
  out_sourceTypeID[52] = 21
  out_sourceTypeID[53] = 21
  out_sourceTypeID[54] = 21
  out_sourceTypeID[55] = 21
  out_sourceTypeID[56] = 21
  out_sourceTypeID[57] = 21
  out_sourceTypeID[58] = 21
  out_sourceTypeID[59] = 21
  out_sourceTypeID[60] = 21
  out_sourceTypeID[61] = 21
  out_sourceTypeID[62] = 21
  out_sourceTypeID[63] = 21
  out_sourceTypeID[64] = 21
  out_sourceTypeID[65] = 21
  out_sourceTypeID[66] = 21
  out_sourceTypeID[67] = 21
  out_sourceTypeID[68] = 21
  out_sourceTypeID[69] = 21
  out_sourceTypeID[70] = 21
  out_sourceTypeID[71] = 21
  out_sourceTypeID[72] = 21
  out_sourceTypeID[73] = 21
  out_sourceTypeID[74] = 21
  out_sourceTypeID[75] = 21
  out_sourceTypeID[76] = 21
  out_sourceTypeID[77] = 21
  out_sourceTypeID[78] = 21
  out_sourceTypeID[79] = 21
  out_sourceTypeID[80] = 21
  out_sourceTypeID[81] = 21
  out_sourceTypeID[82] = 21
  out_sourceTypeID[83] = 21
  out_sourceTypeID[84] = 21
  out_sourceTypeID[85] = 21
  out_sourceTypeID[86] = 21
  out_sourceTypeID[87] = 21
  out_sourceTypeID[88] = 21
  out_sourceTypeID[89] = 21
  out_sourceTypeID[90] = 21
  out_sourceTypeID[91] = 21
  out_sourceTypeID[92] = 21
  out_sourceTypeID[93] = 21
  out_sourceTypeID[94] = 21
  out_sourceTypeID[95] = 21
  out_sourceTypeID[96] = 21
  out_sourceTypeID[97] = 21
  out_sourceTypeID[98] = 21
  out_sourceTypeID[99] = 21
  out_sourceTypeID[100] = 21
  out_sourceTypeID[101] = 21
  out_sourceTypeID[102] = 21
  out_sourceTypeID[103] = 21
  out_sourceTypeID[104] = 21
  out_sourceTypeID[105] = 21
  out_sourceTypeID[106] = 21
  out_sourceTypeID[107] = 21
  out_sourceTypeID[108] = 21
  out_sourceTypeID[109] = 21
  out_sourceTypeID[110] = 21
  out_sourceTypeID[111] = 21
  out_sourceTypeID[112] = 21
  out_sourceTypeID[113] = 21
  out_sourceTypeID[114] = 21
  out_sourceTypeID[115] = 21
  out_sourceTypeID[116] = 21
  out_sourceTypeID[117] = 21
  out_sourceTypeID[118] = 21
  out_sourceTypeID[119] = 21
  out_sourceTypeID[120] = 21
  out_sourceTypeID[121] = 21
  out_sourceTypeID[122] = 21
  out_sourceTypeID[123] = 21
  out_sourceTypeID[124] = 21
  out_sourceTypeID[125] = 21
  out_sourceTypeID[126] = 21
  out_sourceTypeID[127] = 21
  out_sourceTypeID[128] = 21
  out_sourceTypeID[129] = 21
  out_sourceTypeID[130] = 21
  out_sourceTypeID[131] = 21
  out_sourceTypeID[132] = 21
  out_sourceTypeID[133] = 21
  out_sourceTypeID[134] = 21
  out_sourceTypeID[135] = 21
  out_sourceTypeID[136] = 21
  out_sourceTypeID[137] = 21
  out_sourceTypeID[138] = 21
  out_sourceTypeID[139] = 21
  out_sourceTypeID[140] = 21
  out_sourceTypeID[141] = 21
  out_sourceTypeID[142] = 21
  out_sourceTypeID[143] = 21
  out_sourceTypeID[144] = 21
  out_sourceTypeID[145] = 21
  out_sourceTypeID[146] = 21
  out_sourceTypeID[147] = 21
  out_sourceTypeID[148] = 21
  out_sourceTypeID[149] = 21
  out_sourceTypeID[150] = 21
  out_sourceTypeID[151] = 21
  out_sourceTypeID[152] = 21
  out_sourceTypeID[153] = 21
  out_sourceTypeID[154] = 21
  out_sourceTypeID[155] = 21
  out_sourceTypeID[156] = 21
  out_sourceTypeID[157] = 21
  out_sourceTypeID[158] = 21
  out_sourceTypeID[159] = 21
  out_sourceTypeID[160] = 21
  out_sourceTypeID[161] = 21
  out_sourceTypeID[162] = 21
  out_sourceTypeID[163] = 21
  out_sourceTypeID[164] = 21
  out_sourceTypeID[165] = 21
  out_sourceTypeID[166] = 21
  out_sourceTypeID[167] = 21
  out_sourceTypeID[168] = 21
  out_sourceTypeID[169] = 21
  out_sourceTypeID[170] = 21
  out_sourceTypeID[171] = 21
  out_sourceTypeID[172] = 21
  out_sourceTypeID[173] = 21
  out_sourceTypeID[174] = 21
  out_sourceTypeID[175] = 21
  out_sourceTypeID[176] = 21
  out_sourceTypeID[177] = 21
  out_sourceTypeID[178] = 21
  out_sourceTypeID[179] = 21
  out_sourceTypeID[180] = 21
  out_sourceTypeID[181] = 21
  out_sourceTypeID[182] = 21
  out_sourceTypeID[183] = 21
  out_sourceTypeID[184] = 21
  out_sourceTypeID[185] = 21
  out_sourceTypeID[186] = 21
  out_sourceTypeID[187] = 21
  out_sourceTypeID[188] = 21
  out_sourceTypeID[189] = 21
  out_sourceTypeID[190] = 21
  out_sourceTypeID[191] = 21
  out_sourceTypeID[192] = 21
  out_sourceTypeID[193] = 21
  out_sourceTypeID[194] = 21
  out_sourceTypeID[195] = 21
  out_sourceTypeID[196] = 21
  out_sourceTypeID[197] = 21
  out_sourceTypeID[198] = 21
  out_sourceTypeID[199] = 21
  out_sourceTypeID[200] = 21
  out_sourceTypeID[201] = 21
  out_sourceTypeID[202] = 21
  out_sourceTypeID[203] = 21
  out_sourceTypeID[204] = 21
  out_sourceTypeID[205] = 21
  out_sourceTypeID[206] = 21
  out_sourceTypeID[207] = 21
  out_sourceTypeID[208] = 21
  out_sourceTypeID[209] = 21
  out_sourceTypeID[210] = 21
  out_sourceTypeID[211] = 21
  out_sourceTypeID[212] = 21
  out_sourceTypeID[213] = 21
  out_sourceTypeID[214] = 21
  out_sourceTypeID[215] = 21
  out_sourceTypeID[216] = 21
  out_sourceTypeID[217] = 21
  out_sourceTypeID[218] = 21
  out_sourceTypeID[219] = 21
  out_sourceTypeID[220] = 21
  out_sourceTypeID[221] = 21
  out_sourceTypeID[222] = 21
  out_sourceTypeID[223] = 21
  out_sourceTypeID[224] = 21
  out_sourceTypeID[225] = 21
  out_sourceTypeID[226] = 21
  out_sourceTypeID[227] = 21
  out_sourceTypeID[228] = 21
  out_sourceTypeID[229] = 21
  out_sourceTypeID[230] = 21
  out_sourceTypeID[231] = 21
  out_sourceTypeID[232] = 21
  out_sourceTypeID[233] = 21
  out_sourceTypeID[234] = 21
  out_sourceTypeID[235] = 21
  out_sourceTypeID[236] = 21
  out_sourceTypeID[237] = 21
  out_sourceTypeID[238] = 21
  out_sourceTypeID[239] = 21
  out_sourceTypeID[240] = 21
  out_sourceTypeID[241] = 21
  out_sourceTypeID[242] = 21
  out_sourceTypeID[243] = 21
  out_sourceTypeID[244] = 21
  out_sourceTypeID[245] = 21
  out_sourceTypeID[246] = 21
  out_sourceTypeID[247] = 21
  out_sourceTypeID[248] = 21
  out_sourceTypeID[249] = 21
  out_sourceTypeID[250] = 21
  out_sourceTypeID[251] = 21
  out_sourceTypeID[252] = 21
  out_sourceTypeID[253] = 21
  out_sourceTypeID[254] = 21
  out_sourceTypeID[255] = 21
  out_sourceTypeID[256] = 21
  out_sourceTypeID[257] = 21
  out_sourceTypeID[258] = 21
  out_sourceTypeID[259] = 21
  out_sourceTypeID[260] = 21
  out_sourceTypeID[261] = 21
  out_sourceTypeID[262] = 21
  out_sourceTypeID[263] = 21
  out_sourceTypeID[264] = 21
  out_sourceTypeID[265] = 21
  out_sourceTypeID[266] = 21
  out_sourceTypeID[267] = 21
  out_sourceTypeID[268] = 21
  out_sourceTypeID[269] = 21
  out_sourceTypeID[270] = 21
  out_sourceTypeID[271] = 21
  out_sourceTypeID[272] = 21
  out_sourceTypeID[273] = 21
  out_sourceTypeID[274] = 21
  out_sourceTypeID[275] = 21
  out_sourceTypeID[276] = 21
  out_sourceTypeID[277] = 21
  out_sourceTypeID[278] = 21
  out_sourceTypeID[279] = 21
  out_sourceTypeID[280] = 21
  out_sourceTypeID[281] = 21
  out_sourceTypeID[282] = 21
  out_sourceTypeID[283] = 21
  out_sourceTypeID[284] = 21
  out_sourceTypeID[285] = 21
  out_sourceTypeID[286] = 21
  out_sourceTypeID[287] = 21
  out_sourceTypeID[288] = 21
  out_sourceTypeID[289] = 21
  out_sourceTypeID[290] = 21
  out_sourceTypeID[291] = 21
  out_sourceTypeID[292] = 21
  out_sourceTypeID[293] = 21
  out_sourceTypeID[294] = 21
  out_sourceTypeID[295] = 21
  out_sourceTypeID[296] = 21
  out_sourceTypeID[297] = 21
  out_sourceTypeID[298] = 21
  out_sourceTypeID[299] = 21
  out_sourceTypeID[300] = 21
  out_sourceTypeID[301] = 21
  out_sourceTypeID[302] = 21
  out_sourceTypeID[303] = 21
  out_sourceTypeID[304] = 21
  out_sourceTypeID[305] = 21
  out_sourceTypeID[306] = 21
  out_sourceTypeID[307] = 21
  out_sourceTypeID[308] = 21
  out_sourceTypeID[309] = 21
  out_sourceTypeID[310] = 21
  out_sourceTypeID[311] = 21
  out_sourceTypeID[312] = 21
  out_sourceTypeID[313] = 21
  out_sourceTypeID[314] = 21
  out_sourceTypeID[315] = 21
  out_sourceTypeID[316] = 21
  out_sourceTypeID[317] = 21
  out_sourceTypeID[318] = 21
  out_sourceTypeID[319] = 21
  out_sourceTypeID[320] = 21
  out_sourceTypeID[321] = 21
  out_sourceTypeID[322] = 21
  out_sourceTypeID[323] = 21
  out_sourceTypeID[324] = 21
  out_sourceTypeID[325] = 21
  out_sourceTypeID[326] = 21
  out_sourceTypeID[327] = 21
  out_sourceTypeID[328] = 21
  out_sourceTypeID[329] = 21
  out_sourceTypeID[330] = 21
  out_sourceTypeID[331] = 21
  out_sourceTypeID[332] = 21
  out_sourceTypeID[333] = 21
  out_sourceTypeID[334] = 21
  out_sourceTypeID[335] = 21
  out_sourceTypeID[336] = 21
  out_sourceTypeID[337] = 21
  out_sourceTypeID[338] = 21
  out_sourceTypeID[339] = 21
  out_sourceTypeID[340] = 21
  out_sourceTypeID[341] = 21
  out_sourceTypeID[342] = 21
  out_sourceTypeID[343] = 21
  out_sourceTypeID[344] = 21
  out_sourceTypeID[345] = 21
  out_sourceTypeID[346] = 21
  out_sourceTypeID[347] = 21
  out_sourceTypeID[348] = 21
  out_sourceTypeID[349] = 21
  out_sourceTypeID[350] = 21
  out_sourceTypeID[351] = 21
  out_sourceTypeID[352] = 21
  out_sourceTypeID[353] = 21
  out_sourceTypeID[354] = 21
  out_sourceTypeID[355] = 21
  out_sourceTypeID[356] = 21
  out_sourceTypeID[357] = 21
  out_sourceTypeID[358] = 21
  out_sourceTypeID[359] = 21
  out_sourceTypeID[360] = 21
  out_sourceTypeID[361] = 21
  out_sourceTypeID[362] = 21
  out_sourceTypeID[363] = 21
  out_sourceTypeID[364] = 21
  out_sourceTypeID[365] = 21
  out_sourceTypeID[366] = 21
  out_sourceTypeID[367] = 21
  out_sourceTypeID[368] = 21
  out_sourceTypeID[369] = 21
  out_sourceTypeID[370] = 21
  out_sourceTypeID[371] = 21
  out_sourceTypeID[372] = 21
  out_sourceTypeID[373] = 21
  out_sourceTypeID[374] = 21
  out_sourceTypeID[375] = 21
  out_sourceTypeID[376] = 21
  out_sourceTypeID[377] = 21
  out_sourceTypeID[378] = 21
  out_sourceTypeID[379] = 21
  out_sourceTypeID[380] = 21
  out_sourceTypeID[381] = 21
  out_sourceTypeID[382] = 21
  out_sourceTypeID[383] = 21
  out_sourceTypeID[384] = 21
  out_sourceTypeID[385] = 21
  out_sourceTypeID[386] = 21
  out_sourceTypeID[387] = 21
  out_sourceTypeID[388] = 21
  out_sourceTypeID[389] = 21
  out_sourceTypeID[390] = 21
  out_sourceTypeID[391] = 21
  out_sourceTypeID[392] = 21
  out_sourceTypeID[393] = 21
  out_sourceTypeID[394] = 21
  out_sourceTypeID[395] = 21
  out_sourceTypeID[396] = 21
  out_sourceTypeID[397] = 21
  out_sourceTypeID[398] = 21
  out_sourceTypeID[399] = 21
  out_sourceTypeID[400] = 21
  out_sourceTypeID[401] = 21
  out_sourceTypeID[402] = 21
  out_sourceTypeID[403] = 21
  out_sourceTypeID[404] = 21
  out_sourceTypeID[405] = 21
  out_sourceTypeID[406] = 21
  out_sourceTypeID[407] = 21
  out_sourceTypeID[408] = 21
  out_sourceTypeID[409] = 21
  out_sourceTypeID[410] = 21
  out_sourceTypeID[411] = 21
  out_sourceTypeID[412] = 21
  out_sourceTypeID[413] = 21
  out_sourceTypeID[414] = 21
  out_sourceTypeID[415] = 21
  out_sourceTypeID[416] = 21
  out_sourceTypeID[417] = 21
  out_sourceTypeID[418] = 21
  out_sourceTypeID[419] = 21
  out_sourceTypeID[420] = 21
  out_sourceTypeID[421] = 21
  out_sourceTypeID[422] = 21
  out_sourceTypeID[423] = 21
  out_sourceTypeID[424] = 21
  out_sourceTypeID[425] = 21
  out_sourceTypeID[426] = 21
  out_sourceTypeID[427] = 21
  out_sourceTypeID[428] = 21
  out_sourceTypeID[429] = 21
  out_sourceTypeID[430] = 21
  out_sourceTypeID[431] = 21
  out_sourceTypeID[432] = 21
  out_sourceTypeID[433] = 21
  out_sourceTypeID[434] = 21
  out_sourceTypeID[435] = 21
  out_sourceTypeID[436] = 21
  out_roadTypeID[1] = 4
  out_roadTypeID[2] = 4
  out_roadTypeID[3] = 4
  out_roadTypeID[4] = 4
  out_roadTypeID[5] = 4
  out_roadTypeID[6] = 4
  out_roadTypeID[7] = 4
  out_roadTypeID[8] = 4
  out_roadTypeID[9] = 4
  out_roadTypeID[10] = 4
  out_roadTypeID[11] = 4
  out_roadTypeID[12] = 4
  out_roadTypeID[13] = 4
  out_roadTypeID[14] = 4
  out_roadTypeID[15] = 4
  out_roadTypeID[16] = 4
  out_roadTypeID[17] = 4
  out_roadTypeID[18] = 4
  out_roadTypeID[19] = 4
  out_roadTypeID[20] = 4
  out_roadTypeID[21] = 4
  out_roadTypeID[22] = 4
  out_roadTypeID[23] = 4
  out_roadTypeID[24] = 4
  out_roadTypeID[25] = 4
  out_roadTypeID[26] = 4
  out_roadTypeID[27] = 4
  out_roadTypeID[28] = 4
  out_roadTypeID[29] = 4
  out_roadTypeID[30] = 4
  out_roadTypeID[31] = 4
  out_roadTypeID[32] = 4
  out_roadTypeID[33] = 4
  out_roadTypeID[34] = 4
  out_roadTypeID[35] = 4
  out_roadTypeID[36] = 4
  out_roadTypeID[37] = 4
  out_roadTypeID[38] = 4
  out_roadTypeID[39] = 4
  out_roadTypeID[40] = 4
  out_roadTypeID[41] = 4
  out_roadTypeID[42] = 4
  out_roadTypeID[43] = 4
  out_roadTypeID[44] = 4
  out_roadTypeID[45] = 4
  out_roadTypeID[46] = 4
  out_roadTypeID[47] = 4
  out_roadTypeID[48] = 4
  out_roadTypeID[49] = 4
  out_roadTypeID[50] = 4
  out_roadTypeID[51] = 4
  out_roadTypeID[52] = 4
  out_roadTypeID[53] = 4
  out_roadTypeID[54] = 4
  out_roadTypeID[55] = 4
  out_roadTypeID[56] = 4
  out_roadTypeID[57] = 4
  out_roadTypeID[58] = 4
  out_roadTypeID[59] = 4
  out_roadTypeID[60] = 4
  out_roadTypeID[61] = 4
  out_roadTypeID[62] = 4
  out_roadTypeID[63] = 4
  out_roadTypeID[64] = 4
  out_roadTypeID[65] = 4
  out_roadTypeID[66] = 4
  out_roadTypeID[67] = 4
  out_roadTypeID[68] = 4
  out_roadTypeID[69] = 4
  out_roadTypeID[70] = 4
  out_roadTypeID[71] = 4
  out_roadTypeID[72] = 4
  out_roadTypeID[73] = 4
  out_roadTypeID[74] = 4
  out_roadTypeID[75] = 4
  out_roadTypeID[76] = 4
  out_roadTypeID[77] = 4
  out_roadTypeID[78] = 4
  out_roadTypeID[79] = 4
  out_roadTypeID[80] = 4
  out_roadTypeID[81] = 4
  out_roadTypeID[82] = 4
  out_roadTypeID[83] = 4
  out_roadTypeID[84] = 4
  out_roadTypeID[85] = 4
  out_roadTypeID[86] = 4
  out_roadTypeID[87] = 4
  out_roadTypeID[88] = 4
  out_roadTypeID[89] = 4
  out_roadTypeID[90] = 4
  out_roadTypeID[91] = 4
  out_roadTypeID[92] = 4
  out_roadTypeID[93] = 4
  out_roadTypeID[94] = 4
  out_roadTypeID[95] = 4
  out_roadTypeID[96] = 4
  out_roadTypeID[97] = 4
  out_roadTypeID[98] = 4
  out_roadTypeID[99] = 4
  out_roadTypeID[100] = 4
  out_roadTypeID[101] = 4
  out_roadTypeID[102] = 4
  out_roadTypeID[103] = 4
  out_roadTypeID[104] = 4
  out_roadTypeID[105] = 4
  out_roadTypeID[106] = 4
  out_roadTypeID[107] = 4
  out_roadTypeID[108] = 4
  out_roadTypeID[109] = 4
  out_roadTypeID[110] = 4
  out_roadTypeID[111] = 4
  out_roadTypeID[112] = 4
  out_roadTypeID[113] = 4
  out_roadTypeID[114] = 4
  out_roadTypeID[115] = 4
  out_roadTypeID[116] = 4
  out_roadTypeID[117] = 4
  out_roadTypeID[118] = 4
  out_roadTypeID[119] = 4
  out_roadTypeID[120] = 4
  out_roadTypeID[121] = 4
  out_roadTypeID[122] = 4
  out_roadTypeID[123] = 4
  out_roadTypeID[124] = 4
  out_roadTypeID[125] = 4
  out_roadTypeID[126] = 4
  out_roadTypeID[127] = 4
  out_roadTypeID[128] = 4
  out_roadTypeID[129] = 4
  out_roadTypeID[130] = 4
  out_roadTypeID[131] = 4
  out_roadTypeID[132] = 4
  out_roadTypeID[133] = 4
  out_roadTypeID[134] = 4
  out_roadTypeID[135] = 4
  out_roadTypeID[136] = 4
  out_roadTypeID[137] = 4
  out_roadTypeID[138] = 4
  out_roadTypeID[139] = 4
  out_roadTypeID[140] = 4
  out_roadTypeID[141] = 4
  out_roadTypeID[142] = 4
  out_roadTypeID[143] = 4
  out_roadTypeID[144] = 4
  out_roadTypeID[145] = 4
  out_roadTypeID[146] = 4
  out_roadTypeID[147] = 4
  out_roadTypeID[148] = 4
  out_roadTypeID[149] = 4
  out_roadTypeID[150] = 4
  out_roadTypeID[151] = 4
  out_roadTypeID[152] = 4
  out_roadTypeID[153] = 4
  out_roadTypeID[154] = 4
  out_roadTypeID[155] = 4
  out_roadTypeID[156] = 4
  out_roadTypeID[157] = 4
  out_roadTypeID[158] = 4
  out_roadTypeID[159] = 4
  out_roadTypeID[160] = 4
  out_roadTypeID[161] = 4
  out_roadTypeID[162] = 4
  out_roadTypeID[163] = 4
  out_roadTypeID[164] = 4
  out_roadTypeID[165] = 4
  out_roadTypeID[166] = 4
  out_roadTypeID[167] = 4
  out_roadTypeID[168] = 4
  out_roadTypeID[169] = 4
  out_roadTypeID[170] = 4
  out_roadTypeID[171] = 4
  out_roadTypeID[172] = 4
  out_roadTypeID[173] = 4
  out_roadTypeID[174] = 4
  out_roadTypeID[175] = 4
  out_roadTypeID[176] = 4
  out_roadTypeID[177] = 4
  out_roadTypeID[178] = 4
  out_roadTypeID[179] = 4
  out_roadTypeID[180] = 4
  out_roadTypeID[181] = 4
  out_roadTypeID[182] = 4
  out_roadTypeID[183] = 4
  out_roadTypeID[184] = 4
  out_roadTypeID[185] = 4
  out_roadTypeID[186] = 4
  out_roadTypeID[187] = 4
  out_roadTypeID[188] = 4
  out_roadTypeID[189] = 4
  out_roadTypeID[190] = 4
  out_roadTypeID[191] = 4
  out_roadTypeID[192] = 4
  out_roadTypeID[193] = 4
  out_roadTypeID[194] = 4
  out_roadTypeID[195] = 4
  out_roadTypeID[196] = 4
  out_roadTypeID[197] = 4
  out_roadTypeID[198] = 4
  out_roadTypeID[199] = 4
  out_roadTypeID[200] = 4
  out_roadTypeID[201] = 4
  out_roadTypeID[202] = 4
  out_roadTypeID[203] = 4
  out_roadTypeID[204] = 4
  out_roadTypeID[205] = 4
  out_roadTypeID[206] = 4
  out_roadTypeID[207] = 4
  out_roadTypeID[208] = 4
  out_roadTypeID[209] = 4
  out_roadTypeID[210] = 4
  out_roadTypeID[211] = 4
  out_roadTypeID[212] = 4
  out_roadTypeID[213] = 4
  out_roadTypeID[214] = 4
  out_roadTypeID[215] = 4
  out_roadTypeID[216] = 4
  out_roadTypeID[217] = 4
  out_roadTypeID[218] = 4
  out_roadTypeID[219] = 4
  out_roadTypeID[220] = 4
  out_roadTypeID[221] = 4
  out_roadTypeID[222] = 4
  out_roadTypeID[223] = 4
  out_roadTypeID[224] = 4
  out_roadTypeID[225] = 4
  out_roadTypeID[226] = 4
  out_roadTypeID[227] = 4
  out_roadTypeID[228] = 4
  out_roadTypeID[229] = 4
  out_roadTypeID[230] = 4
  out_roadTypeID[231] = 4
  out_roadTypeID[232] = 4
  out_roadTypeID[233] = 4
  out_roadTypeID[234] = 4
  out_roadTypeID[235] = 4
  out_roadTypeID[236] = 4
  out_roadTypeID[237] = 4
  out_roadTypeID[238] = 4
  out_roadTypeID[239] = 4
  out_roadTypeID[240] = 4
  out_roadTypeID[241] = 4
  out_roadTypeID[242] = 4
  out_roadTypeID[243] = 4
  out_roadTypeID[244] = 4
  out_roadTypeID[245] = 4
  out_roadTypeID[246] = 4
  out_roadTypeID[247] = 4
  out_roadTypeID[248] = 4
  out_roadTypeID[249] = 4
  out_roadTypeID[250] = 4
  out_roadTypeID[251] = 4
  out_roadTypeID[252] = 4
  out_roadTypeID[253] = 4
  out_roadTypeID[254] = 4
  out_roadTypeID[255] = 4
  out_roadTypeID[256] = 4
  out_roadTypeID[257] = 4
  out_roadTypeID[258] = 4
  out_roadTypeID[259] = 4
  out_roadTypeID[260] = 4
  out_roadTypeID[261] = 4
  out_roadTypeID[262] = 4
  out_roadTypeID[263] = 4
  out_roadTypeID[264] = 4
  out_roadTypeID[265] = 4
  out_roadTypeID[266] = 4
  out_roadTypeID[267] = 4
  out_roadTypeID[268] = 4
  out_roadTypeID[269] = 4
  out_roadTypeID[270] = 4
  out_roadTypeID[271] = 4
  out_roadTypeID[272] = 4
  out_roadTypeID[273] = 4
  out_roadTypeID[274] = 4
  out_roadTypeID[275] = 4
  out_roadTypeID[276] = 4
  out_roadTypeID[277] = 4
  out_roadTypeID[278] = 4
  out_roadTypeID[279] = 4
  out_roadTypeID[280] = 4
  out_roadTypeID[281] = 4
  out_roadTypeID[282] = 4
  out_roadTypeID[283] = 4
  out_roadTypeID[284] = 4
  out_roadTypeID[285] = 4
  out_roadTypeID[286] = 4
  out_roadTypeID[287] = 4
  out_roadTypeID[288] = 4
  out_roadTypeID[289] = 4
  out_roadTypeID[290] = 4
  out_roadTypeID[291] = 4
  out_roadTypeID[292] = 4
  out_roadTypeID[293] = 4
  out_roadTypeID[294] = 4
  out_roadTypeID[295] = 4
  out_roadTypeID[296] = 4
  out_roadTypeID[297] = 4
  out_roadTypeID[298] = 4
  out_roadTypeID[299] = 4
  out_roadTypeID[300] = 4
  out_roadTypeID[301] = 4
  out_roadTypeID[302] = 4
  out_roadTypeID[303] = 4
  out_roadTypeID[304] = 4
  out_roadTypeID[305] = 4
  out_roadTypeID[306] = 4
  out_roadTypeID[307] = 4
  out_roadTypeID[308] = 4
  out_roadTypeID[309] = 4
  out_roadTypeID[310] = 4
  out_roadTypeID[311] = 4
  out_roadTypeID[312] = 4
  out_roadTypeID[313] = 4
  out_roadTypeID[314] = 4
  out_roadTypeID[315] = 4
  out_roadTypeID[316] = 4
  out_roadTypeID[317] = 4
  out_roadTypeID[318] = 4
  out_roadTypeID[319] = 4
  out_roadTypeID[320] = 4
  out_roadTypeID[321] = 4
  out_roadTypeID[322] = 4
  out_roadTypeID[323] = 4
  out_roadTypeID[324] = 4
  out_roadTypeID[325] = 4
  out_roadTypeID[326] = 4
  out_roadTypeID[327] = 4
  out_roadTypeID[328] = 4
  out_roadTypeID[329] = 4
  out_roadTypeID[330] = 4
  out_roadTypeID[331] = 4
  out_roadTypeID[332] = 4
  out_roadTypeID[333] = 4
  out_roadTypeID[334] = 4
  out_roadTypeID[335] = 4
  out_roadTypeID[336] = 4
  out_roadTypeID[337] = 4
  out_roadTypeID[338] = 4
  out_roadTypeID[339] = 4
  out_roadTypeID[340] = 4
  out_roadTypeID[341] = 4
  out_roadTypeID[342] = 4
  out_roadTypeID[343] = 4
  out_roadTypeID[344] = 4
  out_roadTypeID[345] = 4
  out_roadTypeID[346] = 4
  out_roadTypeID[347] = 4
  out_roadTypeID[348] = 4
  out_roadTypeID[349] = 4
  out_roadTypeID[350] = 4
  out_roadTypeID[351] = 4
  out_roadTypeID[352] = 4
  out_roadTypeID[353] = 4
  out_roadTypeID[354] = 4
  out_roadTypeID[355] = 4
  out_roadTypeID[356] = 4
  out_roadTypeID[357] = 4
  out_roadTypeID[358] = 4
  out_roadTypeID[359] = 4
  out_roadTypeID[360] = 4
  out_roadTypeID[361] = 4
  out_roadTypeID[362] = 4
  out_roadTypeID[363] = 4
  out_roadTypeID[364] = 4
  out_roadTypeID[365] = 4
  out_roadTypeID[366] = 4
  out_roadTypeID[367] = 4
  out_roadTypeID[368] = 4
  out_roadTypeID[369] = 4
  out_roadTypeID[370] = 4
  out_roadTypeID[371] = 4
  out_roadTypeID[372] = 4
  out_roadTypeID[373] = 4
  out_roadTypeID[374] = 4
  out_roadTypeID[375] = 4
  out_roadTypeID[376] = 4
  out_roadTypeID[377] = 4
  out_roadTypeID[378] = 4
  out_roadTypeID[379] = 4
  out_roadTypeID[380] = 4
  out_roadTypeID[381] = 4
  out_roadTypeID[382] = 4
  out_roadTypeID[383] = 4
  out_roadTypeID[384] = 4
  out_roadTypeID[385] = 4
  out_roadTypeID[386] = 4
  out_roadTypeID[387] = 4
  out_roadTypeID[388] = 4
  out_roadTypeID[389] = 4
  out_roadTypeID[390] = 4
  out_roadTypeID[391] = 4
  out_roadTypeID[392] = 4
  out_roadTypeID[393] = 4
  out_roadTypeID[394] = 4
  out_roadTypeID[395] = 4
  out_roadTypeID[396] = 4
  out_roadTypeID[397] = 4
  out_roadTypeID[398] = 4
  out_roadTypeID[399] = 4
  out_roadTypeID[400] = 4
  out_roadTypeID[401] = 4
  out_roadTypeID[402] = 4
  out_roadTypeID[403] = 4
  out_roadTypeID[404] = 4
  out_roadTypeID[405] = 4
  out_roadTypeID[406] = 4
  out_roadTypeID[407] = 4
  out_roadTypeID[408] = 4
  out_roadTypeID[409] = 4
  out_roadTypeID[410] = 4
  out_roadTypeID[411] = 4
  out_roadTypeID[412] = 4
  out_roadTypeID[413] = 4
  out_roadTypeID[414] = 4
  out_roadTypeID[415] = 4
  out_roadTypeID[416] = 4
  out_roadTypeID[417] = 4
  out_roadTypeID[418] = 4
  out_roadTypeID[419] = 4
  out_roadTypeID[420] = 4
  out_roadTypeID[421] = 4
  out_roadTypeID[422] = 4
  out_roadTypeID[423] = 4
  out_roadTypeID[424] = 4
  out_roadTypeID[425] = 4
  out_roadTypeID[426] = 4
  out_roadTypeID[427] = 4
  out_roadTypeID[428] = 4
  out_roadTypeID[429] = 4
  out_roadTypeID[430] = 4
  out_roadTypeID[431] = 4
  out_roadTypeID[432] = 4
  out_roadTypeID[433] = 4
  out_roadTypeID[434] = 4
  out_roadTypeID[435] = 4
  out_roadTypeID[436] = 4
  out_SCC[1] = 2201210401
  out_SCC[2] = 2201210401
  out_SCC[3] = 2201210401
  out_SCC[4] = 2201210401
  out_SCC[5] = 2201210401
  out_SCC[6] = 2201210401
  out_SCC[7] = 2201210401
  out_SCC[8] = 2201210401
  out_SCC[9] = 2201210401
  out_SCC[10] = 2201210401
  out_SCC[11] = 2201210401
  out_SCC[12] = 2201210401
  out_SCC[13] = 2201210401
  out_SCC[14] = 2201210401
  out_SCC[15] = 2201210401
  out_SCC[16] = 2201210401
  out_SCC[17] = 2201210401
  out_SCC[18] = 2201210401
  out_SCC[19] = 2201210401
  out_SCC[20] = 2201210401
  out_SCC[21] = 2201210401
  out_SCC[22] = 2201210401
  out_SCC[23] = 2201210401
  out_SCC[24] = 2201210401
  out_SCC[25] = 2201210401
  out_SCC[26] = 2201210401
  out_SCC[27] = 2201210401
  out_SCC[28] = 2201210401
  out_SCC[29] = 2201210401
  out_SCC[30] = 2201210401
  out_SCC[31] = 2201210401
  out_SCC[32] = 2201210401
  out_SCC[33] = 2201210401
  out_SCC[34] = 2201210401
  out_SCC[35] = 2201210401
  out_SCC[36] = 2201210401
  out_SCC[37] = 2201210401
  out_SCC[38] = 2201210401
  out_SCC[39] = 2201210401
  out_SCC[40] = 2201210401
  out_SCC[41] = 2201210401
  out_SCC[42] = 2202210401
  out_SCC[43] = 2202210401
  out_SCC[44] = 2202210401
  out_SCC[45] = 2202210401
  out_SCC[46] = 2202210401
  out_SCC[47] = 2202210401
  out_SCC[48] = 2202210401
  out_SCC[49] = 2202210401
  out_SCC[50] = 2202210401
  out_SCC[51] = 2202210401
  out_SCC[52] = 2202210401
  out_SCC[53] = 2202210401
  out_SCC[54] = 2202210401
  out_SCC[55] = 2202210401
  out_SCC[56] = 2202210401
  out_SCC[57] = 2202210401
  out_SCC[58] = 2202210401
  out_SCC[59] = 2202210401
  out_SCC[60] = 2202210401
  out_SCC[61] = 2202210401
  out_SCC[62] = 2202210401
  out_SCC[63] = 2202210401
  out_SCC[64] = 2202210401
  out_SCC[65] = 2202210401
  out_SCC[66] = 2202210401
  out_SCC[67] = 2202210401
  out_SCC[68] = 2202210401
  out_SCC[69] = 2202210401
  out_SCC[70] = 2202210401
  out_SCC[71] = 2202210401
  out_SCC[72] = 2202210401
  out_SCC[73] = 2202210401
  out_SCC[74] = 2202210401
  out_SCC[75] = 2202210401
  out_SCC[76] = 2202210401
  out_SCC[77] = 2202210401
  out_SCC[78] = 2202210401
  out_SCC[79] = 2202210401
  out_SCC[80] = 2202210401
  out_SCC[81] = 2202210401
  out_SCC[82] = 2205210401
  out_SCC[83] = 2205210401
  out_SCC[84] = 2205210401
  out_SCC[85] = 2205210401
  out_SCC[86] = 2205210401
  out_SCC[87] = 2205210401
  out_SCC[88] = 2205210401
  out_SCC[89] = 2205210401
  out_SCC[90] = 2205210401
  out_SCC[91] = 2205210401
  out_SCC[92] = 2205210401
  out_SCC[93] = 2205210401
  out_SCC[94] = 2205210401
  out_SCC[95] = 2205210401
  out_SCC[96] = 2205210401
  out_SCC[97] = 2205210401
  out_SCC[98] = 2205210401
  out_SCC[99] = 2205210401
  out_SCC[100] = 2205210401
  out_SCC[101] = 2205210401
  out_SCC[102] = 2205210401
  out_SCC[103] = 2205210401
  out_SCC[104] = 2205210401
  out_SCC[105] = 2209210401
  out_SCC[106] = 2209210401
  out_SCC[107] = 2209210401
  out_SCC[108] = 2209210401
  out_SCC[109] = 2209210401
  out_SCC[110] = 2209210401
  out_SCC[111] = 2209210401
  out_SCC[112] = 2209210401
  out_SCC[113] = 2209210401
  out_SCC[114] = 2209210401
  out_SCC[115] = 2209210401
  out_SCC[116] = 2209210401
  out_SCC[117] = 2209210401
  out_SCC[118] = 2209210401
  out_SCC[119] = 2209210401
  out_SCC[120] = 2209210401
  out_SCC[121] = 2209210401
  out_SCC[122] = 2209210401
  out_SCC[123] = 2209210401
  out_SCC[124] = 2209210401
  out_SCC[125] = 2201210401
  out_SCC[126] = 2201210401
  out_SCC[127] = 2201210401
  out_SCC[128] = 2201210401
  out_SCC[129] = 2201210401
  out_SCC[130] = 2201210401
  out_SCC[131] = 2201210401
  out_SCC[132] = 2201210401
  out_SCC[133] = 2201210401
  out_SCC[134] = 2201210401
  out_SCC[135] = 2201210401
  out_SCC[136] = 2201210401
  out_SCC[137] = 2201210401
  out_SCC[138] = 2201210401
  out_SCC[139] = 2201210401
  out_SCC[140] = 2201210401
  out_SCC[141] = 2201210401
  out_SCC[142] = 2201210401
  out_SCC[143] = 2201210401
  out_SCC[144] = 2201210401
  out_SCC[145] = 2201210401
  out_SCC[146] = 2201210401
  out_SCC[147] = 2201210401
  out_SCC[148] = 2201210401
  out_SCC[149] = 2201210401
  out_SCC[150] = 2201210401
  out_SCC[151] = 2201210401
  out_SCC[152] = 2201210401
  out_SCC[153] = 2201210401
  out_SCC[154] = 2201210401
  out_SCC[155] = 2201210401
  out_SCC[156] = 2201210401
  out_SCC[157] = 2201210401
  out_SCC[158] = 2201210401
  out_SCC[159] = 2201210401
  out_SCC[160] = 2201210401
  out_SCC[161] = 2201210401
  out_SCC[162] = 2201210401
  out_SCC[163] = 2201210401
  out_SCC[164] = 2201210401
  out_SCC[165] = 2201210401
  out_SCC[166] = 2202210401
  out_SCC[167] = 2202210401
  out_SCC[168] = 2202210401
  out_SCC[169] = 2202210401
  out_SCC[170] = 2202210401
  out_SCC[171] = 2202210401
  out_SCC[172] = 2202210401
  out_SCC[173] = 2202210401
  out_SCC[174] = 2202210401
  out_SCC[175] = 2202210401
  out_SCC[176] = 2202210401
  out_SCC[177] = 2202210401
  out_SCC[178] = 2202210401
  out_SCC[179] = 2202210401
  out_SCC[180] = 2202210401
  out_SCC[181] = 2202210401
  out_SCC[182] = 2202210401
  out_SCC[183] = 2202210401
  out_SCC[184] = 2202210401
  out_SCC[185] = 2202210401
  out_SCC[186] = 2202210401
  out_SCC[187] = 2202210401
  out_SCC[188] = 2202210401
  out_SCC[189] = 2202210401
  out_SCC[190] = 2202210401
  out_SCC[191] = 2202210401
  out_SCC[192] = 2202210401
  out_SCC[193] = 2202210401
  out_SCC[194] = 2202210401
  out_SCC[195] = 2202210401
  out_SCC[196] = 2202210401
  out_SCC[197] = 2202210401
  out_SCC[198] = 2202210401
  out_SCC[199] = 2202210401
  out_SCC[200] = 2202210401
  out_SCC[201] = 2202210401
  out_SCC[202] = 2202210401
  out_SCC[203] = 2202210401
  out_SCC[204] = 2202210401
  out_SCC[205] = 2202210401
  out_SCC[206] = 2205210401
  out_SCC[207] = 2205210401
  out_SCC[208] = 2205210401
  out_SCC[209] = 2205210401
  out_SCC[210] = 2205210401
  out_SCC[211] = 2205210401
  out_SCC[212] = 2205210401
  out_SCC[213] = 2205210401
  out_SCC[214] = 2205210401
  out_SCC[215] = 2205210401
  out_SCC[216] = 2205210401
  out_SCC[217] = 2205210401
  out_SCC[218] = 2205210401
  out_SCC[219] = 2205210401
  out_SCC[220] = 2205210401
  out_SCC[221] = 2205210401
  out_SCC[222] = 2205210401
  out_SCC[223] = 2205210401
  out_SCC[224] = 2205210401
  out_SCC[225] = 2205210401
  out_SCC[226] = 2205210401
  out_SCC[227] = 2205210401
  out_SCC[228] = 2205210401
  out_SCC[229] = 2201210401
  out_SCC[230] = 2201210401
  out_SCC[231] = 2201210401
  out_SCC[232] = 2201210401
  out_SCC[233] = 2201210401
  out_SCC[234] = 2201210401
  out_SCC[235] = 2201210401
  out_SCC[236] = 2201210401
  out_SCC[237] = 2201210401
  out_SCC[238] = 2201210401
  out_SCC[239] = 2201210401
  out_SCC[240] = 2201210401
  out_SCC[241] = 2201210401
  out_SCC[242] = 2201210401
  out_SCC[243] = 2201210401
  out_SCC[244] = 2201210401
  out_SCC[245] = 2201210401
  out_SCC[246] = 2201210401
  out_SCC[247] = 2201210401
  out_SCC[248] = 2201210401
  out_SCC[249] = 2201210401
  out_SCC[250] = 2201210401
  out_SCC[251] = 2201210401
  out_SCC[252] = 2201210401
  out_SCC[253] = 2201210401
  out_SCC[254] = 2201210401
  out_SCC[255] = 2201210401
  out_SCC[256] = 2201210401
  out_SCC[257] = 2201210401
  out_SCC[258] = 2201210401
  out_SCC[259] = 2201210401
  out_SCC[260] = 2201210401
  out_SCC[261] = 2201210401
  out_SCC[262] = 2201210401
  out_SCC[263] = 2201210401
  out_SCC[264] = 2201210401
  out_SCC[265] = 2201210401
  out_SCC[266] = 2201210401
  out_SCC[267] = 2201210401
  out_SCC[268] = 2201210401
  out_SCC[269] = 2201210401
  out_SCC[270] = 2202210401
  out_SCC[271] = 2202210401
  out_SCC[272] = 2202210401
  out_SCC[273] = 2202210401
  out_SCC[274] = 2202210401
  out_SCC[275] = 2202210401
  out_SCC[276] = 2202210401
  out_SCC[277] = 2202210401
  out_SCC[278] = 2202210401
  out_SCC[279] = 2202210401
  out_SCC[280] = 2202210401
  out_SCC[281] = 2202210401
  out_SCC[282] = 2202210401
  out_SCC[283] = 2202210401
  out_SCC[284] = 2202210401
  out_SCC[285] = 2202210401
  out_SCC[286] = 2202210401
  out_SCC[287] = 2202210401
  out_SCC[288] = 2202210401
  out_SCC[289] = 2202210401
  out_SCC[290] = 2202210401
  out_SCC[291] = 2202210401
  out_SCC[292] = 2202210401
  out_SCC[293] = 2202210401
  out_SCC[294] = 2202210401
  out_SCC[295] = 2202210401
  out_SCC[296] = 2202210401
  out_SCC[297] = 2202210401
  out_SCC[298] = 2202210401
  out_SCC[299] = 2202210401
  out_SCC[300] = 2202210401
  out_SCC[301] = 2202210401
  out_SCC[302] = 2202210401
  out_SCC[303] = 2202210401
  out_SCC[304] = 2202210401
  out_SCC[305] = 2202210401
  out_SCC[306] = 2202210401
  out_SCC[307] = 2202210401
  out_SCC[308] = 2202210401
  out_SCC[309] = 2202210401
  out_SCC[310] = 2205210401
  out_SCC[311] = 2205210401
  out_SCC[312] = 2205210401
  out_SCC[313] = 2205210401
  out_SCC[314] = 2205210401
  out_SCC[315] = 2205210401
  out_SCC[316] = 2205210401
  out_SCC[317] = 2205210401
  out_SCC[318] = 2205210401
  out_SCC[319] = 2205210401
  out_SCC[320] = 2205210401
  out_SCC[321] = 2205210401
  out_SCC[322] = 2205210401
  out_SCC[323] = 2205210401
  out_SCC[324] = 2205210401
  out_SCC[325] = 2205210401
  out_SCC[326] = 2205210401
  out_SCC[327] = 2205210401
  out_SCC[328] = 2205210401
  out_SCC[329] = 2205210401
  out_SCC[330] = 2205210401
  out_SCC[331] = 2205210401
  out_SCC[332] = 2205210401
  out_SCC[333] = 2201210401
  out_SCC[334] = 2201210401
  out_SCC[335] = 2201210401
  out_SCC[336] = 2201210401
  out_SCC[337] = 2201210401
  out_SCC[338] = 2201210401
  out_SCC[339] = 2201210401
  out_SCC[340] = 2201210401
  out_SCC[341] = 2201210401
  out_SCC[342] = 2201210401
  out_SCC[343] = 2201210401
  out_SCC[344] = 2201210401
  out_SCC[345] = 2201210401
  out_SCC[346] = 2201210401
  out_SCC[347] = 2201210401
  out_SCC[348] = 2201210401
  out_SCC[349] = 2201210401
  out_SCC[350] = 2201210401
  out_SCC[351] = 2201210401
  out_SCC[352] = 2201210401
  out_SCC[353] = 2201210401
  out_SCC[354] = 2201210401
  out_SCC[355] = 2201210401
  out_SCC[356] = 2201210401
  out_SCC[357] = 2201210401
  out_SCC[358] = 2201210401
  out_SCC[359] = 2201210401
  out_SCC[360] = 2201210401
  out_SCC[361] = 2201210401
  out_SCC[362] = 2201210401
  out_SCC[363] = 2201210401
  out_SCC[364] = 2201210401
  out_SCC[365] = 2201210401
  out_SCC[366] = 2201210401
  out_SCC[367] = 2201210401
  out_SCC[368] = 2201210401
  out_SCC[369] = 2201210401
  out_SCC[370] = 2201210401
  out_SCC[371] = 2201210401
  out_SCC[372] = 2201210401
  out_SCC[373] = 2201210401
  out_SCC[374] = 2202210401
  out_SCC[375] = 2202210401
  out_SCC[376] = 2202210401
  out_SCC[377] = 2202210401
  out_SCC[378] = 2202210401
  out_SCC[379] = 2202210401
  out_SCC[380] = 2202210401
  out_SCC[381] = 2202210401
  out_SCC[382] = 2202210401
  out_SCC[383] = 2202210401
  out_SCC[384] = 2202210401
  out_SCC[385] = 2202210401
  out_SCC[386] = 2202210401
  out_SCC[387] = 2202210401
  out_SCC[388] = 2202210401
  out_SCC[389] = 2202210401
  out_SCC[390] = 2202210401
  out_SCC[391] = 2202210401
  out_SCC[392] = 2202210401
  out_SCC[393] = 2202210401
  out_SCC[394] = 2202210401
  out_SCC[395] = 2202210401
  out_SCC[396] = 2202210401
  out_SCC[397] = 2202210401
  out_SCC[398] = 2202210401
  out_SCC[399] = 2202210401
  out_SCC[400] = 2202210401
  out_SCC[401] = 2202210401
  out_SCC[402] = 2202210401
  out_SCC[403] = 2202210401
  out_SCC[404] = 2202210401
  out_SCC[405] = 2202210401
  out_SCC[406] = 2202210401
  out_SCC[407] = 2202210401
  out_SCC[408] = 2202210401
  out_SCC[409] = 2202210401
  out_SCC[410] = 2202210401
  out_SCC[411] = 2202210401
  out_SCC[412] = 2202210401
  out_SCC[413] = 2202210401
  out_SCC[414] = 2205210401
  out_SCC[415] = 2205210401
  out_SCC[416] = 2205210401
  out_SCC[417] = 2205210401
  out_SCC[418] = 2205210401
  out_SCC[419] = 2205210401
  out_SCC[420] = 2205210401
  out_SCC[421] = 2205210401
  out_SCC[422] = 2205210401
  out_SCC[423] = 2205210401
  out_SCC[424] = 2205210401
  out_SCC[425] = 2205210401
  out_SCC[426] = 2205210401
  out_SCC[427] = 2205210401
  out_SCC[428] = 2205210401
  out_SCC[429] = 2205210401
  out_SCC[430] = 2205210401
  out_SCC[431] = 2205210401
  out_SCC[432] = 2205210401
  out_SCC[433] = 2205210401
  out_SCC[434] = 2205210401
  out_SCC[435] = 2205210401
  out_SCC[436] = 2205210401
  out_zoneID[1] = NaN
  out_zoneID[2] = NaN
  out_zoneID[3] = NaN
  out_zoneID[4] = NaN
  out_zoneID[5] = NaN
  out_zoneID[6] = NaN
  out_zoneID[7] = NaN
  out_zoneID[8] = NaN
  out_zoneID[9] = NaN
  out_zoneID[10] = NaN
  out_zoneID[11] = NaN
  out_zoneID[12] = NaN
  out_zoneID[13] = NaN
  out_zoneID[14] = NaN
  out_zoneID[15] = NaN
  out_zoneID[16] = NaN
  out_zoneID[17] = NaN
  out_zoneID[18] = NaN
  out_zoneID[19] = NaN
  out_zoneID[20] = NaN
  out_zoneID[21] = NaN
  out_zoneID[22] = NaN
  out_zoneID[23] = NaN
  out_zoneID[24] = NaN
  out_zoneID[25] = NaN
  out_zoneID[26] = NaN
  out_zoneID[27] = NaN
  out_zoneID[28] = NaN
  out_zoneID[29] = NaN
  out_zoneID[30] = NaN
  out_zoneID[31] = NaN
  out_zoneID[32] = NaN
  out_zoneID[33] = NaN
  out_zoneID[34] = NaN
  out_zoneID[35] = NaN
  out_zoneID[36] = NaN
  out_zoneID[37] = NaN
  out_zoneID[38] = NaN
  out_zoneID[39] = NaN
  out_zoneID[40] = NaN
  out_zoneID[41] = NaN
  out_zoneID[42] = NaN
  out_zoneID[43] = NaN
  out_zoneID[44] = NaN
  out_zoneID[45] = NaN
  out_zoneID[46] = NaN
  out_zoneID[47] = NaN
  out_zoneID[48] = NaN
  out_zoneID[49] = NaN
  out_zoneID[50] = NaN
  out_zoneID[51] = NaN
  out_zoneID[52] = NaN
  out_zoneID[53] = NaN
  out_zoneID[54] = NaN
  out_zoneID[55] = NaN
  out_zoneID[56] = NaN
  out_zoneID[57] = NaN
  out_zoneID[58] = NaN
  out_zoneID[59] = NaN
  out_zoneID[60] = NaN
  out_zoneID[61] = NaN
  out_zoneID[62] = NaN
  out_zoneID[63] = NaN
  out_zoneID[64] = NaN
  out_zoneID[65] = NaN
  out_zoneID[66] = NaN
  out_zoneID[67] = NaN
  out_zoneID[68] = NaN
  out_zoneID[69] = NaN
  out_zoneID[70] = NaN
  out_zoneID[71] = NaN
  out_zoneID[72] = NaN
  out_zoneID[73] = NaN
  out_zoneID[74] = NaN
  out_zoneID[75] = NaN
  out_zoneID[76] = NaN
  out_zoneID[77] = NaN
  out_zoneID[78] = NaN
  out_zoneID[79] = NaN
  out_zoneID[80] = NaN
  out_zoneID[81] = NaN
  out_zoneID[82] = NaN
  out_zoneID[83] = NaN
  out_zoneID[84] = NaN
  out_zoneID[85] = NaN
  out_zoneID[86] = NaN
  out_zoneID[87] = NaN
  out_zoneID[88] = NaN
  out_zoneID[89] = NaN
  out_zoneID[90] = NaN
  out_zoneID[91] = NaN
  out_zoneID[92] = NaN
  out_zoneID[93] = NaN
  out_zoneID[94] = NaN
  out_zoneID[95] = NaN
  out_zoneID[96] = NaN
  out_zoneID[97] = NaN
  out_zoneID[98] = NaN
  out_zoneID[99] = NaN
  out_zoneID[100] = NaN
  out_zoneID[101] = NaN
  out_zoneID[102] = NaN
  out_zoneID[103] = NaN
  out_zoneID[104] = NaN
  out_zoneID[105] = NaN
  out_zoneID[106] = NaN
  out_zoneID[107] = NaN
  out_zoneID[108] = NaN
  out_zoneID[109] = NaN
  out_zoneID[110] = NaN
  out_zoneID[111] = NaN
  out_zoneID[112] = NaN
  out_zoneID[113] = NaN
  out_zoneID[114] = NaN
  out_zoneID[115] = NaN
  out_zoneID[116] = NaN
  out_zoneID[117] = NaN
  out_zoneID[118] = NaN
  out_zoneID[119] = NaN
  out_zoneID[120] = NaN
  out_zoneID[121] = NaN
  out_zoneID[122] = NaN
  out_zoneID[123] = NaN
  out_zoneID[124] = NaN
  out_zoneID[125] = NaN
  out_zoneID[126] = NaN
  out_zoneID[127] = NaN
  out_zoneID[128] = NaN
  out_zoneID[129] = NaN
  out_zoneID[130] = NaN
  out_zoneID[131] = NaN
  out_zoneID[132] = NaN
  out_zoneID[133] = NaN
  out_zoneID[134] = NaN
  out_zoneID[135] = NaN
  out_zoneID[136] = NaN
  out_zoneID[137] = NaN
  out_zoneID[138] = NaN
  out_zoneID[139] = NaN
  out_zoneID[140] = NaN
  out_zoneID[141] = NaN
  out_zoneID[142] = NaN
  out_zoneID[143] = NaN
  out_zoneID[144] = NaN
  out_zoneID[145] = NaN
  out_zoneID[146] = NaN
  out_zoneID[147] = NaN
  out_zoneID[148] = NaN
  out_zoneID[149] = NaN
  out_zoneID[150] = NaN
  out_zoneID[151] = NaN
  out_zoneID[152] = NaN
  out_zoneID[153] = NaN
  out_zoneID[154] = NaN
  out_zoneID[155] = NaN
  out_zoneID[156] = NaN
  out_zoneID[157] = NaN
  out_zoneID[158] = NaN
  out_zoneID[159] = NaN
  out_zoneID[160] = NaN
  out_zoneID[161] = NaN
  out_zoneID[162] = NaN
  out_zoneID[163] = NaN
  out_zoneID[164] = NaN
  out_zoneID[165] = NaN
  out_zoneID[166] = NaN
  out_zoneID[167] = NaN
  out_zoneID[168] = NaN
  out_zoneID[169] = NaN
  out_zoneID[170] = NaN
  out_zoneID[171] = NaN
  out_zoneID[172] = NaN
  out_zoneID[173] = NaN
  out_zoneID[174] = NaN
  out_zoneID[175] = NaN
  out_zoneID[176] = NaN
  out_zoneID[177] = NaN
  out_zoneID[178] = NaN
  out_zoneID[179] = NaN
  out_zoneID[180] = NaN
  out_zoneID[181] = NaN
  out_zoneID[182] = NaN
  out_zoneID[183] = NaN
  out_zoneID[184] = NaN
  out_zoneID[185] = NaN
  out_zoneID[186] = NaN
  out_zoneID[187] = NaN
  out_zoneID[188] = NaN
  out_zoneID[189] = NaN
  out_zoneID[190] = NaN
  out_zoneID[191] = NaN
  out_zoneID[192] = NaN
  out_zoneID[193] = NaN
  out_zoneID[194] = NaN
  out_zoneID[195] = NaN
  out_zoneID[196] = NaN
  out_zoneID[197] = NaN
  out_zoneID[198] = NaN
  out_zoneID[199] = NaN
  out_zoneID[200] = NaN
  out_zoneID[201] = NaN
  out_zoneID[202] = NaN
  out_zoneID[203] = NaN
  out_zoneID[204] = NaN
  out_zoneID[205] = NaN
  out_zoneID[206] = NaN
  out_zoneID[207] = NaN
  out_zoneID[208] = NaN
  out_zoneID[209] = NaN
  out_zoneID[210] = NaN
  out_zoneID[211] = NaN
  out_zoneID[212] = NaN
  out_zoneID[213] = NaN
  out_zoneID[214] = NaN
  out_zoneID[215] = NaN
  out_zoneID[216] = NaN
  out_zoneID[217] = NaN
  out_zoneID[218] = NaN
  out_zoneID[219] = NaN
  out_zoneID[220] = NaN
  out_zoneID[221] = NaN
  out_zoneID[222] = NaN
  out_zoneID[223] = NaN
  out_zoneID[224] = NaN
  out_zoneID[225] = NaN
  out_zoneID[226] = NaN
  out_zoneID[227] = NaN
  out_zoneID[228] = NaN
  out_zoneID[229] = NaN
  out_zoneID[230] = NaN
  out_zoneID[231] = NaN
  out_zoneID[232] = NaN
  out_zoneID[233] = NaN
  out_zoneID[234] = NaN
  out_zoneID[235] = NaN
  out_zoneID[236] = NaN
  out_zoneID[237] = NaN
  out_zoneID[238] = NaN
  out_zoneID[239] = NaN
  out_zoneID[240] = NaN
  out_zoneID[241] = NaN
  out_zoneID[242] = NaN
  out_zoneID[243] = NaN
  out_zoneID[244] = NaN
  out_zoneID[245] = NaN
  out_zoneID[246] = NaN
  out_zoneID[247] = NaN
  out_zoneID[248] = NaN
  out_zoneID[249] = NaN
  out_zoneID[250] = NaN
  out_zoneID[251] = NaN
  out_zoneID[252] = NaN
  out_zoneID[253] = NaN
  out_zoneID[254] = NaN
  out_zoneID[255] = NaN
  out_zoneID[256] = NaN
  out_zoneID[257] = NaN
  out_zoneID[258] = NaN
  out_zoneID[259] = NaN
  out_zoneID[260] = NaN
  out_zoneID[261] = NaN
  out_zoneID[262] = NaN
  out_zoneID[263] = NaN
  out_zoneID[264] = NaN
  out_zoneID[265] = NaN
  out_zoneID[266] = NaN
  out_zoneID[267] = NaN
  out_zoneID[268] = NaN
  out_zoneID[269] = NaN
  out_zoneID[270] = NaN
  out_zoneID[271] = NaN
  out_zoneID[272] = NaN
  out_zoneID[273] = NaN
  out_zoneID[274] = NaN
  out_zoneID[275] = NaN
  out_zoneID[276] = NaN
  out_zoneID[277] = NaN
  out_zoneID[278] = NaN
  out_zoneID[279] = NaN
  out_zoneID[280] = NaN
  out_zoneID[281] = NaN
  out_zoneID[282] = NaN
  out_zoneID[283] = NaN
  out_zoneID[284] = NaN
  out_zoneID[285] = NaN
  out_zoneID[286] = NaN
  out_zoneID[287] = NaN
  out_zoneID[288] = NaN
  out_zoneID[289] = NaN
  out_zoneID[290] = NaN
  out_zoneID[291] = NaN
  out_zoneID[292] = NaN
  out_zoneID[293] = NaN
  out_zoneID[294] = NaN
  out_zoneID[295] = NaN
  out_zoneID[296] = NaN
  out_zoneID[297] = NaN
  out_zoneID[298] = NaN
  out_zoneID[299] = NaN
  out_zoneID[300] = NaN
  out_zoneID[301] = NaN
  out_zoneID[302] = NaN
  out_zoneID[303] = NaN
  out_zoneID[304] = NaN
  out_zoneID[305] = NaN
  out_zoneID[306] = NaN
  out_zoneID[307] = NaN
  out_zoneID[308] = NaN
  out_zoneID[309] = NaN
  out_zoneID[310] = NaN
  out_zoneID[311] = NaN
  out_zoneID[312] = NaN
  out_zoneID[313] = NaN
  out_zoneID[314] = NaN
  out_zoneID[315] = NaN
  out_zoneID[316] = NaN
  out_zoneID[317] = NaN
  out_zoneID[318] = NaN
  out_zoneID[319] = NaN
  out_zoneID[320] = NaN
  out_zoneID[321] = NaN
  out_zoneID[322] = NaN
  out_zoneID[323] = NaN
  out_zoneID[324] = NaN
  out_zoneID[325] = NaN
  out_zoneID[326] = NaN
  out_zoneID[327] = NaN
  out_zoneID[328] = NaN
  out_zoneID[329] = NaN
  out_zoneID[330] = NaN
  out_zoneID[331] = NaN
  out_zoneID[332] = NaN
  out_zoneID[333] = NaN
  out_zoneID[334] = NaN
  out_zoneID[335] = NaN
  out_zoneID[336] = NaN
  out_zoneID[337] = NaN
  out_zoneID[338] = NaN
  out_zoneID[339] = NaN
  out_zoneID[340] = NaN
  out_zoneID[341] = NaN
  out_zoneID[342] = NaN
  out_zoneID[343] = NaN
  out_zoneID[344] = NaN
  out_zoneID[345] = NaN
  out_zoneID[346] = NaN
  out_zoneID[347] = NaN
  out_zoneID[348] = NaN
  out_zoneID[349] = NaN
  out_zoneID[350] = NaN
  out_zoneID[351] = NaN
  out_zoneID[352] = NaN
  out_zoneID[353] = NaN
  out_zoneID[354] = NaN
  out_zoneID[355] = NaN
  out_zoneID[356] = NaN
  out_zoneID[357] = NaN
  out_zoneID[358] = NaN
  out_zoneID[359] = NaN
  out_zoneID[360] = NaN
  out_zoneID[361] = NaN
  out_zoneID[362] = NaN
  out_zoneID[363] = NaN
  out_zoneID[364] = NaN
  out_zoneID[365] = NaN
  out_zoneID[366] = NaN
  out_zoneID[367] = NaN
  out_zoneID[368] = NaN
  out_zoneID[369] = NaN
  out_zoneID[370] = NaN
  out_zoneID[371] = NaN
  out_zoneID[372] = NaN
  out_zoneID[373] = NaN
  out_zoneID[374] = NaN
  out_zoneID[375] = NaN
  out_zoneID[376] = NaN
  out_zoneID[377] = NaN
  out_zoneID[378] = NaN
  out_zoneID[379] = NaN
  out_zoneID[380] = NaN
  out_zoneID[381] = NaN
  out_zoneID[382] = NaN
  out_zoneID[383] = NaN
  out_zoneID[384] = NaN
  out_zoneID[385] = NaN
  out_zoneID[386] = NaN
  out_zoneID[387] = NaN
  out_zoneID[388] = NaN
  out_zoneID[389] = NaN
  out_zoneID[390] = NaN
  out_zoneID[391] = NaN
  out_zoneID[392] = NaN
  out_zoneID[393] = NaN
  out_zoneID[394] = NaN
  out_zoneID[395] = NaN
  out_zoneID[396] = NaN
  out_zoneID[397] = NaN
  out_zoneID[398] = NaN
  out_zoneID[399] = NaN
  out_zoneID[400] = NaN
  out_zoneID[401] = NaN
  out_zoneID[402] = NaN
  out_zoneID[403] = NaN
  out_zoneID[404] = NaN
  out_zoneID[405] = NaN
  out_zoneID[406] = NaN
  out_zoneID[407] = NaN
  out_zoneID[408] = NaN
  out_zoneID[409] = NaN
  out_zoneID[410] = NaN
  out_zoneID[411] = NaN
  out_zoneID[412] = NaN
  out_zoneID[413] = NaN
  out_zoneID[414] = NaN
  out_zoneID[415] = NaN
  out_zoneID[416] = NaN
  out_zoneID[417] = NaN
  out_zoneID[418] = NaN
  out_zoneID[419] = NaN
  out_zoneID[420] = NaN
  out_zoneID[421] = NaN
  out_zoneID[422] = NaN
  out_zoneID[423] = NaN
  out_zoneID[424] = NaN
  out_zoneID[425] = NaN
  out_zoneID[426] = NaN
  out_zoneID[427] = NaN
  out_zoneID[428] = NaN
  out_zoneID[429] = NaN
  out_zoneID[430] = NaN
  out_zoneID[431] = NaN
  out_zoneID[432] = NaN
  out_zoneID[433] = NaN
  out_zoneID[434] = NaN
  out_zoneID[435] = NaN
  out_zoneID[436] = NaN
  out_linkID[1] = NaN
  out_linkID[2] = NaN
  out_linkID[3] = NaN
  out_linkID[4] = NaN
  out_linkID[5] = NaN
  out_linkID[6] = NaN
  out_linkID[7] = NaN
  out_linkID[8] = NaN
  out_linkID[9] = NaN
  out_linkID[10] = NaN
  out_linkID[11] = NaN
  out_linkID[12] = NaN
  out_linkID[13] = NaN
  out_linkID[14] = NaN
  out_linkID[15] = NaN
  out_linkID[16] = NaN
  out_linkID[17] = NaN
  out_linkID[18] = NaN
  out_linkID[19] = NaN
  out_linkID[20] = NaN
  out_linkID[21] = NaN
  out_linkID[22] = NaN
  out_linkID[23] = NaN
  out_linkID[24] = NaN
  out_linkID[25] = NaN
  out_linkID[26] = NaN
  out_linkID[27] = NaN
  out_linkID[28] = NaN
  out_linkID[29] = NaN
  out_linkID[30] = NaN
  out_linkID[31] = NaN
  out_linkID[32] = NaN
  out_linkID[33] = NaN
  out_linkID[34] = NaN
  out_linkID[35] = NaN
  out_linkID[36] = NaN
  out_linkID[37] = NaN
  out_linkID[38] = NaN
  out_linkID[39] = NaN
  out_linkID[40] = NaN
  out_linkID[41] = NaN
  out_linkID[42] = NaN
  out_linkID[43] = NaN
  out_linkID[44] = NaN
  out_linkID[45] = NaN
  out_linkID[46] = NaN
  out_linkID[47] = NaN
  out_linkID[48] = NaN
  out_linkID[49] = NaN
  out_linkID[50] = NaN
  out_linkID[51] = NaN
  out_linkID[52] = NaN
  out_linkID[53] = NaN
  out_linkID[54] = NaN
  out_linkID[55] = NaN
  out_linkID[56] = NaN
  out_linkID[57] = NaN
  out_linkID[58] = NaN
  out_linkID[59] = NaN
  out_linkID[60] = NaN
  out_linkID[61] = NaN
  out_linkID[62] = NaN
  out_linkID[63] = NaN
  out_linkID[64] = NaN
  out_linkID[65] = NaN
  out_linkID[66] = NaN
  out_linkID[67] = NaN
  out_linkID[68] = NaN
  out_linkID[69] = NaN
  out_linkID[70] = NaN
  out_linkID[71] = NaN
  out_linkID[72] = NaN
  out_linkID[73] = NaN
  out_linkID[74] = NaN
  out_linkID[75] = NaN
  out_linkID[76] = NaN
  out_linkID[77] = NaN
  out_linkID[78] = NaN
  out_linkID[79] = NaN
  out_linkID[80] = NaN
  out_linkID[81] = NaN
  out_linkID[82] = NaN
  out_linkID[83] = NaN
  out_linkID[84] = NaN
  out_linkID[85] = NaN
  out_linkID[86] = NaN
  out_linkID[87] = NaN
  out_linkID[88] = NaN
  out_linkID[89] = NaN
  out_linkID[90] = NaN
  out_linkID[91] = NaN
  out_linkID[92] = NaN
  out_linkID[93] = NaN
  out_linkID[94] = NaN
  out_linkID[95] = NaN
  out_linkID[96] = NaN
  out_linkID[97] = NaN
  out_linkID[98] = NaN
  out_linkID[99] = NaN
  out_linkID[100] = NaN
  out_linkID[101] = NaN
  out_linkID[102] = NaN
  out_linkID[103] = NaN
  out_linkID[104] = NaN
  out_linkID[105] = NaN
  out_linkID[106] = NaN
  out_linkID[107] = NaN
  out_linkID[108] = NaN
  out_linkID[109] = NaN
  out_linkID[110] = NaN
  out_linkID[111] = NaN
  out_linkID[112] = NaN
  out_linkID[113] = NaN
  out_linkID[114] = NaN
  out_linkID[115] = NaN
  out_linkID[116] = NaN
  out_linkID[117] = NaN
  out_linkID[118] = NaN
  out_linkID[119] = NaN
  out_linkID[120] = NaN
  out_linkID[121] = NaN
  out_linkID[122] = NaN
  out_linkID[123] = NaN
  out_linkID[124] = NaN
  out_linkID[125] = NaN
  out_linkID[126] = NaN
  out_linkID[127] = NaN
  out_linkID[128] = NaN
  out_linkID[129] = NaN
  out_linkID[130] = NaN
  out_linkID[131] = NaN
  out_linkID[132] = NaN
  out_linkID[133] = NaN
  out_linkID[134] = NaN
  out_linkID[135] = NaN
  out_linkID[136] = NaN
  out_linkID[137] = NaN
  out_linkID[138] = NaN
  out_linkID[139] = NaN
  out_linkID[140] = NaN
  out_linkID[141] = NaN
  out_linkID[142] = NaN
  out_linkID[143] = NaN
  out_linkID[144] = NaN
  out_linkID[145] = NaN
  out_linkID[146] = NaN
  out_linkID[147] = NaN
  out_linkID[148] = NaN
  out_linkID[149] = NaN
  out_linkID[150] = NaN
  out_linkID[151] = NaN
  out_linkID[152] = NaN
  out_linkID[153] = NaN
  out_linkID[154] = NaN
  out_linkID[155] = NaN
  out_linkID[156] = NaN
  out_linkID[157] = NaN
  out_linkID[158] = NaN
  out_linkID[159] = NaN
  out_linkID[160] = NaN
  out_linkID[161] = NaN
  out_linkID[162] = NaN
  out_linkID[163] = NaN
  out_linkID[164] = NaN
  out_linkID[165] = NaN
  out_linkID[166] = NaN
  out_linkID[167] = NaN
  out_linkID[168] = NaN
  out_linkID[169] = NaN
  out_linkID[170] = NaN
  out_linkID[171] = NaN
  out_linkID[172] = NaN
  out_linkID[173] = NaN
  out_linkID[174] = NaN
  out_linkID[175] = NaN
  out_linkID[176] = NaN
  out_linkID[177] = NaN
  out_linkID[178] = NaN
  out_linkID[179] = NaN
  out_linkID[180] = NaN
  out_linkID[181] = NaN
  out_linkID[182] = NaN
  out_linkID[183] = NaN
  out_linkID[184] = NaN
  out_linkID[185] = NaN
  out_linkID[186] = NaN
  out_linkID[187] = NaN
  out_linkID[188] = NaN
  out_linkID[189] = NaN
  out_linkID[190] = NaN
  out_linkID[191] = NaN
  out_linkID[192] = NaN
  out_linkID[193] = NaN
  out_linkID[194] = NaN
  out_linkID[195] = NaN
  out_linkID[196] = NaN
  out_linkID[197] = NaN
  out_linkID[198] = NaN
  out_linkID[199] = NaN
  out_linkID[200] = NaN
  out_linkID[201] = NaN
  out_linkID[202] = NaN
  out_linkID[203] = NaN
  out_linkID[204] = NaN
  out_linkID[205] = NaN
  out_linkID[206] = NaN
  out_linkID[207] = NaN
  out_linkID[208] = NaN
  out_linkID[209] = NaN
  out_linkID[210] = NaN
  out_linkID[211] = NaN
  out_linkID[212] = NaN
  out_linkID[213] = NaN
  out_linkID[214] = NaN
  out_linkID[215] = NaN
  out_linkID[216] = NaN
  out_linkID[217] = NaN
  out_linkID[218] = NaN
  out_linkID[219] = NaN
  out_linkID[220] = NaN
  out_linkID[221] = NaN
  out_linkID[222] = NaN
  out_linkID[223] = NaN
  out_linkID[224] = NaN
  out_linkID[225] = NaN
  out_linkID[226] = NaN
  out_linkID[227] = NaN
  out_linkID[228] = NaN
  out_linkID[229] = NaN
  out_linkID[230] = NaN
  out_linkID[231] = NaN
  out_linkID[232] = NaN
  out_linkID[233] = NaN
  out_linkID[234] = NaN
  out_linkID[235] = NaN
  out_linkID[236] = NaN
  out_linkID[237] = NaN
  out_linkID[238] = NaN
  out_linkID[239] = NaN
  out_linkID[240] = NaN
  out_linkID[241] = NaN
  out_linkID[242] = NaN
  out_linkID[243] = NaN
  out_linkID[244] = NaN
  out_linkID[245] = NaN
  out_linkID[246] = NaN
  out_linkID[247] = NaN
  out_linkID[248] = NaN
  out_linkID[249] = NaN
  out_linkID[250] = NaN
  out_linkID[251] = NaN
  out_linkID[252] = NaN
  out_linkID[253] = NaN
  out_linkID[254] = NaN
  out_linkID[255] = NaN
  out_linkID[256] = NaN
  out_linkID[257] = NaN
  out_linkID[258] = NaN
  out_linkID[259] = NaN
  out_linkID[260] = NaN
  out_linkID[261] = NaN
  out_linkID[262] = NaN
  out_linkID[263] = NaN
  out_linkID[264] = NaN
  out_linkID[265] = NaN
  out_linkID[266] = NaN
  out_linkID[267] = NaN
  out_linkID[268] = NaN
  out_linkID[269] = NaN
  out_linkID[270] = NaN
  out_linkID[271] = NaN
  out_linkID[272] = NaN
  out_linkID[273] = NaN
  out_linkID[274] = NaN
  out_linkID[275] = NaN
  out_linkID[276] = NaN
  out_linkID[277] = NaN
  out_linkID[278] = NaN
  out_linkID[279] = NaN
  out_linkID[280] = NaN
  out_linkID[281] = NaN
  out_linkID[282] = NaN
  out_linkID[283] = NaN
  out_linkID[284] = NaN
  out_linkID[285] = NaN
  out_linkID[286] = NaN
  out_linkID[287] = NaN
  out_linkID[288] = NaN
  out_linkID[289] = NaN
  out_linkID[290] = NaN
  out_linkID[291] = NaN
  out_linkID[292] = NaN
  out_linkID[293] = NaN
  out_linkID[294] = NaN
  out_linkID[295] = NaN
  out_linkID[296] = NaN
  out_linkID[297] = NaN
  out_linkID[298] = NaN
  out_linkID[299] = NaN
  out_linkID[300] = NaN
  out_linkID[301] = NaN
  out_linkID[302] = NaN
  out_linkID[303] = NaN
  out_linkID[304] = NaN
  out_linkID[305] = NaN
  out_linkID[306] = NaN
  out_linkID[307] = NaN
  out_linkID[308] = NaN
  out_linkID[309] = NaN
  out_linkID[310] = NaN
  out_linkID[311] = NaN
  out_linkID[312] = NaN
  out_linkID[313] = NaN
  out_linkID[314] = NaN
  out_linkID[315] = NaN
  out_linkID[316] = NaN
  out_linkID[317] = NaN
  out_linkID[318] = NaN
  out_linkID[319] = NaN
  out_linkID[320] = NaN
  out_linkID[321] = NaN
  out_linkID[322] = NaN
  out_linkID[323] = NaN
  out_linkID[324] = NaN
  out_linkID[325] = NaN
  out_linkID[326] = NaN
  out_linkID[327] = NaN
  out_linkID[328] = NaN
  out_linkID[329] = NaN
  out_linkID[330] = NaN
  out_linkID[331] = NaN
  out_linkID[332] = NaN
  out_linkID[333] = NaN
  out_linkID[334] = NaN
  out_linkID[335] = NaN
  out_linkID[336] = NaN
  out_linkID[337] = NaN
  out_linkID[338] = NaN
  out_linkID[339] = NaN
  out_linkID[340] = NaN
  out_linkID[341] = NaN
  out_linkID[342] = NaN
  out_linkID[343] = NaN
  out_linkID[344] = NaN
  out_linkID[345] = NaN
  out_linkID[346] = NaN
  out_linkID[347] = NaN
  out_linkID[348] = NaN
  out_linkID[349] = NaN
  out_linkID[350] = NaN
  out_linkID[351] = NaN
  out_linkID[352] = NaN
  out_linkID[353] = NaN
  out_linkID[354] = NaN
  out_linkID[355] = NaN
  out_linkID[356] = NaN
  out_linkID[357] = NaN
  out_linkID[358] = NaN
  out_linkID[359] = NaN
  out_linkID[360] = NaN
  out_linkID[361] = NaN
  out_linkID[362] = NaN
  out_linkID[363] = NaN
  out_linkID[364] = NaN
  out_linkID[365] = NaN
  out_linkID[366] = NaN
  out_linkID[367] = NaN
  out_linkID[368] = NaN
  out_linkID[369] = NaN
  out_linkID[370] = NaN
  out_linkID[371] = NaN
  out_linkID[372] = NaN
  out_linkID[373] = NaN
  out_linkID[374] = NaN
  out_linkID[375] = NaN
  out_linkID[376] = NaN
  out_linkID[377] = NaN
  out_linkID[378] = NaN
  out_linkID[379] = NaN
  out_linkID[380] = NaN
  out_linkID[381] = NaN
  out_linkID[382] = NaN
  out_linkID[383] = NaN
  out_linkID[384] = NaN
  out_linkID[385] = NaN
  out_linkID[386] = NaN
  out_linkID[387] = NaN
  out_linkID[388] = NaN
  out_linkID[389] = NaN
  out_linkID[390] = NaN
  out_linkID[391] = NaN
  out_linkID[392] = NaN
  out_linkID[393] = NaN
  out_linkID[394] = NaN
  out_linkID[395] = NaN
  out_linkID[396] = NaN
  out_linkID[397] = NaN
  out_linkID[398] = NaN
  out_linkID[399] = NaN
  out_linkID[400] = NaN
  out_linkID[401] = NaN
  out_linkID[402] = NaN
  out_linkID[403] = NaN
  out_linkID[404] = NaN
  out_linkID[405] = NaN
  out_linkID[406] = NaN
  out_linkID[407] = NaN
  out_linkID[408] = NaN
  out_linkID[409] = NaN
  out_linkID[410] = NaN
  out_linkID[411] = NaN
  out_linkID[412] = NaN
  out_linkID[413] = NaN
  out_linkID[414] = NaN
  out_linkID[415] = NaN
  out_linkID[416] = NaN
  out_linkID[417] = NaN
  out_linkID[418] = NaN
  out_linkID[419] = NaN
  out_linkID[420] = NaN
  out_linkID[421] = NaN
  out_linkID[422] = NaN
  out_linkID[423] = NaN
  out_linkID[424] = NaN
  out_linkID[425] = NaN
  out_linkID[426] = NaN
  out_linkID[427] = NaN
  out_linkID[428] = NaN
  out_linkID[429] = NaN
  out_linkID[430] = NaN
  out_linkID[431] = NaN
  out_linkID[432] = NaN
  out_linkID[433] = NaN
  out_linkID[434] = NaN
  out_linkID[435] = NaN
  out_linkID[436] = NaN
  out_regClassID[1] = NaN
  out_regClassID[2] = NaN
  out_regClassID[3] = NaN
  out_regClassID[4] = NaN
  out_regClassID[5] = NaN
  out_regClassID[6] = NaN
  out_regClassID[7] = NaN
  out_regClassID[8] = NaN
  out_regClassID[9] = NaN
  out_regClassID[10] = NaN
  out_regClassID[11] = NaN
  out_regClassID[12] = NaN
  out_regClassID[13] = NaN
  out_regClassID[14] = NaN
  out_regClassID[15] = NaN
  out_regClassID[16] = NaN
  out_regClassID[17] = NaN
  out_regClassID[18] = NaN
  out_regClassID[19] = NaN
  out_regClassID[20] = NaN
  out_regClassID[21] = NaN
  out_regClassID[22] = NaN
  out_regClassID[23] = NaN
  out_regClassID[24] = NaN
  out_regClassID[25] = NaN
  out_regClassID[26] = NaN
  out_regClassID[27] = NaN
  out_regClassID[28] = NaN
  out_regClassID[29] = NaN
  out_regClassID[30] = NaN
  out_regClassID[31] = NaN
  out_regClassID[32] = NaN
  out_regClassID[33] = NaN
  out_regClassID[34] = NaN
  out_regClassID[35] = NaN
  out_regClassID[36] = NaN
  out_regClassID[37] = NaN
  out_regClassID[38] = NaN
  out_regClassID[39] = NaN
  out_regClassID[40] = NaN
  out_regClassID[41] = NaN
  out_regClassID[42] = NaN
  out_regClassID[43] = NaN
  out_regClassID[44] = NaN
  out_regClassID[45] = NaN
  out_regClassID[46] = NaN
  out_regClassID[47] = NaN
  out_regClassID[48] = NaN
  out_regClassID[49] = NaN
  out_regClassID[50] = NaN
  out_regClassID[51] = NaN
  out_regClassID[52] = NaN
  out_regClassID[53] = NaN
  out_regClassID[54] = NaN
  out_regClassID[55] = NaN
  out_regClassID[56] = NaN
  out_regClassID[57] = NaN
  out_regClassID[58] = NaN
  out_regClassID[59] = NaN
  out_regClassID[60] = NaN
  out_regClassID[61] = NaN
  out_regClassID[62] = NaN
  out_regClassID[63] = NaN
  out_regClassID[64] = NaN
  out_regClassID[65] = NaN
  out_regClassID[66] = NaN
  out_regClassID[67] = NaN
  out_regClassID[68] = NaN
  out_regClassID[69] = NaN
  out_regClassID[70] = NaN
  out_regClassID[71] = NaN
  out_regClassID[72] = NaN
  out_regClassID[73] = NaN
  out_regClassID[74] = NaN
  out_regClassID[75] = NaN
  out_regClassID[76] = NaN
  out_regClassID[77] = NaN
  out_regClassID[78] = NaN
  out_regClassID[79] = NaN
  out_regClassID[80] = NaN
  out_regClassID[81] = NaN
  out_regClassID[82] = NaN
  out_regClassID[83] = NaN
  out_regClassID[84] = NaN
  out_regClassID[85] = NaN
  out_regClassID[86] = NaN
  out_regClassID[87] = NaN
  out_regClassID[88] = NaN
  out_regClassID[89] = NaN
  out_regClassID[90] = NaN
  out_regClassID[91] = NaN
  out_regClassID[92] = NaN
  out_regClassID[93] = NaN
  out_regClassID[94] = NaN
  out_regClassID[95] = NaN
  out_regClassID[96] = NaN
  out_regClassID[97] = NaN
  out_regClassID[98] = NaN
  out_regClassID[99] = NaN
  out_regClassID[100] = NaN
  out_regClassID[101] = NaN
  out_regClassID[102] = NaN
  out_regClassID[103] = NaN
  out_regClassID[104] = NaN
  out_regClassID[105] = NaN
  out_regClassID[106] = NaN
  out_regClassID[107] = NaN
  out_regClassID[108] = NaN
  out_regClassID[109] = NaN
  out_regClassID[110] = NaN
  out_regClassID[111] = NaN
  out_regClassID[112] = NaN
  out_regClassID[113] = NaN
  out_regClassID[114] = NaN
  out_regClassID[115] = NaN
  out_regClassID[116] = NaN
  out_regClassID[117] = NaN
  out_regClassID[118] = NaN
  out_regClassID[119] = NaN
  out_regClassID[120] = NaN
  out_regClassID[121] = NaN
  out_regClassID[122] = NaN
  out_regClassID[123] = NaN
  out_regClassID[124] = NaN
  out_regClassID[125] = NaN
  out_regClassID[126] = NaN
  out_regClassID[127] = NaN
  out_regClassID[128] = NaN
  out_regClassID[129] = NaN
  out_regClassID[130] = NaN
  out_regClassID[131] = NaN
  out_regClassID[132] = NaN
  out_regClassID[133] = NaN
  out_regClassID[134] = NaN
  out_regClassID[135] = NaN
  out_regClassID[136] = NaN
  out_regClassID[137] = NaN
  out_regClassID[138] = NaN
  out_regClassID[139] = NaN
  out_regClassID[140] = NaN
  out_regClassID[141] = NaN
  out_regClassID[142] = NaN
  out_regClassID[143] = NaN
  out_regClassID[144] = NaN
  out_regClassID[145] = NaN
  out_regClassID[146] = NaN
  out_regClassID[147] = NaN
  out_regClassID[148] = NaN
  out_regClassID[149] = NaN
  out_regClassID[150] = NaN
  out_regClassID[151] = NaN
  out_regClassID[152] = NaN
  out_regClassID[153] = NaN
  out_regClassID[154] = NaN
  out_regClassID[155] = NaN
  out_regClassID[156] = NaN
  out_regClassID[157] = NaN
  out_regClassID[158] = NaN
  out_regClassID[159] = NaN
  out_regClassID[160] = NaN
  out_regClassID[161] = NaN
  out_regClassID[162] = NaN
  out_regClassID[163] = NaN
  out_regClassID[164] = NaN
  out_regClassID[165] = NaN
  out_regClassID[166] = NaN
  out_regClassID[167] = NaN
  out_regClassID[168] = NaN
  out_regClassID[169] = NaN
  out_regClassID[170] = NaN
  out_regClassID[171] = NaN
  out_regClassID[172] = NaN
  out_regClassID[173] = NaN
  out_regClassID[174] = NaN
  out_regClassID[175] = NaN
  out_regClassID[176] = NaN
  out_regClassID[177] = NaN
  out_regClassID[178] = NaN
  out_regClassID[179] = NaN
  out_regClassID[180] = NaN
  out_regClassID[181] = NaN
  out_regClassID[182] = NaN
  out_regClassID[183] = NaN
  out_regClassID[184] = NaN
  out_regClassID[185] = NaN
  out_regClassID[186] = NaN
  out_regClassID[187] = NaN
  out_regClassID[188] = NaN
  out_regClassID[189] = NaN
  out_regClassID[190] = NaN
  out_regClassID[191] = NaN
  out_regClassID[192] = NaN
  out_regClassID[193] = NaN
  out_regClassID[194] = NaN
  out_regClassID[195] = NaN
  out_regClassID[196] = NaN
  out_regClassID[197] = NaN
  out_regClassID[198] = NaN
  out_regClassID[199] = NaN
  out_regClassID[200] = NaN
  out_regClassID[201] = NaN
  out_regClassID[202] = NaN
  out_regClassID[203] = NaN
  out_regClassID[204] = NaN
  out_regClassID[205] = NaN
  out_regClassID[206] = NaN
  out_regClassID[207] = NaN
  out_regClassID[208] = NaN
  out_regClassID[209] = NaN
  out_regClassID[210] = NaN
  out_regClassID[211] = NaN
  out_regClassID[212] = NaN
  out_regClassID[213] = NaN
  out_regClassID[214] = NaN
  out_regClassID[215] = NaN
  out_regClassID[216] = NaN
  out_regClassID[217] = NaN
  out_regClassID[218] = NaN
  out_regClassID[219] = NaN
  out_regClassID[220] = NaN
  out_regClassID[221] = NaN
  out_regClassID[222] = NaN
  out_regClassID[223] = NaN
  out_regClassID[224] = NaN
  out_regClassID[225] = NaN
  out_regClassID[226] = NaN
  out_regClassID[227] = NaN
  out_regClassID[228] = NaN
  out_regClassID[229] = NaN
  out_regClassID[230] = NaN
  out_regClassID[231] = NaN
  out_regClassID[232] = NaN
  out_regClassID[233] = NaN
  out_regClassID[234] = NaN
  out_regClassID[235] = NaN
  out_regClassID[236] = NaN
  out_regClassID[237] = NaN
  out_regClassID[238] = NaN
  out_regClassID[239] = NaN
  out_regClassID[240] = NaN
  out_regClassID[241] = NaN
  out_regClassID[242] = NaN
  out_regClassID[243] = NaN
  out_regClassID[244] = NaN
  out_regClassID[245] = NaN
  out_regClassID[246] = NaN
  out_regClassID[247] = NaN
  out_regClassID[248] = NaN
  out_regClassID[249] = NaN
  out_regClassID[250] = NaN
  out_regClassID[251] = NaN
  out_regClassID[252] = NaN
  out_regClassID[253] = NaN
  out_regClassID[254] = NaN
  out_regClassID[255] = NaN
  out_regClassID[256] = NaN
  out_regClassID[257] = NaN
  out_regClassID[258] = NaN
  out_regClassID[259] = NaN
  out_regClassID[260] = NaN
  out_regClassID[261] = NaN
  out_regClassID[262] = NaN
  out_regClassID[263] = NaN
  out_regClassID[264] = NaN
  out_regClassID[265] = NaN
  out_regClassID[266] = NaN
  out_regClassID[267] = NaN
  out_regClassID[268] = NaN
  out_regClassID[269] = NaN
  out_regClassID[270] = NaN
  out_regClassID[271] = NaN
  out_regClassID[272] = NaN
  out_regClassID[273] = NaN
  out_regClassID[274] = NaN
  out_regClassID[275] = NaN
  out_regClassID[276] = NaN
  out_regClassID[277] = NaN
  out_regClassID[278] = NaN
  out_regClassID[279] = NaN
  out_regClassID[280] = NaN
  out_regClassID[281] = NaN
  out_regClassID[282] = NaN
  out_regClassID[283] = NaN
  out_regClassID[284] = NaN
  out_regClassID[285] = NaN
  out_regClassID[286] = NaN
  out_regClassID[287] = NaN
  out_regClassID[288] = NaN
  out_regClassID[289] = NaN
  out_regClassID[290] = NaN
  out_regClassID[291] = NaN
  out_regClassID[292] = NaN
  out_regClassID[293] = NaN
  out_regClassID[294] = NaN
  out_regClassID[295] = NaN
  out_regClassID[296] = NaN
  out_regClassID[297] = NaN
  out_regClassID[298] = NaN
  out_regClassID[299] = NaN
  out_regClassID[300] = NaN
  out_regClassID[301] = NaN
  out_regClassID[302] = NaN
  out_regClassID[303] = NaN
  out_regClassID[304] = NaN
  out_regClassID[305] = NaN
  out_regClassID[306] = NaN
  out_regClassID[307] = NaN
  out_regClassID[308] = NaN
  out_regClassID[309] = NaN
  out_regClassID[310] = NaN
  out_regClassID[311] = NaN
  out_regClassID[312] = NaN
  out_regClassID[313] = NaN
  out_regClassID[314] = NaN
  out_regClassID[315] = NaN
  out_regClassID[316] = NaN
  out_regClassID[317] = NaN
  out_regClassID[318] = NaN
  out_regClassID[319] = NaN
  out_regClassID[320] = NaN
  out_regClassID[321] = NaN
  out_regClassID[322] = NaN
  out_regClassID[323] = NaN
  out_regClassID[324] = NaN
  out_regClassID[325] = NaN
  out_regClassID[326] = NaN
  out_regClassID[327] = NaN
  out_regClassID[328] = NaN
  out_regClassID[329] = NaN
  out_regClassID[330] = NaN
  out_regClassID[331] = NaN
  out_regClassID[332] = NaN
  out_regClassID[333] = NaN
  out_regClassID[334] = NaN
  out_regClassID[335] = NaN
  out_regClassID[336] = NaN
  out_regClassID[337] = NaN
  out_regClassID[338] = NaN
  out_regClassID[339] = NaN
  out_regClassID[340] = NaN
  out_regClassID[341] = NaN
  out_regClassID[342] = NaN
  out_regClassID[343] = NaN
  out_regClassID[344] = NaN
  out_regClassID[345] = NaN
  out_regClassID[346] = NaN
  out_regClassID[347] = NaN
  out_regClassID[348] = NaN
  out_regClassID[349] = NaN
  out_regClassID[350] = NaN
  out_regClassID[351] = NaN
  out_regClassID[352] = NaN
  out_regClassID[353] = NaN
  out_regClassID[354] = NaN
  out_regClassID[355] = NaN
  out_regClassID[356] = NaN
  out_regClassID[357] = NaN
  out_regClassID[358] = NaN
  out_regClassID[359] = NaN
  out_regClassID[360] = NaN
  out_regClassID[361] = NaN
  out_regClassID[362] = NaN
  out_regClassID[363] = NaN
  out_regClassID[364] = NaN
  out_regClassID[365] = NaN
  out_regClassID[366] = NaN
  out_regClassID[367] = NaN
  out_regClassID[368] = NaN
  out_regClassID[369] = NaN
  out_regClassID[370] = NaN
  out_regClassID[371] = NaN
  out_regClassID[372] = NaN
  out_regClassID[373] = NaN
  out_regClassID[374] = NaN
  out_regClassID[375] = NaN
  out_regClassID[376] = NaN
  out_regClassID[377] = NaN
  out_regClassID[378] = NaN
  out_regClassID[379] = NaN
  out_regClassID[380] = NaN
  out_regClassID[381] = NaN
  out_regClassID[382] = NaN
  out_regClassID[383] = NaN
  out_regClassID[384] = NaN
  out_regClassID[385] = NaN
  out_regClassID[386] = NaN
  out_regClassID[387] = NaN
  out_regClassID[388] = NaN
  out_regClassID[389] = NaN
  out_regClassID[390] = NaN
  out_regClassID[391] = NaN
  out_regClassID[392] = NaN
  out_regClassID[393] = NaN
  out_regClassID[394] = NaN
  out_regClassID[395] = NaN
  out_regClassID[396] = NaN
  out_regClassID[397] = NaN
  out_regClassID[398] = NaN
  out_regClassID[399] = NaN
  out_regClassID[400] = NaN
  out_regClassID[401] = NaN
  out_regClassID[402] = NaN
  out_regClassID[403] = NaN
  out_regClassID[404] = NaN
  out_regClassID[405] = NaN
  out_regClassID[406] = NaN
  out_regClassID[407] = NaN
  out_regClassID[408] = NaN
  out_regClassID[409] = NaN
  out_regClassID[410] = NaN
  out_regClassID[411] = NaN
  out_regClassID[412] = NaN
  out_regClassID[413] = NaN
  out_regClassID[414] = NaN
  out_regClassID[415] = NaN
  out_regClassID[416] = NaN
  out_regClassID[417] = NaN
  out_regClassID[418] = NaN
  out_regClassID[419] = NaN
  out_regClassID[420] = NaN
  out_regClassID[421] = NaN
  out_regClassID[422] = NaN
  out_regClassID[423] = NaN
  out_regClassID[424] = NaN
  out_regClassID[425] = NaN
  out_regClassID[426] = NaN
  out_regClassID[427] = NaN
  out_regClassID[428] = NaN
  out_regClassID[429] = NaN
  out_regClassID[430] = NaN
  out_regClassID[431] = NaN
  out_regClassID[432] = NaN
  out_regClassID[433] = NaN
  out_regClassID[434] = NaN
  out_regClassID[435] = NaN
  out_regClassID[436] = NaN
  out_fuelSubTypeID[1] = NaN
  out_fuelSubTypeID[2] = NaN
  out_fuelSubTypeID[3] = NaN
  out_fuelSubTypeID[4] = NaN
  out_fuelSubTypeID[5] = NaN
  out_fuelSubTypeID[6] = NaN
  out_fuelSubTypeID[7] = NaN
  out_fuelSubTypeID[8] = NaN
  out_fuelSubTypeID[9] = NaN
  out_fuelSubTypeID[10] = NaN
  out_fuelSubTypeID[11] = NaN
  out_fuelSubTypeID[12] = NaN
  out_fuelSubTypeID[13] = NaN
  out_fuelSubTypeID[14] = NaN
  out_fuelSubTypeID[15] = NaN
  out_fuelSubTypeID[16] = NaN
  out_fuelSubTypeID[17] = NaN
  out_fuelSubTypeID[18] = NaN
  out_fuelSubTypeID[19] = NaN
  out_fuelSubTypeID[20] = NaN
  out_fuelSubTypeID[21] = NaN
  out_fuelSubTypeID[22] = NaN
  out_fuelSubTypeID[23] = NaN
  out_fuelSubTypeID[24] = NaN
  out_fuelSubTypeID[25] = NaN
  out_fuelSubTypeID[26] = NaN
  out_fuelSubTypeID[27] = NaN
  out_fuelSubTypeID[28] = NaN
  out_fuelSubTypeID[29] = NaN
  out_fuelSubTypeID[30] = NaN
  out_fuelSubTypeID[31] = NaN
  out_fuelSubTypeID[32] = NaN
  out_fuelSubTypeID[33] = NaN
  out_fuelSubTypeID[34] = NaN
  out_fuelSubTypeID[35] = NaN
  out_fuelSubTypeID[36] = NaN
  out_fuelSubTypeID[37] = NaN
  out_fuelSubTypeID[38] = NaN
  out_fuelSubTypeID[39] = NaN
  out_fuelSubTypeID[40] = NaN
  out_fuelSubTypeID[41] = NaN
  out_fuelSubTypeID[42] = NaN
  out_fuelSubTypeID[43] = NaN
  out_fuelSubTypeID[44] = NaN
  out_fuelSubTypeID[45] = NaN
  out_fuelSubTypeID[46] = NaN
  out_fuelSubTypeID[47] = NaN
  out_fuelSubTypeID[48] = NaN
  out_fuelSubTypeID[49] = NaN
  out_fuelSubTypeID[50] = NaN
  out_fuelSubTypeID[51] = NaN
  out_fuelSubTypeID[52] = NaN
  out_fuelSubTypeID[53] = NaN
  out_fuelSubTypeID[54] = NaN
  out_fuelSubTypeID[55] = NaN
  out_fuelSubTypeID[56] = NaN
  out_fuelSubTypeID[57] = NaN
  out_fuelSubTypeID[58] = NaN
  out_fuelSubTypeID[59] = NaN
  out_fuelSubTypeID[60] = NaN
  out_fuelSubTypeID[61] = NaN
  out_fuelSubTypeID[62] = NaN
  out_fuelSubTypeID[63] = NaN
  out_fuelSubTypeID[64] = NaN
  out_fuelSubTypeID[65] = NaN
  out_fuelSubTypeID[66] = NaN
  out_fuelSubTypeID[67] = NaN
  out_fuelSubTypeID[68] = NaN
  out_fuelSubTypeID[69] = NaN
  out_fuelSubTypeID[70] = NaN
  out_fuelSubTypeID[71] = NaN
  out_fuelSubTypeID[72] = NaN
  out_fuelSubTypeID[73] = NaN
  out_fuelSubTypeID[74] = NaN
  out_fuelSubTypeID[75] = NaN
  out_fuelSubTypeID[76] = NaN
  out_fuelSubTypeID[77] = NaN
  out_fuelSubTypeID[78] = NaN
  out_fuelSubTypeID[79] = NaN
  out_fuelSubTypeID[80] = NaN
  out_fuelSubTypeID[81] = NaN
  out_fuelSubTypeID[82] = NaN
  out_fuelSubTypeID[83] = NaN
  out_fuelSubTypeID[84] = NaN
  out_fuelSubTypeID[85] = NaN
  out_fuelSubTypeID[86] = NaN
  out_fuelSubTypeID[87] = NaN
  out_fuelSubTypeID[88] = NaN
  out_fuelSubTypeID[89] = NaN
  out_fuelSubTypeID[90] = NaN
  out_fuelSubTypeID[91] = NaN
  out_fuelSubTypeID[92] = NaN
  out_fuelSubTypeID[93] = NaN
  out_fuelSubTypeID[94] = NaN
  out_fuelSubTypeID[95] = NaN
  out_fuelSubTypeID[96] = NaN
  out_fuelSubTypeID[97] = NaN
  out_fuelSubTypeID[98] = NaN
  out_fuelSubTypeID[99] = NaN
  out_fuelSubTypeID[100] = NaN
  out_fuelSubTypeID[101] = NaN
  out_fuelSubTypeID[102] = NaN
  out_fuelSubTypeID[103] = NaN
  out_fuelSubTypeID[104] = NaN
  out_fuelSubTypeID[105] = NaN
  out_fuelSubTypeID[106] = NaN
  out_fuelSubTypeID[107] = NaN
  out_fuelSubTypeID[108] = NaN
  out_fuelSubTypeID[109] = NaN
  out_fuelSubTypeID[110] = NaN
  out_fuelSubTypeID[111] = NaN
  out_fuelSubTypeID[112] = NaN
  out_fuelSubTypeID[113] = NaN
  out_fuelSubTypeID[114] = NaN
  out_fuelSubTypeID[115] = NaN
  out_fuelSubTypeID[116] = NaN
  out_fuelSubTypeID[117] = NaN
  out_fuelSubTypeID[118] = NaN
  out_fuelSubTypeID[119] = NaN
  out_fuelSubTypeID[120] = NaN
  out_fuelSubTypeID[121] = NaN
  out_fuelSubTypeID[122] = NaN
  out_fuelSubTypeID[123] = NaN
  out_fuelSubTypeID[124] = NaN
  out_fuelSubTypeID[125] = NaN
  out_fuelSubTypeID[126] = NaN
  out_fuelSubTypeID[127] = NaN
  out_fuelSubTypeID[128] = NaN
  out_fuelSubTypeID[129] = NaN
  out_fuelSubTypeID[130] = NaN
  out_fuelSubTypeID[131] = NaN
  out_fuelSubTypeID[132] = NaN
  out_fuelSubTypeID[133] = NaN
  out_fuelSubTypeID[134] = NaN
  out_fuelSubTypeID[135] = NaN
  out_fuelSubTypeID[136] = NaN
  out_fuelSubTypeID[137] = NaN
  out_fuelSubTypeID[138] = NaN
  out_fuelSubTypeID[139] = NaN
  out_fuelSubTypeID[140] = NaN
  out_fuelSubTypeID[141] = NaN
  out_fuelSubTypeID[142] = NaN
  out_fuelSubTypeID[143] = NaN
  out_fuelSubTypeID[144] = NaN
  out_fuelSubTypeID[145] = NaN
  out_fuelSubTypeID[146] = NaN
  out_fuelSubTypeID[147] = NaN
  out_fuelSubTypeID[148] = NaN
  out_fuelSubTypeID[149] = NaN
  out_fuelSubTypeID[150] = NaN
  out_fuelSubTypeID[151] = NaN
  out_fuelSubTypeID[152] = NaN
  out_fuelSubTypeID[153] = NaN
  out_fuelSubTypeID[154] = NaN
  out_fuelSubTypeID[155] = NaN
  out_fuelSubTypeID[156] = NaN
  out_fuelSubTypeID[157] = NaN
  out_fuelSubTypeID[158] = NaN
  out_fuelSubTypeID[159] = NaN
  out_fuelSubTypeID[160] = NaN
  out_fuelSubTypeID[161] = NaN
  out_fuelSubTypeID[162] = NaN
  out_fuelSubTypeID[163] = NaN
  out_fuelSubTypeID[164] = NaN
  out_fuelSubTypeID[165] = NaN
  out_fuelSubTypeID[166] = NaN
  out_fuelSubTypeID[167] = NaN
  out_fuelSubTypeID[168] = NaN
  out_fuelSubTypeID[169] = NaN
  out_fuelSubTypeID[170] = NaN
  out_fuelSubTypeID[171] = NaN
  out_fuelSubTypeID[172] = NaN
  out_fuelSubTypeID[173] = NaN
  out_fuelSubTypeID[174] = NaN
  out_fuelSubTypeID[175] = NaN
  out_fuelSubTypeID[176] = NaN
  out_fuelSubTypeID[177] = NaN
  out_fuelSubTypeID[178] = NaN
  out_fuelSubTypeID[179] = NaN
  out_fuelSubTypeID[180] = NaN
  out_fuelSubTypeID[181] = NaN
  out_fuelSubTypeID[182] = NaN
  out_fuelSubTypeID[183] = NaN
  out_fuelSubTypeID[184] = NaN
  out_fuelSubTypeID[185] = NaN
  out_fuelSubTypeID[186] = NaN
  out_fuelSubTypeID[187] = NaN
  out_fuelSubTypeID[188] = NaN
  out_fuelSubTypeID[189] = NaN
  out_fuelSubTypeID[190] = NaN
  out_fuelSubTypeID[191] = NaN
  out_fuelSubTypeID[192] = NaN
  out_fuelSubTypeID[193] = NaN
  out_fuelSubTypeID[194] = NaN
  out_fuelSubTypeID[195] = NaN
  out_fuelSubTypeID[196] = NaN
  out_fuelSubTypeID[197] = NaN
  out_fuelSubTypeID[198] = NaN
  out_fuelSubTypeID[199] = NaN
  out_fuelSubTypeID[200] = NaN
  out_fuelSubTypeID[201] = NaN
  out_fuelSubTypeID[202] = NaN
  out_fuelSubTypeID[203] = NaN
  out_fuelSubTypeID[204] = NaN
  out_fuelSubTypeID[205] = NaN
  out_fuelSubTypeID[206] = NaN
  out_fuelSubTypeID[207] = NaN
  out_fuelSubTypeID[208] = NaN
  out_fuelSubTypeID[209] = NaN
  out_fuelSubTypeID[210] = NaN
  out_fuelSubTypeID[211] = NaN
  out_fuelSubTypeID[212] = NaN
  out_fuelSubTypeID[213] = NaN
  out_fuelSubTypeID[214] = NaN
  out_fuelSubTypeID[215] = NaN
  out_fuelSubTypeID[216] = NaN
  out_fuelSubTypeID[217] = NaN
  out_fuelSubTypeID[218] = NaN
  out_fuelSubTypeID[219] = NaN
  out_fuelSubTypeID[220] = NaN
  out_fuelSubTypeID[221] = NaN
  out_fuelSubTypeID[222] = NaN
  out_fuelSubTypeID[223] = NaN
  out_fuelSubTypeID[224] = NaN
  out_fuelSubTypeID[225] = NaN
  out_fuelSubTypeID[226] = NaN
  out_fuelSubTypeID[227] = NaN
  out_fuelSubTypeID[228] = NaN
  out_fuelSubTypeID[229] = NaN
  out_fuelSubTypeID[230] = NaN
  out_fuelSubTypeID[231] = NaN
  out_fuelSubTypeID[232] = NaN
  out_fuelSubTypeID[233] = NaN
  out_fuelSubTypeID[234] = NaN
  out_fuelSubTypeID[235] = NaN
  out_fuelSubTypeID[236] = NaN
  out_fuelSubTypeID[237] = NaN
  out_fuelSubTypeID[238] = NaN
  out_fuelSubTypeID[239] = NaN
  out_fuelSubTypeID[240] = NaN
  out_fuelSubTypeID[241] = NaN
  out_fuelSubTypeID[242] = NaN
  out_fuelSubTypeID[243] = NaN
  out_fuelSubTypeID[244] = NaN
  out_fuelSubTypeID[245] = NaN
  out_fuelSubTypeID[246] = NaN
  out_fuelSubTypeID[247] = NaN
  out_fuelSubTypeID[248] = NaN
  out_fuelSubTypeID[249] = NaN
  out_fuelSubTypeID[250] = NaN
  out_fuelSubTypeID[251] = NaN
  out_fuelSubTypeID[252] = NaN
  out_fuelSubTypeID[253] = NaN
  out_fuelSubTypeID[254] = NaN
  out_fuelSubTypeID[255] = NaN
  out_fuelSubTypeID[256] = NaN
  out_fuelSubTypeID[257] = NaN
  out_fuelSubTypeID[258] = NaN
  out_fuelSubTypeID[259] = NaN
  out_fuelSubTypeID[260] = NaN
  out_fuelSubTypeID[261] = NaN
  out_fuelSubTypeID[262] = NaN
  out_fuelSubTypeID[263] = NaN
  out_fuelSubTypeID[264] = NaN
  out_fuelSubTypeID[265] = NaN
  out_fuelSubTypeID[266] = NaN
  out_fuelSubTypeID[267] = NaN
  out_fuelSubTypeID[268] = NaN
  out_fuelSubTypeID[269] = NaN
  out_fuelSubTypeID[270] = NaN
  out_fuelSubTypeID[271] = NaN
  out_fuelSubTypeID[272] = NaN
  out_fuelSubTypeID[273] = NaN
  out_fuelSubTypeID[274] = NaN
  out_fuelSubTypeID[275] = NaN
  out_fuelSubTypeID[276] = NaN
  out_fuelSubTypeID[277] = NaN
  out_fuelSubTypeID[278] = NaN
  out_fuelSubTypeID[279] = NaN
  out_fuelSubTypeID[280] = NaN
  out_fuelSubTypeID[281] = NaN
  out_fuelSubTypeID[282] = NaN
  out_fuelSubTypeID[283] = NaN
  out_fuelSubTypeID[284] = NaN
  out_fuelSubTypeID[285] = NaN
  out_fuelSubTypeID[286] = NaN
  out_fuelSubTypeID[287] = NaN
  out_fuelSubTypeID[288] = NaN
  out_fuelSubTypeID[289] = NaN
  out_fuelSubTypeID[290] = NaN
  out_fuelSubTypeID[291] = NaN
  out_fuelSubTypeID[292] = NaN
  out_fuelSubTypeID[293] = NaN
  out_fuelSubTypeID[294] = NaN
  out_fuelSubTypeID[295] = NaN
  out_fuelSubTypeID[296] = NaN
  out_fuelSubTypeID[297] = NaN
  out_fuelSubTypeID[298] = NaN
  out_fuelSubTypeID[299] = NaN
  out_fuelSubTypeID[300] = NaN
  out_fuelSubTypeID[301] = NaN
  out_fuelSubTypeID[302] = NaN
  out_fuelSubTypeID[303] = NaN
  out_fuelSubTypeID[304] = NaN
  out_fuelSubTypeID[305] = NaN
  out_fuelSubTypeID[306] = NaN
  out_fuelSubTypeID[307] = NaN
  out_fuelSubTypeID[308] = NaN
  out_fuelSubTypeID[309] = NaN
  out_fuelSubTypeID[310] = NaN
  out_fuelSubTypeID[311] = NaN
  out_fuelSubTypeID[312] = NaN
  out_fuelSubTypeID[313] = NaN
  out_fuelSubTypeID[314] = NaN
  out_fuelSubTypeID[315] = NaN
  out_fuelSubTypeID[316] = NaN
  out_fuelSubTypeID[317] = NaN
  out_fuelSubTypeID[318] = NaN
  out_fuelSubTypeID[319] = NaN
  out_fuelSubTypeID[320] = NaN
  out_fuelSubTypeID[321] = NaN
  out_fuelSubTypeID[322] = NaN
  out_fuelSubTypeID[323] = NaN
  out_fuelSubTypeID[324] = NaN
  out_fuelSubTypeID[325] = NaN
  out_fuelSubTypeID[326] = NaN
  out_fuelSubTypeID[327] = NaN
  out_fuelSubTypeID[328] = NaN
  out_fuelSubTypeID[329] = NaN
  out_fuelSubTypeID[330] = NaN
  out_fuelSubTypeID[331] = NaN
  out_fuelSubTypeID[332] = NaN
  out_fuelSubTypeID[333] = NaN
  out_fuelSubTypeID[334] = NaN
  out_fuelSubTypeID[335] = NaN
  out_fuelSubTypeID[336] = NaN
  out_fuelSubTypeID[337] = NaN
  out_fuelSubTypeID[338] = NaN
  out_fuelSubTypeID[339] = NaN
  out_fuelSubTypeID[340] = NaN
  out_fuelSubTypeID[341] = NaN
  out_fuelSubTypeID[342] = NaN
  out_fuelSubTypeID[343] = NaN
  out_fuelSubTypeID[344] = NaN
  out_fuelSubTypeID[345] = NaN
  out_fuelSubTypeID[346] = NaN
  out_fuelSubTypeID[347] = NaN
  out_fuelSubTypeID[348] = NaN
  out_fuelSubTypeID[349] = NaN
  out_fuelSubTypeID[350] = NaN
  out_fuelSubTypeID[351] = NaN
  out_fuelSubTypeID[352] = NaN
  out_fuelSubTypeID[353] = NaN
  out_fuelSubTypeID[354] = NaN
  out_fuelSubTypeID[355] = NaN
  out_fuelSubTypeID[356] = NaN
  out_fuelSubTypeID[357] = NaN
  out_fuelSubTypeID[358] = NaN
  out_fuelSubTypeID[359] = NaN
  out_fuelSubTypeID[360] = NaN
  out_fuelSubTypeID[361] = NaN
  out_fuelSubTypeID[362] = NaN
  out_fuelSubTypeID[363] = NaN
  out_fuelSubTypeID[364] = NaN
  out_fuelSubTypeID[365] = NaN
  out_fuelSubTypeID[366] = NaN
  out_fuelSubTypeID[367] = NaN
  out_fuelSubTypeID[368] = NaN
  out_fuelSubTypeID[369] = NaN
  out_fuelSubTypeID[370] = NaN
  out_fuelSubTypeID[371] = NaN
  out_fuelSubTypeID[372] = NaN
  out_fuelSubTypeID[373] = NaN
  out_fuelSubTypeID[374] = NaN
  out_fuelSubTypeID[375] = NaN
  out_fuelSubTypeID[376] = NaN
  out_fuelSubTypeID[377] = NaN
  out_fuelSubTypeID[378] = NaN
  out_fuelSubTypeID[379] = NaN
  out_fuelSubTypeID[380] = NaN
  out_fuelSubTypeID[381] = NaN
  out_fuelSubTypeID[382] = NaN
  out_fuelSubTypeID[383] = NaN
  out_fuelSubTypeID[384] = NaN
  out_fuelSubTypeID[385] = NaN
  out_fuelSubTypeID[386] = NaN
  out_fuelSubTypeID[387] = NaN
  out_fuelSubTypeID[388] = NaN
  out_fuelSubTypeID[389] = NaN
  out_fuelSubTypeID[390] = NaN
  out_fuelSubTypeID[391] = NaN
  out_fuelSubTypeID[392] = NaN
  out_fuelSubTypeID[393] = NaN
  out_fuelSubTypeID[394] = NaN
  out_fuelSubTypeID[395] = NaN
  out_fuelSubTypeID[396] = NaN
  out_fuelSubTypeID[397] = NaN
  out_fuelSubTypeID[398] = NaN
  out_fuelSubTypeID[399] = NaN
  out_fuelSubTypeID[400] = NaN
  out_fuelSubTypeID[401] = NaN
  out_fuelSubTypeID[402] = NaN
  out_fuelSubTypeID[403] = NaN
  out_fuelSubTypeID[404] = NaN
  out_fuelSubTypeID[405] = NaN
  out_fuelSubTypeID[406] = NaN
  out_fuelSubTypeID[407] = NaN
  out_fuelSubTypeID[408] = NaN
  out_fuelSubTypeID[409] = NaN
  out_fuelSubTypeID[410] = NaN
  out_fuelSubTypeID[411] = NaN
  out_fuelSubTypeID[412] = NaN
  out_fuelSubTypeID[413] = NaN
  out_fuelSubTypeID[414] = NaN
  out_fuelSubTypeID[415] = NaN
  out_fuelSubTypeID[416] = NaN
  out_fuelSubTypeID[417] = NaN
  out_fuelSubTypeID[418] = NaN
  out_fuelSubTypeID[419] = NaN
  out_fuelSubTypeID[420] = NaN
  out_fuelSubTypeID[421] = NaN
  out_fuelSubTypeID[422] = NaN
  out_fuelSubTypeID[423] = NaN
  out_fuelSubTypeID[424] = NaN
  out_fuelSubTypeID[425] = NaN
  out_fuelSubTypeID[426] = NaN
  out_fuelSubTypeID[427] = NaN
  out_fuelSubTypeID[428] = NaN
  out_fuelSubTypeID[429] = NaN
  out_fuelSubTypeID[430] = NaN
  out_fuelSubTypeID[431] = NaN
  out_fuelSubTypeID[432] = NaN
  out_fuelSubTypeID[433] = NaN
  out_fuelSubTypeID[434] = NaN
  out_fuelSubTypeID[435] = NaN
  out_fuelSubTypeID[436] = NaN
  out_engTechID[1] = NaN
  out_engTechID[2] = NaN
  out_engTechID[3] = NaN
  out_engTechID[4] = NaN
  out_engTechID[5] = NaN
  out_engTechID[6] = NaN
  out_engTechID[7] = NaN
  out_engTechID[8] = NaN
  out_engTechID[9] = NaN
  out_engTechID[10] = NaN
  out_engTechID[11] = NaN
  out_engTechID[12] = NaN
  out_engTechID[13] = NaN
  out_engTechID[14] = NaN
  out_engTechID[15] = NaN
  out_engTechID[16] = NaN
  out_engTechID[17] = NaN
  out_engTechID[18] = NaN
  out_engTechID[19] = NaN
  out_engTechID[20] = NaN
  out_engTechID[21] = NaN
  out_engTechID[22] = NaN
  out_engTechID[23] = NaN
  out_engTechID[24] = NaN
  out_engTechID[25] = NaN
  out_engTechID[26] = NaN
  out_engTechID[27] = NaN
  out_engTechID[28] = NaN
  out_engTechID[29] = NaN
  out_engTechID[30] = NaN
  out_engTechID[31] = NaN
  out_engTechID[32] = NaN
  out_engTechID[33] = NaN
  out_engTechID[34] = NaN
  out_engTechID[35] = NaN
  out_engTechID[36] = NaN
  out_engTechID[37] = NaN
  out_engTechID[38] = NaN
  out_engTechID[39] = NaN
  out_engTechID[40] = NaN
  out_engTechID[41] = NaN
  out_engTechID[42] = NaN
  out_engTechID[43] = NaN
  out_engTechID[44] = NaN
  out_engTechID[45] = NaN
  out_engTechID[46] = NaN
  out_engTechID[47] = NaN
  out_engTechID[48] = NaN
  out_engTechID[49] = NaN
  out_engTechID[50] = NaN
  out_engTechID[51] = NaN
  out_engTechID[52] = NaN
  out_engTechID[53] = NaN
  out_engTechID[54] = NaN
  out_engTechID[55] = NaN
  out_engTechID[56] = NaN
  out_engTechID[57] = NaN
  out_engTechID[58] = NaN
  out_engTechID[59] = NaN
  out_engTechID[60] = NaN
  out_engTechID[61] = NaN
  out_engTechID[62] = NaN
  out_engTechID[63] = NaN
  out_engTechID[64] = NaN
  out_engTechID[65] = NaN
  out_engTechID[66] = NaN
  out_engTechID[67] = NaN
  out_engTechID[68] = NaN
  out_engTechID[69] = NaN
  out_engTechID[70] = NaN
  out_engTechID[71] = NaN
  out_engTechID[72] = NaN
  out_engTechID[73] = NaN
  out_engTechID[74] = NaN
  out_engTechID[75] = NaN
  out_engTechID[76] = NaN
  out_engTechID[77] = NaN
  out_engTechID[78] = NaN
  out_engTechID[79] = NaN
  out_engTechID[80] = NaN
  out_engTechID[81] = NaN
  out_engTechID[82] = NaN
  out_engTechID[83] = NaN
  out_engTechID[84] = NaN
  out_engTechID[85] = NaN
  out_engTechID[86] = NaN
  out_engTechID[87] = NaN
  out_engTechID[88] = NaN
  out_engTechID[89] = NaN
  out_engTechID[90] = NaN
  out_engTechID[91] = NaN
  out_engTechID[92] = NaN
  out_engTechID[93] = NaN
  out_engTechID[94] = NaN
  out_engTechID[95] = NaN
  out_engTechID[96] = NaN
  out_engTechID[97] = NaN
  out_engTechID[98] = NaN
  out_engTechID[99] = NaN
  out_engTechID[100] = NaN
  out_engTechID[101] = NaN
  out_engTechID[102] = NaN
  out_engTechID[103] = NaN
  out_engTechID[104] = NaN
  out_engTechID[105] = NaN
  out_engTechID[106] = NaN
  out_engTechID[107] = NaN
  out_engTechID[108] = NaN
  out_engTechID[109] = NaN
  out_engTechID[110] = NaN
  out_engTechID[111] = NaN
  out_engTechID[112] = NaN
  out_engTechID[113] = NaN
  out_engTechID[114] = NaN
  out_engTechID[115] = NaN
  out_engTechID[116] = NaN
  out_engTechID[117] = NaN
  out_engTechID[118] = NaN
  out_engTechID[119] = NaN
  out_engTechID[120] = NaN
  out_engTechID[121] = NaN
  out_engTechID[122] = NaN
  out_engTechID[123] = NaN
  out_engTechID[124] = NaN
  out_engTechID[125] = NaN
  out_engTechID[126] = NaN
  out_engTechID[127] = NaN
  out_engTechID[128] = NaN
  out_engTechID[129] = NaN
  out_engTechID[130] = NaN
  out_engTechID[131] = NaN
  out_engTechID[132] = NaN
  out_engTechID[133] = NaN
  out_engTechID[134] = NaN
  out_engTechID[135] = NaN
  out_engTechID[136] = NaN
  out_engTechID[137] = NaN
  out_engTechID[138] = NaN
  out_engTechID[139] = NaN
  out_engTechID[140] = NaN
  out_engTechID[141] = NaN
  out_engTechID[142] = NaN
  out_engTechID[143] = NaN
  out_engTechID[144] = NaN
  out_engTechID[145] = NaN
  out_engTechID[146] = NaN
  out_engTechID[147] = NaN
  out_engTechID[148] = NaN
  out_engTechID[149] = NaN
  out_engTechID[150] = NaN
  out_engTechID[151] = NaN
  out_engTechID[152] = NaN
  out_engTechID[153] = NaN
  out_engTechID[154] = NaN
  out_engTechID[155] = NaN
  out_engTechID[156] = NaN
  out_engTechID[157] = NaN
  out_engTechID[158] = NaN
  out_engTechID[159] = NaN
  out_engTechID[160] = NaN
  out_engTechID[161] = NaN
  out_engTechID[162] = NaN
  out_engTechID[163] = NaN
  out_engTechID[164] = NaN
  out_engTechID[165] = NaN
  out_engTechID[166] = NaN
  out_engTechID[167] = NaN
  out_engTechID[168] = NaN
  out_engTechID[169] = NaN
  out_engTechID[170] = NaN
  out_engTechID[171] = NaN
  out_engTechID[172] = NaN
  out_engTechID[173] = NaN
  out_engTechID[174] = NaN
  out_engTechID[175] = NaN
  out_engTechID[176] = NaN
  out_engTechID[177] = NaN
  out_engTechID[178] = NaN
  out_engTechID[179] = NaN
  out_engTechID[180] = NaN
  out_engTechID[181] = NaN
  out_engTechID[182] = NaN
  out_engTechID[183] = NaN
  out_engTechID[184] = NaN
  out_engTechID[185] = NaN
  out_engTechID[186] = NaN
  out_engTechID[187] = NaN
  out_engTechID[188] = NaN
  out_engTechID[189] = NaN
  out_engTechID[190] = NaN
  out_engTechID[191] = NaN
  out_engTechID[192] = NaN
  out_engTechID[193] = NaN
  out_engTechID[194] = NaN
  out_engTechID[195] = NaN
  out_engTechID[196] = NaN
  out_engTechID[197] = NaN
  out_engTechID[198] = NaN
  out_engTechID[199] = NaN
  out_engTechID[200] = NaN
  out_engTechID[201] = NaN
  out_engTechID[202] = NaN
  out_engTechID[203] = NaN
  out_engTechID[204] = NaN
  out_engTechID[205] = NaN
  out_engTechID[206] = NaN
  out_engTechID[207] = NaN
  out_engTechID[208] = NaN
  out_engTechID[209] = NaN
  out_engTechID[210] = NaN
  out_engTechID[211] = NaN
  out_engTechID[212] = NaN
  out_engTechID[213] = NaN
  out_engTechID[214] = NaN
  out_engTechID[215] = NaN
  out_engTechID[216] = NaN
  out_engTechID[217] = NaN
  out_engTechID[218] = NaN
  out_engTechID[219] = NaN
  out_engTechID[220] = NaN
  out_engTechID[221] = NaN
  out_engTechID[222] = NaN
  out_engTechID[223] = NaN
  out_engTechID[224] = NaN
  out_engTechID[225] = NaN
  out_engTechID[226] = NaN
  out_engTechID[227] = NaN
  out_engTechID[228] = NaN
  out_engTechID[229] = NaN
  out_engTechID[230] = NaN
  out_engTechID[231] = NaN
  out_engTechID[232] = NaN
  out_engTechID[233] = NaN
  out_engTechID[234] = NaN
  out_engTechID[235] = NaN
  out_engTechID[236] = NaN
  out_engTechID[237] = NaN
  out_engTechID[238] = NaN
  out_engTechID[239] = NaN
  out_engTechID[240] = NaN
  out_engTechID[241] = NaN
  out_engTechID[242] = NaN
  out_engTechID[243] = NaN
  out_engTechID[244] = NaN
  out_engTechID[245] = NaN
  out_engTechID[246] = NaN
  out_engTechID[247] = NaN
  out_engTechID[248] = NaN
  out_engTechID[249] = NaN
  out_engTechID[250] = NaN
  out_engTechID[251] = NaN
  out_engTechID[252] = NaN
  out_engTechID[253] = NaN
  out_engTechID[254] = NaN
  out_engTechID[255] = NaN
  out_engTechID[256] = NaN
  out_engTechID[257] = NaN
  out_engTechID[258] = NaN
  out_engTechID[259] = NaN
  out_engTechID[260] = NaN
  out_engTechID[261] = NaN
  out_engTechID[262] = NaN
  out_engTechID[263] = NaN
  out_engTechID[264] = NaN
  out_engTechID[265] = NaN
  out_engTechID[266] = NaN
  out_engTechID[267] = NaN
  out_engTechID[268] = NaN
  out_engTechID[269] = NaN
  out_engTechID[270] = NaN
  out_engTechID[271] = NaN
  out_engTechID[272] = NaN
  out_engTechID[273] = NaN
  out_engTechID[274] = NaN
  out_engTechID[275] = NaN
  out_engTechID[276] = NaN
  out_engTechID[277] = NaN
  out_engTechID[278] = NaN
  out_engTechID[279] = NaN
  out_engTechID[280] = NaN
  out_engTechID[281] = NaN
  out_engTechID[282] = NaN
  out_engTechID[283] = NaN
  out_engTechID[284] = NaN
  out_engTechID[285] = NaN
  out_engTechID[286] = NaN
  out_engTechID[287] = NaN
  out_engTechID[288] = NaN
  out_engTechID[289] = NaN
  out_engTechID[290] = NaN
  out_engTechID[291] = NaN
  out_engTechID[292] = NaN
  out_engTechID[293] = NaN
  out_engTechID[294] = NaN
  out_engTechID[295] = NaN
  out_engTechID[296] = NaN
  out_engTechID[297] = NaN
  out_engTechID[298] = NaN
  out_engTechID[299] = NaN
  out_engTechID[300] = NaN
  out_engTechID[301] = NaN
  out_engTechID[302] = NaN
  out_engTechID[303] = NaN
  out_engTechID[304] = NaN
  out_engTechID[305] = NaN
  out_engTechID[306] = NaN
  out_engTechID[307] = NaN
  out_engTechID[308] = NaN
  out_engTechID[309] = NaN
  out_engTechID[310] = NaN
  out_engTechID[311] = NaN
  out_engTechID[312] = NaN
  out_engTechID[313] = NaN
  out_engTechID[314] = NaN
  out_engTechID[315] = NaN
  out_engTechID[316] = NaN
  out_engTechID[317] = NaN
  out_engTechID[318] = NaN
  out_engTechID[319] = NaN
  out_engTechID[320] = NaN
  out_engTechID[321] = NaN
  out_engTechID[322] = NaN
  out_engTechID[323] = NaN
  out_engTechID[324] = NaN
  out_engTechID[325] = NaN
  out_engTechID[326] = NaN
  out_engTechID[327] = NaN
  out_engTechID[328] = NaN
  out_engTechID[329] = NaN
  out_engTechID[330] = NaN
  out_engTechID[331] = NaN
  out_engTechID[332] = NaN
  out_engTechID[333] = NaN
  out_engTechID[334] = NaN
  out_engTechID[335] = NaN
  out_engTechID[336] = NaN
  out_engTechID[337] = NaN
  out_engTechID[338] = NaN
  out_engTechID[339] = NaN
  out_engTechID[340] = NaN
  out_engTechID[341] = NaN
  out_engTechID[342] = NaN
  out_engTechID[343] = NaN
  out_engTechID[344] = NaN
  out_engTechID[345] = NaN
  out_engTechID[346] = NaN
  out_engTechID[347] = NaN
  out_engTechID[348] = NaN
  out_engTechID[349] = NaN
  out_engTechID[350] = NaN
  out_engTechID[351] = NaN
  out_engTechID[352] = NaN
  out_engTechID[353] = NaN
  out_engTechID[354] = NaN
  out_engTechID[355] = NaN
  out_engTechID[356] = NaN
  out_engTechID[357] = NaN
  out_engTechID[358] = NaN
  out_engTechID[359] = NaN
  out_engTechID[360] = NaN
  out_engTechID[361] = NaN
  out_engTechID[362] = NaN
  out_engTechID[363] = NaN
  out_engTechID[364] = NaN
  out_engTechID[365] = NaN
  out_engTechID[366] = NaN
  out_engTechID[367] = NaN
  out_engTechID[368] = NaN
  out_engTechID[369] = NaN
  out_engTechID[370] = NaN
  out_engTechID[371] = NaN
  out_engTechID[372] = NaN
  out_engTechID[373] = NaN
  out_engTechID[374] = NaN
  out_engTechID[375] = NaN
  out_engTechID[376] = NaN
  out_engTechID[377] = NaN
  out_engTechID[378] = NaN
  out_engTechID[379] = NaN
  out_engTechID[380] = NaN
  out_engTechID[381] = NaN
  out_engTechID[382] = NaN
  out_engTechID[383] = NaN
  out_engTechID[384] = NaN
  out_engTechID[385] = NaN
  out_engTechID[386] = NaN
  out_engTechID[387] = NaN
  out_engTechID[388] = NaN
  out_engTechID[389] = NaN
  out_engTechID[390] = NaN
  out_engTechID[391] = NaN
  out_engTechID[392] = NaN
  out_engTechID[393] = NaN
  out_engTechID[394] = NaN
  out_engTechID[395] = NaN
  out_engTechID[396] = NaN
  out_engTechID[397] = NaN
  out_engTechID[398] = NaN
  out_engTechID[399] = NaN
  out_engTechID[400] = NaN
  out_engTechID[401] = NaN
  out_engTechID[402] = NaN
  out_engTechID[403] = NaN
  out_engTechID[404] = NaN
  out_engTechID[405] = NaN
  out_engTechID[406] = NaN
  out_engTechID[407] = NaN
  out_engTechID[408] = NaN
  out_engTechID[409] = NaN
  out_engTechID[410] = NaN
  out_engTechID[411] = NaN
  out_engTechID[412] = NaN
  out_engTechID[413] = NaN
  out_engTechID[414] = NaN
  out_engTechID[415] = NaN
  out_engTechID[416] = NaN
  out_engTechID[417] = NaN
  out_engTechID[418] = NaN
  out_engTechID[419] = NaN
  out_engTechID[420] = NaN
  out_engTechID[421] = NaN
  out_engTechID[422] = NaN
  out_engTechID[423] = NaN
  out_engTechID[424] = NaN
  out_engTechID[425] = NaN
  out_engTechID[426] = NaN
  out_engTechID[427] = NaN
  out_engTechID[428] = NaN
  out_engTechID[429] = NaN
  out_engTechID[430] = NaN
  out_engTechID[431] = NaN
  out_engTechID[432] = NaN
  out_engTechID[433] = NaN
  out_engTechID[434] = NaN
  out_engTechID[435] = NaN
  out_engTechID[436] = NaN
  out_sectorID[1] = NaN
  out_sectorID[2] = NaN
  out_sectorID[3] = NaN
  out_sectorID[4] = NaN
  out_sectorID[5] = NaN
  out_sectorID[6] = NaN
  out_sectorID[7] = NaN
  out_sectorID[8] = NaN
  out_sectorID[9] = NaN
  out_sectorID[10] = NaN
  out_sectorID[11] = NaN
  out_sectorID[12] = NaN
  out_sectorID[13] = NaN
  out_sectorID[14] = NaN
  out_sectorID[15] = NaN
  out_sectorID[16] = NaN
  out_sectorID[17] = NaN
  out_sectorID[18] = NaN
  out_sectorID[19] = NaN
  out_sectorID[20] = NaN
  out_sectorID[21] = NaN
  out_sectorID[22] = NaN
  out_sectorID[23] = NaN
  out_sectorID[24] = NaN
  out_sectorID[25] = NaN
  out_sectorID[26] = NaN
  out_sectorID[27] = NaN
  out_sectorID[28] = NaN
  out_sectorID[29] = NaN
  out_sectorID[30] = NaN
  out_sectorID[31] = NaN
  out_sectorID[32] = NaN
  out_sectorID[33] = NaN
  out_sectorID[34] = NaN
  out_sectorID[35] = NaN
  out_sectorID[36] = NaN
  out_sectorID[37] = NaN
  out_sectorID[38] = NaN
  out_sectorID[39] = NaN
  out_sectorID[40] = NaN
  out_sectorID[41] = NaN
  out_sectorID[42] = NaN
  out_sectorID[43] = NaN
  out_sectorID[44] = NaN
  out_sectorID[45] = NaN
  out_sectorID[46] = NaN
  out_sectorID[47] = NaN
  out_sectorID[48] = NaN
  out_sectorID[49] = NaN
  out_sectorID[50] = NaN
  out_sectorID[51] = NaN
  out_sectorID[52] = NaN
  out_sectorID[53] = NaN
  out_sectorID[54] = NaN
  out_sectorID[55] = NaN
  out_sectorID[56] = NaN
  out_sectorID[57] = NaN
  out_sectorID[58] = NaN
  out_sectorID[59] = NaN
  out_sectorID[60] = NaN
  out_sectorID[61] = NaN
  out_sectorID[62] = NaN
  out_sectorID[63] = NaN
  out_sectorID[64] = NaN
  out_sectorID[65] = NaN
  out_sectorID[66] = NaN
  out_sectorID[67] = NaN
  out_sectorID[68] = NaN
  out_sectorID[69] = NaN
  out_sectorID[70] = NaN
  out_sectorID[71] = NaN
  out_sectorID[72] = NaN
  out_sectorID[73] = NaN
  out_sectorID[74] = NaN
  out_sectorID[75] = NaN
  out_sectorID[76] = NaN
  out_sectorID[77] = NaN
  out_sectorID[78] = NaN
  out_sectorID[79] = NaN
  out_sectorID[80] = NaN
  out_sectorID[81] = NaN
  out_sectorID[82] = NaN
  out_sectorID[83] = NaN
  out_sectorID[84] = NaN
  out_sectorID[85] = NaN
  out_sectorID[86] = NaN
  out_sectorID[87] = NaN
  out_sectorID[88] = NaN
  out_sectorID[89] = NaN
  out_sectorID[90] = NaN
  out_sectorID[91] = NaN
  out_sectorID[92] = NaN
  out_sectorID[93] = NaN
  out_sectorID[94] = NaN
  out_sectorID[95] = NaN
  out_sectorID[96] = NaN
  out_sectorID[97] = NaN
  out_sectorID[98] = NaN
  out_sectorID[99] = NaN
  out_sectorID[100] = NaN
  out_sectorID[101] = NaN
  out_sectorID[102] = NaN
  out_sectorID[103] = NaN
  out_sectorID[104] = NaN
  out_sectorID[105] = NaN
  out_sectorID[106] = NaN
  out_sectorID[107] = NaN
  out_sectorID[108] = NaN
  out_sectorID[109] = NaN
  out_sectorID[110] = NaN
  out_sectorID[111] = NaN
  out_sectorID[112] = NaN
  out_sectorID[113] = NaN
  out_sectorID[114] = NaN
  out_sectorID[115] = NaN
  out_sectorID[116] = NaN
  out_sectorID[117] = NaN
  out_sectorID[118] = NaN
  out_sectorID[119] = NaN
  out_sectorID[120] = NaN
  out_sectorID[121] = NaN
  out_sectorID[122] = NaN
  out_sectorID[123] = NaN
  out_sectorID[124] = NaN
  out_sectorID[125] = NaN
  out_sectorID[126] = NaN
  out_sectorID[127] = NaN
  out_sectorID[128] = NaN
  out_sectorID[129] = NaN
  out_sectorID[130] = NaN
  out_sectorID[131] = NaN
  out_sectorID[132] = NaN
  out_sectorID[133] = NaN
  out_sectorID[134] = NaN
  out_sectorID[135] = NaN
  out_sectorID[136] = NaN
  out_sectorID[137] = NaN
  out_sectorID[138] = NaN
  out_sectorID[139] = NaN
  out_sectorID[140] = NaN
  out_sectorID[141] = NaN
  out_sectorID[142] = NaN
  out_sectorID[143] = NaN
  out_sectorID[144] = NaN
  out_sectorID[145] = NaN
  out_sectorID[146] = NaN
  out_sectorID[147] = NaN
  out_sectorID[148] = NaN
  out_sectorID[149] = NaN
  out_sectorID[150] = NaN
  out_sectorID[151] = NaN
  out_sectorID[152] = NaN
  out_sectorID[153] = NaN
  out_sectorID[154] = NaN
  out_sectorID[155] = NaN
  out_sectorID[156] = NaN
  out_sectorID[157] = NaN
  out_sectorID[158] = NaN
  out_sectorID[159] = NaN
  out_sectorID[160] = NaN
  out_sectorID[161] = NaN
  out_sectorID[162] = NaN
  out_sectorID[163] = NaN
  out_sectorID[164] = NaN
  out_sectorID[165] = NaN
  out_sectorID[166] = NaN
  out_sectorID[167] = NaN
  out_sectorID[168] = NaN
  out_sectorID[169] = NaN
  out_sectorID[170] = NaN
  out_sectorID[171] = NaN
  out_sectorID[172] = NaN
  out_sectorID[173] = NaN
  out_sectorID[174] = NaN
  out_sectorID[175] = NaN
  out_sectorID[176] = NaN
  out_sectorID[177] = NaN
  out_sectorID[178] = NaN
  out_sectorID[179] = NaN
  out_sectorID[180] = NaN
  out_sectorID[181] = NaN
  out_sectorID[182] = NaN
  out_sectorID[183] = NaN
  out_sectorID[184] = NaN
  out_sectorID[185] = NaN
  out_sectorID[186] = NaN
  out_sectorID[187] = NaN
  out_sectorID[188] = NaN
  out_sectorID[189] = NaN
  out_sectorID[190] = NaN
  out_sectorID[191] = NaN
  out_sectorID[192] = NaN
  out_sectorID[193] = NaN
  out_sectorID[194] = NaN
  out_sectorID[195] = NaN
  out_sectorID[196] = NaN
  out_sectorID[197] = NaN
  out_sectorID[198] = NaN
  out_sectorID[199] = NaN
  out_sectorID[200] = NaN
  out_sectorID[201] = NaN
  out_sectorID[202] = NaN
  out_sectorID[203] = NaN
  out_sectorID[204] = NaN
  out_sectorID[205] = NaN
  out_sectorID[206] = NaN
  out_sectorID[207] = NaN
  out_sectorID[208] = NaN
  out_sectorID[209] = NaN
  out_sectorID[210] = NaN
  out_sectorID[211] = NaN
  out_sectorID[212] = NaN
  out_sectorID[213] = NaN
  out_sectorID[214] = NaN
  out_sectorID[215] = NaN
  out_sectorID[216] = NaN
  out_sectorID[217] = NaN
  out_sectorID[218] = NaN
  out_sectorID[219] = NaN
  out_sectorID[220] = NaN
  out_sectorID[221] = NaN
  out_sectorID[222] = NaN
  out_sectorID[223] = NaN
  out_sectorID[224] = NaN
  out_sectorID[225] = NaN
  out_sectorID[226] = NaN
  out_sectorID[227] = NaN
  out_sectorID[228] = NaN
  out_sectorID[229] = NaN
  out_sectorID[230] = NaN
  out_sectorID[231] = NaN
  out_sectorID[232] = NaN
  out_sectorID[233] = NaN
  out_sectorID[234] = NaN
  out_sectorID[235] = NaN
  out_sectorID[236] = NaN
  out_sectorID[237] = NaN
  out_sectorID[238] = NaN
  out_sectorID[239] = NaN
  out_sectorID[240] = NaN
  out_sectorID[241] = NaN
  out_sectorID[242] = NaN
  out_sectorID[243] = NaN
  out_sectorID[244] = NaN
  out_sectorID[245] = NaN
  out_sectorID[246] = NaN
  out_sectorID[247] = NaN
  out_sectorID[248] = NaN
  out_sectorID[249] = NaN
  out_sectorID[250] = NaN
  out_sectorID[251] = NaN
  out_sectorID[252] = NaN
  out_sectorID[253] = NaN
  out_sectorID[254] = NaN
  out_sectorID[255] = NaN
  out_sectorID[256] = NaN
  out_sectorID[257] = NaN
  out_sectorID[258] = NaN
  out_sectorID[259] = NaN
  out_sectorID[260] = NaN
  out_sectorID[261] = NaN
  out_sectorID[262] = NaN
  out_sectorID[263] = NaN
  out_sectorID[264] = NaN
  out_sectorID[265] = NaN
  out_sectorID[266] = NaN
  out_sectorID[267] = NaN
  out_sectorID[268] = NaN
  out_sectorID[269] = NaN
  out_sectorID[270] = NaN
  out_sectorID[271] = NaN
  out_sectorID[272] = NaN
  out_sectorID[273] = NaN
  out_sectorID[274] = NaN
  out_sectorID[275] = NaN
  out_sectorID[276] = NaN
  out_sectorID[277] = NaN
  out_sectorID[278] = NaN
  out_sectorID[279] = NaN
  out_sectorID[280] = NaN
  out_sectorID[281] = NaN
  out_sectorID[282] = NaN
  out_sectorID[283] = NaN
  out_sectorID[284] = NaN
  out_sectorID[285] = NaN
  out_sectorID[286] = NaN
  out_sectorID[287] = NaN
  out_sectorID[288] = NaN
  out_sectorID[289] = NaN
  out_sectorID[290] = NaN
  out_sectorID[291] = NaN
  out_sectorID[292] = NaN
  out_sectorID[293] = NaN
  out_sectorID[294] = NaN
  out_sectorID[295] = NaN
  out_sectorID[296] = NaN
  out_sectorID[297] = NaN
  out_sectorID[298] = NaN
  out_sectorID[299] = NaN
  out_sectorID[300] = NaN
  out_sectorID[301] = NaN
  out_sectorID[302] = NaN
  out_sectorID[303] = NaN
  out_sectorID[304] = NaN
  out_sectorID[305] = NaN
  out_sectorID[306] = NaN
  out_sectorID[307] = NaN
  out_sectorID[308] = NaN
  out_sectorID[309] = NaN
  out_sectorID[310] = NaN
  out_sectorID[311] = NaN
  out_sectorID[312] = NaN
  out_sectorID[313] = NaN
  out_sectorID[314] = NaN
  out_sectorID[315] = NaN
  out_sectorID[316] = NaN
  out_sectorID[317] = NaN
  out_sectorID[318] = NaN
  out_sectorID[319] = NaN
  out_sectorID[320] = NaN
  out_sectorID[321] = NaN
  out_sectorID[322] = NaN
  out_sectorID[323] = NaN
  out_sectorID[324] = NaN
  out_sectorID[325] = NaN
  out_sectorID[326] = NaN
  out_sectorID[327] = NaN
  out_sectorID[328] = NaN
  out_sectorID[329] = NaN
  out_sectorID[330] = NaN
  out_sectorID[331] = NaN
  out_sectorID[332] = NaN
  out_sectorID[333] = NaN
  out_sectorID[334] = NaN
  out_sectorID[335] = NaN
  out_sectorID[336] = NaN
  out_sectorID[337] = NaN
  out_sectorID[338] = NaN
  out_sectorID[339] = NaN
  out_sectorID[340] = NaN
  out_sectorID[341] = NaN
  out_sectorID[342] = NaN
  out_sectorID[343] = NaN
  out_sectorID[344] = NaN
  out_sectorID[345] = NaN
  out_sectorID[346] = NaN
  out_sectorID[347] = NaN
  out_sectorID[348] = NaN
  out_sectorID[349] = NaN
  out_sectorID[350] = NaN
  out_sectorID[351] = NaN
  out_sectorID[352] = NaN
  out_sectorID[353] = NaN
  out_sectorID[354] = NaN
  out_sectorID[355] = NaN
  out_sectorID[356] = NaN
  out_sectorID[357] = NaN
  out_sectorID[358] = NaN
  out_sectorID[359] = NaN
  out_sectorID[360] = NaN
  out_sectorID[361] = NaN
  out_sectorID[362] = NaN
  out_sectorID[363] = NaN
  out_sectorID[364] = NaN
  out_sectorID[365] = NaN
  out_sectorID[366] = NaN
  out_sectorID[367] = NaN
  out_sectorID[368] = NaN
  out_sectorID[369] = NaN
  out_sectorID[370] = NaN
  out_sectorID[371] = NaN
  out_sectorID[372] = NaN
  out_sectorID[373] = NaN
  out_sectorID[374] = NaN
  out_sectorID[375] = NaN
  out_sectorID[376] = NaN
  out_sectorID[377] = NaN
  out_sectorID[378] = NaN
  out_sectorID[379] = NaN
  out_sectorID[380] = NaN
  out_sectorID[381] = NaN
  out_sectorID[382] = NaN
  out_sectorID[383] = NaN
  out_sectorID[384] = NaN
  out_sectorID[385] = NaN
  out_sectorID[386] = NaN
  out_sectorID[387] = NaN
  out_sectorID[388] = NaN
  out_sectorID[389] = NaN
  out_sectorID[390] = NaN
  out_sectorID[391] = NaN
  out_sectorID[392] = NaN
  out_sectorID[393] = NaN
  out_sectorID[394] = NaN
  out_sectorID[395] = NaN
  out_sectorID[396] = NaN
  out_sectorID[397] = NaN
  out_sectorID[398] = NaN
  out_sectorID[399] = NaN
  out_sectorID[400] = NaN
  out_sectorID[401] = NaN
  out_sectorID[402] = NaN
  out_sectorID[403] = NaN
  out_sectorID[404] = NaN
  out_sectorID[405] = NaN
  out_sectorID[406] = NaN
  out_sectorID[407] = NaN
  out_sectorID[408] = NaN
  out_sectorID[409] = NaN
  out_sectorID[410] = NaN
  out_sectorID[411] = NaN
  out_sectorID[412] = NaN
  out_sectorID[413] = NaN
  out_sectorID[414] = NaN
  out_sectorID[415] = NaN
  out_sectorID[416] = NaN
  out_sectorID[417] = NaN
  out_sectorID[418] = NaN
  out_sectorID[419] = NaN
  out_sectorID[420] = NaN
  out_sectorID[421] = NaN
  out_sectorID[422] = NaN
  out_sectorID[423] = NaN
  out_sectorID[424] = NaN
  out_sectorID[425] = NaN
  out_sectorID[426] = NaN
  out_sectorID[427] = NaN
  out_sectorID[428] = NaN
  out_sectorID[429] = NaN
  out_sectorID[430] = NaN
  out_sectorID[431] = NaN
  out_sectorID[432] = NaN
  out_sectorID[433] = NaN
  out_sectorID[434] = NaN
  out_sectorID[435] = NaN
  out_sectorID[436] = NaN
  out_hpID[1] = NaN
  out_hpID[2] = NaN
  out_hpID[3] = NaN
  out_hpID[4] = NaN
  out_hpID[5] = NaN
  out_hpID[6] = NaN
  out_hpID[7] = NaN
  out_hpID[8] = NaN
  out_hpID[9] = NaN
  out_hpID[10] = NaN
  out_hpID[11] = NaN
  out_hpID[12] = NaN
  out_hpID[13] = NaN
  out_hpID[14] = NaN
  out_hpID[15] = NaN
  out_hpID[16] = NaN
  out_hpID[17] = NaN
  out_hpID[18] = NaN
  out_hpID[19] = NaN
  out_hpID[20] = NaN
  out_hpID[21] = NaN
  out_hpID[22] = NaN
  out_hpID[23] = NaN
  out_hpID[24] = NaN
  out_hpID[25] = NaN
  out_hpID[26] = NaN
  out_hpID[27] = NaN
  out_hpID[28] = NaN
  out_hpID[29] = NaN
  out_hpID[30] = NaN
  out_hpID[31] = NaN
  out_hpID[32] = NaN
  out_hpID[33] = NaN
  out_hpID[34] = NaN
  out_hpID[35] = NaN
  out_hpID[36] = NaN
  out_hpID[37] = NaN
  out_hpID[38] = NaN
  out_hpID[39] = NaN
  out_hpID[40] = NaN
  out_hpID[41] = NaN
  out_hpID[42] = NaN
  out_hpID[43] = NaN
  out_hpID[44] = NaN
  out_hpID[45] = NaN
  out_hpID[46] = NaN
  out_hpID[47] = NaN
  out_hpID[48] = NaN
  out_hpID[49] = NaN
  out_hpID[50] = NaN
  out_hpID[51] = NaN
  out_hpID[52] = NaN
  out_hpID[53] = NaN
  out_hpID[54] = NaN
  out_hpID[55] = NaN
  out_hpID[56] = NaN
  out_hpID[57] = NaN
  out_hpID[58] = NaN
  out_hpID[59] = NaN
  out_hpID[60] = NaN
  out_hpID[61] = NaN
  out_hpID[62] = NaN
  out_hpID[63] = NaN
  out_hpID[64] = NaN
  out_hpID[65] = NaN
  out_hpID[66] = NaN
  out_hpID[67] = NaN
  out_hpID[68] = NaN
  out_hpID[69] = NaN
  out_hpID[70] = NaN
  out_hpID[71] = NaN
  out_hpID[72] = NaN
  out_hpID[73] = NaN
  out_hpID[74] = NaN
  out_hpID[75] = NaN
  out_hpID[76] = NaN
  out_hpID[77] = NaN
  out_hpID[78] = NaN
  out_hpID[79] = NaN
  out_hpID[80] = NaN
  out_hpID[81] = NaN
  out_hpID[82] = NaN
  out_hpID[83] = NaN
  out_hpID[84] = NaN
  out_hpID[85] = NaN
  out_hpID[86] = NaN
  out_hpID[87] = NaN
  out_hpID[88] = NaN
  out_hpID[89] = NaN
  out_hpID[90] = NaN
  out_hpID[91] = NaN
  out_hpID[92] = NaN
  out_hpID[93] = NaN
  out_hpID[94] = NaN
  out_hpID[95] = NaN
  out_hpID[96] = NaN
  out_hpID[97] = NaN
  out_hpID[98] = NaN
  out_hpID[99] = NaN
  out_hpID[100] = NaN
  out_hpID[101] = NaN
  out_hpID[102] = NaN
  out_hpID[103] = NaN
  out_hpID[104] = NaN
  out_hpID[105] = NaN
  out_hpID[106] = NaN
  out_hpID[107] = NaN
  out_hpID[108] = NaN
  out_hpID[109] = NaN
  out_hpID[110] = NaN
  out_hpID[111] = NaN
  out_hpID[112] = NaN
  out_hpID[113] = NaN
  out_hpID[114] = NaN
  out_hpID[115] = NaN
  out_hpID[116] = NaN
  out_hpID[117] = NaN
  out_hpID[118] = NaN
  out_hpID[119] = NaN
  out_hpID[120] = NaN
  out_hpID[121] = NaN
  out_hpID[122] = NaN
  out_hpID[123] = NaN
  out_hpID[124] = NaN
  out_hpID[125] = NaN
  out_hpID[126] = NaN
  out_hpID[127] = NaN
  out_hpID[128] = NaN
  out_hpID[129] = NaN
  out_hpID[130] = NaN
  out_hpID[131] = NaN
  out_hpID[132] = NaN
  out_hpID[133] = NaN
  out_hpID[134] = NaN
  out_hpID[135] = NaN
  out_hpID[136] = NaN
  out_hpID[137] = NaN
  out_hpID[138] = NaN
  out_hpID[139] = NaN
  out_hpID[140] = NaN
  out_hpID[141] = NaN
  out_hpID[142] = NaN
  out_hpID[143] = NaN
  out_hpID[144] = NaN
  out_hpID[145] = NaN
  out_hpID[146] = NaN
  out_hpID[147] = NaN
  out_hpID[148] = NaN
  out_hpID[149] = NaN
  out_hpID[150] = NaN
  out_hpID[151] = NaN
  out_hpID[152] = NaN
  out_hpID[153] = NaN
  out_hpID[154] = NaN
  out_hpID[155] = NaN
  out_hpID[156] = NaN
  out_hpID[157] = NaN
  out_hpID[158] = NaN
  out_hpID[159] = NaN
  out_hpID[160] = NaN
  out_hpID[161] = NaN
  out_hpID[162] = NaN
  out_hpID[163] = NaN
  out_hpID[164] = NaN
  out_hpID[165] = NaN
  out_hpID[166] = NaN
  out_hpID[167] = NaN
  out_hpID[168] = NaN
  out_hpID[169] = NaN
  out_hpID[170] = NaN
  out_hpID[171] = NaN
  out_hpID[172] = NaN
  out_hpID[173] = NaN
  out_hpID[174] = NaN
  out_hpID[175] = NaN
  out_hpID[176] = NaN
  out_hpID[177] = NaN
  out_hpID[178] = NaN
  out_hpID[179] = NaN
  out_hpID[180] = NaN
  out_hpID[181] = NaN
  out_hpID[182] = NaN
  out_hpID[183] = NaN
  out_hpID[184] = NaN
  out_hpID[185] = NaN
  out_hpID[186] = NaN
  out_hpID[187] = NaN
  out_hpID[188] = NaN
  out_hpID[189] = NaN
  out_hpID[190] = NaN
  out_hpID[191] = NaN
  out_hpID[192] = NaN
  out_hpID[193] = NaN
  out_hpID[194] = NaN
  out_hpID[195] = NaN
  out_hpID[196] = NaN
  out_hpID[197] = NaN
  out_hpID[198] = NaN
  out_hpID[199] = NaN
  out_hpID[200] = NaN
  out_hpID[201] = NaN
  out_hpID[202] = NaN
  out_hpID[203] = NaN
  out_hpID[204] = NaN
  out_hpID[205] = NaN
  out_hpID[206] = NaN
  out_hpID[207] = NaN
  out_hpID[208] = NaN
  out_hpID[209] = NaN
  out_hpID[210] = NaN
  out_hpID[211] = NaN
  out_hpID[212] = NaN
  out_hpID[213] = NaN
  out_hpID[214] = NaN
  out_hpID[215] = NaN
  out_hpID[216] = NaN
  out_hpID[217] = NaN
  out_hpID[218] = NaN
  out_hpID[219] = NaN
  out_hpID[220] = NaN
  out_hpID[221] = NaN
  out_hpID[222] = NaN
  out_hpID[223] = NaN
  out_hpID[224] = NaN
  out_hpID[225] = NaN
  out_hpID[226] = NaN
  out_hpID[227] = NaN
  out_hpID[228] = NaN
  out_hpID[229] = NaN
  out_hpID[230] = NaN
  out_hpID[231] = NaN
  out_hpID[232] = NaN
  out_hpID[233] = NaN
  out_hpID[234] = NaN
  out_hpID[235] = NaN
  out_hpID[236] = NaN
  out_hpID[237] = NaN
  out_hpID[238] = NaN
  out_hpID[239] = NaN
  out_hpID[240] = NaN
  out_hpID[241] = NaN
  out_hpID[242] = NaN
  out_hpID[243] = NaN
  out_hpID[244] = NaN
  out_hpID[245] = NaN
  out_hpID[246] = NaN
  out_hpID[247] = NaN
  out_hpID[248] = NaN
  out_hpID[249] = NaN
  out_hpID[250] = NaN
  out_hpID[251] = NaN
  out_hpID[252] = NaN
  out_hpID[253] = NaN
  out_hpID[254] = NaN
  out_hpID[255] = NaN
  out_hpID[256] = NaN
  out_hpID[257] = NaN
  out_hpID[258] = NaN
  out_hpID[259] = NaN
  out_hpID[260] = NaN
  out_hpID[261] = NaN
  out_hpID[262] = NaN
  out_hpID[263] = NaN
  out_hpID[264] = NaN
  out_hpID[265] = NaN
  out_hpID[266] = NaN
  out_hpID[267] = NaN
  out_hpID[268] = NaN
  out_hpID[269] = NaN
  out_hpID[270] = NaN
  out_hpID[271] = NaN
  out_hpID[272] = NaN
  out_hpID[273] = NaN
  out_hpID[274] = NaN
  out_hpID[275] = NaN
  out_hpID[276] = NaN
  out_hpID[277] = NaN
  out_hpID[278] = NaN
  out_hpID[279] = NaN
  out_hpID[280] = NaN
  out_hpID[281] = NaN
  out_hpID[282] = NaN
  out_hpID[283] = NaN
  out_hpID[284] = NaN
  out_hpID[285] = NaN
  out_hpID[286] = NaN
  out_hpID[287] = NaN
  out_hpID[288] = NaN
  out_hpID[289] = NaN
  out_hpID[290] = NaN
  out_hpID[291] = NaN
  out_hpID[292] = NaN
  out_hpID[293] = NaN
  out_hpID[294] = NaN
  out_hpID[295] = NaN
  out_hpID[296] = NaN
  out_hpID[297] = NaN
  out_hpID[298] = NaN
  out_hpID[299] = NaN
  out_hpID[300] = NaN
  out_hpID[301] = NaN
  out_hpID[302] = NaN
  out_hpID[303] = NaN
  out_hpID[304] = NaN
  out_hpID[305] = NaN
  out_hpID[306] = NaN
  out_hpID[307] = NaN
  out_hpID[308] = NaN
  out_hpID[309] = NaN
  out_hpID[310] = NaN
  out_hpID[311] = NaN
  out_hpID[312] = NaN
  out_hpID[313] = NaN
  out_hpID[314] = NaN
  out_hpID[315] = NaN
  out_hpID[316] = NaN
  out_hpID[317] = NaN
  out_hpID[318] = NaN
  out_hpID[319] = NaN
  out_hpID[320] = NaN
  out_hpID[321] = NaN
  out_hpID[322] = NaN
  out_hpID[323] = NaN
  out_hpID[324] = NaN
  out_hpID[325] = NaN
  out_hpID[326] = NaN
  out_hpID[327] = NaN
  out_hpID[328] = NaN
  out_hpID[329] = NaN
  out_hpID[330] = NaN
  out_hpID[331] = NaN
  out_hpID[332] = NaN
  out_hpID[333] = NaN
  out_hpID[334] = NaN
  out_hpID[335] = NaN
  out_hpID[336] = NaN
  out_hpID[337] = NaN
  out_hpID[338] = NaN
  out_hpID[339] = NaN
  out_hpID[340] = NaN
  out_hpID[341] = NaN
  out_hpID[342] = NaN
  out_hpID[343] = NaN
  out_hpID[344] = NaN
  out_hpID[345] = NaN
  out_hpID[346] = NaN
  out_hpID[347] = NaN
  out_hpID[348] = NaN
  out_hpID[349] = NaN
  out_hpID[350] = NaN
  out_hpID[351] = NaN
  out_hpID[352] = NaN
  out_hpID[353] = NaN
  out_hpID[354] = NaN
  out_hpID[355] = NaN
  out_hpID[356] = NaN
  out_hpID[357] = NaN
  out_hpID[358] = NaN
  out_hpID[359] = NaN
  out_hpID[360] = NaN
  out_hpID[361] = NaN
  out_hpID[362] = NaN
  out_hpID[363] = NaN
  out_hpID[364] = NaN
  out_hpID[365] = NaN
  out_hpID[366] = NaN
  out_hpID[367] = NaN
  out_hpID[368] = NaN
  out_hpID[369] = NaN
  out_hpID[370] = NaN
  out_hpID[371] = NaN
  out_hpID[372] = NaN
  out_hpID[373] = NaN
  out_hpID[374] = NaN
  out_hpID[375] = NaN
  out_hpID[376] = NaN
  out_hpID[377] = NaN
  out_hpID[378] = NaN
  out_hpID[379] = NaN
  out_hpID[380] = NaN
  out_hpID[381] = NaN
  out_hpID[382] = NaN
  out_hpID[383] = NaN
  out_hpID[384] = NaN
  out_hpID[385] = NaN
  out_hpID[386] = NaN
  out_hpID[387] = NaN
  out_hpID[388] = NaN
  out_hpID[389] = NaN
  out_hpID[390] = NaN
  out_hpID[391] = NaN
  out_hpID[392] = NaN
  out_hpID[393] = NaN
  out_hpID[394] = NaN
  out_hpID[395] = NaN
  out_hpID[396] = NaN
  out_hpID[397] = NaN
  out_hpID[398] = NaN
  out_hpID[399] = NaN
  out_hpID[400] = NaN
  out_hpID[401] = NaN
  out_hpID[402] = NaN
  out_hpID[403] = NaN
  out_hpID[404] = NaN
  out_hpID[405] = NaN
  out_hpID[406] = NaN
  out_hpID[407] = NaN
  out_hpID[408] = NaN
  out_hpID[409] = NaN
  out_hpID[410] = NaN
  out_hpID[411] = NaN
  out_hpID[412] = NaN
  out_hpID[413] = NaN
  out_hpID[414] = NaN
  out_hpID[415] = NaN
  out_hpID[416] = NaN
  out_hpID[417] = NaN
  out_hpID[418] = NaN
  out_hpID[419] = NaN
  out_hpID[420] = NaN
  out_hpID[421] = NaN
  out_hpID[422] = NaN
  out_hpID[423] = NaN
  out_hpID[424] = NaN
  out_hpID[425] = NaN
  out_hpID[426] = NaN
  out_hpID[427] = NaN
  out_hpID[428] = NaN
  out_hpID[429] = NaN
  out_hpID[430] = NaN
  out_hpID[431] = NaN
  out_hpID[432] = NaN
  out_hpID[433] = NaN
  out_hpID[434] = NaN
  out_hpID[435] = NaN
  out_hpID[436] = NaN
  out_modelYearID[1] = 2020
  out_modelYearID[2] = 2019
  out_modelYearID[3] = 2018
  out_modelYearID[4] = 2017
  out_modelYearID[5] = 2016
  out_modelYearID[6] = 2015
  out_modelYearID[7] = 2014
  out_modelYearID[8] = 2013
  out_modelYearID[9] = 2012
  out_modelYearID[10] = 2011
  out_modelYearID[11] = 2010
  out_modelYearID[12] = 2009
  out_modelYearID[13] = 2008
  out_modelYearID[14] = 2007
  out_modelYearID[15] = 2006
  out_modelYearID[16] = 2005
  out_modelYearID[17] = 2004
  out_modelYearID[18] = 2003
  out_modelYearID[19] = 2002
  out_modelYearID[20] = 2001
  out_modelYearID[21] = 2000
  out_modelYearID[22] = 1999
  out_modelYearID[23] = 1998
  out_modelYearID[24] = 1997
  out_modelYearID[25] = 1996
  out_modelYearID[26] = 1995
  out_modelYearID[27] = 1994
  out_modelYearID[28] = 1993
  out_modelYearID[29] = 1992
  out_modelYearID[30] = 1991
  out_modelYearID[31] = 1990
  out_modelYearID[32] = 1989
  out_modelYearID[33] = 1988
  out_modelYearID[34] = 1987
  out_modelYearID[35] = 1986
  out_modelYearID[36] = 1985
  out_modelYearID[37] = 1984
  out_modelYearID[38] = 1983
  out_modelYearID[39] = 1982
  out_modelYearID[40] = 1981
  out_modelYearID[41] = 1980
  out_modelYearID[42] = 2019
  out_modelYearID[43] = 2018
  out_modelYearID[44] = 2017
  out_modelYearID[45] = 2016
  out_modelYearID[46] = 2015
  out_modelYearID[47] = 2014
  out_modelYearID[48] = 2013
  out_modelYearID[49] = 2012
  out_modelYearID[50] = 2011
  out_modelYearID[51] = 2010
  out_modelYearID[52] = 2009
  out_modelYearID[53] = 2008
  out_modelYearID[54] = 2007
  out_modelYearID[55] = 2006
  out_modelYearID[56] = 2005
  out_modelYearID[57] = 2004
  out_modelYearID[58] = 2003
  out_modelYearID[59] = 2002
  out_modelYearID[60] = 2001
  out_modelYearID[61] = 2000
  out_modelYearID[62] = 1999
  out_modelYearID[63] = 1998
  out_modelYearID[64] = 1997
  out_modelYearID[65] = 1996
  out_modelYearID[66] = 1995
  out_modelYearID[67] = 1994
  out_modelYearID[68] = 1993
  out_modelYearID[69] = 1992
  out_modelYearID[70] = 1991
  out_modelYearID[71] = 1990
  out_modelYearID[72] = 1989
  out_modelYearID[73] = 1988
  out_modelYearID[74] = 1987
  out_modelYearID[75] = 1986
  out_modelYearID[76] = 1985
  out_modelYearID[77] = 1984
  out_modelYearID[78] = 1983
  out_modelYearID[79] = 1982
  out_modelYearID[80] = 1981
  out_modelYearID[81] = 1980
  out_modelYearID[82] = 2020
  out_modelYearID[83] = 2019
  out_modelYearID[84] = 2018
  out_modelYearID[85] = 2017
  out_modelYearID[86] = 2016
  out_modelYearID[87] = 2015
  out_modelYearID[88] = 2014
  out_modelYearID[89] = 2013
  out_modelYearID[90] = 2012
  out_modelYearID[91] = 2011
  out_modelYearID[92] = 2010
  out_modelYearID[93] = 2009
  out_modelYearID[94] = 2008
  out_modelYearID[95] = 2007
  out_modelYearID[96] = 2006
  out_modelYearID[97] = 2005
  out_modelYearID[98] = 2004
  out_modelYearID[99] = 2003
  out_modelYearID[100] = 2002
  out_modelYearID[101] = 2001
  out_modelYearID[102] = 2000
  out_modelYearID[103] = 1999
  out_modelYearID[104] = 1998
  out_modelYearID[105] = 2020
  out_modelYearID[106] = 2019
  out_modelYearID[107] = 2018
  out_modelYearID[108] = 2017
  out_modelYearID[109] = 2016
  out_modelYearID[110] = 2015
  out_modelYearID[111] = 2014
  out_modelYearID[112] = 2013
  out_modelYearID[113] = 2012
  out_modelYearID[114] = 2011
  out_modelYearID[115] = 2010
  out_modelYearID[116] = 2009
  out_modelYearID[117] = 2008
  out_modelYearID[118] = 2007
  out_modelYearID[119] = 2006
  out_modelYearID[120] = 2005
  out_modelYearID[121] = 2004
  out_modelYearID[122] = 2003
  out_modelYearID[123] = 2002
  out_modelYearID[124] = 2001
  out_modelYearID[125] = 2020
  out_modelYearID[126] = 2019
  out_modelYearID[127] = 2018
  out_modelYearID[128] = 2017
  out_modelYearID[129] = 2016
  out_modelYearID[130] = 2015
  out_modelYearID[131] = 2014
  out_modelYearID[132] = 2013
  out_modelYearID[133] = 2012
  out_modelYearID[134] = 2011
  out_modelYearID[135] = 2010
  out_modelYearID[136] = 2009
  out_modelYearID[137] = 2008
  out_modelYearID[138] = 2007
  out_modelYearID[139] = 2006
  out_modelYearID[140] = 2005
  out_modelYearID[141] = 2004
  out_modelYearID[142] = 2003
  out_modelYearID[143] = 2002
  out_modelYearID[144] = 2001
  out_modelYearID[145] = 2000
  out_modelYearID[146] = 1999
  out_modelYearID[147] = 1998
  out_modelYearID[148] = 1997
  out_modelYearID[149] = 1996
  out_modelYearID[150] = 1995
  out_modelYearID[151] = 1994
  out_modelYearID[152] = 1993
  out_modelYearID[153] = 1992
  out_modelYearID[154] = 1991
  out_modelYearID[155] = 1990
  out_modelYearID[156] = 1989
  out_modelYearID[157] = 1988
  out_modelYearID[158] = 1987
  out_modelYearID[159] = 1986
  out_modelYearID[160] = 1985
  out_modelYearID[161] = 1984
  out_modelYearID[162] = 1983
  out_modelYearID[163] = 1982
  out_modelYearID[164] = 1981
  out_modelYearID[165] = 1980
  out_modelYearID[166] = 2019
  out_modelYearID[167] = 2018
  out_modelYearID[168] = 2017
  out_modelYearID[169] = 2016
  out_modelYearID[170] = 2015
  out_modelYearID[171] = 2014
  out_modelYearID[172] = 2013
  out_modelYearID[173] = 2012
  out_modelYearID[174] = 2011
  out_modelYearID[175] = 2010
  out_modelYearID[176] = 2009
  out_modelYearID[177] = 2008
  out_modelYearID[178] = 2007
  out_modelYearID[179] = 2006
  out_modelYearID[180] = 2005
  out_modelYearID[181] = 2004
  out_modelYearID[182] = 2003
  out_modelYearID[183] = 2002
  out_modelYearID[184] = 2001
  out_modelYearID[185] = 2000
  out_modelYearID[186] = 1999
  out_modelYearID[187] = 1998
  out_modelYearID[188] = 1997
  out_modelYearID[189] = 1996
  out_modelYearID[190] = 1995
  out_modelYearID[191] = 1994
  out_modelYearID[192] = 1993
  out_modelYearID[193] = 1992
  out_modelYearID[194] = 1991
  out_modelYearID[195] = 1990
  out_modelYearID[196] = 1989
  out_modelYearID[197] = 1988
  out_modelYearID[198] = 1987
  out_modelYearID[199] = 1986
  out_modelYearID[200] = 1985
  out_modelYearID[201] = 1984
  out_modelYearID[202] = 1983
  out_modelYearID[203] = 1982
  out_modelYearID[204] = 1981
  out_modelYearID[205] = 1980
  out_modelYearID[206] = 2020
  out_modelYearID[207] = 2019
  out_modelYearID[208] = 2018
  out_modelYearID[209] = 2017
  out_modelYearID[210] = 2016
  out_modelYearID[211] = 2015
  out_modelYearID[212] = 2014
  out_modelYearID[213] = 2013
  out_modelYearID[214] = 2012
  out_modelYearID[215] = 2011
  out_modelYearID[216] = 2010
  out_modelYearID[217] = 2009
  out_modelYearID[218] = 2008
  out_modelYearID[219] = 2007
  out_modelYearID[220] = 2006
  out_modelYearID[221] = 2005
  out_modelYearID[222] = 2004
  out_modelYearID[223] = 2003
  out_modelYearID[224] = 2002
  out_modelYearID[225] = 2001
  out_modelYearID[226] = 2000
  out_modelYearID[227] = 1999
  out_modelYearID[228] = 1998
  out_modelYearID[229] = 2020
  out_modelYearID[230] = 2019
  out_modelYearID[231] = 2018
  out_modelYearID[232] = 2017
  out_modelYearID[233] = 2016
  out_modelYearID[234] = 2015
  out_modelYearID[235] = 2014
  out_modelYearID[236] = 2013
  out_modelYearID[237] = 2012
  out_modelYearID[238] = 2011
  out_modelYearID[239] = 2010
  out_modelYearID[240] = 2009
  out_modelYearID[241] = 2008
  out_modelYearID[242] = 2007
  out_modelYearID[243] = 2006
  out_modelYearID[244] = 2005
  out_modelYearID[245] = 2004
  out_modelYearID[246] = 2003
  out_modelYearID[247] = 2002
  out_modelYearID[248] = 2001
  out_modelYearID[249] = 2000
  out_modelYearID[250] = 1999
  out_modelYearID[251] = 1998
  out_modelYearID[252] = 1997
  out_modelYearID[253] = 1996
  out_modelYearID[254] = 1995
  out_modelYearID[255] = 1994
  out_modelYearID[256] = 1993
  out_modelYearID[257] = 1992
  out_modelYearID[258] = 1991
  out_modelYearID[259] = 1990
  out_modelYearID[260] = 1989
  out_modelYearID[261] = 1988
  out_modelYearID[262] = 1987
  out_modelYearID[263] = 1986
  out_modelYearID[264] = 1985
  out_modelYearID[265] = 1984
  out_modelYearID[266] = 1983
  out_modelYearID[267] = 1982
  out_modelYearID[268] = 1981
  out_modelYearID[269] = 1980
  out_modelYearID[270] = 2019
  out_modelYearID[271] = 2018
  out_modelYearID[272] = 2017
  out_modelYearID[273] = 2016
  out_modelYearID[274] = 2015
  out_modelYearID[275] = 2014
  out_modelYearID[276] = 2013
  out_modelYearID[277] = 2012
  out_modelYearID[278] = 2011
  out_modelYearID[279] = 2010
  out_modelYearID[280] = 2009
  out_modelYearID[281] = 2008
  out_modelYearID[282] = 2007
  out_modelYearID[283] = 2006
  out_modelYearID[284] = 2005
  out_modelYearID[285] = 2004
  out_modelYearID[286] = 2003
  out_modelYearID[287] = 2002
  out_modelYearID[288] = 2001
  out_modelYearID[289] = 2000
  out_modelYearID[290] = 1999
  out_modelYearID[291] = 1998
  out_modelYearID[292] = 1997
  out_modelYearID[293] = 1996
  out_modelYearID[294] = 1995
  out_modelYearID[295] = 1994
  out_modelYearID[296] = 1993
  out_modelYearID[297] = 1992
  out_modelYearID[298] = 1991
  out_modelYearID[299] = 1990
  out_modelYearID[300] = 1989
  out_modelYearID[301] = 1988
  out_modelYearID[302] = 1987
  out_modelYearID[303] = 1986
  out_modelYearID[304] = 1985
  out_modelYearID[305] = 1984
  out_modelYearID[306] = 1983
  out_modelYearID[307] = 1982
  out_modelYearID[308] = 1981
  out_modelYearID[309] = 1980
  out_modelYearID[310] = 2020
  out_modelYearID[311] = 2019
  out_modelYearID[312] = 2018
  out_modelYearID[313] = 2017
  out_modelYearID[314] = 2016
  out_modelYearID[315] = 2015
  out_modelYearID[316] = 2014
  out_modelYearID[317] = 2013
  out_modelYearID[318] = 2012
  out_modelYearID[319] = 2011
  out_modelYearID[320] = 2010
  out_modelYearID[321] = 2009
  out_modelYearID[322] = 2008
  out_modelYearID[323] = 2007
  out_modelYearID[324] = 2006
  out_modelYearID[325] = 2005
  out_modelYearID[326] = 2004
  out_modelYearID[327] = 2003
  out_modelYearID[328] = 2002
  out_modelYearID[329] = 2001
  out_modelYearID[330] = 2000
  out_modelYearID[331] = 1999
  out_modelYearID[332] = 1998
  out_modelYearID[333] = 2020
  out_modelYearID[334] = 2019
  out_modelYearID[335] = 2018
  out_modelYearID[336] = 2017
  out_modelYearID[337] = 2016
  out_modelYearID[338] = 2015
  out_modelYearID[339] = 2014
  out_modelYearID[340] = 2013
  out_modelYearID[341] = 2012
  out_modelYearID[342] = 2011
  out_modelYearID[343] = 2010
  out_modelYearID[344] = 2009
  out_modelYearID[345] = 2008
  out_modelYearID[346] = 2007
  out_modelYearID[347] = 2006
  out_modelYearID[348] = 2005
  out_modelYearID[349] = 2004
  out_modelYearID[350] = 2003
  out_modelYearID[351] = 2002
  out_modelYearID[352] = 2001
  out_modelYearID[353] = 2000
  out_modelYearID[354] = 1999
  out_modelYearID[355] = 1998
  out_modelYearID[356] = 1997
  out_modelYearID[357] = 1996
  out_modelYearID[358] = 1995
  out_modelYearID[359] = 1994
  out_modelYearID[360] = 1993
  out_modelYearID[361] = 1992
  out_modelYearID[362] = 1991
  out_modelYearID[363] = 1990
  out_modelYearID[364] = 1989
  out_modelYearID[365] = 1988
  out_modelYearID[366] = 1987
  out_modelYearID[367] = 1986
  out_modelYearID[368] = 1985
  out_modelYearID[369] = 1984
  out_modelYearID[370] = 1983
  out_modelYearID[371] = 1982
  out_modelYearID[372] = 1981
  out_modelYearID[373] = 1980
  out_modelYearID[374] = 2019
  out_modelYearID[375] = 2018
  out_modelYearID[376] = 2017
  out_modelYearID[377] = 2016
  out_modelYearID[378] = 2015
  out_modelYearID[379] = 2014
  out_modelYearID[380] = 2013
  out_modelYearID[381] = 2012
  out_modelYearID[382] = 2011
  out_modelYearID[383] = 2010
  out_modelYearID[384] = 2009
  out_modelYearID[385] = 2008
  out_modelYearID[386] = 2007
  out_modelYearID[387] = 2006
  out_modelYearID[388] = 2005
  out_modelYearID[389] = 2004
  out_modelYearID[390] = 2003
  out_modelYearID[391] = 2002
  out_modelYearID[392] = 2001
  out_modelYearID[393] = 2000
  out_modelYearID[394] = 1999
  out_modelYearID[395] = 1998
  out_modelYearID[396] = 1997
  out_modelYearID[397] = 1996
  out_modelYearID[398] = 1995
  out_modelYearID[399] = 1994
  out_modelYearID[400] = 1993
  out_modelYearID[401] = 1992
  out_modelYearID[402] = 1991
  out_modelYearID[403] = 1990
  out_modelYearID[404] = 1989
  out_modelYearID[405] = 1988
  out_modelYearID[406] = 1987
  out_modelYearID[407] = 1986
  out_modelYearID[408] = 1985
  out_modelYearID[409] = 1984
  out_modelYearID[410] = 1983
  out_modelYearID[411] = 1982
  out_modelYearID[412] = 1981
  out_modelYearID[413] = 1980
  out_modelYearID[414] = 2020
  out_modelYearID[415] = 2019
  out_modelYearID[416] = 2018
  out_modelYearID[417] = 2017
  out_modelYearID[418] = 2016
  out_modelYearID[419] = 2015
  out_modelYearID[420] = 2014
  out_modelYearID[421] = 2013
  out_modelYearID[422] = 2012
  out_modelYearID[423] = 2011
  out_modelYearID[424] = 2010
  out_modelYearID[425] = 2009
  out_modelYearID[426] = 2008
  out_modelYearID[427] = 2007
  out_modelYearID[428] = 2006
  out_modelYearID[429] = 2005
  out_modelYearID[430] = 2004
  out_modelYearID[431] = 2003
  out_modelYearID[432] = 2002
  out_modelYearID[433] = 2001
  out_modelYearID[434] = 2000
  out_modelYearID[435] = 1999
  out_modelYearID[436] = 1998
  out_fuelTypeID[1] = 1
  out_fuelTypeID[2] = 1
  out_fuelTypeID[3] = 1
  out_fuelTypeID[4] = 1
  out_fuelTypeID[5] = 1
  out_fuelTypeID[6] = 1
  out_fuelTypeID[7] = 1
  out_fuelTypeID[8] = 1
  out_fuelTypeID[9] = 1
  out_fuelTypeID[10] = 1
  out_fuelTypeID[11] = 1
  out_fuelTypeID[12] = 1
  out_fuelTypeID[13] = 1
  out_fuelTypeID[14] = 1
  out_fuelTypeID[15] = 1
  out_fuelTypeID[16] = 1
  out_fuelTypeID[17] = 1
  out_fuelTypeID[18] = 1
  out_fuelTypeID[19] = 1
  out_fuelTypeID[20] = 1
  out_fuelTypeID[21] = 1
  out_fuelTypeID[22] = 1
  out_fuelTypeID[23] = 1
  out_fuelTypeID[24] = 1
  out_fuelTypeID[25] = 1
  out_fuelTypeID[26] = 1
  out_fuelTypeID[27] = 1
  out_fuelTypeID[28] = 1
  out_fuelTypeID[29] = 1
  out_fuelTypeID[30] = 1
  out_fuelTypeID[31] = 1
  out_fuelTypeID[32] = 1
  out_fuelTypeID[33] = 1
  out_fuelTypeID[34] = 1
  out_fuelTypeID[35] = 1
  out_fuelTypeID[36] = 1
  out_fuelTypeID[37] = 1
  out_fuelTypeID[38] = 1
  out_fuelTypeID[39] = 1
  out_fuelTypeID[40] = 1
  out_fuelTypeID[41] = 1
  out_fuelTypeID[42] = 2
  out_fuelTypeID[43] = 2
  out_fuelTypeID[44] = 2
  out_fuelTypeID[45] = 2
  out_fuelTypeID[46] = 2
  out_fuelTypeID[47] = 2
  out_fuelTypeID[48] = 2
  out_fuelTypeID[49] = 2
  out_fuelTypeID[50] = 2
  out_fuelTypeID[51] = 2
  out_fuelTypeID[52] = 2
  out_fuelTypeID[53] = 2
  out_fuelTypeID[54] = 2
  out_fuelTypeID[55] = 2
  out_fuelTypeID[56] = 2
  out_fuelTypeID[57] = 2
  out_fuelTypeID[58] = 2
  out_fuelTypeID[59] = 2
  out_fuelTypeID[60] = 2
  out_fuelTypeID[61] = 2
  out_fuelTypeID[62] = 2
  out_fuelTypeID[63] = 2
  out_fuelTypeID[64] = 2
  out_fuelTypeID[65] = 2
  out_fuelTypeID[66] = 2
  out_fuelTypeID[67] = 2
  out_fuelTypeID[68] = 2
  out_fuelTypeID[69] = 2
  out_fuelTypeID[70] = 2
  out_fuelTypeID[71] = 2
  out_fuelTypeID[72] = 2
  out_fuelTypeID[73] = 2
  out_fuelTypeID[74] = 2
  out_fuelTypeID[75] = 2
  out_fuelTypeID[76] = 2
  out_fuelTypeID[77] = 2
  out_fuelTypeID[78] = 2
  out_fuelTypeID[79] = 2
  out_fuelTypeID[80] = 2
  out_fuelTypeID[81] = 2
  out_fuelTypeID[82] = 5
  out_fuelTypeID[83] = 5
  out_fuelTypeID[84] = 5
  out_fuelTypeID[85] = 5
  out_fuelTypeID[86] = 5
  out_fuelTypeID[87] = 5
  out_fuelTypeID[88] = 5
  out_fuelTypeID[89] = 5
  out_fuelTypeID[90] = 5
  out_fuelTypeID[91] = 5
  out_fuelTypeID[92] = 5
  out_fuelTypeID[93] = 5
  out_fuelTypeID[94] = 5
  out_fuelTypeID[95] = 5
  out_fuelTypeID[96] = 5
  out_fuelTypeID[97] = 5
  out_fuelTypeID[98] = 5
  out_fuelTypeID[99] = 5
  out_fuelTypeID[100] = 5
  out_fuelTypeID[101] = 5
  out_fuelTypeID[102] = 5
  out_fuelTypeID[103] = 5
  out_fuelTypeID[104] = 5
  out_fuelTypeID[105] = 9
  out_fuelTypeID[106] = 9
  out_fuelTypeID[107] = 9
  out_fuelTypeID[108] = 9
  out_fuelTypeID[109] = 9
  out_fuelTypeID[110] = 9
  out_fuelTypeID[111] = 9
  out_fuelTypeID[112] = 9
  out_fuelTypeID[113] = 9
  out_fuelTypeID[114] = 9
  out_fuelTypeID[115] = 9
  out_fuelTypeID[116] = 9
  out_fuelTypeID[117] = 9
  out_fuelTypeID[118] = 9
  out_fuelTypeID[119] = 9
  out_fuelTypeID[120] = 9
  out_fuelTypeID[121] = 9
  out_fuelTypeID[122] = 9
  out_fuelTypeID[123] = 9
  out_fuelTypeID[124] = 9
  out_fuelTypeID[125] = 1
  out_fuelTypeID[126] = 1
  out_fuelTypeID[127] = 1
  out_fuelTypeID[128] = 1
  out_fuelTypeID[129] = 1
  out_fuelTypeID[130] = 1
  out_fuelTypeID[131] = 1
  out_fuelTypeID[132] = 1
  out_fuelTypeID[133] = 1
  out_fuelTypeID[134] = 1
  out_fuelTypeID[135] = 1
  out_fuelTypeID[136] = 1
  out_fuelTypeID[137] = 1
  out_fuelTypeID[138] = 1
  out_fuelTypeID[139] = 1
  out_fuelTypeID[140] = 1
  out_fuelTypeID[141] = 1
  out_fuelTypeID[142] = 1
  out_fuelTypeID[143] = 1
  out_fuelTypeID[144] = 1
  out_fuelTypeID[145] = 1
  out_fuelTypeID[146] = 1
  out_fuelTypeID[147] = 1
  out_fuelTypeID[148] = 1
  out_fuelTypeID[149] = 1
  out_fuelTypeID[150] = 1
  out_fuelTypeID[151] = 1
  out_fuelTypeID[152] = 1
  out_fuelTypeID[153] = 1
  out_fuelTypeID[154] = 1
  out_fuelTypeID[155] = 1
  out_fuelTypeID[156] = 1
  out_fuelTypeID[157] = 1
  out_fuelTypeID[158] = 1
  out_fuelTypeID[159] = 1
  out_fuelTypeID[160] = 1
  out_fuelTypeID[161] = 1
  out_fuelTypeID[162] = 1
  out_fuelTypeID[163] = 1
  out_fuelTypeID[164] = 1
  out_fuelTypeID[165] = 1
  out_fuelTypeID[166] = 2
  out_fuelTypeID[167] = 2
  out_fuelTypeID[168] = 2
  out_fuelTypeID[169] = 2
  out_fuelTypeID[170] = 2
  out_fuelTypeID[171] = 2
  out_fuelTypeID[172] = 2
  out_fuelTypeID[173] = 2
  out_fuelTypeID[174] = 2
  out_fuelTypeID[175] = 2
  out_fuelTypeID[176] = 2
  out_fuelTypeID[177] = 2
  out_fuelTypeID[178] = 2
  out_fuelTypeID[179] = 2
  out_fuelTypeID[180] = 2
  out_fuelTypeID[181] = 2
  out_fuelTypeID[182] = 2
  out_fuelTypeID[183] = 2
  out_fuelTypeID[184] = 2
  out_fuelTypeID[185] = 2
  out_fuelTypeID[186] = 2
  out_fuelTypeID[187] = 2
  out_fuelTypeID[188] = 2
  out_fuelTypeID[189] = 2
  out_fuelTypeID[190] = 2
  out_fuelTypeID[191] = 2
  out_fuelTypeID[192] = 2
  out_fuelTypeID[193] = 2
  out_fuelTypeID[194] = 2
  out_fuelTypeID[195] = 2
  out_fuelTypeID[196] = 2
  out_fuelTypeID[197] = 2
  out_fuelTypeID[198] = 2
  out_fuelTypeID[199] = 2
  out_fuelTypeID[200] = 2
  out_fuelTypeID[201] = 2
  out_fuelTypeID[202] = 2
  out_fuelTypeID[203] = 2
  out_fuelTypeID[204] = 2
  out_fuelTypeID[205] = 2
  out_fuelTypeID[206] = 5
  out_fuelTypeID[207] = 5
  out_fuelTypeID[208] = 5
  out_fuelTypeID[209] = 5
  out_fuelTypeID[210] = 5
  out_fuelTypeID[211] = 5
  out_fuelTypeID[212] = 5
  out_fuelTypeID[213] = 5
  out_fuelTypeID[214] = 5
  out_fuelTypeID[215] = 5
  out_fuelTypeID[216] = 5
  out_fuelTypeID[217] = 5
  out_fuelTypeID[218] = 5
  out_fuelTypeID[219] = 5
  out_fuelTypeID[220] = 5
  out_fuelTypeID[221] = 5
  out_fuelTypeID[222] = 5
  out_fuelTypeID[223] = 5
  out_fuelTypeID[224] = 5
  out_fuelTypeID[225] = 5
  out_fuelTypeID[226] = 5
  out_fuelTypeID[227] = 5
  out_fuelTypeID[228] = 5
  out_fuelTypeID[229] = 1
  out_fuelTypeID[230] = 1
  out_fuelTypeID[231] = 1
  out_fuelTypeID[232] = 1
  out_fuelTypeID[233] = 1
  out_fuelTypeID[234] = 1
  out_fuelTypeID[235] = 1
  out_fuelTypeID[236] = 1
  out_fuelTypeID[237] = 1
  out_fuelTypeID[238] = 1
  out_fuelTypeID[239] = 1
  out_fuelTypeID[240] = 1
  out_fuelTypeID[241] = 1
  out_fuelTypeID[242] = 1
  out_fuelTypeID[243] = 1
  out_fuelTypeID[244] = 1
  out_fuelTypeID[245] = 1
  out_fuelTypeID[246] = 1
  out_fuelTypeID[247] = 1
  out_fuelTypeID[248] = 1
  out_fuelTypeID[249] = 1
  out_fuelTypeID[250] = 1
  out_fuelTypeID[251] = 1
  out_fuelTypeID[252] = 1
  out_fuelTypeID[253] = 1
  out_fuelTypeID[254] = 1
  out_fuelTypeID[255] = 1
  out_fuelTypeID[256] = 1
  out_fuelTypeID[257] = 1
  out_fuelTypeID[258] = 1
  out_fuelTypeID[259] = 1
  out_fuelTypeID[260] = 1
  out_fuelTypeID[261] = 1
  out_fuelTypeID[262] = 1
  out_fuelTypeID[263] = 1
  out_fuelTypeID[264] = 1
  out_fuelTypeID[265] = 1
  out_fuelTypeID[266] = 1
  out_fuelTypeID[267] = 1
  out_fuelTypeID[268] = 1
  out_fuelTypeID[269] = 1
  out_fuelTypeID[270] = 2
  out_fuelTypeID[271] = 2
  out_fuelTypeID[272] = 2
  out_fuelTypeID[273] = 2
  out_fuelTypeID[274] = 2
  out_fuelTypeID[275] = 2
  out_fuelTypeID[276] = 2
  out_fuelTypeID[277] = 2
  out_fuelTypeID[278] = 2
  out_fuelTypeID[279] = 2
  out_fuelTypeID[280] = 2
  out_fuelTypeID[281] = 2
  out_fuelTypeID[282] = 2
  out_fuelTypeID[283] = 2
  out_fuelTypeID[284] = 2
  out_fuelTypeID[285] = 2
  out_fuelTypeID[286] = 2
  out_fuelTypeID[287] = 2
  out_fuelTypeID[288] = 2
  out_fuelTypeID[289] = 2
  out_fuelTypeID[290] = 2
  out_fuelTypeID[291] = 2
  out_fuelTypeID[292] = 2
  out_fuelTypeID[293] = 2
  out_fuelTypeID[294] = 2
  out_fuelTypeID[295] = 2
  out_fuelTypeID[296] = 2
  out_fuelTypeID[297] = 2
  out_fuelTypeID[298] = 2
  out_fuelTypeID[299] = 2
  out_fuelTypeID[300] = 2
  out_fuelTypeID[301] = 2
  out_fuelTypeID[302] = 2
  out_fuelTypeID[303] = 2
  out_fuelTypeID[304] = 2
  out_fuelTypeID[305] = 2
  out_fuelTypeID[306] = 2
  out_fuelTypeID[307] = 2
  out_fuelTypeID[308] = 2
  out_fuelTypeID[309] = 2
  out_fuelTypeID[310] = 5
  out_fuelTypeID[311] = 5
  out_fuelTypeID[312] = 5
  out_fuelTypeID[313] = 5
  out_fuelTypeID[314] = 5
  out_fuelTypeID[315] = 5
  out_fuelTypeID[316] = 5
  out_fuelTypeID[317] = 5
  out_fuelTypeID[318] = 5
  out_fuelTypeID[319] = 5
  out_fuelTypeID[320] = 5
  out_fuelTypeID[321] = 5
  out_fuelTypeID[322] = 5
  out_fuelTypeID[323] = 5
  out_fuelTypeID[324] = 5
  out_fuelTypeID[325] = 5
  out_fuelTypeID[326] = 5
  out_fuelTypeID[327] = 5
  out_fuelTypeID[328] = 5
  out_fuelTypeID[329] = 5
  out_fuelTypeID[330] = 5
  out_fuelTypeID[331] = 5
  out_fuelTypeID[332] = 5
  out_fuelTypeID[333] = 1
  out_fuelTypeID[334] = 1
  out_fuelTypeID[335] = 1
  out_fuelTypeID[336] = 1
  out_fuelTypeID[337] = 1
  out_fuelTypeID[338] = 1
  out_fuelTypeID[339] = 1
  out_fuelTypeID[340] = 1
  out_fuelTypeID[341] = 1
  out_fuelTypeID[342] = 1
  out_fuelTypeID[343] = 1
  out_fuelTypeID[344] = 1
  out_fuelTypeID[345] = 1
  out_fuelTypeID[346] = 1
  out_fuelTypeID[347] = 1
  out_fuelTypeID[348] = 1
  out_fuelTypeID[349] = 1
  out_fuelTypeID[350] = 1
  out_fuelTypeID[351] = 1
  out_fuelTypeID[352] = 1
  out_fuelTypeID[353] = 1
  out_fuelTypeID[354] = 1
  out_fuelTypeID[355] = 1
  out_fuelTypeID[356] = 1
  out_fuelTypeID[357] = 1
  out_fuelTypeID[358] = 1
  out_fuelTypeID[359] = 1
  out_fuelTypeID[360] = 1
  out_fuelTypeID[361] = 1
  out_fuelTypeID[362] = 1
  out_fuelTypeID[363] = 1
  out_fuelTypeID[364] = 1
  out_fuelTypeID[365] = 1
  out_fuelTypeID[366] = 1
  out_fuelTypeID[367] = 1
  out_fuelTypeID[368] = 1
  out_fuelTypeID[369] = 1
  out_fuelTypeID[370] = 1
  out_fuelTypeID[371] = 1
  out_fuelTypeID[372] = 1
  out_fuelTypeID[373] = 1
  out_fuelTypeID[374] = 2
  out_fuelTypeID[375] = 2
  out_fuelTypeID[376] = 2
  out_fuelTypeID[377] = 2
  out_fuelTypeID[378] = 2
  out_fuelTypeID[379] = 2
  out_fuelTypeID[380] = 2
  out_fuelTypeID[381] = 2
  out_fuelTypeID[382] = 2
  out_fuelTypeID[383] = 2
  out_fuelTypeID[384] = 2
  out_fuelTypeID[385] = 2
  out_fuelTypeID[386] = 2
  out_fuelTypeID[387] = 2
  out_fuelTypeID[388] = 2
  out_fuelTypeID[389] = 2
  out_fuelTypeID[390] = 2
  out_fuelTypeID[391] = 2
  out_fuelTypeID[392] = 2
  out_fuelTypeID[393] = 2
  out_fuelTypeID[394] = 2
  out_fuelTypeID[395] = 2
  out_fuelTypeID[396] = 2
  out_fuelTypeID[397] = 2
  out_fuelTypeID[398] = 2
  out_fuelTypeID[399] = 2
  out_fuelTypeID[400] = 2
  out_fuelTypeID[401] = 2
  out_fuelTypeID[402] = 2
  out_fuelTypeID[403] = 2
  out_fuelTypeID[404] = 2
  out_fuelTypeID[405] = 2
  out_fuelTypeID[406] = 2
  out_fuelTypeID[407] = 2
  out_fuelTypeID[408] = 2
  out_fuelTypeID[409] = 2
  out_fuelTypeID[410] = 2
  out_fuelTypeID[411] = 2
  out_fuelTypeID[412] = 2
  out_fuelTypeID[413] = 2
  out_fuelTypeID[414] = 5
  out_fuelTypeID[415] = 5
  out_fuelTypeID[416] = 5
  out_fuelTypeID[417] = 5
  out_fuelTypeID[418] = 5
  out_fuelTypeID[419] = 5
  out_fuelTypeID[420] = 5
  out_fuelTypeID[421] = 5
  out_fuelTypeID[422] = 5
  out_fuelTypeID[423] = 5
  out_fuelTypeID[424] = 5
  out_fuelTypeID[425] = 5
  out_fuelTypeID[426] = 5
  out_fuelTypeID[427] = 5
  out_fuelTypeID[428] = 5
  out_fuelTypeID[429] = 5
  out_fuelTypeID[430] = 5
  out_fuelTypeID[431] = 5
  out_fuelTypeID[432] = 5
  out_fuelTypeID[433] = 5
  out_fuelTypeID[434] = 5
  out_fuelTypeID[435] = 5
  out_fuelTypeID[436] = 5
  out_pollutantID[1] = 3
  out_pollutantID[2] = 3
  out_pollutantID[3] = 3
  out_pollutantID[4] = 3
  out_pollutantID[5] = 3
  out_pollutantID[6] = 3
  out_pollutantID[7] = 3
  out_pollutantID[8] = 3
  out_pollutantID[9] = 3
  out_pollutantID[10] = 3
  out_pollutantID[11] = 3
  out_pollutantID[12] = 3
  out_pollutantID[13] = 3
  out_pollutantID[14] = 3
  out_pollutantID[15] = 3
  out_pollutantID[16] = 3
  out_pollutantID[17] = 3
  out_pollutantID[18] = 3
  out_pollutantID[19] = 3
  out_pollutantID[20] = 3
  out_pollutantID[21] = 3
  out_pollutantID[22] = 3
  out_pollutantID[23] = 3
  out_pollutantID[24] = 3
  out_pollutantID[25] = 3
  out_pollutantID[26] = 3
  out_pollutantID[27] = 3
  out_pollutantID[28] = 3
  out_pollutantID[29] = 3
  out_pollutantID[30] = 3
  out_pollutantID[31] = 3
  out_pollutantID[32] = 3
  out_pollutantID[33] = 3
  out_pollutantID[34] = 3
  out_pollutantID[35] = 3
  out_pollutantID[36] = 3
  out_pollutantID[37] = 3
  out_pollutantID[38] = 3
  out_pollutantID[39] = 3
  out_pollutantID[40] = 3
  out_pollutantID[41] = 3
  out_pollutantID[42] = 3
  out_pollutantID[43] = 3
  out_pollutantID[44] = 3
  out_pollutantID[45] = 3
  out_pollutantID[46] = 3
  out_pollutantID[47] = 3
  out_pollutantID[48] = 3
  out_pollutantID[49] = 3
  out_pollutantID[50] = 3
  out_pollutantID[51] = 3
  out_pollutantID[52] = 3
  out_pollutantID[53] = 3
  out_pollutantID[54] = 3
  out_pollutantID[55] = 3
  out_pollutantID[56] = 3
  out_pollutantID[57] = 3
  out_pollutantID[58] = 3
  out_pollutantID[59] = 3
  out_pollutantID[60] = 3
  out_pollutantID[61] = 3
  out_pollutantID[62] = 3
  out_pollutantID[63] = 3
  out_pollutantID[64] = 3
  out_pollutantID[65] = 3
  out_pollutantID[66] = 3
  out_pollutantID[67] = 3
  out_pollutantID[68] = 3
  out_pollutantID[69] = 3
  out_pollutantID[70] = 3
  out_pollutantID[71] = 3
  out_pollutantID[72] = 3
  out_pollutantID[73] = 3
  out_pollutantID[74] = 3
  out_pollutantID[75] = 3
  out_pollutantID[76] = 3
  out_pollutantID[77] = 3
  out_pollutantID[78] = 3
  out_pollutantID[79] = 3
  out_pollutantID[80] = 3
  out_pollutantID[81] = 3
  out_pollutantID[82] = 3
  out_pollutantID[83] = 3
  out_pollutantID[84] = 3
  out_pollutantID[85] = 3
  out_pollutantID[86] = 3
  out_pollutantID[87] = 3
  out_pollutantID[88] = 3
  out_pollutantID[89] = 3
  out_pollutantID[90] = 3
  out_pollutantID[91] = 3
  out_pollutantID[92] = 3
  out_pollutantID[93] = 3
  out_pollutantID[94] = 3
  out_pollutantID[95] = 3
  out_pollutantID[96] = 3
  out_pollutantID[97] = 3
  out_pollutantID[98] = 3
  out_pollutantID[99] = 3
  out_pollutantID[100] = 3
  out_pollutantID[101] = 3
  out_pollutantID[102] = 3
  out_pollutantID[103] = 3
  out_pollutantID[104] = 3
  out_pollutantID[105] = 3
  out_pollutantID[106] = 3
  out_pollutantID[107] = 3
  out_pollutantID[108] = 3
  out_pollutantID[109] = 3
  out_pollutantID[110] = 3
  out_pollutantID[111] = 3
  out_pollutantID[112] = 3
  out_pollutantID[113] = 3
  out_pollutantID[114] = 3
  out_pollutantID[115] = 3
  out_pollutantID[116] = 3
  out_pollutantID[117] = 3
  out_pollutantID[118] = 3
  out_pollutantID[119] = 3
  out_pollutantID[120] = 3
  out_pollutantID[121] = 3
  out_pollutantID[122] = 3
  out_pollutantID[123] = 3
  out_pollutantID[124] = 3
  out_pollutantID[125] = 32
  out_pollutantID[126] = 32
  out_pollutantID[127] = 32
  out_pollutantID[128] = 32
  out_pollutantID[129] = 32
  out_pollutantID[130] = 32
  out_pollutantID[131] = 32
  out_pollutantID[132] = 32
  out_pollutantID[133] = 32
  out_pollutantID[134] = 32
  out_pollutantID[135] = 32
  out_pollutantID[136] = 32
  out_pollutantID[137] = 32
  out_pollutantID[138] = 32
  out_pollutantID[139] = 32
  out_pollutantID[140] = 32
  out_pollutantID[141] = 32
  out_pollutantID[142] = 32
  out_pollutantID[143] = 32
  out_pollutantID[144] = 32
  out_pollutantID[145] = 32
  out_pollutantID[146] = 32
  out_pollutantID[147] = 32
  out_pollutantID[148] = 32
  out_pollutantID[149] = 32
  out_pollutantID[150] = 32
  out_pollutantID[151] = 32
  out_pollutantID[152] = 32
  out_pollutantID[153] = 32
  out_pollutantID[154] = 32
  out_pollutantID[155] = 32
  out_pollutantID[156] = 32
  out_pollutantID[157] = 32
  out_pollutantID[158] = 32
  out_pollutantID[159] = 32
  out_pollutantID[160] = 32
  out_pollutantID[161] = 32
  out_pollutantID[162] = 32
  out_pollutantID[163] = 32
  out_pollutantID[164] = 32
  out_pollutantID[165] = 32
  out_pollutantID[166] = 32
  out_pollutantID[167] = 32
  out_pollutantID[168] = 32
  out_pollutantID[169] = 32
  out_pollutantID[170] = 32
  out_pollutantID[171] = 32
  out_pollutantID[172] = 32
  out_pollutantID[173] = 32
  out_pollutantID[174] = 32
  out_pollutantID[175] = 32
  out_pollutantID[176] = 32
  out_pollutantID[177] = 32
  out_pollutantID[178] = 32
  out_pollutantID[179] = 32
  out_pollutantID[180] = 32
  out_pollutantID[181] = 32
  out_pollutantID[182] = 32
  out_pollutantID[183] = 32
  out_pollutantID[184] = 32
  out_pollutantID[185] = 32
  out_pollutantID[186] = 32
  out_pollutantID[187] = 32
  out_pollutantID[188] = 32
  out_pollutantID[189] = 32
  out_pollutantID[190] = 32
  out_pollutantID[191] = 32
  out_pollutantID[192] = 32
  out_pollutantID[193] = 32
  out_pollutantID[194] = 32
  out_pollutantID[195] = 32
  out_pollutantID[196] = 32
  out_pollutantID[197] = 32
  out_pollutantID[198] = 32
  out_pollutantID[199] = 32
  out_pollutantID[200] = 32
  out_pollutantID[201] = 32
  out_pollutantID[202] = 32
  out_pollutantID[203] = 32
  out_pollutantID[204] = 32
  out_pollutantID[205] = 32
  out_pollutantID[206] = 32
  out_pollutantID[207] = 32
  out_pollutantID[208] = 32
  out_pollutantID[209] = 32
  out_pollutantID[210] = 32
  out_pollutantID[211] = 32
  out_pollutantID[212] = 32
  out_pollutantID[213] = 32
  out_pollutantID[214] = 32
  out_pollutantID[215] = 32
  out_pollutantID[216] = 32
  out_pollutantID[217] = 32
  out_pollutantID[218] = 32
  out_pollutantID[219] = 32
  out_pollutantID[220] = 32
  out_pollutantID[221] = 32
  out_pollutantID[222] = 32
  out_pollutantID[223] = 32
  out_pollutantID[224] = 32
  out_pollutantID[225] = 32
  out_pollutantID[226] = 32
  out_pollutantID[227] = 32
  out_pollutantID[228] = 32
  out_pollutantID[229] = 33
  out_pollutantID[230] = 33
  out_pollutantID[231] = 33
  out_pollutantID[232] = 33
  out_pollutantID[233] = 33
  out_pollutantID[234] = 33
  out_pollutantID[235] = 33
  out_pollutantID[236] = 33
  out_pollutantID[237] = 33
  out_pollutantID[238] = 33
  out_pollutantID[239] = 33
  out_pollutantID[240] = 33
  out_pollutantID[241] = 33
  out_pollutantID[242] = 33
  out_pollutantID[243] = 33
  out_pollutantID[244] = 33
  out_pollutantID[245] = 33
  out_pollutantID[246] = 33
  out_pollutantID[247] = 33
  out_pollutantID[248] = 33
  out_pollutantID[249] = 33
  out_pollutantID[250] = 33
  out_pollutantID[251] = 33
  out_pollutantID[252] = 33
  out_pollutantID[253] = 33
  out_pollutantID[254] = 33
  out_pollutantID[255] = 33
  out_pollutantID[256] = 33
  out_pollutantID[257] = 33
  out_pollutantID[258] = 33
  out_pollutantID[259] = 33
  out_pollutantID[260] = 33
  out_pollutantID[261] = 33
  out_pollutantID[262] = 33
  out_pollutantID[263] = 33
  out_pollutantID[264] = 33
  out_pollutantID[265] = 33
  out_pollutantID[266] = 33
  out_pollutantID[267] = 33
  out_pollutantID[268] = 33
  out_pollutantID[269] = 33
  out_pollutantID[270] = 33
  out_pollutantID[271] = 33
  out_pollutantID[272] = 33
  out_pollutantID[273] = 33
  out_pollutantID[274] = 33
  out_pollutantID[275] = 33
  out_pollutantID[276] = 33
  out_pollutantID[277] = 33
  out_pollutantID[278] = 33
  out_pollutantID[279] = 33
  out_pollutantID[280] = 33
  out_pollutantID[281] = 33
  out_pollutantID[282] = 33
  out_pollutantID[283] = 33
  out_pollutantID[284] = 33
  out_pollutantID[285] = 33
  out_pollutantID[286] = 33
  out_pollutantID[287] = 33
  out_pollutantID[288] = 33
  out_pollutantID[289] = 33
  out_pollutantID[290] = 33
  out_pollutantID[291] = 33
  out_pollutantID[292] = 33
  out_pollutantID[293] = 33
  out_pollutantID[294] = 33
  out_pollutantID[295] = 33
  out_pollutantID[296] = 33
  out_pollutantID[297] = 33
  out_pollutantID[298] = 33
  out_pollutantID[299] = 33
  out_pollutantID[300] = 33
  out_pollutantID[301] = 33
  out_pollutantID[302] = 33
  out_pollutantID[303] = 33
  out_pollutantID[304] = 33
  out_pollutantID[305] = 33
  out_pollutantID[306] = 33
  out_pollutantID[307] = 33
  out_pollutantID[308] = 33
  out_pollutantID[309] = 33
  out_pollutantID[310] = 33
  out_pollutantID[311] = 33
  out_pollutantID[312] = 33
  out_pollutantID[313] = 33
  out_pollutantID[314] = 33
  out_pollutantID[315] = 33
  out_pollutantID[316] = 33
  out_pollutantID[317] = 33
  out_pollutantID[318] = 33
  out_pollutantID[319] = 33
  out_pollutantID[320] = 33
  out_pollutantID[321] = 33
  out_pollutantID[322] = 33
  out_pollutantID[323] = 33
  out_pollutantID[324] = 33
  out_pollutantID[325] = 33
  out_pollutantID[326] = 33
  out_pollutantID[327] = 33
  out_pollutantID[328] = 33
  out_pollutantID[329] = 33
  out_pollutantID[330] = 33
  out_pollutantID[331] = 33
  out_pollutantID[332] = 33
  out_pollutantID[333] = 34
  out_pollutantID[334] = 34
  out_pollutantID[335] = 34
  out_pollutantID[336] = 34
  out_pollutantID[337] = 34
  out_pollutantID[338] = 34
  out_pollutantID[339] = 34
  out_pollutantID[340] = 34
  out_pollutantID[341] = 34
  out_pollutantID[342] = 34
  out_pollutantID[343] = 34
  out_pollutantID[344] = 34
  out_pollutantID[345] = 34
  out_pollutantID[346] = 34
  out_pollutantID[347] = 34
  out_pollutantID[348] = 34
  out_pollutantID[349] = 34
  out_pollutantID[350] = 34
  out_pollutantID[351] = 34
  out_pollutantID[352] = 34
  out_pollutantID[353] = 34
  out_pollutantID[354] = 34
  out_pollutantID[355] = 34
  out_pollutantID[356] = 34
  out_pollutantID[357] = 34
  out_pollutantID[358] = 34
  out_pollutantID[359] = 34
  out_pollutantID[360] = 34
  out_pollutantID[361] = 34
  out_pollutantID[362] = 34
  out_pollutantID[363] = 34
  out_pollutantID[364] = 34
  out_pollutantID[365] = 34
  out_pollutantID[366] = 34
  out_pollutantID[367] = 34
  out_pollutantID[368] = 34
  out_pollutantID[369] = 34
  out_pollutantID[370] = 34
  out_pollutantID[371] = 34
  out_pollutantID[372] = 34
  out_pollutantID[373] = 34
  out_pollutantID[374] = 34
  out_pollutantID[375] = 34
  out_pollutantID[376] = 34
  out_pollutantID[377] = 34
  out_pollutantID[378] = 34
  out_pollutantID[379] = 34
  out_pollutantID[380] = 34
  out_pollutantID[381] = 34
  out_pollutantID[382] = 34
  out_pollutantID[383] = 34
  out_pollutantID[384] = 34
  out_pollutantID[385] = 34
  out_pollutantID[386] = 34
  out_pollutantID[387] = 34
  out_pollutantID[388] = 34
  out_pollutantID[389] = 34
  out_pollutantID[390] = 34
  out_pollutantID[391] = 34
  out_pollutantID[392] = 34
  out_pollutantID[393] = 34
  out_pollutantID[394] = 34
  out_pollutantID[395] = 34
  out_pollutantID[396] = 34
  out_pollutantID[397] = 34
  out_pollutantID[398] = 34
  out_pollutantID[399] = 34
  out_pollutantID[400] = 34
  out_pollutantID[401] = 34
  out_pollutantID[402] = 34
  out_pollutantID[403] = 34
  out_pollutantID[404] = 34
  out_pollutantID[405] = 34
  out_pollutantID[406] = 34
  out_pollutantID[407] = 34
  out_pollutantID[408] = 34
  out_pollutantID[409] = 34
  out_pollutantID[410] = 34
  out_pollutantID[411] = 34
  out_pollutantID[412] = 34
  out_pollutantID[413] = 34
  out_pollutantID[414] = 34
  out_pollutantID[415] = 34
  out_pollutantID[416] = 34
  out_pollutantID[417] = 34
  out_pollutantID[418] = 34
  out_pollutantID[419] = 34
  out_pollutantID[420] = 34
  out_pollutantID[421] = 34
  out_pollutantID[422] = 34
  out_pollutantID[423] = 34
  out_pollutantID[424] = 34
  out_pollutantID[425] = 34
  out_pollutantID[426] = 34
  out_pollutantID[427] = 34
  out_pollutantID[428] = 34
  out_pollutantID[429] = 34
  out_pollutantID[430] = 34
  out_pollutantID[431] = 34
  out_pollutantID[432] = 34
  out_pollutantID[433] = 34
  out_pollutantID[434] = 34
  out_pollutantID[435] = 34
  out_pollutantID[436] = 34
  out_processID[1] = 1
  out_processID[2] = 1
  out_processID[3] = 1
  out_processID[4] = 1
  out_processID[5] = 1
  out_processID[6] = 1
  out_processID[7] = 1
  out_processID[8] = 1
  out_processID[9] = 1
  out_processID[10] = 1
  out_processID[11] = 1
  out_processID[12] = 1
  out_processID[13] = 1
  out_processID[14] = 1
  out_processID[15] = 1
  out_processID[16] = 1
  out_processID[17] = 1
  out_processID[18] = 1
  out_processID[19] = 1
  out_processID[20] = 1
  out_processID[21] = 1
  out_processID[22] = 1
  out_processID[23] = 1
  out_processID[24] = 1
  out_processID[25] = 1
  out_processID[26] = 1
  out_processID[27] = 1
  out_processID[28] = 1
  out_processID[29] = 1
  out_processID[30] = 1
  out_processID[31] = 1
  out_processID[32] = 1
  out_processID[33] = 1
  out_processID[34] = 1
  out_processID[35] = 1
  out_processID[36] = 1
  out_processID[37] = 1
  out_processID[38] = 1
  out_processID[39] = 1
  out_processID[40] = 1
  out_processID[41] = 1
  out_processID[42] = 1
  out_processID[43] = 1
  out_processID[44] = 1
  out_processID[45] = 1
  out_processID[46] = 1
  out_processID[47] = 1
  out_processID[48] = 1
  out_processID[49] = 1
  out_processID[50] = 1
  out_processID[51] = 1
  out_processID[52] = 1
  out_processID[53] = 1
  out_processID[54] = 1
  out_processID[55] = 1
  out_processID[56] = 1
  out_processID[57] = 1
  out_processID[58] = 1
  out_processID[59] = 1
  out_processID[60] = 1
  out_processID[61] = 1
  out_processID[62] = 1
  out_processID[63] = 1
  out_processID[64] = 1
  out_processID[65] = 1
  out_processID[66] = 1
  out_processID[67] = 1
  out_processID[68] = 1
  out_processID[69] = 1
  out_processID[70] = 1
  out_processID[71] = 1
  out_processID[72] = 1
  out_processID[73] = 1
  out_processID[74] = 1
  out_processID[75] = 1
  out_processID[76] = 1
  out_processID[77] = 1
  out_processID[78] = 1
  out_processID[79] = 1
  out_processID[80] = 1
  out_processID[81] = 1
  out_processID[82] = 1
  out_processID[83] = 1
  out_processID[84] = 1
  out_processID[85] = 1
  out_processID[86] = 1
  out_processID[87] = 1
  out_processID[88] = 1
  out_processID[89] = 1
  out_processID[90] = 1
  out_processID[91] = 1
  out_processID[92] = 1
  out_processID[93] = 1
  out_processID[94] = 1
  out_processID[95] = 1
  out_processID[96] = 1
  out_processID[97] = 1
  out_processID[98] = 1
  out_processID[99] = 1
  out_processID[100] = 1
  out_processID[101] = 1
  out_processID[102] = 1
  out_processID[103] = 1
  out_processID[104] = 1
  out_processID[105] = 1
  out_processID[106] = 1
  out_processID[107] = 1
  out_processID[108] = 1
  out_processID[109] = 1
  out_processID[110] = 1
  out_processID[111] = 1
  out_processID[112] = 1
  out_processID[113] = 1
  out_processID[114] = 1
  out_processID[115] = 1
  out_processID[116] = 1
  out_processID[117] = 1
  out_processID[118] = 1
  out_processID[119] = 1
  out_processID[120] = 1
  out_processID[121] = 1
  out_processID[122] = 1
  out_processID[123] = 1
  out_processID[124] = 1
  out_processID[125] = 1
  out_processID[126] = 1
  out_processID[127] = 1
  out_processID[128] = 1
  out_processID[129] = 1
  out_processID[130] = 1
  out_processID[131] = 1
  out_processID[132] = 1
  out_processID[133] = 1
  out_processID[134] = 1
  out_processID[135] = 1
  out_processID[136] = 1
  out_processID[137] = 1
  out_processID[138] = 1
  out_processID[139] = 1
  out_processID[140] = 1
  out_processID[141] = 1
  out_processID[142] = 1
  out_processID[143] = 1
  out_processID[144] = 1
  out_processID[145] = 1
  out_processID[146] = 1
  out_processID[147] = 1
  out_processID[148] = 1
  out_processID[149] = 1
  out_processID[150] = 1
  out_processID[151] = 1
  out_processID[152] = 1
  out_processID[153] = 1
  out_processID[154] = 1
  out_processID[155] = 1
  out_processID[156] = 1
  out_processID[157] = 1
  out_processID[158] = 1
  out_processID[159] = 1
  out_processID[160] = 1
  out_processID[161] = 1
  out_processID[162] = 1
  out_processID[163] = 1
  out_processID[164] = 1
  out_processID[165] = 1
  out_processID[166] = 1
  out_processID[167] = 1
  out_processID[168] = 1
  out_processID[169] = 1
  out_processID[170] = 1
  out_processID[171] = 1
  out_processID[172] = 1
  out_processID[173] = 1
  out_processID[174] = 1
  out_processID[175] = 1
  out_processID[176] = 1
  out_processID[177] = 1
  out_processID[178] = 1
  out_processID[179] = 1
  out_processID[180] = 1
  out_processID[181] = 1
  out_processID[182] = 1
  out_processID[183] = 1
  out_processID[184] = 1
  out_processID[185] = 1
  out_processID[186] = 1
  out_processID[187] = 1
  out_processID[188] = 1
  out_processID[189] = 1
  out_processID[190] = 1
  out_processID[191] = 1
  out_processID[192] = 1
  out_processID[193] = 1
  out_processID[194] = 1
  out_processID[195] = 1
  out_processID[196] = 1
  out_processID[197] = 1
  out_processID[198] = 1
  out_processID[199] = 1
  out_processID[200] = 1
  out_processID[201] = 1
  out_processID[202] = 1
  out_processID[203] = 1
  out_processID[204] = 1
  out_processID[205] = 1
  out_processID[206] = 1
  out_processID[207] = 1
  out_processID[208] = 1
  out_processID[209] = 1
  out_processID[210] = 1
  out_processID[211] = 1
  out_processID[212] = 1
  out_processID[213] = 1
  out_processID[214] = 1
  out_processID[215] = 1
  out_processID[216] = 1
  out_processID[217] = 1
  out_processID[218] = 1
  out_processID[219] = 1
  out_processID[220] = 1
  out_processID[221] = 1
  out_processID[222] = 1
  out_processID[223] = 1
  out_processID[224] = 1
  out_processID[225] = 1
  out_processID[226] = 1
  out_processID[227] = 1
  out_processID[228] = 1
  out_processID[229] = 1
  out_processID[230] = 1
  out_processID[231] = 1
  out_processID[232] = 1
  out_processID[233] = 1
  out_processID[234] = 1
  out_processID[235] = 1
  out_processID[236] = 1
  out_processID[237] = 1
  out_processID[238] = 1
  out_processID[239] = 1
  out_processID[240] = 1
  out_processID[241] = 1
  out_processID[242] = 1
  out_processID[243] = 1
  out_processID[244] = 1
  out_processID[245] = 1
  out_processID[246] = 1
  out_processID[247] = 1
  out_processID[248] = 1
  out_processID[249] = 1
  out_processID[250] = 1
  out_processID[251] = 1
  out_processID[252] = 1
  out_processID[253] = 1
  out_processID[254] = 1
  out_processID[255] = 1
  out_processID[256] = 1
  out_processID[257] = 1
  out_processID[258] = 1
  out_processID[259] = 1
  out_processID[260] = 1
  out_processID[261] = 1
  out_processID[262] = 1
  out_processID[263] = 1
  out_processID[264] = 1
  out_processID[265] = 1
  out_processID[266] = 1
  out_processID[267] = 1
  out_processID[268] = 1
  out_processID[269] = 1
  out_processID[270] = 1
  out_processID[271] = 1
  out_processID[272] = 1
  out_processID[273] = 1
  out_processID[274] = 1
  out_processID[275] = 1
  out_processID[276] = 1
  out_processID[277] = 1
  out_processID[278] = 1
  out_processID[279] = 1
  out_processID[280] = 1
  out_processID[281] = 1
  out_processID[282] = 1
  out_processID[283] = 1
  out_processID[284] = 1
  out_processID[285] = 1
  out_processID[286] = 1
  out_processID[287] = 1
  out_processID[288] = 1
  out_processID[289] = 1
  out_processID[290] = 1
  out_processID[291] = 1
  out_processID[292] = 1
  out_processID[293] = 1
  out_processID[294] = 1
  out_processID[295] = 1
  out_processID[296] = 1
  out_processID[297] = 1
  out_processID[298] = 1
  out_processID[299] = 1
  out_processID[300] = 1
  out_processID[301] = 1
  out_processID[302] = 1
  out_processID[303] = 1
  out_processID[304] = 1
  out_processID[305] = 1
  out_processID[306] = 1
  out_processID[307] = 1
  out_processID[308] = 1
  out_processID[309] = 1
  out_processID[310] = 1
  out_processID[311] = 1
  out_processID[312] = 1
  out_processID[313] = 1
  out_processID[314] = 1
  out_processID[315] = 1
  out_processID[316] = 1
  out_processID[317] = 1
  out_processID[318] = 1
  out_processID[319] = 1
  out_processID[320] = 1
  out_processID[321] = 1
  out_processID[322] = 1
  out_processID[323] = 1
  out_processID[324] = 1
  out_processID[325] = 1
  out_processID[326] = 1
  out_processID[327] = 1
  out_processID[328] = 1
  out_processID[329] = 1
  out_processID[330] = 1
  out_processID[331] = 1
  out_processID[332] = 1
  out_processID[333] = 1
  out_processID[334] = 1
  out_processID[335] = 1
  out_processID[336] = 1
  out_processID[337] = 1
  out_processID[338] = 1
  out_processID[339] = 1
  out_processID[340] = 1
  out_processID[341] = 1
  out_processID[342] = 1
  out_processID[343] = 1
  out_processID[344] = 1
  out_processID[345] = 1
  out_processID[346] = 1
  out_processID[347] = 1
  out_processID[348] = 1
  out_processID[349] = 1
  out_processID[350] = 1
  out_processID[351] = 1
  out_processID[352] = 1
  out_processID[353] = 1
  out_processID[354] = 1
  out_processID[355] = 1
  out_processID[356] = 1
  out_processID[357] = 1
  out_processID[358] = 1
  out_processID[359] = 1
  out_processID[360] = 1
  out_processID[361] = 1
  out_processID[362] = 1
  out_processID[363] = 1
  out_processID[364] = 1
  out_processID[365] = 1
  out_processID[366] = 1
  out_processID[367] = 1
  out_processID[368] = 1
  out_processID[369] = 1
  out_processID[370] = 1
  out_processID[371] = 1
  out_processID[372] = 1
  out_processID[373] = 1
  out_processID[374] = 1
  out_processID[375] = 1
  out_processID[376] = 1
  out_processID[377] = 1
  out_processID[378] = 1
  out_processID[379] = 1
  out_processID[380] = 1
  out_processID[381] = 1
  out_processID[382] = 1
  out_processID[383] = 1
  out_processID[384] = 1
  out_processID[385] = 1
  out_processID[386] = 1
  out_processID[387] = 1
  out_processID[388] = 1
  out_processID[389] = 1
  out_processID[390] = 1
  out_processID[391] = 1
  out_processID[392] = 1
  out_processID[393] = 1
  out_processID[394] = 1
  out_processID[395] = 1
  out_processID[396] = 1
  out_processID[397] = 1
  out_processID[398] = 1
  out_processID[399] = 1
  out_processID[400] = 1
  out_processID[401] = 1
  out_processID[402] = 1
  out_processID[403] = 1
  out_processID[404] = 1
  out_processID[405] = 1
  out_processID[406] = 1
  out_processID[407] = 1
  out_processID[408] = 1
  out_processID[409] = 1
  out_processID[410] = 1
  out_processID[411] = 1
  out_processID[412] = 1
  out_processID[413] = 1
  out_processID[414] = 1
  out_processID[415] = 1
  out_processID[416] = 1
  out_processID[417] = 1
  out_processID[418] = 1
  out_processID[419] = 1
  out_processID[420] = 1
  out_processID[421] = 1
  out_processID[422] = 1
  out_processID[423] = 1
  out_processID[424] = 1
  out_processID[425] = 1
  out_processID[426] = 1
  out_processID[427] = 1
  out_processID[428] = 1
  out_processID[429] = 1
  out_processID[430] = 1
  out_processID[431] = 1
  out_processID[432] = 1
  out_processID[433] = 1
  out_processID[434] = 1
  out_processID[435] = 1
  out_processID[436] = 1
  out_meanBaseRate[1] = 0.771623548490833
  out_meanBaseRate[2] = 0.9051441190260986
  out_meanBaseRate[3] = 1.0329078351973393
  out_meanBaseRate[4] = 1.1829448659303934
  out_meanBaseRate[5] = 3.0320209141999515
  out_meanBaseRate[6] = 3.0035723864710917
  out_meanBaseRate[7] = 3.2643440307084886
  out_meanBaseRate[8] = 3.2603147972907642
  out_meanBaseRate[9] = 3.5305680271893247
  out_meanBaseRate[10] = 3.532681966764344
  out_meanBaseRate[11] = 4.1933347886461
  out_meanBaseRate[12] = 5.119130997832349
  out_meanBaseRate[13] = 5.4180830118664955
  out_meanBaseRate[14] = 5.613471517195119
  out_meanBaseRate[15] = 7.345493885324592
  out_meanBaseRate[16] = 9.45193169996335
  out_meanBaseRate[17] = 12.878177728212371
  out_meanBaseRate[18] = 18.26637113134458
  out_meanBaseRate[19] = 21.935342502766964
  out_meanBaseRate[20] = 22.00153954930486
  out_meanBaseRate[21] = 42.04763109746299
  out_meanBaseRate[22] = 57.90284384062456
  out_meanBaseRate[23] = 65.68003868025707
  out_meanBaseRate[24] = 83.07082102770025
  out_meanBaseRate[25] = 84.27041150333773
  out_meanBaseRate[26] = 97.45728731637983
  out_meanBaseRate[27] = 113.19981556009054
  out_meanBaseRate[28] = 163.5619639803711
  out_meanBaseRate[29] = 163.48445180559742
  out_meanBaseRate[30] = 163.21307362817086
  out_meanBaseRate[31] = 163.50102565186808
  out_meanBaseRate[32] = 122.16931985875901
  out_meanBaseRate[33] = 122.24888149424095
  out_meanBaseRate[34] = 120.71952384615243
  out_meanBaseRate[35] = 121.19453836607266
  out_meanBaseRate[36] = 132.2319130203415
  out_meanBaseRate[37] = 130.7806501696144
  out_meanBaseRate[38] = 126.26968894568589
  out_meanBaseRate[39] = 102.97876685066961
  out_meanBaseRate[40] = 106.47412884890672
  out_meanBaseRate[41] = 111.39047794684446
  out_meanBaseRate[42] = 0.00007360316429416876
  out_meanBaseRate[43] = 0.0009338439541037521
  out_meanBaseRate[44] = 0.0011117810548374354
  out_meanBaseRate[45] = 0.0026747100131495347
  out_meanBaseRate[46] = 0.03134406389415734
  out_meanBaseRate[47] = 0.04439771084521773
  out_meanBaseRate[48] = 0.04478513197431645
  out_meanBaseRate[49] = 0.045112069653310535
  out_meanBaseRate[50] = 0.04213609093940472
  out_meanBaseRate[51] = 0.04501592843894927
  out_meanBaseRate[52] = 0.04024854393483318
  out_meanBaseRate[53] = 0.0037489348468905206
  out_meanBaseRate[54] = 0.002634033699942904
  out_meanBaseRate[55] = 0.05140974377271834
  out_meanBaseRate[56] = 0.046642385560811385
  out_meanBaseRate[57] = 0.04368645833421124
  out_meanBaseRate[58] = 0.0762951091249682
  out_meanBaseRate[59] = 0.1023546002191386
  out_meanBaseRate[60] = 0.07403434233050328
  out_meanBaseRate[61] = 0.13038852034240983
  out_meanBaseRate[62] = 0.10901793410351858
  out_meanBaseRate[63] = 0.14532698501225866
  out_meanBaseRate[64] = 0.07544586231290985
  out_meanBaseRate[65] = 0.10489737632406312
  out_meanBaseRate[66] = 0.09195384942810755
  out_meanBaseRate[67] = 0.01699442230491978
  out_meanBaseRate[68] = 0.113218019213761
  out_meanBaseRate[69] = 0.19073019398745958
  out_meanBaseRate[70] = 0.4621083714140686
  out_meanBaseRate[71] = 0.17415634771674868
  out_meanBaseRate[72] = 0.11135350545896236
  out_meanBaseRate[73] = 0.03179186997710763
  out_meanBaseRate[74] = 1.5611495180655268
  out_meanBaseRate[75] = 1.0861349981453727
  out_meanBaseRate[76] = 4.618579060646373
  out_meanBaseRate[77] = 6.069841911373591
  out_meanBaseRate[78] = 10.580803135302032
  out_meanBaseRate[79] = 12.303095193725532
  out_meanBaseRate[80] = 8.807733195488401
  out_meanBaseRate[81] = 5.453176727699956
  out_meanBaseRate[82] = 0.00025731685211552934
  out_meanBaseRate[83] = 0.00047541063410302953
  out_meanBaseRate[84] = 0.00045870868344852493
  out_meanBaseRate[85] = 0.00033662003917613845
  out_meanBaseRate[86] = 0.0016692092649911352
  out_meanBaseRate[87] = 0.0017444039202739697
  out_meanBaseRate[88] = 0.002437397917917178
  out_meanBaseRate[89] = 0.002733998438747785
  out_meanBaseRate[90] = 0.0030524515285042875
  out_meanBaseRate[91] = 0.005447736233264542
  out_meanBaseRate[92] = 0.0040691216873457985
  out_meanBaseRate[93] = 0.004202720511858839
  out_meanBaseRate[94] = 0.004990380513215288
  out_meanBaseRate[95] = 0.0030411329680543222
  out_meanBaseRate[96] = 0.004699351483887645
  out_meanBaseRate[97] = 0.002355634283196085
  out_meanBaseRate[98] = 0.0021978569736722784
  out_meanBaseRate[99] = 0.004657733406474384
  out_meanBaseRate[100] = 0.0031234161893641545
  out_meanBaseRate[101] = 0.0037091500690513827
  out_meanBaseRate[102] = 0.009405061084324307
  out_meanBaseRate[103] = 0.01756679724758905
  out_meanBaseRate[104] = 0.010607858275813472
  out_meanBaseRate[105] = 0
  out_meanBaseRate[106] = 0
  out_meanBaseRate[107] = 0
  out_meanBaseRate[108] = 0
  out_meanBaseRate[109] = 0
  out_meanBaseRate[110] = 0
  out_meanBaseRate[111] = 0
  out_meanBaseRate[112] = 0
  out_meanBaseRate[113] = 0
  out_meanBaseRate[114] = 0
  out_meanBaseRate[115] = 0
  out_meanBaseRate[116] = 0
  out_meanBaseRate[117] = 0
  out_meanBaseRate[118] = 0
  out_meanBaseRate[119] = 0
  out_meanBaseRate[120] = 0
  out_meanBaseRate[121] = 0
  out_meanBaseRate[122] = 0
  out_meanBaseRate[123] = 0
  out_meanBaseRate[124] = 0
  out_meanBaseRate[125] = 0
  out_meanBaseRate[126] = 0
  out_meanBaseRate[127] = 0
  out_meanBaseRate[128] = 0
  out_meanBaseRate[129] = 0
  out_meanBaseRate[130] = 0
  out_meanBaseRate[131] = 0
  out_meanBaseRate[132] = 0
  out_meanBaseRate[133] = 0
  out_meanBaseRate[134] = 0
  out_meanBaseRate[135] = 0
  out_meanBaseRate[136] = 0
  out_meanBaseRate[137] = 0
  out_meanBaseRate[138] = 0
  out_meanBaseRate[139] = 0
  out_meanBaseRate[140] = 0
  out_meanBaseRate[141] = 0
  out_meanBaseRate[142] = 0
  out_meanBaseRate[143] = 0
  out_meanBaseRate[144] = 0
  out_meanBaseRate[145] = 0
  out_meanBaseRate[146] = 0
  out_meanBaseRate[147] = 0
  out_meanBaseRate[148] = 0
  out_meanBaseRate[149] = 0
  out_meanBaseRate[150] = 0
  out_meanBaseRate[151] = 0
  out_meanBaseRate[152] = 0
  out_meanBaseRate[153] = 0
  out_meanBaseRate[154] = 0
  out_meanBaseRate[155] = 0
  out_meanBaseRate[156] = 0
  out_meanBaseRate[157] = 0
  out_meanBaseRate[158] = 0
  out_meanBaseRate[159] = 0
  out_meanBaseRate[160] = 0
  out_meanBaseRate[161] = 0
  out_meanBaseRate[162] = 0
  out_meanBaseRate[163] = 0
  out_meanBaseRate[164] = 0
  out_meanBaseRate[165] = 0
  out_meanBaseRate[166] = 0
  out_meanBaseRate[167] = 0
  out_meanBaseRate[168] = 0
  out_meanBaseRate[169] = 0
  out_meanBaseRate[170] = 0
  out_meanBaseRate[171] = 0
  out_meanBaseRate[172] = 0
  out_meanBaseRate[173] = 0
  out_meanBaseRate[174] = 0
  out_meanBaseRate[175] = 0
  out_meanBaseRate[176] = 0
  out_meanBaseRate[177] = 0
  out_meanBaseRate[178] = 0
  out_meanBaseRate[179] = 0
  out_meanBaseRate[180] = 0
  out_meanBaseRate[181] = 0
  out_meanBaseRate[182] = 0
  out_meanBaseRate[183] = 0
  out_meanBaseRate[184] = 0
  out_meanBaseRate[185] = 0
  out_meanBaseRate[186] = 0
  out_meanBaseRate[187] = 0
  out_meanBaseRate[188] = 0
  out_meanBaseRate[189] = 0
  out_meanBaseRate[190] = 0
  out_meanBaseRate[191] = 0
  out_meanBaseRate[192] = 0
  out_meanBaseRate[193] = 0
  out_meanBaseRate[194] = 0
  out_meanBaseRate[195] = 0
  out_meanBaseRate[196] = 0
  out_meanBaseRate[197] = 0
  out_meanBaseRate[198] = 0
  out_meanBaseRate[199] = 0
  out_meanBaseRate[200] = 0
  out_meanBaseRate[201] = 0
  out_meanBaseRate[202] = 0
  out_meanBaseRate[203] = 0
  out_meanBaseRate[204] = 0
  out_meanBaseRate[205] = 0
  out_meanBaseRate[206] = 0
  out_meanBaseRate[207] = 0
  out_meanBaseRate[208] = 0
  out_meanBaseRate[209] = 0
  out_meanBaseRate[210] = 0
  out_meanBaseRate[211] = 0
  out_meanBaseRate[212] = 0
  out_meanBaseRate[213] = 0
  out_meanBaseRate[214] = 0
  out_meanBaseRate[215] = 0
  out_meanBaseRate[216] = 0
  out_meanBaseRate[217] = 0
  out_meanBaseRate[218] = 0
  out_meanBaseRate[219] = 0
  out_meanBaseRate[220] = 0
  out_meanBaseRate[221] = 0
  out_meanBaseRate[222] = 0
  out_meanBaseRate[223] = 0
  out_meanBaseRate[224] = 0
  out_meanBaseRate[225] = 0
  out_meanBaseRate[226] = 0
  out_meanBaseRate[227] = 0
  out_meanBaseRate[228] = 0
  out_meanBaseRate[229] = 0
  out_meanBaseRate[230] = 0
  out_meanBaseRate[231] = 0
  out_meanBaseRate[232] = 0
  out_meanBaseRate[233] = 0
  out_meanBaseRate[234] = 0
  out_meanBaseRate[235] = 0
  out_meanBaseRate[236] = 0
  out_meanBaseRate[237] = 0
  out_meanBaseRate[238] = 0
  out_meanBaseRate[239] = 0
  out_meanBaseRate[240] = 0
  out_meanBaseRate[241] = 0
  out_meanBaseRate[242] = 0
  out_meanBaseRate[243] = 0
  out_meanBaseRate[244] = 0
  out_meanBaseRate[245] = 0
  out_meanBaseRate[246] = 0
  out_meanBaseRate[247] = 0
  out_meanBaseRate[248] = 0
  out_meanBaseRate[249] = 0
  out_meanBaseRate[250] = 0
  out_meanBaseRate[251] = 0
  out_meanBaseRate[252] = 0
  out_meanBaseRate[253] = 0
  out_meanBaseRate[254] = 0
  out_meanBaseRate[255] = 0
  out_meanBaseRate[256] = 0
  out_meanBaseRate[257] = 0
  out_meanBaseRate[258] = 0
  out_meanBaseRate[259] = 0
  out_meanBaseRate[260] = 0
  out_meanBaseRate[261] = 0
  out_meanBaseRate[262] = 0
  out_meanBaseRate[263] = 0
  out_meanBaseRate[264] = 0
  out_meanBaseRate[265] = 0
  out_meanBaseRate[266] = 0
  out_meanBaseRate[267] = 0
  out_meanBaseRate[268] = 0
  out_meanBaseRate[269] = 0
  out_meanBaseRate[270] = 0
  out_meanBaseRate[271] = 0
  out_meanBaseRate[272] = 0
  out_meanBaseRate[273] = 0
  out_meanBaseRate[274] = 0
  out_meanBaseRate[275] = 0
  out_meanBaseRate[276] = 0
  out_meanBaseRate[277] = 0
  out_meanBaseRate[278] = 0
  out_meanBaseRate[279] = 0
  out_meanBaseRate[280] = 0
  out_meanBaseRate[281] = 0
  out_meanBaseRate[282] = 0
  out_meanBaseRate[283] = 0
  out_meanBaseRate[284] = 0
  out_meanBaseRate[285] = 0
  out_meanBaseRate[286] = 0
  out_meanBaseRate[287] = 0
  out_meanBaseRate[288] = 0
  out_meanBaseRate[289] = 0
  out_meanBaseRate[290] = 0
  out_meanBaseRate[291] = 0
  out_meanBaseRate[292] = 0
  out_meanBaseRate[293] = 0
  out_meanBaseRate[294] = 0
  out_meanBaseRate[295] = 0
  out_meanBaseRate[296] = 0
  out_meanBaseRate[297] = 0
  out_meanBaseRate[298] = 0
  out_meanBaseRate[299] = 0
  out_meanBaseRate[300] = 0
  out_meanBaseRate[301] = 0
  out_meanBaseRate[302] = 0
  out_meanBaseRate[303] = 0
  out_meanBaseRate[304] = 0
  out_meanBaseRate[305] = 0
  out_meanBaseRate[306] = 0
  out_meanBaseRate[307] = 0
  out_meanBaseRate[308] = 0
  out_meanBaseRate[309] = 0
  out_meanBaseRate[310] = 0
  out_meanBaseRate[311] = 0
  out_meanBaseRate[312] = 0
  out_meanBaseRate[313] = 0
  out_meanBaseRate[314] = 0
  out_meanBaseRate[315] = 0
  out_meanBaseRate[316] = 0
  out_meanBaseRate[317] = 0
  out_meanBaseRate[318] = 0
  out_meanBaseRate[319] = 0
  out_meanBaseRate[320] = 0
  out_meanBaseRate[321] = 0
  out_meanBaseRate[322] = 0
  out_meanBaseRate[323] = 0
  out_meanBaseRate[324] = 0
  out_meanBaseRate[325] = 0
  out_meanBaseRate[326] = 0
  out_meanBaseRate[327] = 0
  out_meanBaseRate[328] = 0
  out_meanBaseRate[329] = 0
  out_meanBaseRate[330] = 0
  out_meanBaseRate[331] = 0
  out_meanBaseRate[332] = 0
  out_meanBaseRate[333] = 0
  out_meanBaseRate[334] = 0
  out_meanBaseRate[335] = 0
  out_meanBaseRate[336] = 0
  out_meanBaseRate[337] = 0
  out_meanBaseRate[338] = 0
  out_meanBaseRate[339] = 0
  out_meanBaseRate[340] = 0
  out_meanBaseRate[341] = 0
  out_meanBaseRate[342] = 0
  out_meanBaseRate[343] = 0
  out_meanBaseRate[344] = 0
  out_meanBaseRate[345] = 0
  out_meanBaseRate[346] = 0
  out_meanBaseRate[347] = 0
  out_meanBaseRate[348] = 0
  out_meanBaseRate[349] = 0
  out_meanBaseRate[350] = 0
  out_meanBaseRate[351] = 0
  out_meanBaseRate[352] = 0
  out_meanBaseRate[353] = 0
  out_meanBaseRate[354] = 0
  out_meanBaseRate[355] = 0
  out_meanBaseRate[356] = 0
  out_meanBaseRate[357] = 0
  out_meanBaseRate[358] = 0
  out_meanBaseRate[359] = 0
  out_meanBaseRate[360] = 0
  out_meanBaseRate[361] = 0
  out_meanBaseRate[362] = 0
  out_meanBaseRate[363] = 0
  out_meanBaseRate[364] = 0
  out_meanBaseRate[365] = 0
  out_meanBaseRate[366] = 0
  out_meanBaseRate[367] = 0
  out_meanBaseRate[368] = 0
  out_meanBaseRate[369] = 0
  out_meanBaseRate[370] = 0
  out_meanBaseRate[371] = 0
  out_meanBaseRate[372] = 0
  out_meanBaseRate[373] = 0
  out_meanBaseRate[374] = 0
  out_meanBaseRate[375] = 0
  out_meanBaseRate[376] = 0
  out_meanBaseRate[377] = 0
  out_meanBaseRate[378] = 0
  out_meanBaseRate[379] = 0
  out_meanBaseRate[380] = 0
  out_meanBaseRate[381] = 0
  out_meanBaseRate[382] = 0
  out_meanBaseRate[383] = 0
  out_meanBaseRate[384] = 0
  out_meanBaseRate[385] = 0
  out_meanBaseRate[386] = 0
  out_meanBaseRate[387] = 0
  out_meanBaseRate[388] = 0
  out_meanBaseRate[389] = 0
  out_meanBaseRate[390] = 0
  out_meanBaseRate[391] = 0
  out_meanBaseRate[392] = 0
  out_meanBaseRate[393] = 0
  out_meanBaseRate[394] = 0
  out_meanBaseRate[395] = 0
  out_meanBaseRate[396] = 0
  out_meanBaseRate[397] = 0
  out_meanBaseRate[398] = 0
  out_meanBaseRate[399] = 0
  out_meanBaseRate[400] = 0
  out_meanBaseRate[401] = 0
  out_meanBaseRate[402] = 0
  out_meanBaseRate[403] = 0
  out_meanBaseRate[404] = 0
  out_meanBaseRate[405] = 0
  out_meanBaseRate[406] = 0
  out_meanBaseRate[407] = 0
  out_meanBaseRate[408] = 0
  out_meanBaseRate[409] = 0
  out_meanBaseRate[410] = 0
  out_meanBaseRate[411] = 0
  out_meanBaseRate[412] = 0
  out_meanBaseRate[413] = 0
  out_meanBaseRate[414] = 0
  out_meanBaseRate[415] = 0
  out_meanBaseRate[416] = 0
  out_meanBaseRate[417] = 0
  out_meanBaseRate[418] = 0
  out_meanBaseRate[419] = 0
  out_meanBaseRate[420] = 0
  out_meanBaseRate[421] = 0
  out_meanBaseRate[422] = 0
  out_meanBaseRate[423] = 0
  out_meanBaseRate[424] = 0
  out_meanBaseRate[425] = 0
  out_meanBaseRate[426] = 0
  out_meanBaseRate[427] = 0
  out_meanBaseRate[428] = 0
  out_meanBaseRate[429] = 0
  out_meanBaseRate[430] = 0
  out_meanBaseRate[431] = 0
  out_meanBaseRate[432] = 0
  out_meanBaseRate[433] = 0
  out_meanBaseRate[434] = 0
  out_meanBaseRate[435] = 0
  out_meanBaseRate[436] = 0
  out_adjustedMeanBaseRate[1] = 0.7312881021804019
  out_adjustedMeanBaseRate[2] = 0.8578290881569837
  out_adjustedMeanBaseRate[3] = 0.9789141505674295
  out_adjustedMeanBaseRate[4] = 1.1211082239289183
  out_adjustedMeanBaseRate[5] = 1.5519054191946065
  out_adjustedMeanBaseRate[6] = 1.53734436384576
  out_adjustedMeanBaseRate[7] = 1.670817363972175
  out_adjustedMeanBaseRate[8] = 1.668755046675193
  out_adjustedMeanBaseRate[9] = 1.807081088580181
  out_adjustedMeanBaseRate[10] = 1.8081630845080312
  out_adjustedMeanBaseRate[11] = 2.1463107172248193
  out_adjustedMeanBaseRate[12] = 2.620168977033385
  out_adjustedMeanBaseRate[13] = 2.773184165182624
  out_adjustedMeanBaseRate[14] = 2.87319154931633
  out_adjustedMeanBaseRate[15] = 3.759707498687893
  out_adjustedMeanBaseRate[16] = 4.837863735811642
  out_adjustedMeanBaseRate[17] = 6.5915487957765695
  out_adjustedMeanBaseRate[18] = 9.349434304688353
  out_adjustedMeanBaseRate[19] = 11.227355570835915
  out_adjustedMeanBaseRate[20] = 11.26123777619133
  out_adjustedMeanBaseRate[21] = 41.49182427267956
  out_adjustedMeanBaseRate[22] = 57.1374548058323
  out_adjustedMeanBaseRate[23] = 64.81184675605782
  out_adjustedMeanBaseRate[24] = 81.97274895889481
  out_adjustedMeanBaseRate[25] = 83.15648264174986
  out_adjustedMeanBaseRate[26] = 96.16904767001859
  out_adjustedMeanBaseRate[27] = 111.70348322434761
  out_adjustedMeanBaseRate[28] = 160.81324143120352
  out_adjustedMeanBaseRate[29] = 160.73703187873545
  out_adjustedMeanBaseRate[30] = 160.47021431734393
  out_adjustedMeanBaseRate[31] = 160.75332719506028
  out_adjustedMeanBaseRate[32] = 120.116216825877
  out_adjustedMeanBaseRate[33] = 120.19444139706737
  out_adjustedMeanBaseRate[34] = 118.6907852002866
  out_adjustedMeanBaseRate[35] = 119.1578169160737
  out_adjustedMeanBaseRate[36] = 130.00970418771706
  out_adjustedMeanBaseRate[37] = 128.58283037479245
  out_adjustedMeanBaseRate[38] = 124.14767761227444
  out_adjustedMeanBaseRate[39] = 101.24816854016096
  out_adjustedMeanBaseRate[40] = 104.68478961778152
  out_adjustedMeanBaseRate[41] = 109.51851755309552
  out_adjustedMeanBaseRate[42] = 0.00007430595590047753
  out_adjustedMeanBaseRate[43] = 0.0009427606589606697
  out_adjustedMeanBaseRate[44] = 0.001122396772257818
  out_adjustedMeanBaseRate[45] = 0.0027002491834362727
  out_adjustedMeanBaseRate[46] = 0.03164334919287601
  out_adjustedMeanBaseRate[47] = 0.04482163743615392
  out_adjustedMeanBaseRate[48] = 0.045212757812700066
  out_adjustedMeanBaseRate[49] = 0.045542817219663134
  out_adjustedMeanBaseRate[50] = 0.04253842270487779
  out_adjustedMeanBaseRate[51] = 0.04544575801163785
  out_adjustedMeanBaseRate[52] = 0.040632852668225396
  out_adjustedMeanBaseRate[53] = 0.0037847311332086333
  out_adjustedMeanBaseRate[54] = 0.0026591844769890617
  out_adjustedMeanBaseRate[55] = 0.052100441380422365
  out_adjustedMeanBaseRate[56] = 0.047269032996886666
  out_adjustedMeanBaseRate[57] = 0.044273392445260316
  out_adjustedMeanBaseRate[58] = 0.07732014534349334
  out_adjustedMeanBaseRate[59] = 0.10372974960368732
  out_adjustedMeanBaseRate[60] = 0.07502900480852862
  out_adjustedMeanBaseRate[61] = 0.13214030964271678
  out_adjustedMeanBaseRate[62] = 0.1104826063768337
  out_adjustedMeanBaseRate[63] = 0.14727947482287843
  out_adjustedMeanBaseRate[64] = 0.07645948877331535
  out_adjustedMeanBaseRate[65] = 0.10630668828643683
  out_adjustedMeanBaseRate[66] = 0.09318926316796117
  out_adjustedMeanBaseRate[67] = 0.017222744913999753
  out_adjustedMeanBaseRate[68] = 0.1147391202596182
  out_adjustedMeanBaseRate[69] = 0.1932926827111239
  out_adjustedMeanBaseRate[70] = 0.468316866598304
  out_adjustedMeanBaseRate[71] = 0.17649616433334622
  out_adjustedMeanBaseRate[72] = 0.1128495564832582
  out_adjustedMeanBaseRate[73] = 0.032218998512015415
  out_adjustedMeanBaseRate[74] = 1.5821237956686833
  out_adjustedMeanBaseRate[75] = 1.1007273845260404
  out_adjustedMeanBaseRate[76] = 4.680630362093885
  out_adjustedMeanBaseRate[77] = 6.151391146589818
  out_adjustedMeanBaseRate[78] = 10.722957810210538
  out_adjustedMeanBaseRate[79] = 12.468389120402728
  out_adjustedMeanBaseRate[80] = 8.926066410186262
  out_adjustedMeanBaseRate[81] = 5.526440973809822
  out_adjustedMeanBaseRate[82] = 0.00024386600539944006
  out_adjustedMeanBaseRate[83] = 0.0004505592669502571
  out_adjustedMeanBaseRate[84] = 0.00043473038533987625
  out_adjustedMeanBaseRate[85] = 0.00031902373908426063
  out_adjustedMeanBaseRate[86] = 0.0008543657769567604
  out_adjustedMeanBaseRate[87] = 0.0008928533060108576
  out_adjustedMeanBaseRate[88] = 0.001247554401697596
  out_adjustedMeanBaseRate[89] = 0.001399366004796125
  out_adjustedMeanBaseRate[90] = 0.001562362596751622
  out_adjustedMeanBaseRate[91] = 0.0027883618292840434
  out_adjustedMeanBaseRate[92] = 0.0020827336541049332
  out_adjustedMeanBaseRate[93] = 0.002151114692899491
  out_adjustedMeanBaseRate[94] = 0.0025542695058703136
  out_adjustedMeanBaseRate[95] = 0.0015565693203208697
  out_adjustedMeanBaseRate[96] = 0.002405309607328291
  out_adjustedMeanBaseRate[97] = 0.0012057046152325862
  out_adjustedMeanBaseRate[98] = 0.0011249480938876305
  out_adjustedMeanBaseRate[99] = 0.0023840078677619123
  out_adjustedMeanBaseRate[100] = 0.001598685051271628
  out_adjustedMeanBaseRate[101] = 0.0018984862755426508
  out_adjustedMeanBaseRate[102] = 0.009608142634140225
  out_adjustedMeanBaseRate[103] = 0.017946113487893794
  out_adjustedMeanBaseRate[104] = 0.01083691157802651
  out_adjustedMeanBaseRate[105] = 0
  out_adjustedMeanBaseRate[106] = 0
  out_adjustedMeanBaseRate[107] = 0
  out_adjustedMeanBaseRate[108] = 0
  out_adjustedMeanBaseRate[109] = 0
  out_adjustedMeanBaseRate[110] = 0
  out_adjustedMeanBaseRate[111] = 0
  out_adjustedMeanBaseRate[112] = 0
  out_adjustedMeanBaseRate[113] = 0
  out_adjustedMeanBaseRate[114] = 0
  out_adjustedMeanBaseRate[115] = 0
  out_adjustedMeanBaseRate[116] = 0
  out_adjustedMeanBaseRate[117] = 0
  out_adjustedMeanBaseRate[118] = 0
  out_adjustedMeanBaseRate[119] = 0
  out_adjustedMeanBaseRate[120] = 0
  out_adjustedMeanBaseRate[121] = 0
  out_adjustedMeanBaseRate[122] = 0
  out_adjustedMeanBaseRate[123] = 0
  out_adjustedMeanBaseRate[124] = 0
  out_adjustedMeanBaseRate[125] = 0
  out_adjustedMeanBaseRate[126] = 0
  out_adjustedMeanBaseRate[127] = 0
  out_adjustedMeanBaseRate[128] = 0
  out_adjustedMeanBaseRate[129] = 0
  out_adjustedMeanBaseRate[130] = 0
  out_adjustedMeanBaseRate[131] = 0
  out_adjustedMeanBaseRate[132] = 0
  out_adjustedMeanBaseRate[133] = 0
  out_adjustedMeanBaseRate[134] = 0
  out_adjustedMeanBaseRate[135] = 0
  out_adjustedMeanBaseRate[136] = 0
  out_adjustedMeanBaseRate[137] = 0
  out_adjustedMeanBaseRate[138] = 0
  out_adjustedMeanBaseRate[139] = 0
  out_adjustedMeanBaseRate[140] = 0
  out_adjustedMeanBaseRate[141] = 0
  out_adjustedMeanBaseRate[142] = 0
  out_adjustedMeanBaseRate[143] = 0
  out_adjustedMeanBaseRate[144] = 0
  out_adjustedMeanBaseRate[145] = 0
  out_adjustedMeanBaseRate[146] = 0
  out_adjustedMeanBaseRate[147] = 0
  out_adjustedMeanBaseRate[148] = 0
  out_adjustedMeanBaseRate[149] = 0
  out_adjustedMeanBaseRate[150] = 0
  out_adjustedMeanBaseRate[151] = 0
  out_adjustedMeanBaseRate[152] = 0
  out_adjustedMeanBaseRate[153] = 0
  out_adjustedMeanBaseRate[154] = 0
  out_adjustedMeanBaseRate[155] = 0
  out_adjustedMeanBaseRate[156] = 0
  out_adjustedMeanBaseRate[157] = 0
  out_adjustedMeanBaseRate[158] = 0
  out_adjustedMeanBaseRate[159] = 0
  out_adjustedMeanBaseRate[160] = 0
  out_adjustedMeanBaseRate[161] = 0
  out_adjustedMeanBaseRate[162] = 0
  out_adjustedMeanBaseRate[163] = 0
  out_adjustedMeanBaseRate[164] = 0
  out_adjustedMeanBaseRate[165] = 0
  out_adjustedMeanBaseRate[166] = 0
  out_adjustedMeanBaseRate[167] = 0
  out_adjustedMeanBaseRate[168] = 0
  out_adjustedMeanBaseRate[169] = 0
  out_adjustedMeanBaseRate[170] = 0
  out_adjustedMeanBaseRate[171] = 0
  out_adjustedMeanBaseRate[172] = 0
  out_adjustedMeanBaseRate[173] = 0
  out_adjustedMeanBaseRate[174] = 0
  out_adjustedMeanBaseRate[175] = 0
  out_adjustedMeanBaseRate[176] = 0
  out_adjustedMeanBaseRate[177] = 0
  out_adjustedMeanBaseRate[178] = 0
  out_adjustedMeanBaseRate[179] = 0
  out_adjustedMeanBaseRate[180] = 0
  out_adjustedMeanBaseRate[181] = 0
  out_adjustedMeanBaseRate[182] = 0
  out_adjustedMeanBaseRate[183] = 0
  out_adjustedMeanBaseRate[184] = 0
  out_adjustedMeanBaseRate[185] = 0
  out_adjustedMeanBaseRate[186] = 0
  out_adjustedMeanBaseRate[187] = 0
  out_adjustedMeanBaseRate[188] = 0
  out_adjustedMeanBaseRate[189] = 0
  out_adjustedMeanBaseRate[190] = 0
  out_adjustedMeanBaseRate[191] = 0
  out_adjustedMeanBaseRate[192] = 0
  out_adjustedMeanBaseRate[193] = 0
  out_adjustedMeanBaseRate[194] = 0
  out_adjustedMeanBaseRate[195] = 0
  out_adjustedMeanBaseRate[196] = 0
  out_adjustedMeanBaseRate[197] = 0
  out_adjustedMeanBaseRate[198] = 0
  out_adjustedMeanBaseRate[199] = 0
  out_adjustedMeanBaseRate[200] = 0
  out_adjustedMeanBaseRate[201] = 0
  out_adjustedMeanBaseRate[202] = 0
  out_adjustedMeanBaseRate[203] = 0
  out_adjustedMeanBaseRate[204] = 0
  out_adjustedMeanBaseRate[205] = 0
  out_adjustedMeanBaseRate[206] = 0
  out_adjustedMeanBaseRate[207] = 0
  out_adjustedMeanBaseRate[208] = 0
  out_adjustedMeanBaseRate[209] = 0
  out_adjustedMeanBaseRate[210] = 0
  out_adjustedMeanBaseRate[211] = 0
  out_adjustedMeanBaseRate[212] = 0
  out_adjustedMeanBaseRate[213] = 0
  out_adjustedMeanBaseRate[214] = 0
  out_adjustedMeanBaseRate[215] = 0
  out_adjustedMeanBaseRate[216] = 0
  out_adjustedMeanBaseRate[217] = 0
  out_adjustedMeanBaseRate[218] = 0
  out_adjustedMeanBaseRate[219] = 0
  out_adjustedMeanBaseRate[220] = 0
  out_adjustedMeanBaseRate[221] = 0
  out_adjustedMeanBaseRate[222] = 0
  out_adjustedMeanBaseRate[223] = 0
  out_adjustedMeanBaseRate[224] = 0
  out_adjustedMeanBaseRate[225] = 0
  out_adjustedMeanBaseRate[226] = 0
  out_adjustedMeanBaseRate[227] = 0
  out_adjustedMeanBaseRate[228] = 0
  out_adjustedMeanBaseRate[229] = 0
  out_adjustedMeanBaseRate[230] = 0
  out_adjustedMeanBaseRate[231] = 0
  out_adjustedMeanBaseRate[232] = 0
  out_adjustedMeanBaseRate[233] = 0
  out_adjustedMeanBaseRate[234] = 0
  out_adjustedMeanBaseRate[235] = 0
  out_adjustedMeanBaseRate[236] = 0
  out_adjustedMeanBaseRate[237] = 0
  out_adjustedMeanBaseRate[238] = 0
  out_adjustedMeanBaseRate[239] = 0
  out_adjustedMeanBaseRate[240] = 0
  out_adjustedMeanBaseRate[241] = 0
  out_adjustedMeanBaseRate[242] = 0
  out_adjustedMeanBaseRate[243] = 0
  out_adjustedMeanBaseRate[244] = 0
  out_adjustedMeanBaseRate[245] = 0
  out_adjustedMeanBaseRate[246] = 0
  out_adjustedMeanBaseRate[247] = 0
  out_adjustedMeanBaseRate[248] = 0
  out_adjustedMeanBaseRate[249] = 0
  out_adjustedMeanBaseRate[250] = 0
  out_adjustedMeanBaseRate[251] = 0
  out_adjustedMeanBaseRate[252] = 0
  out_adjustedMeanBaseRate[253] = 0
  out_adjustedMeanBaseRate[254] = 0
  out_adjustedMeanBaseRate[255] = 0
  out_adjustedMeanBaseRate[256] = 0
  out_adjustedMeanBaseRate[257] = 0
  out_adjustedMeanBaseRate[258] = 0
  out_adjustedMeanBaseRate[259] = 0
  out_adjustedMeanBaseRate[260] = 0
  out_adjustedMeanBaseRate[261] = 0
  out_adjustedMeanBaseRate[262] = 0
  out_adjustedMeanBaseRate[263] = 0
  out_adjustedMeanBaseRate[264] = 0
  out_adjustedMeanBaseRate[265] = 0
  out_adjustedMeanBaseRate[266] = 0
  out_adjustedMeanBaseRate[267] = 0
  out_adjustedMeanBaseRate[268] = 0
  out_adjustedMeanBaseRate[269] = 0
  out_adjustedMeanBaseRate[270] = 0
  out_adjustedMeanBaseRate[271] = 0
  out_adjustedMeanBaseRate[272] = 0
  out_adjustedMeanBaseRate[273] = 0
  out_adjustedMeanBaseRate[274] = 0
  out_adjustedMeanBaseRate[275] = 0
  out_adjustedMeanBaseRate[276] = 0
  out_adjustedMeanBaseRate[277] = 0
  out_adjustedMeanBaseRate[278] = 0
  out_adjustedMeanBaseRate[279] = 0
  out_adjustedMeanBaseRate[280] = 0
  out_adjustedMeanBaseRate[281] = 0
  out_adjustedMeanBaseRate[282] = 0
  out_adjustedMeanBaseRate[283] = 0
  out_adjustedMeanBaseRate[284] = 0
  out_adjustedMeanBaseRate[285] = 0
  out_adjustedMeanBaseRate[286] = 0
  out_adjustedMeanBaseRate[287] = 0
  out_adjustedMeanBaseRate[288] = 0
  out_adjustedMeanBaseRate[289] = 0
  out_adjustedMeanBaseRate[290] = 0
  out_adjustedMeanBaseRate[291] = 0
  out_adjustedMeanBaseRate[292] = 0
  out_adjustedMeanBaseRate[293] = 0
  out_adjustedMeanBaseRate[294] = 0
  out_adjustedMeanBaseRate[295] = 0
  out_adjustedMeanBaseRate[296] = 0
  out_adjustedMeanBaseRate[297] = 0
  out_adjustedMeanBaseRate[298] = 0
  out_adjustedMeanBaseRate[299] = 0
  out_adjustedMeanBaseRate[300] = 0
  out_adjustedMeanBaseRate[301] = 0
  out_adjustedMeanBaseRate[302] = 0
  out_adjustedMeanBaseRate[303] = 0
  out_adjustedMeanBaseRate[304] = 0
  out_adjustedMeanBaseRate[305] = 0
  out_adjustedMeanBaseRate[306] = 0
  out_adjustedMeanBaseRate[307] = 0
  out_adjustedMeanBaseRate[308] = 0
  out_adjustedMeanBaseRate[309] = 0
  out_adjustedMeanBaseRate[310] = 0
  out_adjustedMeanBaseRate[311] = 0
  out_adjustedMeanBaseRate[312] = 0
  out_adjustedMeanBaseRate[313] = 0
  out_adjustedMeanBaseRate[314] = 0
  out_adjustedMeanBaseRate[315] = 0
  out_adjustedMeanBaseRate[316] = 0
  out_adjustedMeanBaseRate[317] = 0
  out_adjustedMeanBaseRate[318] = 0
  out_adjustedMeanBaseRate[319] = 0
  out_adjustedMeanBaseRate[320] = 0
  out_adjustedMeanBaseRate[321] = 0
  out_adjustedMeanBaseRate[322] = 0
  out_adjustedMeanBaseRate[323] = 0
  out_adjustedMeanBaseRate[324] = 0
  out_adjustedMeanBaseRate[325] = 0
  out_adjustedMeanBaseRate[326] = 0
  out_adjustedMeanBaseRate[327] = 0
  out_adjustedMeanBaseRate[328] = 0
  out_adjustedMeanBaseRate[329] = 0
  out_adjustedMeanBaseRate[330] = 0
  out_adjustedMeanBaseRate[331] = 0
  out_adjustedMeanBaseRate[332] = 0
  out_adjustedMeanBaseRate[333] = 0
  out_adjustedMeanBaseRate[334] = 0
  out_adjustedMeanBaseRate[335] = 0
  out_adjustedMeanBaseRate[336] = 0
  out_adjustedMeanBaseRate[337] = 0
  out_adjustedMeanBaseRate[338] = 0
  out_adjustedMeanBaseRate[339] = 0
  out_adjustedMeanBaseRate[340] = 0
  out_adjustedMeanBaseRate[341] = 0
  out_adjustedMeanBaseRate[342] = 0
  out_adjustedMeanBaseRate[343] = 0
  out_adjustedMeanBaseRate[344] = 0
  out_adjustedMeanBaseRate[345] = 0
  out_adjustedMeanBaseRate[346] = 0
  out_adjustedMeanBaseRate[347] = 0
  out_adjustedMeanBaseRate[348] = 0
  out_adjustedMeanBaseRate[349] = 0
  out_adjustedMeanBaseRate[350] = 0
  out_adjustedMeanBaseRate[351] = 0
  out_adjustedMeanBaseRate[352] = 0
  out_adjustedMeanBaseRate[353] = 0
  out_adjustedMeanBaseRate[354] = 0
  out_adjustedMeanBaseRate[355] = 0
  out_adjustedMeanBaseRate[356] = 0
  out_adjustedMeanBaseRate[357] = 0
  out_adjustedMeanBaseRate[358] = 0
  out_adjustedMeanBaseRate[359] = 0
  out_adjustedMeanBaseRate[360] = 0
  out_adjustedMeanBaseRate[361] = 0
  out_adjustedMeanBaseRate[362] = 0
  out_adjustedMeanBaseRate[363] = 0
  out_adjustedMeanBaseRate[364] = 0
  out_adjustedMeanBaseRate[365] = 0
  out_adjustedMeanBaseRate[366] = 0
  out_adjustedMeanBaseRate[367] = 0
  out_adjustedMeanBaseRate[368] = 0
  out_adjustedMeanBaseRate[369] = 0
  out_adjustedMeanBaseRate[370] = 0
  out_adjustedMeanBaseRate[371] = 0
  out_adjustedMeanBaseRate[372] = 0
  out_adjustedMeanBaseRate[373] = 0
  out_adjustedMeanBaseRate[374] = 0
  out_adjustedMeanBaseRate[375] = 0
  out_adjustedMeanBaseRate[376] = 0
  out_adjustedMeanBaseRate[377] = 0
  out_adjustedMeanBaseRate[378] = 0
  out_adjustedMeanBaseRate[379] = 0
  out_adjustedMeanBaseRate[380] = 0
  out_adjustedMeanBaseRate[381] = 0
  out_adjustedMeanBaseRate[382] = 0
  out_adjustedMeanBaseRate[383] = 0
  out_adjustedMeanBaseRate[384] = 0
  out_adjustedMeanBaseRate[385] = 0
  out_adjustedMeanBaseRate[386] = 0
  out_adjustedMeanBaseRate[387] = 0
  out_adjustedMeanBaseRate[388] = 0
  out_adjustedMeanBaseRate[389] = 0
  out_adjustedMeanBaseRate[390] = 0
  out_adjustedMeanBaseRate[391] = 0
  out_adjustedMeanBaseRate[392] = 0
  out_adjustedMeanBaseRate[393] = 0
  out_adjustedMeanBaseRate[394] = 0
  out_adjustedMeanBaseRate[395] = 0
  out_adjustedMeanBaseRate[396] = 0
  out_adjustedMeanBaseRate[397] = 0
  out_adjustedMeanBaseRate[398] = 0
  out_adjustedMeanBaseRate[399] = 0
  out_adjustedMeanBaseRate[400] = 0
  out_adjustedMeanBaseRate[401] = 0
  out_adjustedMeanBaseRate[402] = 0
  out_adjustedMeanBaseRate[403] = 0
  out_adjustedMeanBaseRate[404] = 0
  out_adjustedMeanBaseRate[405] = 0
  out_adjustedMeanBaseRate[406] = 0
  out_adjustedMeanBaseRate[407] = 0
  out_adjustedMeanBaseRate[408] = 0
  out_adjustedMeanBaseRate[409] = 0
  out_adjustedMeanBaseRate[410] = 0
  out_adjustedMeanBaseRate[411] = 0
  out_adjustedMeanBaseRate[412] = 0
  out_adjustedMeanBaseRate[413] = 0
  out_adjustedMeanBaseRate[414] = 0
  out_adjustedMeanBaseRate[415] = 0
  out_adjustedMeanBaseRate[416] = 0
  out_adjustedMeanBaseRate[417] = 0
  out_adjustedMeanBaseRate[418] = 0
  out_adjustedMeanBaseRate[419] = 0
  out_adjustedMeanBaseRate[420] = 0
  out_adjustedMeanBaseRate[421] = 0
  out_adjustedMeanBaseRate[422] = 0
  out_adjustedMeanBaseRate[423] = 0
  out_adjustedMeanBaseRate[424] = 0
  out_adjustedMeanBaseRate[425] = 0
  out_adjustedMeanBaseRate[426] = 0
  out_adjustedMeanBaseRate[427] = 0
  out_adjustedMeanBaseRate[428] = 0
  out_adjustedMeanBaseRate[429] = 0
  out_adjustedMeanBaseRate[430] = 0
  out_adjustedMeanBaseRate[431] = 0
  out_adjustedMeanBaseRate[432] = 0
  out_adjustedMeanBaseRate[433] = 0
  out_adjustedMeanBaseRate[434] = 0
  out_adjustedMeanBaseRate[435] = 0
  out_adjustedMeanBaseRate[436] = 0
  out_emissionQuantDirect[1] = 38.035362437325034
  out_emissionQuantDirect[2] = 53.261980934379366
  out_emissionQuantDirect[3] = 64.1803842507157
  out_emissionQuantDirect[4] = 82.58626734771057
  out_emissionQuantDirect[5] = 114.00292606334959
  out_emissionQuantDirect[6] = 120.7010105036632
  out_emissionQuantDirect[7] = 121.668875404312
  out_emissionQuantDirect[8] = 123.62001965167057
  out_emissionQuantDirect[9] = 114.36388567414662
  out_emissionQuantDirect[10] = 83.87003016281912
  out_emissionQuantDirect[11] = 98.77494873241517
  out_emissionQuantDirect[12] = 107.69175243062702
  out_emissionQuantDirect[13] = 140.84382763031766
  out_emissionQuantDirect[14] = 154.1082250102345
  out_emissionQuantDirect[15] = 172.80870780292142
  out_emissionQuantDirect[16] = 196.79716106862995
  out_emissionQuantDirect[17] = 217.1542286109241
  out_emissionQuantDirect[18] = 278.14031286745575
  out_emissionQuantDirect[19] = 266.1458782822181
  out_emissionQuantDirect[20] = 212.86359224425428
  out_emissionQuantDirect[21] = 693.9547622993374
  out_emissionQuantDirect[22] = 695.6380067863919
  out_emissionQuantDirect[23] = 607.0259266425144
  out_emissionQuantDirect[24] = 602.4633145801987
  out_emissionQuantDirect[25] = 446.8021081737141
  out_emissionQuantDirect[26] = 481.7416282751814
  out_emissionQuantDirect[27] = 411.3405789448788
  out_emissionQuantDirect[28] = 487.14941159578325
  out_emissionQuantDirect[29] = 411.00744258624565
  out_emissionQuantDirect[30] = 404.4897276413633
  out_emissionQuantDirect[31] = 337.62178432495944
  out_emissionQuantDirect[32] = 245.46406943430122
  out_emissionQuantDirect[33] = 220.06500997667746
  out_emissionQuantDirect[34] = 213.79041315818205
  out_emissionQuantDirect[35] = 185.42719311632254
  out_emissionQuantDirect[36] = 155.82341953556602
  out_emissionQuantDirect[37] = 122.92187883095576
  out_emissionQuantDirect[38] = 88.46753295001041
  out_emissionQuantDirect[39] = 52.7735706596701
  out_emissionQuantDirect[40] = 38.36383519582084
  out_emissionQuantDirect[41] = 507.98646670483174
  out_emissionQuantDirect[42] = 0.0046136024776042665
  out_emissionQuantDirect[43] = 0.06181005894488385
  out_emissionQuantDirect[44] = 0.08268118806500584
  out_emissionQuantDirect[45] = 0.1983602249237995
  out_emissionQuantDirect[46] = 2.4844038285254375
  out_emissionQuantDirect[47] = 3.2639104298460455
  out_emissionQuantDirect[48] = 3.349324408305498
  out_emissionQuantDirect[49] = 2.882246720804532
  out_emissionQuantDirect[50] = 1.9731067545312466
  out_emissionQuantDirect[51] = 2.091450404491959
  out_emissionQuantDirect[52] = 1.670053782199604
  out_emissionQuantDirect[53] = 0.192218038039183
  out_emissionQuantDirect[54] = 0.14262961333749732
  out_emissionQuantDirect[55] = 2.3947102145724792
  out_emissionQuantDirect[56] = 1.9228345419046895
  out_emissionQuantDirect[57] = 1.4585577202431295
  out_emissionQuantDirect[58] = 2.3002300156290847
  out_emissionQuantDirect[59] = 2.4589267827216834
  out_emissionQuantDirect[60] = 1.4182227392286153
  out_emissionQuantDirect[61] = 2.210059421963092
  out_emissionQuantDirect[62] = 1.3451054189536817
  out_emissionQuantDirect[63] = 1.3794154025000747
  out_emissionQuantDirect[64] = 0.5619432997248616
  out_emissionQuantDirect[65] = 0.5711888109069538
  out_emissionQuantDirect[66] = 0.46681493124833945
  out_emissionQuantDirect[67] = 0.06342160207946372
  out_emissionQuantDirect[68] = 0.3475776896481683
  out_emissionQuantDirect[69] = 0.4942528194229006
  out_emissionQuantDirect[70] = 1.1804643162349835
  out_emissionQuantDirect[71] = 0.3706856397219671
  out_emissionQuantDirect[72] = 0.23061425093325935
  out_emissionQuantDirect[73] = 0.05899003436907878
  out_emissionQuantDirect[74] = 2.8497823093227144
  out_emissionQuantDirect[75] = 1.712894668443713
  out_emissionQuantDirect[76] = 5.609979910040983
  out_emissionQuantDirect[77] = 5.880571729203143
  out_emissionQuantDirect[78] = 7.641170915488646
  out_emissionQuantDirect[79] = 6.498896955324513
  out_emissionQuantDirect[80] = 3.2711355867230227
  out_emissionQuantDirect[81] = 25.63363060842592
  out_emissionQuantDirect[82] = 0.012683827172703242
  out_emissionQuantDirect[83] = 0.02797489548608188
  out_emissionQuantDirect[84] = 0.028502155332418067
  out_emissionQuantDirect[85] = 0.023500835373364892
  out_emissionQuantDirect[86] = 0.06276168463410975
  out_emissionQuantDirect[87] = 0.07010029685051046
  out_emissionQuantDirect[88] = 0.0908468779013561
  out_emissionQuantDirect[89] = 0.10366389804030206
  out_emissionQuantDirect[90] = 0.09887650229179923
  out_emissionQuantDirect[91] = 0.1293356737180238
  out_emissionQuantDirect[92] = 0.09584908105639477
  out_emissionQuantDirect[93] = 0.08841311876759335
  out_emissionQuantDirect[94] = 0.12972564120438934
  out_emissionQuantDirect[95] = 0.08348908554917452
  out_emissionQuantDirect[96] = 0.11055605928211587
  out_emissionQuantDirect[97] = 0.04904628536944721
  out_emissionQuantDirect[98] = 0.03706067316258373
  out_emissionQuantDirect[99] = 0.07092286790926623
  out_emissionQuantDirect[100] = 0.0378970305503259
  out_emissionQuantDirect[101] = 0.035885807268257595
  out_emissionQuantDirect[102] = 0.16069711213452778
  out_emissionQuantDirect[103] = 0.2184906320854621
  out_emissionQuantDirect[104] = 0.1014982078408324
  out_emissionQuantDirect[105] = 0
  out_emissionQuantDirect[106] = 0
  out_emissionQuantDirect[107] = 0
  out_emissionQuantDirect[108] = 0
  out_emissionQuantDirect[109] = 0
  out_emissionQuantDirect[110] = 0
  out_emissionQuantDirect[111] = 0
  out_emissionQuantDirect[112] = 0
  out_emissionQuantDirect[113] = 0
  out_emissionQuantDirect[114] = 0
  out_emissionQuantDirect[115] = 0
  out_emissionQuantDirect[116] = 0
  out_emissionQuantDirect[117] = 0
  out_emissionQuantDirect[118] = 0
  out_emissionQuantDirect[119] = 0
  out_emissionQuantDirect[120] = 0
  out_emissionQuantDirect[121] = 0
  out_emissionQuantDirect[122] = 0
  out_emissionQuantDirect[123] = 0
  out_emissionQuantDirect[124] = 0
  out_emissionQuantDirect[125] = 0
  out_emissionQuantDirect[126] = 0
  out_emissionQuantDirect[127] = 0
  out_emissionQuantDirect[128] = 0
  out_emissionQuantDirect[129] = 0
  out_emissionQuantDirect[130] = 0
  out_emissionQuantDirect[131] = 0
  out_emissionQuantDirect[132] = 0
  out_emissionQuantDirect[133] = 0
  out_emissionQuantDirect[134] = 0
  out_emissionQuantDirect[135] = 0
  out_emissionQuantDirect[136] = 0
  out_emissionQuantDirect[137] = 0
  out_emissionQuantDirect[138] = 0
  out_emissionQuantDirect[139] = 0
  out_emissionQuantDirect[140] = 0
  out_emissionQuantDirect[141] = 0
  out_emissionQuantDirect[142] = 0
  out_emissionQuantDirect[143] = 0
  out_emissionQuantDirect[144] = 0
  out_emissionQuantDirect[145] = 0
  out_emissionQuantDirect[146] = 0
  out_emissionQuantDirect[147] = 0
  out_emissionQuantDirect[148] = 0
  out_emissionQuantDirect[149] = 0
  out_emissionQuantDirect[150] = 0
  out_emissionQuantDirect[151] = 0
  out_emissionQuantDirect[152] = 0
  out_emissionQuantDirect[153] = 0
  out_emissionQuantDirect[154] = 0
  out_emissionQuantDirect[155] = 0
  out_emissionQuantDirect[156] = 0
  out_emissionQuantDirect[157] = 0
  out_emissionQuantDirect[158] = 0
  out_emissionQuantDirect[159] = 0
  out_emissionQuantDirect[160] = 0
  out_emissionQuantDirect[161] = 0
  out_emissionQuantDirect[162] = 0
  out_emissionQuantDirect[163] = 0
  out_emissionQuantDirect[164] = 0
  out_emissionQuantDirect[165] = 0
  out_emissionQuantDirect[166] = 0
  out_emissionQuantDirect[167] = 0
  out_emissionQuantDirect[168] = 0
  out_emissionQuantDirect[169] = 0
  out_emissionQuantDirect[170] = 0
  out_emissionQuantDirect[171] = 0
  out_emissionQuantDirect[172] = 0
  out_emissionQuantDirect[173] = 0
  out_emissionQuantDirect[174] = 0
  out_emissionQuantDirect[175] = 0
  out_emissionQuantDirect[176] = 0
  out_emissionQuantDirect[177] = 0
  out_emissionQuantDirect[178] = 0
  out_emissionQuantDirect[179] = 0
  out_emissionQuantDirect[180] = 0
  out_emissionQuantDirect[181] = 0
  out_emissionQuantDirect[182] = 0
  out_emissionQuantDirect[183] = 0
  out_emissionQuantDirect[184] = 0
  out_emissionQuantDirect[185] = 0
  out_emissionQuantDirect[186] = 0
  out_emissionQuantDirect[187] = 0
  out_emissionQuantDirect[188] = 0
  out_emissionQuantDirect[189] = 0
  out_emissionQuantDirect[190] = 0
  out_emissionQuantDirect[191] = 0
  out_emissionQuantDirect[192] = 0
  out_emissionQuantDirect[193] = 0
  out_emissionQuantDirect[194] = 0
  out_emissionQuantDirect[195] = 0
  out_emissionQuantDirect[196] = 0
  out_emissionQuantDirect[197] = 0
  out_emissionQuantDirect[198] = 0
  out_emissionQuantDirect[199] = 0
  out_emissionQuantDirect[200] = 0
  out_emissionQuantDirect[201] = 0
  out_emissionQuantDirect[202] = 0
  out_emissionQuantDirect[203] = 0
  out_emissionQuantDirect[204] = 0
  out_emissionQuantDirect[205] = 0
  out_emissionQuantDirect[206] = 0
  out_emissionQuantDirect[207] = 0
  out_emissionQuantDirect[208] = 0
  out_emissionQuantDirect[209] = 0
  out_emissionQuantDirect[210] = 0
  out_emissionQuantDirect[211] = 0
  out_emissionQuantDirect[212] = 0
  out_emissionQuantDirect[213] = 0
  out_emissionQuantDirect[214] = 0
  out_emissionQuantDirect[215] = 0
  out_emissionQuantDirect[216] = 0
  out_emissionQuantDirect[217] = 0
  out_emissionQuantDirect[218] = 0
  out_emissionQuantDirect[219] = 0
  out_emissionQuantDirect[220] = 0
  out_emissionQuantDirect[221] = 0
  out_emissionQuantDirect[222] = 0
  out_emissionQuantDirect[223] = 0
  out_emissionQuantDirect[224] = 0
  out_emissionQuantDirect[225] = 0
  out_emissionQuantDirect[226] = 0
  out_emissionQuantDirect[227] = 0
  out_emissionQuantDirect[228] = 0
  out_emissionQuantDirect[229] = 0
  out_emissionQuantDirect[230] = 0
  out_emissionQuantDirect[231] = 0
  out_emissionQuantDirect[232] = 0
  out_emissionQuantDirect[233] = 0
  out_emissionQuantDirect[234] = 0
  out_emissionQuantDirect[235] = 0
  out_emissionQuantDirect[236] = 0
  out_emissionQuantDirect[237] = 0
  out_emissionQuantDirect[238] = 0
  out_emissionQuantDirect[239] = 0
  out_emissionQuantDirect[240] = 0
  out_emissionQuantDirect[241] = 0
  out_emissionQuantDirect[242] = 0
  out_emissionQuantDirect[243] = 0
  out_emissionQuantDirect[244] = 0
  out_emissionQuantDirect[245] = 0
  out_emissionQuantDirect[246] = 0
  out_emissionQuantDirect[247] = 0
  out_emissionQuantDirect[248] = 0
  out_emissionQuantDirect[249] = 0
  out_emissionQuantDirect[250] = 0
  out_emissionQuantDirect[251] = 0
  out_emissionQuantDirect[252] = 0
  out_emissionQuantDirect[253] = 0
  out_emissionQuantDirect[254] = 0
  out_emissionQuantDirect[255] = 0
  out_emissionQuantDirect[256] = 0
  out_emissionQuantDirect[257] = 0
  out_emissionQuantDirect[258] = 0
  out_emissionQuantDirect[259] = 0
  out_emissionQuantDirect[260] = 0
  out_emissionQuantDirect[261] = 0
  out_emissionQuantDirect[262] = 0
  out_emissionQuantDirect[263] = 0
  out_emissionQuantDirect[264] = 0
  out_emissionQuantDirect[265] = 0
  out_emissionQuantDirect[266] = 0
  out_emissionQuantDirect[267] = 0
  out_emissionQuantDirect[268] = 0
  out_emissionQuantDirect[269] = 0
  out_emissionQuantDirect[270] = 0
  out_emissionQuantDirect[271] = 0
  out_emissionQuantDirect[272] = 0
  out_emissionQuantDirect[273] = 0
  out_emissionQuantDirect[274] = 0
  out_emissionQuantDirect[275] = 0
  out_emissionQuantDirect[276] = 0
  out_emissionQuantDirect[277] = 0
  out_emissionQuantDirect[278] = 0
  out_emissionQuantDirect[279] = 0
  out_emissionQuantDirect[280] = 0
  out_emissionQuantDirect[281] = 0
  out_emissionQuantDirect[282] = 0
  out_emissionQuantDirect[283] = 0
  out_emissionQuantDirect[284] = 0
  out_emissionQuantDirect[285] = 0
  out_emissionQuantDirect[286] = 0
  out_emissionQuantDirect[287] = 0
  out_emissionQuantDirect[288] = 0
  out_emissionQuantDirect[289] = 0
  out_emissionQuantDirect[290] = 0
  out_emissionQuantDirect[291] = 0
  out_emissionQuantDirect[292] = 0
  out_emissionQuantDirect[293] = 0
  out_emissionQuantDirect[294] = 0
  out_emissionQuantDirect[295] = 0
  out_emissionQuantDirect[296] = 0
  out_emissionQuantDirect[297] = 0
  out_emissionQuantDirect[298] = 0
  out_emissionQuantDirect[299] = 0
  out_emissionQuantDirect[300] = 0
  out_emissionQuantDirect[301] = 0
  out_emissionQuantDirect[302] = 0
  out_emissionQuantDirect[303] = 0
  out_emissionQuantDirect[304] = 0
  out_emissionQuantDirect[305] = 0
  out_emissionQuantDirect[306] = 0
  out_emissionQuantDirect[307] = 0
  out_emissionQuantDirect[308] = 0
  out_emissionQuantDirect[309] = 0
  out_emissionQuantDirect[310] = 0
  out_emissionQuantDirect[311] = 0
  out_emissionQuantDirect[312] = 0
  out_emissionQuantDirect[313] = 0
  out_emissionQuantDirect[314] = 0
  out_emissionQuantDirect[315] = 0
  out_emissionQuantDirect[316] = 0
  out_emissionQuantDirect[317] = 0
  out_emissionQuantDirect[318] = 0
  out_emissionQuantDirect[319] = 0
  out_emissionQuantDirect[320] = 0
  out_emissionQuantDirect[321] = 0
  out_emissionQuantDirect[322] = 0
  out_emissionQuantDirect[323] = 0
  out_emissionQuantDirect[324] = 0
  out_emissionQuantDirect[325] = 0
  out_emissionQuantDirect[326] = 0
  out_emissionQuantDirect[327] = 0
  out_emissionQuantDirect[328] = 0
  out_emissionQuantDirect[329] = 0
  out_emissionQuantDirect[330] = 0
  out_emissionQuantDirect[331] = 0
  out_emissionQuantDirect[332] = 0
  out_emissionQuantDirect[333] = 0
  out_emissionQuantDirect[334] = 0
  out_emissionQuantDirect[335] = 0
  out_emissionQuantDirect[336] = 0
  out_emissionQuantDirect[337] = 0
  out_emissionQuantDirect[338] = 0
  out_emissionQuantDirect[339] = 0
  out_emissionQuantDirect[340] = 0
  out_emissionQuantDirect[341] = 0
  out_emissionQuantDirect[342] = 0
  out_emissionQuantDirect[343] = 0
  out_emissionQuantDirect[344] = 0
  out_emissionQuantDirect[345] = 0
  out_emissionQuantDirect[346] = 0
  out_emissionQuantDirect[347] = 0
  out_emissionQuantDirect[348] = 0
  out_emissionQuantDirect[349] = 0
  out_emissionQuantDirect[350] = 0
  out_emissionQuantDirect[351] = 0
  out_emissionQuantDirect[352] = 0
  out_emissionQuantDirect[353] = 0
  out_emissionQuantDirect[354] = 0
  out_emissionQuantDirect[355] = 0
  out_emissionQuantDirect[356] = 0
  out_emissionQuantDirect[357] = 0
  out_emissionQuantDirect[358] = 0
  out_emissionQuantDirect[359] = 0
  out_emissionQuantDirect[360] = 0
  out_emissionQuantDirect[361] = 0
  out_emissionQuantDirect[362] = 0
  out_emissionQuantDirect[363] = 0
  out_emissionQuantDirect[364] = 0
  out_emissionQuantDirect[365] = 0
  out_emissionQuantDirect[366] = 0
  out_emissionQuantDirect[367] = 0
  out_emissionQuantDirect[368] = 0
  out_emissionQuantDirect[369] = 0
  out_emissionQuantDirect[370] = 0
  out_emissionQuantDirect[371] = 0
  out_emissionQuantDirect[372] = 0
  out_emissionQuantDirect[373] = 0
  out_emissionQuantDirect[374] = 0
  out_emissionQuantDirect[375] = 0
  out_emissionQuantDirect[376] = 0
  out_emissionQuantDirect[377] = 0
  out_emissionQuantDirect[378] = 0
  out_emissionQuantDirect[379] = 0
  out_emissionQuantDirect[380] = 0
  out_emissionQuantDirect[381] = 0
  out_emissionQuantDirect[382] = 0
  out_emissionQuantDirect[383] = 0
  out_emissionQuantDirect[384] = 0
  out_emissionQuantDirect[385] = 0
  out_emissionQuantDirect[386] = 0
  out_emissionQuantDirect[387] = 0
  out_emissionQuantDirect[388] = 0
  out_emissionQuantDirect[389] = 0
  out_emissionQuantDirect[390] = 0
  out_emissionQuantDirect[391] = 0
  out_emissionQuantDirect[392] = 0
  out_emissionQuantDirect[393] = 0
  out_emissionQuantDirect[394] = 0
  out_emissionQuantDirect[395] = 0
  out_emissionQuantDirect[396] = 0
  out_emissionQuantDirect[397] = 0
  out_emissionQuantDirect[398] = 0
  out_emissionQuantDirect[399] = 0
  out_emissionQuantDirect[400] = 0
  out_emissionQuantDirect[401] = 0
  out_emissionQuantDirect[402] = 0
  out_emissionQuantDirect[403] = 0
  out_emissionQuantDirect[404] = 0
  out_emissionQuantDirect[405] = 0
  out_emissionQuantDirect[406] = 0
  out_emissionQuantDirect[407] = 0
  out_emissionQuantDirect[408] = 0
  out_emissionQuantDirect[409] = 0
  out_emissionQuantDirect[410] = 0
  out_emissionQuantDirect[411] = 0
  out_emissionQuantDirect[412] = 0
  out_emissionQuantDirect[413] = 0
  out_emissionQuantDirect[414] = 0
  out_emissionQuantDirect[415] = 0
  out_emissionQuantDirect[416] = 0
  out_emissionQuantDirect[417] = 0
  out_emissionQuantDirect[418] = 0
  out_emissionQuantDirect[419] = 0
  out_emissionQuantDirect[420] = 0
  out_emissionQuantDirect[421] = 0
  out_emissionQuantDirect[422] = 0
  out_emissionQuantDirect[423] = 0
  out_emissionQuantDirect[424] = 0
  out_emissionQuantDirect[425] = 0
  out_emissionQuantDirect[426] = 0
  out_emissionQuantDirect[427] = 0
  out_emissionQuantDirect[428] = 0
  out_emissionQuantDirect[429] = 0
  out_emissionQuantDirect[430] = 0
  out_emissionQuantDirect[431] = 0
  out_emissionQuantDirect[432] = 0
  out_emissionQuantDirect[433] = 0
  out_emissionQuantDirect[434] = 0
  out_emissionQuantDirect[435] = 0
  out_emissionQuantDirect[436] = 0
  out_emissionQuant[1] = 38.035362437325034
  out_emissionQuant[2] = 53.261980934379366
  out_emissionQuant[3] = 64.1803842507157
  out_emissionQuant[4] = 82.58626734771057
  out_emissionQuant[5] = 114.00292606334959
  out_emissionQuant[6] = 120.7010105036632
  out_emissionQuant[7] = 121.668875404312
  out_emissionQuant[8] = 123.62001965167057
  out_emissionQuant[9] = 114.36388567414662
  out_emissionQuant[10] = 83.87003016281912
  out_emissionQuant[11] = 98.77494873241517
  out_emissionQuant[12] = 107.69175243062702
  out_emissionQuant[13] = 140.84382763031766
  out_emissionQuant[14] = 154.1082250102345
  out_emissionQuant[15] = 172.80870780292142
  out_emissionQuant[16] = 196.79716106862995
  out_emissionQuant[17] = 217.1542286109241
  out_emissionQuant[18] = 278.14031286745575
  out_emissionQuant[19] = 266.1458782822181
  out_emissionQuant[20] = 212.86359224425428
  out_emissionQuant[21] = 693.9547622993374
  out_emissionQuant[22] = 695.6380067863919
  out_emissionQuant[23] = 607.0259266425144
  out_emissionQuant[24] = 602.4633145801987
  out_emissionQuant[25] = 446.8021081737141
  out_emissionQuant[26] = 481.7416282751814
  out_emissionQuant[27] = 411.3405789448788
  out_emissionQuant[28] = 487.14941159578325
  out_emissionQuant[29] = 411.00744258624565
  out_emissionQuant[30] = 404.4897276413633
  out_emissionQuant[31] = 337.62178432495944
  out_emissionQuant[32] = 245.46406943430122
  out_emissionQuant[33] = 220.06500997667746
  out_emissionQuant[34] = 213.79041315818205
  out_emissionQuant[35] = 185.42719311632254
  out_emissionQuant[36] = 155.82341953556602
  out_emissionQuant[37] = 122.92187883095576
  out_emissionQuant[38] = 88.46753295001041
  out_emissionQuant[39] = 52.7735706596701
  out_emissionQuant[40] = 38.36383519582084
  out_emissionQuant[41] = 507.98646670483174
  out_emissionQuant[42] = 0.0046136024776042665
  out_emissionQuant[43] = 0.06181005894488385
  out_emissionQuant[44] = 0.08268118806500584
  out_emissionQuant[45] = 0.1983602249237995
  out_emissionQuant[46] = 2.4844038285254375
  out_emissionQuant[47] = 3.2639104298460455
  out_emissionQuant[48] = 3.349324408305498
  out_emissionQuant[49] = 2.882246720804532
  out_emissionQuant[50] = 1.9731067545312466
  out_emissionQuant[51] = 2.091450404491959
  out_emissionQuant[52] = 1.670053782199604
  out_emissionQuant[53] = 0.192218038039183
  out_emissionQuant[54] = 0.14262961333749732
  out_emissionQuant[55] = 2.3947102145724792
  out_emissionQuant[56] = 1.9228345419046895
  out_emissionQuant[57] = 1.4585577202431295
  out_emissionQuant[58] = 2.3002300156290847
  out_emissionQuant[59] = 2.4589267827216834
  out_emissionQuant[60] = 1.4182227392286153
  out_emissionQuant[61] = 2.210059421963092
  out_emissionQuant[62] = 1.3451054189536817
  out_emissionQuant[63] = 1.3794154025000747
  out_emissionQuant[64] = 0.5619432997248616
  out_emissionQuant[65] = 0.5711888109069538
  out_emissionQuant[66] = 0.46681493124833945
  out_emissionQuant[67] = 0.06342160207946372
  out_emissionQuant[68] = 0.3475776896481683
  out_emissionQuant[69] = 0.4942528194229006
  out_emissionQuant[70] = 1.1804643162349835
  out_emissionQuant[71] = 0.3706856397219671
  out_emissionQuant[72] = 0.23061425093325935
  out_emissionQuant[73] = 0.05899003436907878
  out_emissionQuant[74] = 2.8497823093227144
  out_emissionQuant[75] = 1.712894668443713
  out_emissionQuant[76] = 5.609979910040983
  out_emissionQuant[77] = 5.880571729203143
  out_emissionQuant[78] = 7.641170915488646
  out_emissionQuant[79] = 6.498896955324513
  out_emissionQuant[80] = 3.2711355867230227
  out_emissionQuant[81] = 25.63363060842592
  out_emissionQuant[82] = 0.012683827172703242
  out_emissionQuant[83] = 0.02797489548608188
  out_emissionQuant[84] = 0.028502155332418067
  out_emissionQuant[85] = 0.023500835373364892
  out_emissionQuant[86] = 0.06276168463410975
  out_emissionQuant[87] = 0.07010029685051046
  out_emissionQuant[88] = 0.0908468779013561
  out_emissionQuant[89] = 0.10366389804030206
  out_emissionQuant[90] = 0.09887650229179923
  out_emissionQuant[91] = 0.1293356737180238
  out_emissionQuant[92] = 0.09584908105639477
  out_emissionQuant[93] = 0.08841311876759335
  out_emissionQuant[94] = 0.12972564120438934
  out_emissionQuant[95] = 0.08348908554917452
  out_emissionQuant[96] = 0.11055605928211587
  out_emissionQuant[97] = 0.04904628536944721
  out_emissionQuant[98] = 0.03706067316258373
  out_emissionQuant[99] = 0.07092286790926623
  out_emissionQuant[100] = 0.0378970305503259
  out_emissionQuant[101] = 0.035885807268257595
  out_emissionQuant[102] = 0.16069711213452778
  out_emissionQuant[103] = 0.2184906320854621
  out_emissionQuant[104] = 0.1014982078408324
  out_emissionQuant[105] = 0
  out_emissionQuant[106] = 0
  out_emissionQuant[107] = 0
  out_emissionQuant[108] = 0
  out_emissionQuant[109] = 0
  out_emissionQuant[110] = 0
  out_emissionQuant[111] = 0
  out_emissionQuant[112] = 0
  out_emissionQuant[113] = 0
  out_emissionQuant[114] = 0
  out_emissionQuant[115] = 0
  out_emissionQuant[116] = 0
  out_emissionQuant[117] = 0
  out_emissionQuant[118] = 0
  out_emissionQuant[119] = 0
  out_emissionQuant[120] = 0
  out_emissionQuant[121] = 0
  out_emissionQuant[122] = 0
  out_emissionQuant[123] = 0
  out_emissionQuant[124] = 0
  out_emissionQuant[125] = 31.797562997603727
  out_emissionQuant[126] = 44.52701606114115
  out_emissionQuant[127] = 53.65480123359833
  out_emissionQuant[128] = 69.04211950268603
  out_emissionQuant[129] = 95.30644618896025
  out_emissionQuant[130] = 100.90604478106243
  out_emissionQuant[131] = 101.71517983800483
  out_emissionQuant[132] = 103.34633642879659
  out_emissionQuant[133] = 95.60820842358656
  out_emissionQuant[134] = 70.11534521611678
  out_emissionQuant[135] = 82.57585714029908
  out_emissionQuant[136] = 90.03030503200418
  out_emissionQuant[137] = 117.74543989894556
  out_emissionQuant[138] = 128.83447610855603
  out_emissionQuant[139] = 144.4680797232423
  out_emissionQuant[140] = 164.52242665337462
  out_emissionQuant[141] = 181.54093511873253
  out_emissionQuant[142] = 232.525301557193
  out_emissionQuant[143] = 222.49795424393434
  out_emissionQuant[144] = 177.95396311619658
  out_emissionQuant[145] = 580.1461812822461
  out_emissionQuant[146] = 581.5533736734236
  out_emissionQuant[147] = 507.473674673142
  out_emissionQuant[148] = 503.6593309890461
  out_emissionQuant[149] = 373.52656243322497
  out_emissionQuant[150] = 459.58151337452307
  out_emissionQuant[151] = 392.41891231341435
  out_emissionQuant[152] = 464.7405386623772
  out_emissionQuant[153] = 392.1011002272783
  out_emissionQuant[154] = 385.8832001698606
  out_emissionQuant[155] = 314.6635029908622
  out_emissionQuant[156] = 228.77251271276876
  out_emissionQuant[157] = 205.1005892982634
  out_emissionQuant[158] = 199.25266506342567
  out_emissionQuant[159] = 172.81814398441261
  out_emissionQuant[160] = 145.22742700714753
  out_emissionQuant[161] = 114.56319107045077
  out_emissionQuant[162] = 82.4517407094097
  out_emissionQuant[163] = 49.184967854812534
  out_emissionQuant[164] = 35.75509440250502
  out_emissionQuant[165] = 495.2868050372109
  out_emissionQuant[166] = 0.0037071218628045802
  out_emissionQuant[167] = 0.04966561856339308
  out_emissionQuant[168] = 0.06643598823399349
  out_emissionQuant[169] = 0.15938640793077138
  out_emissionQuant[170] = 1.9962681642967597
  out_emissionQuant[171] = 2.6226173085898945
  out_emissionQuant[172] = 2.6912491485616337
  out_emissionQuant[173] = 2.3159428851008577
  out_emissionQuant[174] = 1.5854307394009473
  out_emissionQuant[175] = 1.680522229017379
  out_emissionQuant[176] = 1.2590869474759254
  out_emissionQuant[177] = 0.14491702323850086
  out_emissionQuant[178] = 0.10753131808740599
  out_emissionQuant[179] = 2.2330193808845453
  out_emissionQuant[180] = 1.7930047536352849
  out_emissionQuant[181] = 1.3600759029723133
  out_emissionQuant[182] = 2.2133733302389302
  out_emissionQuant[183] = 2.3660777074061126
  out_emissionQuant[184] = 1.3646706485953428
  out_emissionQuant[185] = 2.1266075781897653
  out_emissionQuant[186] = 1.2943142383339907
  out_emissionQuant[187] = 1.3273286769016719
  out_emissionQuant[188] = 0.5407243207272507
  out_emissionQuant[189] = 0.5496207214071073
  out_emissionQuant[190] = 0.44918799944440213
  out_emissionQuant[191] = 0.06102680238494317
  out_emissionQuant[192] = 0.3344531560870535
  out_emissionQuant[193] = 0.4755898329614919
  out_emissionQuant[194] = 1.1358899836539504
  out_emissionQuant[195] = 0.35668854996606564
  out_emissionQuant[196] = 0.22190625681801948
  out_emissionQuant[197] = 0.05676257067130236
  out_emissionQuant[198] = 2.7421745293226887
  out_emissionQuant[199] = 1.6482157657632783
  out_emissionQuant[200] = 5.398147068637836
  out_emissionQuant[201] = 5.6585213407084325
  out_emissionQuant[202] = 7.352640301719794
  out_emissionQuant[203] = 6.253498606291459
  out_emissionQuant[204] = 3.1476175069683614
  out_emissionQuant[205] = 24.665704716651756
  out_emissionQuant[206] = 0.01060367951637991
  out_emissionQuant[207] = 0.02338701262636445
  out_emissionQuant[208] = 0.023827801857901502
  out_emissionQuant[209] = 0.01964669837213305
  out_emissionQuant[210] = 0.05246876835411575
  out_emissionQuant[211] = 0.05860384816702674
  out_emissionQuant[212] = 0.07594798992553368
  out_emissionQuant[213] = 0.08666301876169252
  out_emissionQuant[214] = 0.08266075591594416
  out_emissionQuant[215] = 0.10812462322826788
  out_emissionQuant[216] = 0.08012983176314602
  out_emissionQuant[217] = 0.07391336728970804
  out_emissionQuant[218] = 0.10845063604686948
  out_emissionQuant[219] = 0.06979687551910989
  out_emissionQuant[220] = 0.09242486555984887
  out_emissionQuant[221] = 0.04100269456885787
  out_emissionQuant[222] = 0.030982722763919994
  out_emissionQuant[223] = 0.05929151757214657
  out_emissionQuant[224] = 0.03168191754007245
  out_emissionQuant[225] = 0.03000053487626335
  out_emissionQuant[226] = 0.13434278574446523
  out_emissionQuant[227] = 0.18265816842344632
  out_emissionQuant[228] = 0.08485250175493587
  out_emissionQuant[229] = 5.933516540222706
  out_emissionQuant[230] = 8.308869025763181
  out_emissionQuant[231] = 10.01213994311165
  out_emissionQuant[232] = 12.883457706242849
  out_emissionQuant[233] = 17.784456465882535
  out_emissionQuant[234] = 18.82935763857146
  out_emissionQuant[235] = 18.980344563072673
  out_emissionQuant[236] = 19.28472306566061
  out_emissionQuant[237] = 17.840766165166873
  out_emissionQuant[238] = 13.083724705399783
  out_emissionQuant[239] = 15.408892002256767
  out_emissionQuant[240] = 16.799913379177816
  out_emissionQuant[241] = 21.971637110329556
  out_emissionQuant[242] = 24.04088310159658
  out_emissionQuant[243] = 26.958158417255742
  out_emissionQuant[244] = 30.700357126706272
  out_emissionQuant[245] = 33.87605966330416
  out_emissionQuant[246] = 43.389888807323096
  out_emissionQuant[247] = 41.51875701202603
  out_emissionQuant[248] = 33.20672039010367
  out_emissionQuant[249] = 108.25694291869664
  out_emissionQuant[250] = 108.51952905867714
  out_emissionQuant[251] = 94.69604455623224
  out_emissionQuant[252] = 93.984277074511
  out_emissionQuant[253] = 69.7011288750994
  out_emissionQuant[254] = 18.306181874456893
  out_emissionQuant[255] = 15.630941999905394
  out_emissionQuant[256] = 18.511677640639764
  out_emissionQuant[257] = 15.618282818277335
  out_emissionQuant[258] = 15.370609650371804
  out_emissionQuant[259] = 20.257307059497567
  out_emissionQuant[260] = 14.727844166058073
  out_emissionQuant[261] = 13.203900598600647
  out_emissionQuant[262] = 12.827424789490923
  out_emissionQuant[263] = 11.125631586979353
  out_emissionQuant[264] = 9.349405172133961
  out_emissionQuant[265] = 7.375312729857345
  out_emissionQuant[266] = 5.308051977000624
  out_emissionQuant[267] = 3.166414239580206
  out_emissionQuant[268] = 2.30183011174925
  out_emissionQuant[269] = 8.63576993398214
  out_emissionQuant[270] = 0.0008695717949788521
  out_emissionQuant[271] = 0.01164995990993171
  out_emissionQuant[272] = 0.0155837503264923
  out_emissionQuant[273] = 0.037386935193637734
  out_emissionQuant[274] = 0.4682604336004745
  out_emissionQuant[275] = 0.6151818378173827
  out_emissionQuant[276] = 0.6312806644774203
  out_emissionQuant[277] = 0.5432458619372382
  out_emissionQuant[278] = 0.3718911610940494
  out_emissionQuant[279] = 0.39419657223864446
  out_emissionQuant[280] = 0.39760640446608175
  out_emissionQuant[281] = 0.04576327049636869
  out_emissionQuant[282] = 0.03395725834339137
  out_emissionQuant[283] = 0.14253315197135397
  out_emissionQuant[284] = 0.11444711193416712
  out_emissionQuant[285] = 0.08681335550887107
  out_emissionQuant[286] = 0.06845484526512156
  out_emissionQuant[287] = 0.0731776610537973
  out_emissionQuant[288] = 0.04220630871944359
  out_emissionQuant[289] = 0.06577136839762161
  out_emissionQuant[290] = 0.04003033726806157
  out_emissionQuant[291] = 0.04105140237840223
  out_emissionQuant[292] = 0.01672343259981188
  out_emissionQuant[293] = 0.01699857901259095
  out_emissionQuant[294] = 0.013892412353950582
  out_emissionQuant[295] = 0.0018874268778848403
  out_emissionQuant[296] = 0.01034391204392949
  out_emissionQuant[297] = 0.014708963906025524
  out_emissionQuant[298] = 0.03513061805115311
  out_emissionQuant[299] = 0.011031604638125742
  out_emissionQuant[300] = 0.006863080107773798
  out_emissionQuant[301] = 0.0017555434228237845
  out_emissionQuant[302] = 0.08480952152544398
  out_emissionQuant[303] = 0.0509757453328849
  out_emissionQuant[304] = 0.16695300212281966
  out_emissionQuant[305] = 0.17500581466108556
  out_emissionQuant[306] = 0.2274012464449421
  out_emissionQuant[307] = 0.19340717339045752
  out_emissionQuant[308] = 0.09734899506087716
  out_emissionQuant[309] = 0.7628568469067555
  out_emissionQuant[310] = 0.0019786770389417056
  out_emissionQuant[311] = 0.0043640836958287734
  out_emissionQuant[312] = 0.004446336231857219
  out_emissionQuant[313] = 0.003666130318244923
  out_emissionQuant[314] = 0.009790822802921121
  out_emissionQuant[315] = 0.010935646308679632
  out_emissionQuant[316] = 0.014172112952611551
  out_emissionQuant[317] = 0.01617156809428712
  out_emissionQuant[318] = 0.01542473435752068
  out_emissionQuant[319] = 0.020176365100011712
  out_emissionQuant[320] = 0.014952456644797583
  out_emissionQuant[321] = 0.013792446527744563
  out_emissionQuant[322] = 0.020237200027884737
  out_emissionQuant[323] = 0.013024297345671225
  out_emissionQuant[324] = 0.017246745248010075
  out_emissionQuant[325] = 0.007651220517633765
  out_emissionQuant[326] = 0.005781465013363061
  out_emissionQuant[327] = 0.011063967393845532
  out_emissionQuant[328] = 0.005911936765850841
  out_emissionQuant[329] = 0.005598185933848185
  out_emissionQuant[330] = 0.025068749492986334
  out_emissionQuant[331] = 0.03408453860533209
  out_emissionQuant[332] = 0.015833720423169852
  out_emissionQuant[333] = 0.30428289949860027
  out_emissionQuant[334] = 0.42609584747503493
  out_emissionQuant[335] = 0.5134430740057256
  out_emissionQuant[336] = 0.6606901387816846
  out_emissionQuant[337] = 0.9120234085067968
  out_emissionQuant[338] = 0.9656080840293056
  out_emissionQuant[339] = 0.9733510032344961
  out_emissionQuant[340] = 0.9889601572133646
  out_emissionQuant[341] = 0.9149110853931729
  out_emissionQuant[342] = 0.6709602413025529
  out_emissionQuant[343] = 0.7901995898593214
  out_emissionQuant[344] = 0.8615340194450162
  out_emissionQuant[345] = 1.1267506210425413
  out_emissionQuant[346] = 1.232865800081876
  out_emissionQuant[347] = 1.3824696624233714
  out_emissionQuant[348] = 1.5743772885490397
  out_emissionQuant[349] = 1.7372338288873928
  out_emissionQuant[350] = 2.225122502939646
  out_emissionQuant[351] = 2.129167026257745
  out_emissionQuant[352] = 1.7029087379540342
  out_emissionQuant[353] = 5.551638098394699
  out_emissionQuant[354] = 5.565104054291135
  out_emissionQuant[355] = 4.856207413140115
  out_emissionQuant[356] = 4.81970651664159
  out_emissionQuant[357] = 3.5744168653897126
  out_emissionQuant[358] = 3.8539330262014513
  out_emissionQuant[359] = 3.2907246315590304
  out_emissionQuant[360] = 3.897195292766266
  out_emissionQuant[361] = 3.2880595406899653
  out_emissionQuant[362] = 3.2359178211309065
  out_emissionQuant[363] = 2.7009742745996754
  out_emissionQuant[364] = 1.96371255547441
  out_emissionQuant[365] = 1.7605200798134197
  out_emissionQuant[366] = 1.7103233052654565
  out_emissionQuant[367] = 1.4834175449305804
  out_emissionQuant[368] = 1.2465873562845282
  out_emissionQuant[369] = 0.9833750306476461
  out_emissionQuant[370] = 0.7077402636000832
  out_emissionQuant[371] = 0.4221885652773608
  out_emissionQuant[372] = 0.30691068156656676
  out_emissionQuant[373] = 4.063891733638654
  out_emissionQuant[374] = 0.00003690881982083413
  out_emissionQuant[375] = 0.0004944804715590708
  out_emissionQuant[376] = 0.0006614495045200467
  out_emissionQuant[377] = 0.0015868817993903962
  out_emissionQuant[378] = 0.0198752306282035
  out_emissionQuant[379] = 0.026111283438768364
  out_emissionQuant[380] = 0.026794595266443986
  out_emissionQuant[381] = 0.023057973766436257
  out_emissionQuant[382] = 0.015784854036249973
  out_emissionQuant[383] = 0.01673160323593567
  out_emissionQuant[384] = 0.013360430257596832
  out_emissionQuant[385] = 0.001537744304313464
  out_emissionQuant[386] = 0.0011410369066999786
  out_emissionQuant[387] = 0.019157681716579833
  out_emissionQuant[388] = 0.015382676335237516
  out_emissionQuant[389] = 0.011668461761945036
  out_emissionQuant[390] = 0.018401840125032678
  out_emissionQuant[391] = 0.01967141426177347
  out_emissionQuant[392] = 0.011345781913828923
  out_emissionQuant[393] = 0.017680475375704736
  out_emissionQuant[394] = 0.010760843351629454
  out_emissionQuant[395] = 0.011035323220000597
  out_emissionQuant[396] = 0.004495546397798892
  out_emissionQuant[397] = 0.0045695104872556305
  out_emissionQuant[398] = 0.003734519449986716
  out_emissionQuant[399] = 0.0005073728166357098
  out_emissionQuant[400] = 0.0027806215171853467
  out_emissionQuant[401] = 0.003954022555383205
  out_emissionQuant[402] = 0.009443714529879868
  out_emissionQuant[403] = 0.002965485117775737
  out_emissionQuant[404] = 0.0018449140074660749
  out_emissionQuant[405] = 0.00047192027495263024
  out_emissionQuant[406] = 0.022798258474581716
  out_emissionQuant[407] = 0.013703157347549705
  out_emissionQuant[408] = 0.04487983928032786
  out_emissionQuant[409] = 0.04704457383362515
  out_emissionQuant[410] = 0.06112936732390917
  out_emissionQuant[411] = 0.05199117564259611
  out_emissionQuant[412] = 0.02616908469378418
  out_emissionQuant[413] = 0.20506904486740737
  out_emissionQuant[414] = 0.00010147061738162594
  out_emissionQuant[415] = 0.00022379916388865504
  out_emissionQuant[416] = 0.00022801724265934453
  out_emissionQuant[417] = 0.00018800668298691914
  out_emissionQuant[418] = 0.000502093477072878
  out_emissionQuant[419] = 0.0005608023748040837
  out_emissionQuant[420] = 0.0007267750232108487
  out_emissionQuant[421] = 0.0008293111843224165
  out_emissionQuant[422] = 0.0007910120183343938
  out_emissionQuant[423] = 0.0010346853897441903
  out_emissionQuant[424] = 0.0007667926484511582
  out_emissionQuant[425] = 0.0007073049501407469
  out_emissionQuant[426] = 0.0010378051296351149
  out_emissionQuant[427] = 0.0006679126843933961
  out_emissionQuant[428] = 0.0008844484742569269
  out_emissionQuant[429] = 0.0003923702829555777
  out_emissionQuant[430] = 0.0002964853853006698
  out_emissionQuant[431] = 0.0005673829432741299
  out_emissionQuant[432] = 0.0003031762444026072
  out_emissionQuant[433] = 0.0002870864581460608
  out_emissionQuant[434] = 0.0012855768970762222
  out_emissionQuant[435] = 0.0017479250566836968
  out_emissionQuant[436] = 0.0008119856627266592
Results written to: /projects/illinois/eng/cee/ctessum/ctessum/code/moves.esm-wt-v2/v2-consumer/.v2emit/process-nox-speciation.csv
