Running simulation for: fixtures/process-refueling.esm
Simulation time: 0 → 0
✓ Static evaluation complete: 25 field(s). The document declares no differential equations, so it was evaluated once rather than integrated.
Final state at t = 0:
  out_dayID[1] = 5
  out_dayID[2] = 5
  out_dayID[3] = 5
  out_dayID[4] = 5
  out_dayID[5] = 5
  out_dayID[6] = 5
  out_dayID[7] = 5
  out_dayID[8] = 5
  out_dayID[9] = 5
  out_dayID[10] = 5
  out_dayID[11] = 5
  out_dayID[12] = 5
  out_dayID[13] = 5
  out_dayID[14] = 5
  out_dayID[15] = 5
  out_dayID[16] = 5
  out_dayID[17] = 5
  out_dayID[18] = 5
  out_dayID[19] = 5
  out_dayID[20] = 5
  out_dayID[21] = 5
  out_dayID[22] = 5
  out_dayID[23] = 5
  out_dayID[24] = 5
  out_dayID[25] = 5
  out_dayID[26] = 5
  out_dayID[27] = 5
  out_dayID[28] = 5
  out_dayID[29] = 5
  out_dayID[30] = 5
  out_dayID[31] = 5
  out_dayID[32] = 5
  out_dayID[33] = 5
  out_dayID[34] = 5
  out_dayID[35] = 5
  out_dayID[36] = 5
  out_dayID[37] = 5
  out_dayID[38] = 5
  out_dayID[39] = 5
  out_dayID[40] = 5
  out_dayID[41] = 5
  out_dayID[42] = 5
  out_dayID[43] = 5
  out_dayID[44] = 5
  out_dayID[45] = 5
  out_dayID[46] = 5
  out_dayID[47] = 5
  out_dayID[48] = 5
  out_dayID[49] = 5
  out_dayID[50] = 5
  out_dayID[51] = 5
  out_dayID[52] = 5
  out_dayID[53] = 5
  out_dayID[54] = 5
  out_dayID[55] = 5
  out_dayID[56] = 5
  out_dayID[57] = 5
  out_dayID[58] = 5
  out_dayID[59] = 5
  out_dayID[60] = 5
  out_dayID[61] = 5
  out_dayID[62] = 5
  out_dayID[63] = 5
  out_dayID[64] = 5
  out_dayID[65] = 5
  out_dayID[66] = 5
  out_dayID[67] = 5
  out_dayID[68] = 5
  out_dayID[69] = 5
  out_dayID[70] = 5
  out_dayID[71] = 5
  out_dayID[72] = 5
  out_dayID[73] = 5
  out_dayID[74] = 5
  out_dayID[75] = 5
  out_dayID[76] = 5
  out_dayID[77] = 5
  out_dayID[78] = 5
  out_dayID[79] = 5
  out_dayID[80] = 5
  out_dayID[81] = 5
  out_dayID[82] = 5
  out_dayID[83] = 5
  out_dayID[84] = 5
  out_dayID[85] = 5
  out_dayID[86] = 5
  out_dayID[87] = 5
  out_dayID[88] = 5
  out_dayID[89] = 5
  out_dayID[90] = 5
  out_dayID[91] = 5
  out_dayID[92] = 5
  out_dayID[93] = 5
  out_dayID[94] = 5
  out_dayID[95] = 5
  out_dayID[96] = 5
  out_dayID[97] = 5
  out_dayID[98] = 5
  out_dayID[99] = 5
  out_dayID[100] = 5
  out_dayID[101] = 5
  out_dayID[102] = 5
  out_dayID[103] = 5
  out_dayID[104] = 5
  out_dayID[105] = 5
  out_dayID[106] = 5
  out_dayID[107] = 5
  out_dayID[108] = 5
  out_dayID[109] = 5
  out_dayID[110] = 5
  out_dayID[111] = 5
  out_dayID[112] = 5
  out_dayID[113] = 5
  out_dayID[114] = 5
  out_dayID[115] = 5
  out_dayID[116] = 5
  out_dayID[117] = 5
  out_dayID[118] = 5
  out_dayID[119] = 5
  out_dayID[120] = 5
  out_dayID[121] = 5
  out_dayID[122] = 5
  out_dayID[123] = 5
  out_dayID[124] = 5
  out_dayID[125] = 5
  out_dayID[126] = 5
  out_dayID[127] = 5
  out_dayID[128] = 5
  out_dayID[129] = 5
  out_dayID[130] = 5
  out_dayID[131] = 5
  out_dayID[132] = 5
  out_dayID[133] = 5
  out_dayID[134] = 5
  out_dayID[135] = 5
  out_dayID[136] = 5
  out_dayID[137] = 5
  out_dayID[138] = 5
  out_dayID[139] = 5
  out_dayID[140] = 5
  out_dayID[141] = 5
  out_dayID[142] = 5
  out_dayID[143] = 5
  out_dayID[144] = 5
  out_dayID[145] = 5
  out_dayID[146] = 5
  out_dayID[147] = 5
  out_dayID[148] = 5
  out_dayID[149] = 5
  out_dayID[150] = 5
  out_dayID[151] = 5
  out_dayID[152] = 5
  out_dayID[153] = 5
  out_dayID[154] = 5
  out_dayID[155] = 5
  out_dayID[156] = 5
  out_dayID[157] = 5
  out_dayID[158] = 5
  out_dayID[159] = 5
  out_dayID[160] = 5
  out_dayID[161] = 5
  out_dayID[162] = 5
  out_dayID[163] = 5
  out_dayID[164] = 5
  out_dayID[165] = 5
  out_dayID[166] = 5
  out_dayID[167] = 5
  out_dayID[168] = 5
  out_SHO[1] = 260.05730384453915
  out_SHO[2] = 310.4463445557139
  out_SHO[3] = 327.8141613006279
  out_SHO[4] = 368.3242419642923
  out_SHO[5] = 367.29985169622574
  out_SHO[6] = 392.56334931271454
  out_SHO[7] = 364.0998652152451
  out_SHO[8] = 370.3959424661204
  out_SHO[9] = 316.43263381169584
  out_SHO[10] = 231.92053549096389
  out_SHO[11] = 230.10402906651655
  out_SHO[12] = 205.50535743034038
  out_SHO[13] = 253.9388285109485
  out_SHO[14] = 268.1829985315532
  out_SHO[15] = 229.81669167512396
  out_SHO[16] = 203.39262514967626
  out_SHO[17] = 164.72170300101715
  out_SHO[18] = 148.74713474802425
  out_SHO[19] = 118.52562992373574
  out_SHO[20] = 94.5116320580201
  out_SHO[21] = 83.62548218400153
  out_SHO[22] = 60.874080684058114
  out_SHO[23] = 46.82985881634186
  out_SHO[24] = 36.74778034358123
  out_SHO[25] = 26.865139913300695
  out_SHO[26] = 25.04660490806586
  out_SHO[27] = 18.41216437802274
  out_SHO[28] = 15.146433442304176
  out_SHO[29] = 12.785088718582324
  out_SHO[30] = 12.603265015943999
  out_SHO[31] = 10.501237834887378
  out_SHO[32] = 10.217773915995503
  out_SHO[33] = 9.15454189972411
  out_SHO[34] = 9.00619255308734
  out_SHO[35] = 7.780739775004618
  out_SHO[36] = 5.992761098455286
  out_SHO[37] = 4.779871405562617
  out_SHO[38] = 3.5629958872973577
  out_SHO[39] = 2.6061493961116446
  out_SHO[40] = 1.8323500164585729
  out_SHO[41] = 23.19180710506584
  out_SHO[42] = 260.05730384453915
  out_SHO[43] = 310.4463445557139
  out_SHO[44] = 327.8141613006279
  out_SHO[45] = 368.3242419642923
  out_SHO[46] = 367.29985169622574
  out_SHO[47] = 392.56334931271454
  out_SHO[48] = 364.0998652152451
  out_SHO[49] = 370.3959424661204
  out_SHO[50] = 316.43263381169584
  out_SHO[51] = 231.92053549096389
  out_SHO[52] = 230.10402906651655
  out_SHO[53] = 205.50535743034038
  out_SHO[54] = 253.9388285109485
  out_SHO[55] = 268.1829985315532
  out_SHO[56] = 229.81669167512396
  out_SHO[57] = 203.39262514967626
  out_SHO[58] = 164.72170300101715
  out_SHO[59] = 148.74713474802425
  out_SHO[60] = 118.52562992373574
  out_SHO[61] = 94.5116320580201
  out_SHO[62] = 83.62548218400153
  out_SHO[63] = 60.874080684058114
  out_SHO[64] = 46.82985881634186
  out_SHO[65] = 260.05730384453915
  out_SHO[66] = 310.4463445557139
  out_SHO[67] = 327.8141613006279
  out_SHO[68] = 368.3242419642923
  out_SHO[69] = 367.29985169622574
  out_SHO[70] = 392.56334931271454
  out_SHO[71] = 364.0998652152451
  out_SHO[72] = 370.3959424661204
  out_SHO[73] = 316.43263381169584
  out_SHO[74] = 231.92053549096389
  out_SHO[75] = 230.10402906651655
  out_SHO[76] = 205.50535743034038
  out_SHO[77] = 253.9388285109485
  out_SHO[78] = 268.1829985315532
  out_SHO[79] = 229.81669167512396
  out_SHO[80] = 203.39262514967626
  out_SHO[81] = 164.72170300101715
  out_SHO[82] = 148.74713474802425
  out_SHO[83] = 118.52562992373574
  out_SHO[84] = 94.5116320580201
  out_SHO[85] = 83.62548218400153
  out_SHO[86] = 60.874080684058114
  out_SHO[87] = 46.82985881634186
  out_SHO[88] = 36.74778034358123
  out_SHO[89] = 26.865139913300695
  out_SHO[90] = 25.04660490806586
  out_SHO[91] = 18.41216437802274
  out_SHO[92] = 15.146433442304176
  out_SHO[93] = 12.785088718582324
  out_SHO[94] = 12.603265015943999
  out_SHO[95] = 10.501237834887378
  out_SHO[96] = 10.217773915995503
  out_SHO[97] = 9.15454189972411
  out_SHO[98] = 9.00619255308734
  out_SHO[99] = 7.780739775004618
  out_SHO[100] = 5.992761098455286
  out_SHO[101] = 4.779871405562617
  out_SHO[102] = 3.5629958872973577
  out_SHO[103] = 2.6061493961116446
  out_SHO[104] = 1.8323500164585729
  out_SHO[105] = 23.19180710506584
  out_SHO[106] = 310.4463445557139
  out_SHO[107] = 327.8141613006279
  out_SHO[108] = 368.3242419642923
  out_SHO[109] = 367.29985169622574
  out_SHO[110] = 392.56334931271454
  out_SHO[111] = 364.0998652152451
  out_SHO[112] = 370.3959424661204
  out_SHO[113] = 316.43263381169584
  out_SHO[114] = 231.92053549096389
  out_SHO[115] = 230.10402906651655
  out_SHO[116] = 205.50535743034038
  out_SHO[117] = 253.9388285109485
  out_SHO[118] = 268.1829985315532
  out_SHO[119] = 229.81669167512396
  out_SHO[120] = 203.39262514967626
  out_SHO[121] = 164.72170300101715
  out_SHO[122] = 148.74713474802425
  out_SHO[123] = 118.52562992373574
  out_SHO[124] = 94.5116320580201
  out_SHO[125] = 83.62548218400153
  out_SHO[126] = 60.874080684058114
  out_SHO[127] = 46.82985881634186
  out_SHO[128] = 36.74778034358123
  out_SHO[129] = 26.865139913300695
  out_SHO[130] = 25.04660490806586
  out_SHO[131] = 18.41216437802274
  out_SHO[132] = 15.146433442304176
  out_SHO[133] = 12.785088718582324
  out_SHO[134] = 12.603265015943999
  out_SHO[135] = 10.501237834887378
  out_SHO[136] = 10.217773915995503
  out_SHO[137] = 9.15454189972411
  out_SHO[138] = 9.00619255308734
  out_SHO[139] = 7.780739775004618
  out_SHO[140] = 5.992761098455286
  out_SHO[141] = 4.779871405562617
  out_SHO[142] = 3.5629958872973577
  out_SHO[143] = 2.6061493961116446
  out_SHO[144] = 1.8323500164585729
  out_SHO[145] = 23.19180710506584
  out_SHO[146] = 260.05730384453915
  out_SHO[147] = 310.4463445557139
  out_SHO[148] = 327.8141613006279
  out_SHO[149] = 368.3242419642923
  out_SHO[150] = 367.29985169622574
  out_SHO[151] = 392.56334931271454
  out_SHO[152] = 364.0998652152451
  out_SHO[153] = 370.3959424661204
  out_SHO[154] = 316.43263381169584
  out_SHO[155] = 231.92053549096389
  out_SHO[156] = 230.10402906651655
  out_SHO[157] = 205.50535743034038
  out_SHO[158] = 253.9388285109485
  out_SHO[159] = 268.1829985315532
  out_SHO[160] = 229.81669167512396
  out_SHO[161] = 203.39262514967626
  out_SHO[162] = 164.72170300101715
  out_SHO[163] = 148.74713474802425
  out_SHO[164] = 118.52562992373574
  out_SHO[165] = 94.5116320580201
  out_SHO[166] = 83.62548218400153
  out_SHO[167] = 60.874080684058114
  out_SHO[168] = 46.82985881634186
  out_activity[1] = 52.01146076890783
  out_activity[2] = 62.08926891114278
  out_activity[3] = 65.56283226012559
  out_activity[4] = 73.66484839285846
  out_activity[5] = 73.45997033924515
  out_activity[6] = 78.51266986254291
  out_activity[7] = 72.81997304304902
  out_activity[8] = 74.07918849322408
  out_activity[9] = 63.286526762339165
  out_activity[10] = 46.38410709819278
  out_activity[11] = 46.02080581330331
  out_activity[12] = 41.10107148606808
  out_activity[13] = 50.7877657021897
  out_activity[14] = 53.63659970631064
  out_activity[15] = 45.963338335024794
  out_activity[16] = 40.67852502993525
  out_activity[17] = 32.94434060020343
  out_activity[18] = 29.74942694960485
  out_activity[19] = 23.70512598474715
  out_activity[20] = 18.90232641160402
  out_activity[21] = 16.725096436800307
  out_activity[22] = 12.174816136811623
  out_activity[23] = 9.365971763268373
  out_activity[24] = 7.349556068716247
  out_activity[25] = 5.373027982660139
  out_activity[26] = 5.009320981613172
  out_activity[27] = 3.6824328756045484
  out_activity[28] = 3.029286688460835
  out_activity[29] = 2.557017743716465
  out_activity[30] = 2.5206530031887997
  out_activity[31] = 2.1002475669774756
  out_activity[32] = 2.0435547831991006
  out_activity[33] = 1.830908379944822
  out_activity[34] = 1.801238510617468
  out_activity[35] = 1.5561479550009236
  out_activity[36] = 1.1985522196910572
  out_activity[37] = 0.9559742811125235
  out_activity[38] = 0.7125991774594715
  out_activity[39] = 0.5212298792223289
  out_activity[40] = 0.3664700032917146
  out_activity[41] = 4.638361421013168
  out_activity[42] = 52.01146076890783
  out_activity[43] = 62.08926891114278
  out_activity[44] = 65.56283226012559
  out_activity[45] = 73.66484839285846
  out_activity[46] = 73.45997033924515
  out_activity[47] = 78.51266986254291
  out_activity[48] = 72.81997304304902
  out_activity[49] = 74.07918849322408
  out_activity[50] = 63.286526762339165
  out_activity[51] = 46.38410709819278
  out_activity[52] = 46.02080581330331
  out_activity[53] = 41.10107148606808
  out_activity[54] = 50.7877657021897
  out_activity[55] = 53.63659970631064
  out_activity[56] = 45.963338335024794
  out_activity[57] = 40.67852502993525
  out_activity[58] = 32.94434060020343
  out_activity[59] = 29.74942694960485
  out_activity[60] = 23.70512598474715
  out_activity[61] = 18.90232641160402
  out_activity[62] = 16.725096436800307
  out_activity[63] = 12.174816136811623
  out_activity[64] = 9.365971763268373
  out_activity[65] = 52.01146076890783
  out_activity[66] = 62.08926891114278
  out_activity[67] = 65.56283226012559
  out_activity[68] = 73.66484839285846
  out_activity[69] = 73.45997033924515
  out_activity[70] = 78.51266986254291
  out_activity[71] = 72.81997304304902
  out_activity[72] = 74.07918849322408
  out_activity[73] = 63.286526762339165
  out_activity[74] = 46.38410709819278
  out_activity[75] = 46.02080581330331
  out_activity[76] = 41.10107148606808
  out_activity[77] = 50.7877657021897
  out_activity[78] = 53.63659970631064
  out_activity[79] = 45.963338335024794
  out_activity[80] = 40.67852502993525
  out_activity[81] = 32.94434060020343
  out_activity[82] = 29.74942694960485
  out_activity[83] = 23.70512598474715
  out_activity[84] = 18.90232641160402
  out_activity[85] = 16.725096436800307
  out_activity[86] = 12.174816136811623
  out_activity[87] = 9.365971763268373
  out_activity[88] = 7.349556068716247
  out_activity[89] = 5.373027982660139
  out_activity[90] = 5.009320981613172
  out_activity[91] = 3.6824328756045484
  out_activity[92] = 3.029286688460835
  out_activity[93] = 2.557017743716465
  out_activity[94] = 2.5206530031887997
  out_activity[95] = 2.1002475669774756
  out_activity[96] = 2.0435547831991006
  out_activity[97] = 1.830908379944822
  out_activity[98] = 1.801238510617468
  out_activity[99] = 1.5561479550009236
  out_activity[100] = 1.1985522196910572
  out_activity[101] = 0.9559742811125235
  out_activity[102] = 0.7125991774594715
  out_activity[103] = 0.5212298792223289
  out_activity[104] = 0.3664700032917146
  out_activity[105] = 4.638361421013168
  out_activity[106] = 62.08926891114278
  out_activity[107] = 65.56283226012559
  out_activity[108] = 73.66484839285846
  out_activity[109] = 73.45997033924515
  out_activity[110] = 78.51266986254291
  out_activity[111] = 72.81997304304902
  out_activity[112] = 74.07918849322408
  out_activity[113] = 63.286526762339165
  out_activity[114] = 46.38410709819278
  out_activity[115] = 46.02080581330331
  out_activity[116] = 41.10107148606808
  out_activity[117] = 50.7877657021897
  out_activity[118] = 53.63659970631064
  out_activity[119] = 45.963338335024794
  out_activity[120] = 40.67852502993525
  out_activity[121] = 32.94434060020343
  out_activity[122] = 29.74942694960485
  out_activity[123] = 23.70512598474715
  out_activity[124] = 18.90232641160402
  out_activity[125] = 16.725096436800307
  out_activity[126] = 12.174816136811623
  out_activity[127] = 9.365971763268373
  out_activity[128] = 7.349556068716247
  out_activity[129] = 5.373027982660139
  out_activity[130] = 5.009320981613172
  out_activity[131] = 3.6824328756045484
  out_activity[132] = 3.029286688460835
  out_activity[133] = 2.557017743716465
  out_activity[134] = 2.5206530031887997
  out_activity[135] = 2.1002475669774756
  out_activity[136] = 2.0435547831991006
  out_activity[137] = 1.830908379944822
  out_activity[138] = 1.801238510617468
  out_activity[139] = 1.5561479550009236
  out_activity[140] = 1.1985522196910572
  out_activity[141] = 0.9559742811125235
  out_activity[142] = 0.7125991774594715
  out_activity[143] = 0.5212298792223289
  out_activity[144] = 0.3664700032917146
  out_activity[145] = 4.638361421013168
  out_activity[146] = 52.01146076890783
  out_activity[147] = 62.08926891114278
  out_activity[148] = 65.56283226012559
  out_activity[149] = 73.66484839285846
  out_activity[150] = 73.45997033924515
  out_activity[151] = 78.51266986254291
  out_activity[152] = 72.81997304304902
  out_activity[153] = 74.07918849322408
  out_activity[154] = 63.286526762339165
  out_activity[155] = 46.38410709819278
  out_activity[156] = 46.02080581330331
  out_activity[157] = 41.10107148606808
  out_activity[158] = 50.7877657021897
  out_activity[159] = 53.63659970631064
  out_activity[160] = 45.963338335024794
  out_activity[161] = 40.67852502993525
  out_activity[162] = 32.94434060020343
  out_activity[163] = 29.74942694960485
  out_activity[164] = 23.70512598474715
  out_activity[165] = 18.90232641160402
  out_activity[166] = 16.725096436800307
  out_activity[167] = 12.174816136811623
  out_activity[168] = 9.365971763268373
  out_yearID[1] = 2020
  out_yearID[2] = 2020
  out_yearID[3] = 2020
  out_yearID[4] = 2020
  out_yearID[5] = 2020
  out_yearID[6] = 2020
  out_yearID[7] = 2020
  out_yearID[8] = 2020
  out_yearID[9] = 2020
  out_yearID[10] = 2020
  out_yearID[11] = 2020
  out_yearID[12] = 2020
  out_yearID[13] = 2020
  out_yearID[14] = 2020
  out_yearID[15] = 2020
  out_yearID[16] = 2020
  out_yearID[17] = 2020
  out_yearID[18] = 2020
  out_yearID[19] = 2020
  out_yearID[20] = 2020
  out_yearID[21] = 2020
  out_yearID[22] = 2020
  out_yearID[23] = 2020
  out_yearID[24] = 2020
  out_yearID[25] = 2020
  out_yearID[26] = 2020
  out_yearID[27] = 2020
  out_yearID[28] = 2020
  out_yearID[29] = 2020
  out_yearID[30] = 2020
  out_yearID[31] = 2020
  out_yearID[32] = 2020
  out_yearID[33] = 2020
  out_yearID[34] = 2020
  out_yearID[35] = 2020
  out_yearID[36] = 2020
  out_yearID[37] = 2020
  out_yearID[38] = 2020
  out_yearID[39] = 2020
  out_yearID[40] = 2020
  out_yearID[41] = 2020
  out_yearID[42] = 2020
  out_yearID[43] = 2020
  out_yearID[44] = 2020
  out_yearID[45] = 2020
  out_yearID[46] = 2020
  out_yearID[47] = 2020
  out_yearID[48] = 2020
  out_yearID[49] = 2020
  out_yearID[50] = 2020
  out_yearID[51] = 2020
  out_yearID[52] = 2020
  out_yearID[53] = 2020
  out_yearID[54] = 2020
  out_yearID[55] = 2020
  out_yearID[56] = 2020
  out_yearID[57] = 2020
  out_yearID[58] = 2020
  out_yearID[59] = 2020
  out_yearID[60] = 2020
  out_yearID[61] = 2020
  out_yearID[62] = 2020
  out_yearID[63] = 2020
  out_yearID[64] = 2020
  out_yearID[65] = 2020
  out_yearID[66] = 2020
  out_yearID[67] = 2020
  out_yearID[68] = 2020
  out_yearID[69] = 2020
  out_yearID[70] = 2020
  out_yearID[71] = 2020
  out_yearID[72] = 2020
  out_yearID[73] = 2020
  out_yearID[74] = 2020
  out_yearID[75] = 2020
  out_yearID[76] = 2020
  out_yearID[77] = 2020
  out_yearID[78] = 2020
  out_yearID[79] = 2020
  out_yearID[80] = 2020
  out_yearID[81] = 2020
  out_yearID[82] = 2020
  out_yearID[83] = 2020
  out_yearID[84] = 2020
  out_yearID[85] = 2020
  out_yearID[86] = 2020
  out_yearID[87] = 2020
  out_yearID[88] = 2020
  out_yearID[89] = 2020
  out_yearID[90] = 2020
  out_yearID[91] = 2020
  out_yearID[92] = 2020
  out_yearID[93] = 2020
  out_yearID[94] = 2020
  out_yearID[95] = 2020
  out_yearID[96] = 2020
  out_yearID[97] = 2020
  out_yearID[98] = 2020
  out_yearID[99] = 2020
  out_yearID[100] = 2020
  out_yearID[101] = 2020
  out_yearID[102] = 2020
  out_yearID[103] = 2020
  out_yearID[104] = 2020
  out_yearID[105] = 2020
  out_yearID[106] = 2020
  out_yearID[107] = 2020
  out_yearID[108] = 2020
  out_yearID[109] = 2020
  out_yearID[110] = 2020
  out_yearID[111] = 2020
  out_yearID[112] = 2020
  out_yearID[113] = 2020
  out_yearID[114] = 2020
  out_yearID[115] = 2020
  out_yearID[116] = 2020
  out_yearID[117] = 2020
  out_yearID[118] = 2020
  out_yearID[119] = 2020
  out_yearID[120] = 2020
  out_yearID[121] = 2020
  out_yearID[122] = 2020
  out_yearID[123] = 2020
  out_yearID[124] = 2020
  out_yearID[125] = 2020
  out_yearID[126] = 2020
  out_yearID[127] = 2020
  out_yearID[128] = 2020
  out_yearID[129] = 2020
  out_yearID[130] = 2020
  out_yearID[131] = 2020
  out_yearID[132] = 2020
  out_yearID[133] = 2020
  out_yearID[134] = 2020
  out_yearID[135] = 2020
  out_yearID[136] = 2020
  out_yearID[137] = 2020
  out_yearID[138] = 2020
  out_yearID[139] = 2020
  out_yearID[140] = 2020
  out_yearID[141] = 2020
  out_yearID[142] = 2020
  out_yearID[143] = 2020
  out_yearID[144] = 2020
  out_yearID[145] = 2020
  out_yearID[146] = 2020
  out_yearID[147] = 2020
  out_yearID[148] = 2020
  out_yearID[149] = 2020
  out_yearID[150] = 2020
  out_yearID[151] = 2020
  out_yearID[152] = 2020
  out_yearID[153] = 2020
  out_yearID[154] = 2020
  out_yearID[155] = 2020
  out_yearID[156] = 2020
  out_yearID[157] = 2020
  out_yearID[158] = 2020
  out_yearID[159] = 2020
  out_yearID[160] = 2020
  out_yearID[161] = 2020
  out_yearID[162] = 2020
  out_yearID[163] = 2020
  out_yearID[164] = 2020
  out_yearID[165] = 2020
  out_yearID[166] = 2020
  out_yearID[167] = 2020
  out_yearID[168] = 2020
  out_monthID[1] = 8
  out_monthID[2] = 8
  out_monthID[3] = 8
  out_monthID[4] = 8
  out_monthID[5] = 8
  out_monthID[6] = 8
  out_monthID[7] = 8
  out_monthID[8] = 8
  out_monthID[9] = 8
  out_monthID[10] = 8
  out_monthID[11] = 8
  out_monthID[12] = 8
  out_monthID[13] = 8
  out_monthID[14] = 8
  out_monthID[15] = 8
  out_monthID[16] = 8
  out_monthID[17] = 8
  out_monthID[18] = 8
  out_monthID[19] = 8
  out_monthID[20] = 8
  out_monthID[21] = 8
  out_monthID[22] = 8
  out_monthID[23] = 8
  out_monthID[24] = 8
  out_monthID[25] = 8
  out_monthID[26] = 8
  out_monthID[27] = 8
  out_monthID[28] = 8
  out_monthID[29] = 8
  out_monthID[30] = 8
  out_monthID[31] = 8
  out_monthID[32] = 8
  out_monthID[33] = 8
  out_monthID[34] = 8
  out_monthID[35] = 8
  out_monthID[36] = 8
  out_monthID[37] = 8
  out_monthID[38] = 8
  out_monthID[39] = 8
  out_monthID[40] = 8
  out_monthID[41] = 8
  out_monthID[42] = 8
  out_monthID[43] = 8
  out_monthID[44] = 8
  out_monthID[45] = 8
  out_monthID[46] = 8
  out_monthID[47] = 8
  out_monthID[48] = 8
  out_monthID[49] = 8
  out_monthID[50] = 8
  out_monthID[51] = 8
  out_monthID[52] = 8
  out_monthID[53] = 8
  out_monthID[54] = 8
  out_monthID[55] = 8
  out_monthID[56] = 8
  out_monthID[57] = 8
  out_monthID[58] = 8
  out_monthID[59] = 8
  out_monthID[60] = 8
  out_monthID[61] = 8
  out_monthID[62] = 8
  out_monthID[63] = 8
  out_monthID[64] = 8
  out_monthID[65] = 8
  out_monthID[66] = 8
  out_monthID[67] = 8
  out_monthID[68] = 8
  out_monthID[69] = 8
  out_monthID[70] = 8
  out_monthID[71] = 8
  out_monthID[72] = 8
  out_monthID[73] = 8
  out_monthID[74] = 8
  out_monthID[75] = 8
  out_monthID[76] = 8
  out_monthID[77] = 8
  out_monthID[78] = 8
  out_monthID[79] = 8
  out_monthID[80] = 8
  out_monthID[81] = 8
  out_monthID[82] = 8
  out_monthID[83] = 8
  out_monthID[84] = 8
  out_monthID[85] = 8
  out_monthID[86] = 8
  out_monthID[87] = 8
  out_monthID[88] = 8
  out_monthID[89] = 8
  out_monthID[90] = 8
  out_monthID[91] = 8
  out_monthID[92] = 8
  out_monthID[93] = 8
  out_monthID[94] = 8
  out_monthID[95] = 8
  out_monthID[96] = 8
  out_monthID[97] = 8
  out_monthID[98] = 8
  out_monthID[99] = 8
  out_monthID[100] = 8
  out_monthID[101] = 8
  out_monthID[102] = 8
  out_monthID[103] = 8
  out_monthID[104] = 8
  out_monthID[105] = 8
  out_monthID[106] = 8
  out_monthID[107] = 8
  out_monthID[108] = 8
  out_monthID[109] = 8
  out_monthID[110] = 8
  out_monthID[111] = 8
  out_monthID[112] = 8
  out_monthID[113] = 8
  out_monthID[114] = 8
  out_monthID[115] = 8
  out_monthID[116] = 8
  out_monthID[117] = 8
  out_monthID[118] = 8
  out_monthID[119] = 8
  out_monthID[120] = 8
  out_monthID[121] = 8
  out_monthID[122] = 8
  out_monthID[123] = 8
  out_monthID[124] = 8
  out_monthID[125] = 8
  out_monthID[126] = 8
  out_monthID[127] = 8
  out_monthID[128] = 8
  out_monthID[129] = 8
  out_monthID[130] = 8
  out_monthID[131] = 8
  out_monthID[132] = 8
  out_monthID[133] = 8
  out_monthID[134] = 8
  out_monthID[135] = 8
  out_monthID[136] = 8
  out_monthID[137] = 8
  out_monthID[138] = 8
  out_monthID[139] = 8
  out_monthID[140] = 8
  out_monthID[141] = 8
  out_monthID[142] = 8
  out_monthID[143] = 8
  out_monthID[144] = 8
  out_monthID[145] = 8
  out_monthID[146] = 8
  out_monthID[147] = 8
  out_monthID[148] = 8
  out_monthID[149] = 8
  out_monthID[150] = 8
  out_monthID[151] = 8
  out_monthID[152] = 8
  out_monthID[153] = 8
  out_monthID[154] = 8
  out_monthID[155] = 8
  out_monthID[156] = 8
  out_monthID[157] = 8
  out_monthID[158] = 8
  out_monthID[159] = 8
  out_monthID[160] = 8
  out_monthID[161] = 8
  out_monthID[162] = 8
  out_monthID[163] = 8
  out_monthID[164] = 8
  out_monthID[165] = 8
  out_monthID[166] = 8
  out_monthID[167] = 8
  out_monthID[168] = 8
  out_hourID[1] = 7
  out_hourID[2] = 7
  out_hourID[3] = 7
  out_hourID[4] = 7
  out_hourID[5] = 7
  out_hourID[6] = 7
  out_hourID[7] = 7
  out_hourID[8] = 7
  out_hourID[9] = 7
  out_hourID[10] = 7
  out_hourID[11] = 7
  out_hourID[12] = 7
  out_hourID[13] = 7
  out_hourID[14] = 7
  out_hourID[15] = 7
  out_hourID[16] = 7
  out_hourID[17] = 7
  out_hourID[18] = 7
  out_hourID[19] = 7
  out_hourID[20] = 7
  out_hourID[21] = 7
  out_hourID[22] = 7
  out_hourID[23] = 7
  out_hourID[24] = 7
  out_hourID[25] = 7
  out_hourID[26] = 7
  out_hourID[27] = 7
  out_hourID[28] = 7
  out_hourID[29] = 7
  out_hourID[30] = 7
  out_hourID[31] = 7
  out_hourID[32] = 7
  out_hourID[33] = 7
  out_hourID[34] = 7
  out_hourID[35] = 7
  out_hourID[36] = 7
  out_hourID[37] = 7
  out_hourID[38] = 7
  out_hourID[39] = 7
  out_hourID[40] = 7
  out_hourID[41] = 7
  out_hourID[42] = 7
  out_hourID[43] = 7
  out_hourID[44] = 7
  out_hourID[45] = 7
  out_hourID[46] = 7
  out_hourID[47] = 7
  out_hourID[48] = 7
  out_hourID[49] = 7
  out_hourID[50] = 7
  out_hourID[51] = 7
  out_hourID[52] = 7
  out_hourID[53] = 7
  out_hourID[54] = 7
  out_hourID[55] = 7
  out_hourID[56] = 7
  out_hourID[57] = 7
  out_hourID[58] = 7
  out_hourID[59] = 7
  out_hourID[60] = 7
  out_hourID[61] = 7
  out_hourID[62] = 7
  out_hourID[63] = 7
  out_hourID[64] = 7
  out_hourID[65] = 7
  out_hourID[66] = 7
  out_hourID[67] = 7
  out_hourID[68] = 7
  out_hourID[69] = 7
  out_hourID[70] = 7
  out_hourID[71] = 7
  out_hourID[72] = 7
  out_hourID[73] = 7
  out_hourID[74] = 7
  out_hourID[75] = 7
  out_hourID[76] = 7
  out_hourID[77] = 7
  out_hourID[78] = 7
  out_hourID[79] = 7
  out_hourID[80] = 7
  out_hourID[81] = 7
  out_hourID[82] = 7
  out_hourID[83] = 7
  out_hourID[84] = 7
  out_hourID[85] = 7
  out_hourID[86] = 7
  out_hourID[87] = 7
  out_hourID[88] = 7
  out_hourID[89] = 7
  out_hourID[90] = 7
  out_hourID[91] = 7
  out_hourID[92] = 7
  out_hourID[93] = 7
  out_hourID[94] = 7
  out_hourID[95] = 7
  out_hourID[96] = 7
  out_hourID[97] = 7
  out_hourID[98] = 7
  out_hourID[99] = 7
  out_hourID[100] = 7
  out_hourID[101] = 7
  out_hourID[102] = 7
  out_hourID[103] = 7
  out_hourID[104] = 7
  out_hourID[105] = 7
  out_hourID[106] = 7
  out_hourID[107] = 7
  out_hourID[108] = 7
  out_hourID[109] = 7
  out_hourID[110] = 7
  out_hourID[111] = 7
  out_hourID[112] = 7
  out_hourID[113] = 7
  out_hourID[114] = 7
  out_hourID[115] = 7
  out_hourID[116] = 7
  out_hourID[117] = 7
  out_hourID[118] = 7
  out_hourID[119] = 7
  out_hourID[120] = 7
  out_hourID[121] = 7
  out_hourID[122] = 7
  out_hourID[123] = 7
  out_hourID[124] = 7
  out_hourID[125] = 7
  out_hourID[126] = 7
  out_hourID[127] = 7
  out_hourID[128] = 7
  out_hourID[129] = 7
  out_hourID[130] = 7
  out_hourID[131] = 7
  out_hourID[132] = 7
  out_hourID[133] = 7
  out_hourID[134] = 7
  out_hourID[135] = 7
  out_hourID[136] = 7
  out_hourID[137] = 7
  out_hourID[138] = 7
  out_hourID[139] = 7
  out_hourID[140] = 7
  out_hourID[141] = 7
  out_hourID[142] = 7
  out_hourID[143] = 7
  out_hourID[144] = 7
  out_hourID[145] = 7
  out_hourID[146] = 7
  out_hourID[147] = 7
  out_hourID[148] = 7
  out_hourID[149] = 7
  out_hourID[150] = 7
  out_hourID[151] = 7
  out_hourID[152] = 7
  out_hourID[153] = 7
  out_hourID[154] = 7
  out_hourID[155] = 7
  out_hourID[156] = 7
  out_hourID[157] = 7
  out_hourID[158] = 7
  out_hourID[159] = 7
  out_hourID[160] = 7
  out_hourID[161] = 7
  out_hourID[162] = 7
  out_hourID[163] = 7
  out_hourID[164] = 7
  out_hourID[165] = 7
  out_hourID[166] = 7
  out_hourID[167] = 7
  out_hourID[168] = 7
  out_stateID[1] = 26
  out_stateID[2] = 26
  out_stateID[3] = 26
  out_stateID[4] = 26
  out_stateID[5] = 26
  out_stateID[6] = 26
  out_stateID[7] = 26
  out_stateID[8] = 26
  out_stateID[9] = 26
  out_stateID[10] = 26
  out_stateID[11] = 26
  out_stateID[12] = 26
  out_stateID[13] = 26
  out_stateID[14] = 26
  out_stateID[15] = 26
  out_stateID[16] = 26
  out_stateID[17] = 26
  out_stateID[18] = 26
  out_stateID[19] = 26
  out_stateID[20] = 26
  out_stateID[21] = 26
  out_stateID[22] = 26
  out_stateID[23] = 26
  out_stateID[24] = 26
  out_stateID[25] = 26
  out_stateID[26] = 26
  out_stateID[27] = 26
  out_stateID[28] = 26
  out_stateID[29] = 26
  out_stateID[30] = 26
  out_stateID[31] = 26
  out_stateID[32] = 26
  out_stateID[33] = 26
  out_stateID[34] = 26
  out_stateID[35] = 26
  out_stateID[36] = 26
  out_stateID[37] = 26
  out_stateID[38] = 26
  out_stateID[39] = 26
  out_stateID[40] = 26
  out_stateID[41] = 26
  out_stateID[42] = 26
  out_stateID[43] = 26
  out_stateID[44] = 26
  out_stateID[45] = 26
  out_stateID[46] = 26
  out_stateID[47] = 26
  out_stateID[48] = 26
  out_stateID[49] = 26
  out_stateID[50] = 26
  out_stateID[51] = 26
  out_stateID[52] = 26
  out_stateID[53] = 26
  out_stateID[54] = 26
  out_stateID[55] = 26
  out_stateID[56] = 26
  out_stateID[57] = 26
  out_stateID[58] = 26
  out_stateID[59] = 26
  out_stateID[60] = 26
  out_stateID[61] = 26
  out_stateID[62] = 26
  out_stateID[63] = 26
  out_stateID[64] = 26
  out_stateID[65] = 26
  out_stateID[66] = 26
  out_stateID[67] = 26
  out_stateID[68] = 26
  out_stateID[69] = 26
  out_stateID[70] = 26
  out_stateID[71] = 26
  out_stateID[72] = 26
  out_stateID[73] = 26
  out_stateID[74] = 26
  out_stateID[75] = 26
  out_stateID[76] = 26
  out_stateID[77] = 26
  out_stateID[78] = 26
  out_stateID[79] = 26
  out_stateID[80] = 26
  out_stateID[81] = 26
  out_stateID[82] = 26
  out_stateID[83] = 26
  out_stateID[84] = 26
  out_stateID[85] = 26
  out_stateID[86] = 26
  out_stateID[87] = 26
  out_stateID[88] = 26
  out_stateID[89] = 26
  out_stateID[90] = 26
  out_stateID[91] = 26
  out_stateID[92] = 26
  out_stateID[93] = 26
  out_stateID[94] = 26
  out_stateID[95] = 26
  out_stateID[96] = 26
  out_stateID[97] = 26
  out_stateID[98] = 26
  out_stateID[99] = 26
  out_stateID[100] = 26
  out_stateID[101] = 26
  out_stateID[102] = 26
  out_stateID[103] = 26
  out_stateID[104] = 26
  out_stateID[105] = 26
  out_stateID[106] = 26
  out_stateID[107] = 26
  out_stateID[108] = 26
  out_stateID[109] = 26
  out_stateID[110] = 26
  out_stateID[111] = 26
  out_stateID[112] = 26
  out_stateID[113] = 26
  out_stateID[114] = 26
  out_stateID[115] = 26
  out_stateID[116] = 26
  out_stateID[117] = 26
  out_stateID[118] = 26
  out_stateID[119] = 26
  out_stateID[120] = 26
  out_stateID[121] = 26
  out_stateID[122] = 26
  out_stateID[123] = 26
  out_stateID[124] = 26
  out_stateID[125] = 26
  out_stateID[126] = 26
  out_stateID[127] = 26
  out_stateID[128] = 26
  out_stateID[129] = 26
  out_stateID[130] = 26
  out_stateID[131] = 26
  out_stateID[132] = 26
  out_stateID[133] = 26
  out_stateID[134] = 26
  out_stateID[135] = 26
  out_stateID[136] = 26
  out_stateID[137] = 26
  out_stateID[138] = 26
  out_stateID[139] = 26
  out_stateID[140] = 26
  out_stateID[141] = 26
  out_stateID[142] = 26
  out_stateID[143] = 26
  out_stateID[144] = 26
  out_stateID[145] = 26
  out_stateID[146] = 26
  out_stateID[147] = 26
  out_stateID[148] = 26
  out_stateID[149] = 26
  out_stateID[150] = 26
  out_stateID[151] = 26
  out_stateID[152] = 26
  out_stateID[153] = 26
  out_stateID[154] = 26
  out_stateID[155] = 26
  out_stateID[156] = 26
  out_stateID[157] = 26
  out_stateID[158] = 26
  out_stateID[159] = 26
  out_stateID[160] = 26
  out_stateID[161] = 26
  out_stateID[162] = 26
  out_stateID[163] = 26
  out_stateID[164] = 26
  out_stateID[165] = 26
  out_stateID[166] = 26
  out_stateID[167] = 26
  out_stateID[168] = 26
  out_countyID[1] = 26161
  out_countyID[2] = 26161
  out_countyID[3] = 26161
  out_countyID[4] = 26161
  out_countyID[5] = 26161
  out_countyID[6] = 26161
  out_countyID[7] = 26161
  out_countyID[8] = 26161
  out_countyID[9] = 26161
  out_countyID[10] = 26161
  out_countyID[11] = 26161
  out_countyID[12] = 26161
  out_countyID[13] = 26161
  out_countyID[14] = 26161
  out_countyID[15] = 26161
  out_countyID[16] = 26161
  out_countyID[17] = 26161
  out_countyID[18] = 26161
  out_countyID[19] = 26161
  out_countyID[20] = 26161
  out_countyID[21] = 26161
  out_countyID[22] = 26161
  out_countyID[23] = 26161
  out_countyID[24] = 26161
  out_countyID[25] = 26161
  out_countyID[26] = 26161
  out_countyID[27] = 26161
  out_countyID[28] = 26161
  out_countyID[29] = 26161
  out_countyID[30] = 26161
  out_countyID[31] = 26161
  out_countyID[32] = 26161
  out_countyID[33] = 26161
  out_countyID[34] = 26161
  out_countyID[35] = 26161
  out_countyID[36] = 26161
  out_countyID[37] = 26161
  out_countyID[38] = 26161
  out_countyID[39] = 26161
  out_countyID[40] = 26161
  out_countyID[41] = 26161
  out_countyID[42] = 26161
  out_countyID[43] = 26161
  out_countyID[44] = 26161
  out_countyID[45] = 26161
  out_countyID[46] = 26161
  out_countyID[47] = 26161
  out_countyID[48] = 26161
  out_countyID[49] = 26161
  out_countyID[50] = 26161
  out_countyID[51] = 26161
  out_countyID[52] = 26161
  out_countyID[53] = 26161
  out_countyID[54] = 26161
  out_countyID[55] = 26161
  out_countyID[56] = 26161
  out_countyID[57] = 26161
  out_countyID[58] = 26161
  out_countyID[59] = 26161
  out_countyID[60] = 26161
  out_countyID[61] = 26161
  out_countyID[62] = 26161
  out_countyID[63] = 26161
  out_countyID[64] = 26161
  out_countyID[65] = 26161
  out_countyID[66] = 26161
  out_countyID[67] = 26161
  out_countyID[68] = 26161
  out_countyID[69] = 26161
  out_countyID[70] = 26161
  out_countyID[71] = 26161
  out_countyID[72] = 26161
  out_countyID[73] = 26161
  out_countyID[74] = 26161
  out_countyID[75] = 26161
  out_countyID[76] = 26161
  out_countyID[77] = 26161
  out_countyID[78] = 26161
  out_countyID[79] = 26161
  out_countyID[80] = 26161
  out_countyID[81] = 26161
  out_countyID[82] = 26161
  out_countyID[83] = 26161
  out_countyID[84] = 26161
  out_countyID[85] = 26161
  out_countyID[86] = 26161
  out_countyID[87] = 26161
  out_countyID[88] = 26161
  out_countyID[89] = 26161
  out_countyID[90] = 26161
  out_countyID[91] = 26161
  out_countyID[92] = 26161
  out_countyID[93] = 26161
  out_countyID[94] = 26161
  out_countyID[95] = 26161
  out_countyID[96] = 26161
  out_countyID[97] = 26161
  out_countyID[98] = 26161
  out_countyID[99] = 26161
  out_countyID[100] = 26161
  out_countyID[101] = 26161
  out_countyID[102] = 26161
  out_countyID[103] = 26161
  out_countyID[104] = 26161
  out_countyID[105] = 26161
  out_countyID[106] = 26161
  out_countyID[107] = 26161
  out_countyID[108] = 26161
  out_countyID[109] = 26161
  out_countyID[110] = 26161
  out_countyID[111] = 26161
  out_countyID[112] = 26161
  out_countyID[113] = 26161
  out_countyID[114] = 26161
  out_countyID[115] = 26161
  out_countyID[116] = 26161
  out_countyID[117] = 26161
  out_countyID[118] = 26161
  out_countyID[119] = 26161
  out_countyID[120] = 26161
  out_countyID[121] = 26161
  out_countyID[122] = 26161
  out_countyID[123] = 26161
  out_countyID[124] = 26161
  out_countyID[125] = 26161
  out_countyID[126] = 26161
  out_countyID[127] = 26161
  out_countyID[128] = 26161
  out_countyID[129] = 26161
  out_countyID[130] = 26161
  out_countyID[131] = 26161
  out_countyID[132] = 26161
  out_countyID[133] = 26161
  out_countyID[134] = 26161
  out_countyID[135] = 26161
  out_countyID[136] = 26161
  out_countyID[137] = 26161
  out_countyID[138] = 26161
  out_countyID[139] = 26161
  out_countyID[140] = 26161
  out_countyID[141] = 26161
  out_countyID[142] = 26161
  out_countyID[143] = 26161
  out_countyID[144] = 26161
  out_countyID[145] = 26161
  out_countyID[146] = 26161
  out_countyID[147] = 26161
  out_countyID[148] = 26161
  out_countyID[149] = 26161
  out_countyID[150] = 26161
  out_countyID[151] = 26161
  out_countyID[152] = 26161
  out_countyID[153] = 26161
  out_countyID[154] = 26161
  out_countyID[155] = 26161
  out_countyID[156] = 26161
  out_countyID[157] = 26161
  out_countyID[158] = 26161
  out_countyID[159] = 26161
  out_countyID[160] = 26161
  out_countyID[161] = 26161
  out_countyID[162] = 26161
  out_countyID[163] = 26161
  out_countyID[164] = 26161
  out_countyID[165] = 26161
  out_countyID[166] = 26161
  out_countyID[167] = 26161
  out_countyID[168] = 26161
  out_sourceTypeID[1] = 21
  out_sourceTypeID[2] = 21
  out_sourceTypeID[3] = 21
  out_sourceTypeID[4] = 21
  out_sourceTypeID[5] = 21
  out_sourceTypeID[6] = 21
  out_sourceTypeID[7] = 21
  out_sourceTypeID[8] = 21
  out_sourceTypeID[9] = 21
  out_sourceTypeID[10] = 21
  out_sourceTypeID[11] = 21
  out_sourceTypeID[12] = 21
  out_sourceTypeID[13] = 21
  out_sourceTypeID[14] = 21
  out_sourceTypeID[15] = 21
  out_sourceTypeID[16] = 21
  out_sourceTypeID[17] = 21
  out_sourceTypeID[18] = 21
  out_sourceTypeID[19] = 21
  out_sourceTypeID[20] = 21
  out_sourceTypeID[21] = 21
  out_sourceTypeID[22] = 21
  out_sourceTypeID[23] = 21
  out_sourceTypeID[24] = 21
  out_sourceTypeID[25] = 21
  out_sourceTypeID[26] = 21
  out_sourceTypeID[27] = 21
  out_sourceTypeID[28] = 21
  out_sourceTypeID[29] = 21
  out_sourceTypeID[30] = 21
  out_sourceTypeID[31] = 21
  out_sourceTypeID[32] = 21
  out_sourceTypeID[33] = 21
  out_sourceTypeID[34] = 21
  out_sourceTypeID[35] = 21
  out_sourceTypeID[36] = 21
  out_sourceTypeID[37] = 21
  out_sourceTypeID[38] = 21
  out_sourceTypeID[39] = 21
  out_sourceTypeID[40] = 21
  out_sourceTypeID[41] = 21
  out_sourceTypeID[42] = 21
  out_sourceTypeID[43] = 21
  out_sourceTypeID[44] = 21
  out_sourceTypeID[45] = 21
  out_sourceTypeID[46] = 21
  out_sourceTypeID[47] = 21
  out_sourceTypeID[48] = 21
  out_sourceTypeID[49] = 21
  out_sourceTypeID[50] = 21
  out_sourceTypeID[51] = 21
  out_sourceTypeID[52] = 21
  out_sourceTypeID[53] = 21
  out_sourceTypeID[54] = 21
  out_sourceTypeID[55] = 21
  out_sourceTypeID[56] = 21
  out_sourceTypeID[57] = 21
  out_sourceTypeID[58] = 21
  out_sourceTypeID[59] = 21
  out_sourceTypeID[60] = 21
  out_sourceTypeID[61] = 21
  out_sourceTypeID[62] = 21
  out_sourceTypeID[63] = 21
  out_sourceTypeID[64] = 21
  out_sourceTypeID[65] = 21
  out_sourceTypeID[66] = 21
  out_sourceTypeID[67] = 21
  out_sourceTypeID[68] = 21
  out_sourceTypeID[69] = 21
  out_sourceTypeID[70] = 21
  out_sourceTypeID[71] = 21
  out_sourceTypeID[72] = 21
  out_sourceTypeID[73] = 21
  out_sourceTypeID[74] = 21
  out_sourceTypeID[75] = 21
  out_sourceTypeID[76] = 21
  out_sourceTypeID[77] = 21
  out_sourceTypeID[78] = 21
  out_sourceTypeID[79] = 21
  out_sourceTypeID[80] = 21
  out_sourceTypeID[81] = 21
  out_sourceTypeID[82] = 21
  out_sourceTypeID[83] = 21
  out_sourceTypeID[84] = 21
  out_sourceTypeID[85] = 21
  out_sourceTypeID[86] = 21
  out_sourceTypeID[87] = 21
  out_sourceTypeID[88] = 21
  out_sourceTypeID[89] = 21
  out_sourceTypeID[90] = 21
  out_sourceTypeID[91] = 21
  out_sourceTypeID[92] = 21
  out_sourceTypeID[93] = 21
  out_sourceTypeID[94] = 21
  out_sourceTypeID[95] = 21
  out_sourceTypeID[96] = 21
  out_sourceTypeID[97] = 21
  out_sourceTypeID[98] = 21
  out_sourceTypeID[99] = 21
  out_sourceTypeID[100] = 21
  out_sourceTypeID[101] = 21
  out_sourceTypeID[102] = 21
  out_sourceTypeID[103] = 21
  out_sourceTypeID[104] = 21
  out_sourceTypeID[105] = 21
  out_sourceTypeID[106] = 21
  out_sourceTypeID[107] = 21
  out_sourceTypeID[108] = 21
  out_sourceTypeID[109] = 21
  out_sourceTypeID[110] = 21
  out_sourceTypeID[111] = 21
  out_sourceTypeID[112] = 21
  out_sourceTypeID[113] = 21
  out_sourceTypeID[114] = 21
  out_sourceTypeID[115] = 21
  out_sourceTypeID[116] = 21
  out_sourceTypeID[117] = 21
  out_sourceTypeID[118] = 21
  out_sourceTypeID[119] = 21
  out_sourceTypeID[120] = 21
  out_sourceTypeID[121] = 21
  out_sourceTypeID[122] = 21
  out_sourceTypeID[123] = 21
  out_sourceTypeID[124] = 21
  out_sourceTypeID[125] = 21
  out_sourceTypeID[126] = 21
  out_sourceTypeID[127] = 21
  out_sourceTypeID[128] = 21
  out_sourceTypeID[129] = 21
  out_sourceTypeID[130] = 21
  out_sourceTypeID[131] = 21
  out_sourceTypeID[132] = 21
  out_sourceTypeID[133] = 21
  out_sourceTypeID[134] = 21
  out_sourceTypeID[135] = 21
  out_sourceTypeID[136] = 21
  out_sourceTypeID[137] = 21
  out_sourceTypeID[138] = 21
  out_sourceTypeID[139] = 21
  out_sourceTypeID[140] = 21
  out_sourceTypeID[141] = 21
  out_sourceTypeID[142] = 21
  out_sourceTypeID[143] = 21
  out_sourceTypeID[144] = 21
  out_sourceTypeID[145] = 21
  out_sourceTypeID[146] = 21
  out_sourceTypeID[147] = 21
  out_sourceTypeID[148] = 21
  out_sourceTypeID[149] = 21
  out_sourceTypeID[150] = 21
  out_sourceTypeID[151] = 21
  out_sourceTypeID[152] = 21
  out_sourceTypeID[153] = 21
  out_sourceTypeID[154] = 21
  out_sourceTypeID[155] = 21
  out_sourceTypeID[156] = 21
  out_sourceTypeID[157] = 21
  out_sourceTypeID[158] = 21
  out_sourceTypeID[159] = 21
  out_sourceTypeID[160] = 21
  out_sourceTypeID[161] = 21
  out_sourceTypeID[162] = 21
  out_sourceTypeID[163] = 21
  out_sourceTypeID[164] = 21
  out_sourceTypeID[165] = 21
  out_sourceTypeID[166] = 21
  out_sourceTypeID[167] = 21
  out_sourceTypeID[168] = 21
  out_roadTypeID[1] = 4
  out_roadTypeID[2] = 4
  out_roadTypeID[3] = 4
  out_roadTypeID[4] = 4
  out_roadTypeID[5] = 4
  out_roadTypeID[6] = 4
  out_roadTypeID[7] = 4
  out_roadTypeID[8] = 4
  out_roadTypeID[9] = 4
  out_roadTypeID[10] = 4
  out_roadTypeID[11] = 4
  out_roadTypeID[12] = 4
  out_roadTypeID[13] = 4
  out_roadTypeID[14] = 4
  out_roadTypeID[15] = 4
  out_roadTypeID[16] = 4
  out_roadTypeID[17] = 4
  out_roadTypeID[18] = 4
  out_roadTypeID[19] = 4
  out_roadTypeID[20] = 4
  out_roadTypeID[21] = 4
  out_roadTypeID[22] = 4
  out_roadTypeID[23] = 4
  out_roadTypeID[24] = 4
  out_roadTypeID[25] = 4
  out_roadTypeID[26] = 4
  out_roadTypeID[27] = 4
  out_roadTypeID[28] = 4
  out_roadTypeID[29] = 4
  out_roadTypeID[30] = 4
  out_roadTypeID[31] = 4
  out_roadTypeID[32] = 4
  out_roadTypeID[33] = 4
  out_roadTypeID[34] = 4
  out_roadTypeID[35] = 4
  out_roadTypeID[36] = 4
  out_roadTypeID[37] = 4
  out_roadTypeID[38] = 4
  out_roadTypeID[39] = 4
  out_roadTypeID[40] = 4
  out_roadTypeID[41] = 4
  out_roadTypeID[42] = 4
  out_roadTypeID[43] = 4
  out_roadTypeID[44] = 4
  out_roadTypeID[45] = 4
  out_roadTypeID[46] = 4
  out_roadTypeID[47] = 4
  out_roadTypeID[48] = 4
  out_roadTypeID[49] = 4
  out_roadTypeID[50] = 4
  out_roadTypeID[51] = 4
  out_roadTypeID[52] = 4
  out_roadTypeID[53] = 4
  out_roadTypeID[54] = 4
  out_roadTypeID[55] = 4
  out_roadTypeID[56] = 4
  out_roadTypeID[57] = 4
  out_roadTypeID[58] = 4
  out_roadTypeID[59] = 4
  out_roadTypeID[60] = 4
  out_roadTypeID[61] = 4
  out_roadTypeID[62] = 4
  out_roadTypeID[63] = 4
  out_roadTypeID[64] = 4
  out_roadTypeID[65] = 4
  out_roadTypeID[66] = 4
  out_roadTypeID[67] = 4
  out_roadTypeID[68] = 4
  out_roadTypeID[69] = 4
  out_roadTypeID[70] = 4
  out_roadTypeID[71] = 4
  out_roadTypeID[72] = 4
  out_roadTypeID[73] = 4
  out_roadTypeID[74] = 4
  out_roadTypeID[75] = 4
  out_roadTypeID[76] = 4
  out_roadTypeID[77] = 4
  out_roadTypeID[78] = 4
  out_roadTypeID[79] = 4
  out_roadTypeID[80] = 4
  out_roadTypeID[81] = 4
  out_roadTypeID[82] = 4
  out_roadTypeID[83] = 4
  out_roadTypeID[84] = 4
  out_roadTypeID[85] = 4
  out_roadTypeID[86] = 4
  out_roadTypeID[87] = 4
  out_roadTypeID[88] = 4
  out_roadTypeID[89] = 4
  out_roadTypeID[90] = 4
  out_roadTypeID[91] = 4
  out_roadTypeID[92] = 4
  out_roadTypeID[93] = 4
  out_roadTypeID[94] = 4
  out_roadTypeID[95] = 4
  out_roadTypeID[96] = 4
  out_roadTypeID[97] = 4
  out_roadTypeID[98] = 4
  out_roadTypeID[99] = 4
  out_roadTypeID[100] = 4
  out_roadTypeID[101] = 4
  out_roadTypeID[102] = 4
  out_roadTypeID[103] = 4
  out_roadTypeID[104] = 4
  out_roadTypeID[105] = 4
  out_roadTypeID[106] = 4
  out_roadTypeID[107] = 4
  out_roadTypeID[108] = 4
  out_roadTypeID[109] = 4
  out_roadTypeID[110] = 4
  out_roadTypeID[111] = 4
  out_roadTypeID[112] = 4
  out_roadTypeID[113] = 4
  out_roadTypeID[114] = 4
  out_roadTypeID[115] = 4
  out_roadTypeID[116] = 4
  out_roadTypeID[117] = 4
  out_roadTypeID[118] = 4
  out_roadTypeID[119] = 4
  out_roadTypeID[120] = 4
  out_roadTypeID[121] = 4
  out_roadTypeID[122] = 4
  out_roadTypeID[123] = 4
  out_roadTypeID[124] = 4
  out_roadTypeID[125] = 4
  out_roadTypeID[126] = 4
  out_roadTypeID[127] = 4
  out_roadTypeID[128] = 4
  out_roadTypeID[129] = 4
  out_roadTypeID[130] = 4
  out_roadTypeID[131] = 4
  out_roadTypeID[132] = 4
  out_roadTypeID[133] = 4
  out_roadTypeID[134] = 4
  out_roadTypeID[135] = 4
  out_roadTypeID[136] = 4
  out_roadTypeID[137] = 4
  out_roadTypeID[138] = 4
  out_roadTypeID[139] = 4
  out_roadTypeID[140] = 4
  out_roadTypeID[141] = 4
  out_roadTypeID[142] = 4
  out_roadTypeID[143] = 4
  out_roadTypeID[144] = 4
  out_roadTypeID[145] = 4
  out_roadTypeID[146] = 4
  out_roadTypeID[147] = 4
  out_roadTypeID[148] = 4
  out_roadTypeID[149] = 4
  out_roadTypeID[150] = 4
  out_roadTypeID[151] = 4
  out_roadTypeID[152] = 4
  out_roadTypeID[153] = 4
  out_roadTypeID[154] = 4
  out_roadTypeID[155] = 4
  out_roadTypeID[156] = 4
  out_roadTypeID[157] = 4
  out_roadTypeID[158] = 4
  out_roadTypeID[159] = 4
  out_roadTypeID[160] = 4
  out_roadTypeID[161] = 4
  out_roadTypeID[162] = 4
  out_roadTypeID[163] = 4
  out_roadTypeID[164] = 4
  out_roadTypeID[165] = 4
  out_roadTypeID[166] = 4
  out_roadTypeID[167] = 4
  out_roadTypeID[168] = 4
  out_SCC[1] = 2201210418
  out_SCC[2] = 2201210418
  out_SCC[3] = 2201210418
  out_SCC[4] = 2201210418
  out_SCC[5] = 2201210418
  out_SCC[6] = 2201210418
  out_SCC[7] = 2201210418
  out_SCC[8] = 2201210418
  out_SCC[9] = 2201210418
  out_SCC[10] = 2201210418
  out_SCC[11] = 2201210418
  out_SCC[12] = 2201210418
  out_SCC[13] = 2201210418
  out_SCC[14] = 2201210418
  out_SCC[15] = 2201210418
  out_SCC[16] = 2201210418
  out_SCC[17] = 2201210418
  out_SCC[18] = 2201210418
  out_SCC[19] = 2201210418
  out_SCC[20] = 2201210418
  out_SCC[21] = 2201210418
  out_SCC[22] = 2201210418
  out_SCC[23] = 2201210418
  out_SCC[24] = 2201210418
  out_SCC[25] = 2201210418
  out_SCC[26] = 2201210418
  out_SCC[27] = 2201210418
  out_SCC[28] = 2201210418
  out_SCC[29] = 2201210418
  out_SCC[30] = 2201210418
  out_SCC[31] = 2201210418
  out_SCC[32] = 2201210418
  out_SCC[33] = 2201210418
  out_SCC[34] = 2201210418
  out_SCC[35] = 2201210418
  out_SCC[36] = 2201210418
  out_SCC[37] = 2201210418
  out_SCC[38] = 2201210418
  out_SCC[39] = 2201210418
  out_SCC[40] = 2201210418
  out_SCC[41] = 2201210418
  out_SCC[42] = 2205210418
  out_SCC[43] = 2205210418
  out_SCC[44] = 2205210418
  out_SCC[45] = 2205210418
  out_SCC[46] = 2205210418
  out_SCC[47] = 2205210418
  out_SCC[48] = 2205210418
  out_SCC[49] = 2205210418
  out_SCC[50] = 2205210418
  out_SCC[51] = 2205210418
  out_SCC[52] = 2205210418
  out_SCC[53] = 2205210418
  out_SCC[54] = 2205210418
  out_SCC[55] = 2205210418
  out_SCC[56] = 2205210418
  out_SCC[57] = 2205210418
  out_SCC[58] = 2205210418
  out_SCC[59] = 2205210418
  out_SCC[60] = 2205210418
  out_SCC[61] = 2205210418
  out_SCC[62] = 2205210418
  out_SCC[63] = 2205210418
  out_SCC[64] = 2205210418
  out_SCC[65] = 2201210419
  out_SCC[66] = 2201210419
  out_SCC[67] = 2201210419
  out_SCC[68] = 2201210419
  out_SCC[69] = 2201210419
  out_SCC[70] = 2201210419
  out_SCC[71] = 2201210419
  out_SCC[72] = 2201210419
  out_SCC[73] = 2201210419
  out_SCC[74] = 2201210419
  out_SCC[75] = 2201210419
  out_SCC[76] = 2201210419
  out_SCC[77] = 2201210419
  out_SCC[78] = 2201210419
  out_SCC[79] = 2201210419
  out_SCC[80] = 2201210419
  out_SCC[81] = 2201210419
  out_SCC[82] = 2201210419
  out_SCC[83] = 2201210419
  out_SCC[84] = 2201210419
  out_SCC[85] = 2201210419
  out_SCC[86] = 2201210419
  out_SCC[87] = 2201210419
  out_SCC[88] = 2201210419
  out_SCC[89] = 2201210419
  out_SCC[90] = 2201210419
  out_SCC[91] = 2201210419
  out_SCC[92] = 2201210419
  out_SCC[93] = 2201210419
  out_SCC[94] = 2201210419
  out_SCC[95] = 2201210419
  out_SCC[96] = 2201210419
  out_SCC[97] = 2201210419
  out_SCC[98] = 2201210419
  out_SCC[99] = 2201210419
  out_SCC[100] = 2201210419
  out_SCC[101] = 2201210419
  out_SCC[102] = 2201210419
  out_SCC[103] = 2201210419
  out_SCC[104] = 2201210419
  out_SCC[105] = 2201210419
  out_SCC[106] = 2202210419
  out_SCC[107] = 2202210419
  out_SCC[108] = 2202210419
  out_SCC[109] = 2202210419
  out_SCC[110] = 2202210419
  out_SCC[111] = 2202210419
  out_SCC[112] = 2202210419
  out_SCC[113] = 2202210419
  out_SCC[114] = 2202210419
  out_SCC[115] = 2202210419
  out_SCC[116] = 2202210419
  out_SCC[117] = 2202210419
  out_SCC[118] = 2202210419
  out_SCC[119] = 2202210419
  out_SCC[120] = 2202210419
  out_SCC[121] = 2202210419
  out_SCC[122] = 2202210419
  out_SCC[123] = 2202210419
  out_SCC[124] = 2202210419
  out_SCC[125] = 2202210419
  out_SCC[126] = 2202210419
  out_SCC[127] = 2202210419
  out_SCC[128] = 2202210419
  out_SCC[129] = 2202210419
  out_SCC[130] = 2202210419
  out_SCC[131] = 2202210419
  out_SCC[132] = 2202210419
  out_SCC[133] = 2202210419
  out_SCC[134] = 2202210419
  out_SCC[135] = 2202210419
  out_SCC[136] = 2202210419
  out_SCC[137] = 2202210419
  out_SCC[138] = 2202210419
  out_SCC[139] = 2202210419
  out_SCC[140] = 2202210419
  out_SCC[141] = 2202210419
  out_SCC[142] = 2202210419
  out_SCC[143] = 2202210419
  out_SCC[144] = 2202210419
  out_SCC[145] = 2202210419
  out_SCC[146] = 2205210419
  out_SCC[147] = 2205210419
  out_SCC[148] = 2205210419
  out_SCC[149] = 2205210419
  out_SCC[150] = 2205210419
  out_SCC[151] = 2205210419
  out_SCC[152] = 2205210419
  out_SCC[153] = 2205210419
  out_SCC[154] = 2205210419
  out_SCC[155] = 2205210419
  out_SCC[156] = 2205210419
  out_SCC[157] = 2205210419
  out_SCC[158] = 2205210419
  out_SCC[159] = 2205210419
  out_SCC[160] = 2205210419
  out_SCC[161] = 2205210419
  out_SCC[162] = 2205210419
  out_SCC[163] = 2205210419
  out_SCC[164] = 2205210419
  out_SCC[165] = 2205210419
  out_SCC[166] = 2205210419
  out_SCC[167] = 2205210419
  out_SCC[168] = 2205210419
  out_zoneID[1] = NaN
  out_zoneID[2] = NaN
  out_zoneID[3] = NaN
  out_zoneID[4] = NaN
  out_zoneID[5] = NaN
  out_zoneID[6] = NaN
  out_zoneID[7] = NaN
  out_zoneID[8] = NaN
  out_zoneID[9] = NaN
  out_zoneID[10] = NaN
  out_zoneID[11] = NaN
  out_zoneID[12] = NaN
  out_zoneID[13] = NaN
  out_zoneID[14] = NaN
  out_zoneID[15] = NaN
  out_zoneID[16] = NaN
  out_zoneID[17] = NaN
  out_zoneID[18] = NaN
  out_zoneID[19] = NaN
  out_zoneID[20] = NaN
  out_zoneID[21] = NaN
  out_zoneID[22] = NaN
  out_zoneID[23] = NaN
  out_zoneID[24] = NaN
  out_zoneID[25] = NaN
  out_zoneID[26] = NaN
  out_zoneID[27] = NaN
  out_zoneID[28] = NaN
  out_zoneID[29] = NaN
  out_zoneID[30] = NaN
  out_zoneID[31] = NaN
  out_zoneID[32] = NaN
  out_zoneID[33] = NaN
  out_zoneID[34] = NaN
  out_zoneID[35] = NaN
  out_zoneID[36] = NaN
  out_zoneID[37] = NaN
  out_zoneID[38] = NaN
  out_zoneID[39] = NaN
  out_zoneID[40] = NaN
  out_zoneID[41] = NaN
  out_zoneID[42] = NaN
  out_zoneID[43] = NaN
  out_zoneID[44] = NaN
  out_zoneID[45] = NaN
  out_zoneID[46] = NaN
  out_zoneID[47] = NaN
  out_zoneID[48] = NaN
  out_zoneID[49] = NaN
  out_zoneID[50] = NaN
  out_zoneID[51] = NaN
  out_zoneID[52] = NaN
  out_zoneID[53] = NaN
  out_zoneID[54] = NaN
  out_zoneID[55] = NaN
  out_zoneID[56] = NaN
  out_zoneID[57] = NaN
  out_zoneID[58] = NaN
  out_zoneID[59] = NaN
  out_zoneID[60] = NaN
  out_zoneID[61] = NaN
  out_zoneID[62] = NaN
  out_zoneID[63] = NaN
  out_zoneID[64] = NaN
  out_zoneID[65] = NaN
  out_zoneID[66] = NaN
  out_zoneID[67] = NaN
  out_zoneID[68] = NaN
  out_zoneID[69] = NaN
  out_zoneID[70] = NaN
  out_zoneID[71] = NaN
  out_zoneID[72] = NaN
  out_zoneID[73] = NaN
  out_zoneID[74] = NaN
  out_zoneID[75] = NaN
  out_zoneID[76] = NaN
  out_zoneID[77] = NaN
  out_zoneID[78] = NaN
  out_zoneID[79] = NaN
  out_zoneID[80] = NaN
  out_zoneID[81] = NaN
  out_zoneID[82] = NaN
  out_zoneID[83] = NaN
  out_zoneID[84] = NaN
  out_zoneID[85] = NaN
  out_zoneID[86] = NaN
  out_zoneID[87] = NaN
  out_zoneID[88] = NaN
  out_zoneID[89] = NaN
  out_zoneID[90] = NaN
  out_zoneID[91] = NaN
  out_zoneID[92] = NaN
  out_zoneID[93] = NaN
  out_zoneID[94] = NaN
  out_zoneID[95] = NaN
  out_zoneID[96] = NaN
  out_zoneID[97] = NaN
  out_zoneID[98] = NaN
  out_zoneID[99] = NaN
  out_zoneID[100] = NaN
  out_zoneID[101] = NaN
  out_zoneID[102] = NaN
  out_zoneID[103] = NaN
  out_zoneID[104] = NaN
  out_zoneID[105] = NaN
  out_zoneID[106] = NaN
  out_zoneID[107] = NaN
  out_zoneID[108] = NaN
  out_zoneID[109] = NaN
  out_zoneID[110] = NaN
  out_zoneID[111] = NaN
  out_zoneID[112] = NaN
  out_zoneID[113] = NaN
  out_zoneID[114] = NaN
  out_zoneID[115] = NaN
  out_zoneID[116] = NaN
  out_zoneID[117] = NaN
  out_zoneID[118] = NaN
  out_zoneID[119] = NaN
  out_zoneID[120] = NaN
  out_zoneID[121] = NaN
  out_zoneID[122] = NaN
  out_zoneID[123] = NaN
  out_zoneID[124] = NaN
  out_zoneID[125] = NaN
  out_zoneID[126] = NaN
  out_zoneID[127] = NaN
  out_zoneID[128] = NaN
  out_zoneID[129] = NaN
  out_zoneID[130] = NaN
  out_zoneID[131] = NaN
  out_zoneID[132] = NaN
  out_zoneID[133] = NaN
  out_zoneID[134] = NaN
  out_zoneID[135] = NaN
  out_zoneID[136] = NaN
  out_zoneID[137] = NaN
  out_zoneID[138] = NaN
  out_zoneID[139] = NaN
  out_zoneID[140] = NaN
  out_zoneID[141] = NaN
  out_zoneID[142] = NaN
  out_zoneID[143] = NaN
  out_zoneID[144] = NaN
  out_zoneID[145] = NaN
  out_zoneID[146] = NaN
  out_zoneID[147] = NaN
  out_zoneID[148] = NaN
  out_zoneID[149] = NaN
  out_zoneID[150] = NaN
  out_zoneID[151] = NaN
  out_zoneID[152] = NaN
  out_zoneID[153] = NaN
  out_zoneID[154] = NaN
  out_zoneID[155] = NaN
  out_zoneID[156] = NaN
  out_zoneID[157] = NaN
  out_zoneID[158] = NaN
  out_zoneID[159] = NaN
  out_zoneID[160] = NaN
  out_zoneID[161] = NaN
  out_zoneID[162] = NaN
  out_zoneID[163] = NaN
  out_zoneID[164] = NaN
  out_zoneID[165] = NaN
  out_zoneID[166] = NaN
  out_zoneID[167] = NaN
  out_zoneID[168] = NaN
  out_linkID[1] = NaN
  out_linkID[2] = NaN
  out_linkID[3] = NaN
  out_linkID[4] = NaN
  out_linkID[5] = NaN
  out_linkID[6] = NaN
  out_linkID[7] = NaN
  out_linkID[8] = NaN
  out_linkID[9] = NaN
  out_linkID[10] = NaN
  out_linkID[11] = NaN
  out_linkID[12] = NaN
  out_linkID[13] = NaN
  out_linkID[14] = NaN
  out_linkID[15] = NaN
  out_linkID[16] = NaN
  out_linkID[17] = NaN
  out_linkID[18] = NaN
  out_linkID[19] = NaN
  out_linkID[20] = NaN
  out_linkID[21] = NaN
  out_linkID[22] = NaN
  out_linkID[23] = NaN
  out_linkID[24] = NaN
  out_linkID[25] = NaN
  out_linkID[26] = NaN
  out_linkID[27] = NaN
  out_linkID[28] = NaN
  out_linkID[29] = NaN
  out_linkID[30] = NaN
  out_linkID[31] = NaN
  out_linkID[32] = NaN
  out_linkID[33] = NaN
  out_linkID[34] = NaN
  out_linkID[35] = NaN
  out_linkID[36] = NaN
  out_linkID[37] = NaN
  out_linkID[38] = NaN
  out_linkID[39] = NaN
  out_linkID[40] = NaN
  out_linkID[41] = NaN
  out_linkID[42] = NaN
  out_linkID[43] = NaN
  out_linkID[44] = NaN
  out_linkID[45] = NaN
  out_linkID[46] = NaN
  out_linkID[47] = NaN
  out_linkID[48] = NaN
  out_linkID[49] = NaN
  out_linkID[50] = NaN
  out_linkID[51] = NaN
  out_linkID[52] = NaN
  out_linkID[53] = NaN
  out_linkID[54] = NaN
  out_linkID[55] = NaN
  out_linkID[56] = NaN
  out_linkID[57] = NaN
  out_linkID[58] = NaN
  out_linkID[59] = NaN
  out_linkID[60] = NaN
  out_linkID[61] = NaN
  out_linkID[62] = NaN
  out_linkID[63] = NaN
  out_linkID[64] = NaN
  out_linkID[65] = NaN
  out_linkID[66] = NaN
  out_linkID[67] = NaN
  out_linkID[68] = NaN
  out_linkID[69] = NaN
  out_linkID[70] = NaN
  out_linkID[71] = NaN
  out_linkID[72] = NaN
  out_linkID[73] = NaN
  out_linkID[74] = NaN
  out_linkID[75] = NaN
  out_linkID[76] = NaN
  out_linkID[77] = NaN
  out_linkID[78] = NaN
  out_linkID[79] = NaN
  out_linkID[80] = NaN
  out_linkID[81] = NaN
  out_linkID[82] = NaN
  out_linkID[83] = NaN
  out_linkID[84] = NaN
  out_linkID[85] = NaN
  out_linkID[86] = NaN
  out_linkID[87] = NaN
  out_linkID[88] = NaN
  out_linkID[89] = NaN
  out_linkID[90] = NaN
  out_linkID[91] = NaN
  out_linkID[92] = NaN
  out_linkID[93] = NaN
  out_linkID[94] = NaN
  out_linkID[95] = NaN
  out_linkID[96] = NaN
  out_linkID[97] = NaN
  out_linkID[98] = NaN
  out_linkID[99] = NaN
  out_linkID[100] = NaN
  out_linkID[101] = NaN
  out_linkID[102] = NaN
  out_linkID[103] = NaN
  out_linkID[104] = NaN
  out_linkID[105] = NaN
  out_linkID[106] = NaN
  out_linkID[107] = NaN
  out_linkID[108] = NaN
  out_linkID[109] = NaN
  out_linkID[110] = NaN
  out_linkID[111] = NaN
  out_linkID[112] = NaN
  out_linkID[113] = NaN
  out_linkID[114] = NaN
  out_linkID[115] = NaN
  out_linkID[116] = NaN
  out_linkID[117] = NaN
  out_linkID[118] = NaN
  out_linkID[119] = NaN
  out_linkID[120] = NaN
  out_linkID[121] = NaN
  out_linkID[122] = NaN
  out_linkID[123] = NaN
  out_linkID[124] = NaN
  out_linkID[125] = NaN
  out_linkID[126] = NaN
  out_linkID[127] = NaN
  out_linkID[128] = NaN
  out_linkID[129] = NaN
  out_linkID[130] = NaN
  out_linkID[131] = NaN
  out_linkID[132] = NaN
  out_linkID[133] = NaN
  out_linkID[134] = NaN
  out_linkID[135] = NaN
  out_linkID[136] = NaN
  out_linkID[137] = NaN
  out_linkID[138] = NaN
  out_linkID[139] = NaN
  out_linkID[140] = NaN
  out_linkID[141] = NaN
  out_linkID[142] = NaN
  out_linkID[143] = NaN
  out_linkID[144] = NaN
  out_linkID[145] = NaN
  out_linkID[146] = NaN
  out_linkID[147] = NaN
  out_linkID[148] = NaN
  out_linkID[149] = NaN
  out_linkID[150] = NaN
  out_linkID[151] = NaN
  out_linkID[152] = NaN
  out_linkID[153] = NaN
  out_linkID[154] = NaN
  out_linkID[155] = NaN
  out_linkID[156] = NaN
  out_linkID[157] = NaN
  out_linkID[158] = NaN
  out_linkID[159] = NaN
  out_linkID[160] = NaN
  out_linkID[161] = NaN
  out_linkID[162] = NaN
  out_linkID[163] = NaN
  out_linkID[164] = NaN
  out_linkID[165] = NaN
  out_linkID[166] = NaN
  out_linkID[167] = NaN
  out_linkID[168] = NaN
  out_regClassID[1] = NaN
  out_regClassID[2] = NaN
  out_regClassID[3] = NaN
  out_regClassID[4] = NaN
  out_regClassID[5] = NaN
  out_regClassID[6] = NaN
  out_regClassID[7] = NaN
  out_regClassID[8] = NaN
  out_regClassID[9] = NaN
  out_regClassID[10] = NaN
  out_regClassID[11] = NaN
  out_regClassID[12] = NaN
  out_regClassID[13] = NaN
  out_regClassID[14] = NaN
  out_regClassID[15] = NaN
  out_regClassID[16] = NaN
  out_regClassID[17] = NaN
  out_regClassID[18] = NaN
  out_regClassID[19] = NaN
  out_regClassID[20] = NaN
  out_regClassID[21] = NaN
  out_regClassID[22] = NaN
  out_regClassID[23] = NaN
  out_regClassID[24] = NaN
  out_regClassID[25] = NaN
  out_regClassID[26] = NaN
  out_regClassID[27] = NaN
  out_regClassID[28] = NaN
  out_regClassID[29] = NaN
  out_regClassID[30] = NaN
  out_regClassID[31] = NaN
  out_regClassID[32] = NaN
  out_regClassID[33] = NaN
  out_regClassID[34] = NaN
  out_regClassID[35] = NaN
  out_regClassID[36] = NaN
  out_regClassID[37] = NaN
  out_regClassID[38] = NaN
  out_regClassID[39] = NaN
  out_regClassID[40] = NaN
  out_regClassID[41] = NaN
  out_regClassID[42] = NaN
  out_regClassID[43] = NaN
  out_regClassID[44] = NaN
  out_regClassID[45] = NaN
  out_regClassID[46] = NaN
  out_regClassID[47] = NaN
  out_regClassID[48] = NaN
  out_regClassID[49] = NaN
  out_regClassID[50] = NaN
  out_regClassID[51] = NaN
  out_regClassID[52] = NaN
  out_regClassID[53] = NaN
  out_regClassID[54] = NaN
  out_regClassID[55] = NaN
  out_regClassID[56] = NaN
  out_regClassID[57] = NaN
  out_regClassID[58] = NaN
  out_regClassID[59] = NaN
  out_regClassID[60] = NaN
  out_regClassID[61] = NaN
  out_regClassID[62] = NaN
  out_regClassID[63] = NaN
  out_regClassID[64] = NaN
  out_regClassID[65] = NaN
  out_regClassID[66] = NaN
  out_regClassID[67] = NaN
  out_regClassID[68] = NaN
  out_regClassID[69] = NaN
  out_regClassID[70] = NaN
  out_regClassID[71] = NaN
  out_regClassID[72] = NaN
  out_regClassID[73] = NaN
  out_regClassID[74] = NaN
  out_regClassID[75] = NaN
  out_regClassID[76] = NaN
  out_regClassID[77] = NaN
  out_regClassID[78] = NaN
  out_regClassID[79] = NaN
  out_regClassID[80] = NaN
  out_regClassID[81] = NaN
  out_regClassID[82] = NaN
  out_regClassID[83] = NaN
  out_regClassID[84] = NaN
  out_regClassID[85] = NaN
  out_regClassID[86] = NaN
  out_regClassID[87] = NaN
  out_regClassID[88] = NaN
  out_regClassID[89] = NaN
  out_regClassID[90] = NaN
  out_regClassID[91] = NaN
  out_regClassID[92] = NaN
  out_regClassID[93] = NaN
  out_regClassID[94] = NaN
  out_regClassID[95] = NaN
  out_regClassID[96] = NaN
  out_regClassID[97] = NaN
  out_regClassID[98] = NaN
  out_regClassID[99] = NaN
  out_regClassID[100] = NaN
  out_regClassID[101] = NaN
  out_regClassID[102] = NaN
  out_regClassID[103] = NaN
  out_regClassID[104] = NaN
  out_regClassID[105] = NaN
  out_regClassID[106] = NaN
  out_regClassID[107] = NaN
  out_regClassID[108] = NaN
  out_regClassID[109] = NaN
  out_regClassID[110] = NaN
  out_regClassID[111] = NaN
  out_regClassID[112] = NaN
  out_regClassID[113] = NaN
  out_regClassID[114] = NaN
  out_regClassID[115] = NaN
  out_regClassID[116] = NaN
  out_regClassID[117] = NaN
  out_regClassID[118] = NaN
  out_regClassID[119] = NaN
  out_regClassID[120] = NaN
  out_regClassID[121] = NaN
  out_regClassID[122] = NaN
  out_regClassID[123] = NaN
  out_regClassID[124] = NaN
  out_regClassID[125] = NaN
  out_regClassID[126] = NaN
  out_regClassID[127] = NaN
  out_regClassID[128] = NaN
  out_regClassID[129] = NaN
  out_regClassID[130] = NaN
  out_regClassID[131] = NaN
  out_regClassID[132] = NaN
  out_regClassID[133] = NaN
  out_regClassID[134] = NaN
  out_regClassID[135] = NaN
  out_regClassID[136] = NaN
  out_regClassID[137] = NaN
  out_regClassID[138] = NaN
  out_regClassID[139] = NaN
  out_regClassID[140] = NaN
  out_regClassID[141] = NaN
  out_regClassID[142] = NaN
  out_regClassID[143] = NaN
  out_regClassID[144] = NaN
  out_regClassID[145] = NaN
  out_regClassID[146] = NaN
  out_regClassID[147] = NaN
  out_regClassID[148] = NaN
  out_regClassID[149] = NaN
  out_regClassID[150] = NaN
  out_regClassID[151] = NaN
  out_regClassID[152] = NaN
  out_regClassID[153] = NaN
  out_regClassID[154] = NaN
  out_regClassID[155] = NaN
  out_regClassID[156] = NaN
  out_regClassID[157] = NaN
  out_regClassID[158] = NaN
  out_regClassID[159] = NaN
  out_regClassID[160] = NaN
  out_regClassID[161] = NaN
  out_regClassID[162] = NaN
  out_regClassID[163] = NaN
  out_regClassID[164] = NaN
  out_regClassID[165] = NaN
  out_regClassID[166] = NaN
  out_regClassID[167] = NaN
  out_regClassID[168] = NaN
  out_fuelSubTypeID[1] = NaN
  out_fuelSubTypeID[2] = NaN
  out_fuelSubTypeID[3] = NaN
  out_fuelSubTypeID[4] = NaN
  out_fuelSubTypeID[5] = NaN
  out_fuelSubTypeID[6] = NaN
  out_fuelSubTypeID[7] = NaN
  out_fuelSubTypeID[8] = NaN
  out_fuelSubTypeID[9] = NaN
  out_fuelSubTypeID[10] = NaN
  out_fuelSubTypeID[11] = NaN
  out_fuelSubTypeID[12] = NaN
  out_fuelSubTypeID[13] = NaN
  out_fuelSubTypeID[14] = NaN
  out_fuelSubTypeID[15] = NaN
  out_fuelSubTypeID[16] = NaN
  out_fuelSubTypeID[17] = NaN
  out_fuelSubTypeID[18] = NaN
  out_fuelSubTypeID[19] = NaN
  out_fuelSubTypeID[20] = NaN
  out_fuelSubTypeID[21] = NaN
  out_fuelSubTypeID[22] = NaN
  out_fuelSubTypeID[23] = NaN
  out_fuelSubTypeID[24] = NaN
  out_fuelSubTypeID[25] = NaN
  out_fuelSubTypeID[26] = NaN
  out_fuelSubTypeID[27] = NaN
  out_fuelSubTypeID[28] = NaN
  out_fuelSubTypeID[29] = NaN
  out_fuelSubTypeID[30] = NaN
  out_fuelSubTypeID[31] = NaN
  out_fuelSubTypeID[32] = NaN
  out_fuelSubTypeID[33] = NaN
  out_fuelSubTypeID[34] = NaN
  out_fuelSubTypeID[35] = NaN
  out_fuelSubTypeID[36] = NaN
  out_fuelSubTypeID[37] = NaN
  out_fuelSubTypeID[38] = NaN
  out_fuelSubTypeID[39] = NaN
  out_fuelSubTypeID[40] = NaN
  out_fuelSubTypeID[41] = NaN
  out_fuelSubTypeID[42] = NaN
  out_fuelSubTypeID[43] = NaN
  out_fuelSubTypeID[44] = NaN
  out_fuelSubTypeID[45] = NaN
  out_fuelSubTypeID[46] = NaN
  out_fuelSubTypeID[47] = NaN
  out_fuelSubTypeID[48] = NaN
  out_fuelSubTypeID[49] = NaN
  out_fuelSubTypeID[50] = NaN
  out_fuelSubTypeID[51] = NaN
  out_fuelSubTypeID[52] = NaN
  out_fuelSubTypeID[53] = NaN
  out_fuelSubTypeID[54] = NaN
  out_fuelSubTypeID[55] = NaN
  out_fuelSubTypeID[56] = NaN
  out_fuelSubTypeID[57] = NaN
  out_fuelSubTypeID[58] = NaN
  out_fuelSubTypeID[59] = NaN
  out_fuelSubTypeID[60] = NaN
  out_fuelSubTypeID[61] = NaN
  out_fuelSubTypeID[62] = NaN
  out_fuelSubTypeID[63] = NaN
  out_fuelSubTypeID[64] = NaN
  out_fuelSubTypeID[65] = NaN
  out_fuelSubTypeID[66] = NaN
  out_fuelSubTypeID[67] = NaN
  out_fuelSubTypeID[68] = NaN
  out_fuelSubTypeID[69] = NaN
  out_fuelSubTypeID[70] = NaN
  out_fuelSubTypeID[71] = NaN
  out_fuelSubTypeID[72] = NaN
  out_fuelSubTypeID[73] = NaN
  out_fuelSubTypeID[74] = NaN
  out_fuelSubTypeID[75] = NaN
  out_fuelSubTypeID[76] = NaN
  out_fuelSubTypeID[77] = NaN
  out_fuelSubTypeID[78] = NaN
  out_fuelSubTypeID[79] = NaN
  out_fuelSubTypeID[80] = NaN
  out_fuelSubTypeID[81] = NaN
  out_fuelSubTypeID[82] = NaN
  out_fuelSubTypeID[83] = NaN
  out_fuelSubTypeID[84] = NaN
  out_fuelSubTypeID[85] = NaN
  out_fuelSubTypeID[86] = NaN
  out_fuelSubTypeID[87] = NaN
  out_fuelSubTypeID[88] = NaN
  out_fuelSubTypeID[89] = NaN
  out_fuelSubTypeID[90] = NaN
  out_fuelSubTypeID[91] = NaN
  out_fuelSubTypeID[92] = NaN
  out_fuelSubTypeID[93] = NaN
  out_fuelSubTypeID[94] = NaN
  out_fuelSubTypeID[95] = NaN
  out_fuelSubTypeID[96] = NaN
  out_fuelSubTypeID[97] = NaN
  out_fuelSubTypeID[98] = NaN
  out_fuelSubTypeID[99] = NaN
  out_fuelSubTypeID[100] = NaN
  out_fuelSubTypeID[101] = NaN
  out_fuelSubTypeID[102] = NaN
  out_fuelSubTypeID[103] = NaN
  out_fuelSubTypeID[104] = NaN
  out_fuelSubTypeID[105] = NaN
  out_fuelSubTypeID[106] = NaN
  out_fuelSubTypeID[107] = NaN
  out_fuelSubTypeID[108] = NaN
  out_fuelSubTypeID[109] = NaN
  out_fuelSubTypeID[110] = NaN
  out_fuelSubTypeID[111] = NaN
  out_fuelSubTypeID[112] = NaN
  out_fuelSubTypeID[113] = NaN
  out_fuelSubTypeID[114] = NaN
  out_fuelSubTypeID[115] = NaN
  out_fuelSubTypeID[116] = NaN
  out_fuelSubTypeID[117] = NaN
  out_fuelSubTypeID[118] = NaN
  out_fuelSubTypeID[119] = NaN
  out_fuelSubTypeID[120] = NaN
  out_fuelSubTypeID[121] = NaN
  out_fuelSubTypeID[122] = NaN
  out_fuelSubTypeID[123] = NaN
  out_fuelSubTypeID[124] = NaN
  out_fuelSubTypeID[125] = NaN
  out_fuelSubTypeID[126] = NaN
  out_fuelSubTypeID[127] = NaN
  out_fuelSubTypeID[128] = NaN
  out_fuelSubTypeID[129] = NaN
  out_fuelSubTypeID[130] = NaN
  out_fuelSubTypeID[131] = NaN
  out_fuelSubTypeID[132] = NaN
  out_fuelSubTypeID[133] = NaN
  out_fuelSubTypeID[134] = NaN
  out_fuelSubTypeID[135] = NaN
  out_fuelSubTypeID[136] = NaN
  out_fuelSubTypeID[137] = NaN
  out_fuelSubTypeID[138] = NaN
  out_fuelSubTypeID[139] = NaN
  out_fuelSubTypeID[140] = NaN
  out_fuelSubTypeID[141] = NaN
  out_fuelSubTypeID[142] = NaN
  out_fuelSubTypeID[143] = NaN
  out_fuelSubTypeID[144] = NaN
  out_fuelSubTypeID[145] = NaN
  out_fuelSubTypeID[146] = NaN
  out_fuelSubTypeID[147] = NaN
  out_fuelSubTypeID[148] = NaN
  out_fuelSubTypeID[149] = NaN
  out_fuelSubTypeID[150] = NaN
  out_fuelSubTypeID[151] = NaN
  out_fuelSubTypeID[152] = NaN
  out_fuelSubTypeID[153] = NaN
  out_fuelSubTypeID[154] = NaN
  out_fuelSubTypeID[155] = NaN
  out_fuelSubTypeID[156] = NaN
  out_fuelSubTypeID[157] = NaN
  out_fuelSubTypeID[158] = NaN
  out_fuelSubTypeID[159] = NaN
  out_fuelSubTypeID[160] = NaN
  out_fuelSubTypeID[161] = NaN
  out_fuelSubTypeID[162] = NaN
  out_fuelSubTypeID[163] = NaN
  out_fuelSubTypeID[164] = NaN
  out_fuelSubTypeID[165] = NaN
  out_fuelSubTypeID[166] = NaN
  out_fuelSubTypeID[167] = NaN
  out_fuelSubTypeID[168] = NaN
  out_engTechID[1] = NaN
  out_engTechID[2] = NaN
  out_engTechID[3] = NaN
  out_engTechID[4] = NaN
  out_engTechID[5] = NaN
  out_engTechID[6] = NaN
  out_engTechID[7] = NaN
  out_engTechID[8] = NaN
  out_engTechID[9] = NaN
  out_engTechID[10] = NaN
  out_engTechID[11] = NaN
  out_engTechID[12] = NaN
  out_engTechID[13] = NaN
  out_engTechID[14] = NaN
  out_engTechID[15] = NaN
  out_engTechID[16] = NaN
  out_engTechID[17] = NaN
  out_engTechID[18] = NaN
  out_engTechID[19] = NaN
  out_engTechID[20] = NaN
  out_engTechID[21] = NaN
  out_engTechID[22] = NaN
  out_engTechID[23] = NaN
  out_engTechID[24] = NaN
  out_engTechID[25] = NaN
  out_engTechID[26] = NaN
  out_engTechID[27] = NaN
  out_engTechID[28] = NaN
  out_engTechID[29] = NaN
  out_engTechID[30] = NaN
  out_engTechID[31] = NaN
  out_engTechID[32] = NaN
  out_engTechID[33] = NaN
  out_engTechID[34] = NaN
  out_engTechID[35] = NaN
  out_engTechID[36] = NaN
  out_engTechID[37] = NaN
  out_engTechID[38] = NaN
  out_engTechID[39] = NaN
  out_engTechID[40] = NaN
  out_engTechID[41] = NaN
  out_engTechID[42] = NaN
  out_engTechID[43] = NaN
  out_engTechID[44] = NaN
  out_engTechID[45] = NaN
  out_engTechID[46] = NaN
  out_engTechID[47] = NaN
  out_engTechID[48] = NaN
  out_engTechID[49] = NaN
  out_engTechID[50] = NaN
  out_engTechID[51] = NaN
  out_engTechID[52] = NaN
  out_engTechID[53] = NaN
  out_engTechID[54] = NaN
  out_engTechID[55] = NaN
  out_engTechID[56] = NaN
  out_engTechID[57] = NaN
  out_engTechID[58] = NaN
  out_engTechID[59] = NaN
  out_engTechID[60] = NaN
  out_engTechID[61] = NaN
  out_engTechID[62] = NaN
  out_engTechID[63] = NaN
  out_engTechID[64] = NaN
  out_engTechID[65] = NaN
  out_engTechID[66] = NaN
  out_engTechID[67] = NaN
  out_engTechID[68] = NaN
  out_engTechID[69] = NaN
  out_engTechID[70] = NaN
  out_engTechID[71] = NaN
  out_engTechID[72] = NaN
  out_engTechID[73] = NaN
  out_engTechID[74] = NaN
  out_engTechID[75] = NaN
  out_engTechID[76] = NaN
  out_engTechID[77] = NaN
  out_engTechID[78] = NaN
  out_engTechID[79] = NaN
  out_engTechID[80] = NaN
  out_engTechID[81] = NaN
  out_engTechID[82] = NaN
  out_engTechID[83] = NaN
  out_engTechID[84] = NaN
  out_engTechID[85] = NaN
  out_engTechID[86] = NaN
  out_engTechID[87] = NaN
  out_engTechID[88] = NaN
  out_engTechID[89] = NaN
  out_engTechID[90] = NaN
  out_engTechID[91] = NaN
  out_engTechID[92] = NaN
  out_engTechID[93] = NaN
  out_engTechID[94] = NaN
  out_engTechID[95] = NaN
  out_engTechID[96] = NaN
  out_engTechID[97] = NaN
  out_engTechID[98] = NaN
  out_engTechID[99] = NaN
  out_engTechID[100] = NaN
  out_engTechID[101] = NaN
  out_engTechID[102] = NaN
  out_engTechID[103] = NaN
  out_engTechID[104] = NaN
  out_engTechID[105] = NaN
  out_engTechID[106] = NaN
  out_engTechID[107] = NaN
  out_engTechID[108] = NaN
  out_engTechID[109] = NaN
  out_engTechID[110] = NaN
  out_engTechID[111] = NaN
  out_engTechID[112] = NaN
  out_engTechID[113] = NaN
  out_engTechID[114] = NaN
  out_engTechID[115] = NaN
  out_engTechID[116] = NaN
  out_engTechID[117] = NaN
  out_engTechID[118] = NaN
  out_engTechID[119] = NaN
  out_engTechID[120] = NaN
  out_engTechID[121] = NaN
  out_engTechID[122] = NaN
  out_engTechID[123] = NaN
  out_engTechID[124] = NaN
  out_engTechID[125] = NaN
  out_engTechID[126] = NaN
  out_engTechID[127] = NaN
  out_engTechID[128] = NaN
  out_engTechID[129] = NaN
  out_engTechID[130] = NaN
  out_engTechID[131] = NaN
  out_engTechID[132] = NaN
  out_engTechID[133] = NaN
  out_engTechID[134] = NaN
  out_engTechID[135] = NaN
  out_engTechID[136] = NaN
  out_engTechID[137] = NaN
  out_engTechID[138] = NaN
  out_engTechID[139] = NaN
  out_engTechID[140] = NaN
  out_engTechID[141] = NaN
  out_engTechID[142] = NaN
  out_engTechID[143] = NaN
  out_engTechID[144] = NaN
  out_engTechID[145] = NaN
  out_engTechID[146] = NaN
  out_engTechID[147] = NaN
  out_engTechID[148] = NaN
  out_engTechID[149] = NaN
  out_engTechID[150] = NaN
  out_engTechID[151] = NaN
  out_engTechID[152] = NaN
  out_engTechID[153] = NaN
  out_engTechID[154] = NaN
  out_engTechID[155] = NaN
  out_engTechID[156] = NaN
  out_engTechID[157] = NaN
  out_engTechID[158] = NaN
  out_engTechID[159] = NaN
  out_engTechID[160] = NaN
  out_engTechID[161] = NaN
  out_engTechID[162] = NaN
  out_engTechID[163] = NaN
  out_engTechID[164] = NaN
  out_engTechID[165] = NaN
  out_engTechID[166] = NaN
  out_engTechID[167] = NaN
  out_engTechID[168] = NaN
  out_sectorID[1] = NaN
  out_sectorID[2] = NaN
  out_sectorID[3] = NaN
  out_sectorID[4] = NaN
  out_sectorID[5] = NaN
  out_sectorID[6] = NaN
  out_sectorID[7] = NaN
  out_sectorID[8] = NaN
  out_sectorID[9] = NaN
  out_sectorID[10] = NaN
  out_sectorID[11] = NaN
  out_sectorID[12] = NaN
  out_sectorID[13] = NaN
  out_sectorID[14] = NaN
  out_sectorID[15] = NaN
  out_sectorID[16] = NaN
  out_sectorID[17] = NaN
  out_sectorID[18] = NaN
  out_sectorID[19] = NaN
  out_sectorID[20] = NaN
  out_sectorID[21] = NaN
  out_sectorID[22] = NaN
  out_sectorID[23] = NaN
  out_sectorID[24] = NaN
  out_sectorID[25] = NaN
  out_sectorID[26] = NaN
  out_sectorID[27] = NaN
  out_sectorID[28] = NaN
  out_sectorID[29] = NaN
  out_sectorID[30] = NaN
  out_sectorID[31] = NaN
  out_sectorID[32] = NaN
  out_sectorID[33] = NaN
  out_sectorID[34] = NaN
  out_sectorID[35] = NaN
  out_sectorID[36] = NaN
  out_sectorID[37] = NaN
  out_sectorID[38] = NaN
  out_sectorID[39] = NaN
  out_sectorID[40] = NaN
  out_sectorID[41] = NaN
  out_sectorID[42] = NaN
  out_sectorID[43] = NaN
  out_sectorID[44] = NaN
  out_sectorID[45] = NaN
  out_sectorID[46] = NaN
  out_sectorID[47] = NaN
  out_sectorID[48] = NaN
  out_sectorID[49] = NaN
  out_sectorID[50] = NaN
  out_sectorID[51] = NaN
  out_sectorID[52] = NaN
  out_sectorID[53] = NaN
  out_sectorID[54] = NaN
  out_sectorID[55] = NaN
  out_sectorID[56] = NaN
  out_sectorID[57] = NaN
  out_sectorID[58] = NaN
  out_sectorID[59] = NaN
  out_sectorID[60] = NaN
  out_sectorID[61] = NaN
  out_sectorID[62] = NaN
  out_sectorID[63] = NaN
  out_sectorID[64] = NaN
  out_sectorID[65] = NaN
  out_sectorID[66] = NaN
  out_sectorID[67] = NaN
  out_sectorID[68] = NaN
  out_sectorID[69] = NaN
  out_sectorID[70] = NaN
  out_sectorID[71] = NaN
  out_sectorID[72] = NaN
  out_sectorID[73] = NaN
  out_sectorID[74] = NaN
  out_sectorID[75] = NaN
  out_sectorID[76] = NaN
  out_sectorID[77] = NaN
  out_sectorID[78] = NaN
  out_sectorID[79] = NaN
  out_sectorID[80] = NaN
  out_sectorID[81] = NaN
  out_sectorID[82] = NaN
  out_sectorID[83] = NaN
  out_sectorID[84] = NaN
  out_sectorID[85] = NaN
  out_sectorID[86] = NaN
  out_sectorID[87] = NaN
  out_sectorID[88] = NaN
  out_sectorID[89] = NaN
  out_sectorID[90] = NaN
  out_sectorID[91] = NaN
  out_sectorID[92] = NaN
  out_sectorID[93] = NaN
  out_sectorID[94] = NaN
  out_sectorID[95] = NaN
  out_sectorID[96] = NaN
  out_sectorID[97] = NaN
  out_sectorID[98] = NaN
  out_sectorID[99] = NaN
  out_sectorID[100] = NaN
  out_sectorID[101] = NaN
  out_sectorID[102] = NaN
  out_sectorID[103] = NaN
  out_sectorID[104] = NaN
  out_sectorID[105] = NaN
  out_sectorID[106] = NaN
  out_sectorID[107] = NaN
  out_sectorID[108] = NaN
  out_sectorID[109] = NaN
  out_sectorID[110] = NaN
  out_sectorID[111] = NaN
  out_sectorID[112] = NaN
  out_sectorID[113] = NaN
  out_sectorID[114] = NaN
  out_sectorID[115] = NaN
  out_sectorID[116] = NaN
  out_sectorID[117] = NaN
  out_sectorID[118] = NaN
  out_sectorID[119] = NaN
  out_sectorID[120] = NaN
  out_sectorID[121] = NaN
  out_sectorID[122] = NaN
  out_sectorID[123] = NaN
  out_sectorID[124] = NaN
  out_sectorID[125] = NaN
  out_sectorID[126] = NaN
  out_sectorID[127] = NaN
  out_sectorID[128] = NaN
  out_sectorID[129] = NaN
  out_sectorID[130] = NaN
  out_sectorID[131] = NaN
  out_sectorID[132] = NaN
  out_sectorID[133] = NaN
  out_sectorID[134] = NaN
  out_sectorID[135] = NaN
  out_sectorID[136] = NaN
  out_sectorID[137] = NaN
  out_sectorID[138] = NaN
  out_sectorID[139] = NaN
  out_sectorID[140] = NaN
  out_sectorID[141] = NaN
  out_sectorID[142] = NaN
  out_sectorID[143] = NaN
  out_sectorID[144] = NaN
  out_sectorID[145] = NaN
  out_sectorID[146] = NaN
  out_sectorID[147] = NaN
  out_sectorID[148] = NaN
  out_sectorID[149] = NaN
  out_sectorID[150] = NaN
  out_sectorID[151] = NaN
  out_sectorID[152] = NaN
  out_sectorID[153] = NaN
  out_sectorID[154] = NaN
  out_sectorID[155] = NaN
  out_sectorID[156] = NaN
  out_sectorID[157] = NaN
  out_sectorID[158] = NaN
  out_sectorID[159] = NaN
  out_sectorID[160] = NaN
  out_sectorID[161] = NaN
  out_sectorID[162] = NaN
  out_sectorID[163] = NaN
  out_sectorID[164] = NaN
  out_sectorID[165] = NaN
  out_sectorID[166] = NaN
  out_sectorID[167] = NaN
  out_sectorID[168] = NaN
  out_hpID[1] = NaN
  out_hpID[2] = NaN
  out_hpID[3] = NaN
  out_hpID[4] = NaN
  out_hpID[5] = NaN
  out_hpID[6] = NaN
  out_hpID[7] = NaN
  out_hpID[8] = NaN
  out_hpID[9] = NaN
  out_hpID[10] = NaN
  out_hpID[11] = NaN
  out_hpID[12] = NaN
  out_hpID[13] = NaN
  out_hpID[14] = NaN
  out_hpID[15] = NaN
  out_hpID[16] = NaN
  out_hpID[17] = NaN
  out_hpID[18] = NaN
  out_hpID[19] = NaN
  out_hpID[20] = NaN
  out_hpID[21] = NaN
  out_hpID[22] = NaN
  out_hpID[23] = NaN
  out_hpID[24] = NaN
  out_hpID[25] = NaN
  out_hpID[26] = NaN
  out_hpID[27] = NaN
  out_hpID[28] = NaN
  out_hpID[29] = NaN
  out_hpID[30] = NaN
  out_hpID[31] = NaN
  out_hpID[32] = NaN
  out_hpID[33] = NaN
  out_hpID[34] = NaN
  out_hpID[35] = NaN
  out_hpID[36] = NaN
  out_hpID[37] = NaN
  out_hpID[38] = NaN
  out_hpID[39] = NaN
  out_hpID[40] = NaN
  out_hpID[41] = NaN
  out_hpID[42] = NaN
  out_hpID[43] = NaN
  out_hpID[44] = NaN
  out_hpID[45] = NaN
  out_hpID[46] = NaN
  out_hpID[47] = NaN
  out_hpID[48] = NaN
  out_hpID[49] = NaN
  out_hpID[50] = NaN
  out_hpID[51] = NaN
  out_hpID[52] = NaN
  out_hpID[53] = NaN
  out_hpID[54] = NaN
  out_hpID[55] = NaN
  out_hpID[56] = NaN
  out_hpID[57] = NaN
  out_hpID[58] = NaN
  out_hpID[59] = NaN
  out_hpID[60] = NaN
  out_hpID[61] = NaN
  out_hpID[62] = NaN
  out_hpID[63] = NaN
  out_hpID[64] = NaN
  out_hpID[65] = NaN
  out_hpID[66] = NaN
  out_hpID[67] = NaN
  out_hpID[68] = NaN
  out_hpID[69] = NaN
  out_hpID[70] = NaN
  out_hpID[71] = NaN
  out_hpID[72] = NaN
  out_hpID[73] = NaN
  out_hpID[74] = NaN
  out_hpID[75] = NaN
  out_hpID[76] = NaN
  out_hpID[77] = NaN
  out_hpID[78] = NaN
  out_hpID[79] = NaN
  out_hpID[80] = NaN
  out_hpID[81] = NaN
  out_hpID[82] = NaN
  out_hpID[83] = NaN
  out_hpID[84] = NaN
  out_hpID[85] = NaN
  out_hpID[86] = NaN
  out_hpID[87] = NaN
  out_hpID[88] = NaN
  out_hpID[89] = NaN
  out_hpID[90] = NaN
  out_hpID[91] = NaN
  out_hpID[92] = NaN
  out_hpID[93] = NaN
  out_hpID[94] = NaN
  out_hpID[95] = NaN
  out_hpID[96] = NaN
  out_hpID[97] = NaN
  out_hpID[98] = NaN
  out_hpID[99] = NaN
  out_hpID[100] = NaN
  out_hpID[101] = NaN
  out_hpID[102] = NaN
  out_hpID[103] = NaN
  out_hpID[104] = NaN
  out_hpID[105] = NaN
  out_hpID[106] = NaN
  out_hpID[107] = NaN
  out_hpID[108] = NaN
  out_hpID[109] = NaN
  out_hpID[110] = NaN
  out_hpID[111] = NaN
  out_hpID[112] = NaN
  out_hpID[113] = NaN
  out_hpID[114] = NaN
  out_hpID[115] = NaN
  out_hpID[116] = NaN
  out_hpID[117] = NaN
  out_hpID[118] = NaN
  out_hpID[119] = NaN
  out_hpID[120] = NaN
  out_hpID[121] = NaN
  out_hpID[122] = NaN
  out_hpID[123] = NaN
  out_hpID[124] = NaN
  out_hpID[125] = NaN
  out_hpID[126] = NaN
  out_hpID[127] = NaN
  out_hpID[128] = NaN
  out_hpID[129] = NaN
  out_hpID[130] = NaN
  out_hpID[131] = NaN
  out_hpID[132] = NaN
  out_hpID[133] = NaN
  out_hpID[134] = NaN
  out_hpID[135] = NaN
  out_hpID[136] = NaN
  out_hpID[137] = NaN
  out_hpID[138] = NaN
  out_hpID[139] = NaN
  out_hpID[140] = NaN
  out_hpID[141] = NaN
  out_hpID[142] = NaN
  out_hpID[143] = NaN
  out_hpID[144] = NaN
  out_hpID[145] = NaN
  out_hpID[146] = NaN
  out_hpID[147] = NaN
  out_hpID[148] = NaN
  out_hpID[149] = NaN
  out_hpID[150] = NaN
  out_hpID[151] = NaN
  out_hpID[152] = NaN
  out_hpID[153] = NaN
  out_hpID[154] = NaN
  out_hpID[155] = NaN
  out_hpID[156] = NaN
  out_hpID[157] = NaN
  out_hpID[158] = NaN
  out_hpID[159] = NaN
  out_hpID[160] = NaN
  out_hpID[161] = NaN
  out_hpID[162] = NaN
  out_hpID[163] = NaN
  out_hpID[164] = NaN
  out_hpID[165] = NaN
  out_hpID[166] = NaN
  out_hpID[167] = NaN
  out_hpID[168] = NaN
  out_modelYearID[1] = 2020
  out_modelYearID[2] = 2019
  out_modelYearID[3] = 2018
  out_modelYearID[4] = 2017
  out_modelYearID[5] = 2016
  out_modelYearID[6] = 2015
  out_modelYearID[7] = 2014
  out_modelYearID[8] = 2013
  out_modelYearID[9] = 2012
  out_modelYearID[10] = 2011
  out_modelYearID[11] = 2010
  out_modelYearID[12] = 2009
  out_modelYearID[13] = 2008
  out_modelYearID[14] = 2007
  out_modelYearID[15] = 2006
  out_modelYearID[16] = 2005
  out_modelYearID[17] = 2004
  out_modelYearID[18] = 2003
  out_modelYearID[19] = 2002
  out_modelYearID[20] = 2001
  out_modelYearID[21] = 2000
  out_modelYearID[22] = 1999
  out_modelYearID[23] = 1998
  out_modelYearID[24] = 1997
  out_modelYearID[25] = 1996
  out_modelYearID[26] = 1995
  out_modelYearID[27] = 1994
  out_modelYearID[28] = 1993
  out_modelYearID[29] = 1992
  out_modelYearID[30] = 1991
  out_modelYearID[31] = 1990
  out_modelYearID[32] = 1989
  out_modelYearID[33] = 1988
  out_modelYearID[34] = 1987
  out_modelYearID[35] = 1986
  out_modelYearID[36] = 1985
  out_modelYearID[37] = 1984
  out_modelYearID[38] = 1983
  out_modelYearID[39] = 1982
  out_modelYearID[40] = 1981
  out_modelYearID[41] = 1980
  out_modelYearID[42] = 2020
  out_modelYearID[43] = 2019
  out_modelYearID[44] = 2018
  out_modelYearID[45] = 2017
  out_modelYearID[46] = 2016
  out_modelYearID[47] = 2015
  out_modelYearID[48] = 2014
  out_modelYearID[49] = 2013
  out_modelYearID[50] = 2012
  out_modelYearID[51] = 2011
  out_modelYearID[52] = 2010
  out_modelYearID[53] = 2009
  out_modelYearID[54] = 2008
  out_modelYearID[55] = 2007
  out_modelYearID[56] = 2006
  out_modelYearID[57] = 2005
  out_modelYearID[58] = 2004
  out_modelYearID[59] = 2003
  out_modelYearID[60] = 2002
  out_modelYearID[61] = 2001
  out_modelYearID[62] = 2000
  out_modelYearID[63] = 1999
  out_modelYearID[64] = 1998
  out_modelYearID[65] = 2020
  out_modelYearID[66] = 2019
  out_modelYearID[67] = 2018
  out_modelYearID[68] = 2017
  out_modelYearID[69] = 2016
  out_modelYearID[70] = 2015
  out_modelYearID[71] = 2014
  out_modelYearID[72] = 2013
  out_modelYearID[73] = 2012
  out_modelYearID[74] = 2011
  out_modelYearID[75] = 2010
  out_modelYearID[76] = 2009
  out_modelYearID[77] = 2008
  out_modelYearID[78] = 2007
  out_modelYearID[79] = 2006
  out_modelYearID[80] = 2005
  out_modelYearID[81] = 2004
  out_modelYearID[82] = 2003
  out_modelYearID[83] = 2002
  out_modelYearID[84] = 2001
  out_modelYearID[85] = 2000
  out_modelYearID[86] = 1999
  out_modelYearID[87] = 1998
  out_modelYearID[88] = 1997
  out_modelYearID[89] = 1996
  out_modelYearID[90] = 1995
  out_modelYearID[91] = 1994
  out_modelYearID[92] = 1993
  out_modelYearID[93] = 1992
  out_modelYearID[94] = 1991
  out_modelYearID[95] = 1990
  out_modelYearID[96] = 1989
  out_modelYearID[97] = 1988
  out_modelYearID[98] = 1987
  out_modelYearID[99] = 1986
  out_modelYearID[100] = 1985
  out_modelYearID[101] = 1984
  out_modelYearID[102] = 1983
  out_modelYearID[103] = 1982
  out_modelYearID[104] = 1981
  out_modelYearID[105] = 1980
  out_modelYearID[106] = 2019
  out_modelYearID[107] = 2018
  out_modelYearID[108] = 2017
  out_modelYearID[109] = 2016
  out_modelYearID[110] = 2015
  out_modelYearID[111] = 2014
  out_modelYearID[112] = 2013
  out_modelYearID[113] = 2012
  out_modelYearID[114] = 2011
  out_modelYearID[115] = 2010
  out_modelYearID[116] = 2009
  out_modelYearID[117] = 2008
  out_modelYearID[118] = 2007
  out_modelYearID[119] = 2006
  out_modelYearID[120] = 2005
  out_modelYearID[121] = 2004
  out_modelYearID[122] = 2003
  out_modelYearID[123] = 2002
  out_modelYearID[124] = 2001
  out_modelYearID[125] = 2000
  out_modelYearID[126] = 1999
  out_modelYearID[127] = 1998
  out_modelYearID[128] = 1997
  out_modelYearID[129] = 1996
  out_modelYearID[130] = 1995
  out_modelYearID[131] = 1994
  out_modelYearID[132] = 1993
  out_modelYearID[133] = 1992
  out_modelYearID[134] = 1991
  out_modelYearID[135] = 1990
  out_modelYearID[136] = 1989
  out_modelYearID[137] = 1988
  out_modelYearID[138] = 1987
  out_modelYearID[139] = 1986
  out_modelYearID[140] = 1985
  out_modelYearID[141] = 1984
  out_modelYearID[142] = 1983
  out_modelYearID[143] = 1982
  out_modelYearID[144] = 1981
  out_modelYearID[145] = 1980
  out_modelYearID[146] = 2020
  out_modelYearID[147] = 2019
  out_modelYearID[148] = 2018
  out_modelYearID[149] = 2017
  out_modelYearID[150] = 2016
  out_modelYearID[151] = 2015
  out_modelYearID[152] = 2014
  out_modelYearID[153] = 2013
  out_modelYearID[154] = 2012
  out_modelYearID[155] = 2011
  out_modelYearID[156] = 2010
  out_modelYearID[157] = 2009
  out_modelYearID[158] = 2008
  out_modelYearID[159] = 2007
  out_modelYearID[160] = 2006
  out_modelYearID[161] = 2005
  out_modelYearID[162] = 2004
  out_modelYearID[163] = 2003
  out_modelYearID[164] = 2002
  out_modelYearID[165] = 2001
  out_modelYearID[166] = 2000
  out_modelYearID[167] = 1999
  out_modelYearID[168] = 1998
  out_fuelTypeID[1] = 1
  out_fuelTypeID[2] = 1
  out_fuelTypeID[3] = 1
  out_fuelTypeID[4] = 1
  out_fuelTypeID[5] = 1
  out_fuelTypeID[6] = 1
  out_fuelTypeID[7] = 1
  out_fuelTypeID[8] = 1
  out_fuelTypeID[9] = 1
  out_fuelTypeID[10] = 1
  out_fuelTypeID[11] = 1
  out_fuelTypeID[12] = 1
  out_fuelTypeID[13] = 1
  out_fuelTypeID[14] = 1
  out_fuelTypeID[15] = 1
  out_fuelTypeID[16] = 1
  out_fuelTypeID[17] = 1
  out_fuelTypeID[18] = 1
  out_fuelTypeID[19] = 1
  out_fuelTypeID[20] = 1
  out_fuelTypeID[21] = 1
  out_fuelTypeID[22] = 1
  out_fuelTypeID[23] = 1
  out_fuelTypeID[24] = 1
  out_fuelTypeID[25] = 1
  out_fuelTypeID[26] = 1
  out_fuelTypeID[27] = 1
  out_fuelTypeID[28] = 1
  out_fuelTypeID[29] = 1
  out_fuelTypeID[30] = 1
  out_fuelTypeID[31] = 1
  out_fuelTypeID[32] = 1
  out_fuelTypeID[33] = 1
  out_fuelTypeID[34] = 1
  out_fuelTypeID[35] = 1
  out_fuelTypeID[36] = 1
  out_fuelTypeID[37] = 1
  out_fuelTypeID[38] = 1
  out_fuelTypeID[39] = 1
  out_fuelTypeID[40] = 1
  out_fuelTypeID[41] = 1
  out_fuelTypeID[42] = 5
  out_fuelTypeID[43] = 5
  out_fuelTypeID[44] = 5
  out_fuelTypeID[45] = 5
  out_fuelTypeID[46] = 5
  out_fuelTypeID[47] = 5
  out_fuelTypeID[48] = 5
  out_fuelTypeID[49] = 5
  out_fuelTypeID[50] = 5
  out_fuelTypeID[51] = 5
  out_fuelTypeID[52] = 5
  out_fuelTypeID[53] = 5
  out_fuelTypeID[54] = 5
  out_fuelTypeID[55] = 5
  out_fuelTypeID[56] = 5
  out_fuelTypeID[57] = 5
  out_fuelTypeID[58] = 5
  out_fuelTypeID[59] = 5
  out_fuelTypeID[60] = 5
  out_fuelTypeID[61] = 5
  out_fuelTypeID[62] = 5
  out_fuelTypeID[63] = 5
  out_fuelTypeID[64] = 5
  out_fuelTypeID[65] = 1
  out_fuelTypeID[66] = 1
  out_fuelTypeID[67] = 1
  out_fuelTypeID[68] = 1
  out_fuelTypeID[69] = 1
  out_fuelTypeID[70] = 1
  out_fuelTypeID[71] = 1
  out_fuelTypeID[72] = 1
  out_fuelTypeID[73] = 1
  out_fuelTypeID[74] = 1
  out_fuelTypeID[75] = 1
  out_fuelTypeID[76] = 1
  out_fuelTypeID[77] = 1
  out_fuelTypeID[78] = 1
  out_fuelTypeID[79] = 1
  out_fuelTypeID[80] = 1
  out_fuelTypeID[81] = 1
  out_fuelTypeID[82] = 1
  out_fuelTypeID[83] = 1
  out_fuelTypeID[84] = 1
  out_fuelTypeID[85] = 1
  out_fuelTypeID[86] = 1
  out_fuelTypeID[87] = 1
  out_fuelTypeID[88] = 1
  out_fuelTypeID[89] = 1
  out_fuelTypeID[90] = 1
  out_fuelTypeID[91] = 1
  out_fuelTypeID[92] = 1
  out_fuelTypeID[93] = 1
  out_fuelTypeID[94] = 1
  out_fuelTypeID[95] = 1
  out_fuelTypeID[96] = 1
  out_fuelTypeID[97] = 1
  out_fuelTypeID[98] = 1
  out_fuelTypeID[99] = 1
  out_fuelTypeID[100] = 1
  out_fuelTypeID[101] = 1
  out_fuelTypeID[102] = 1
  out_fuelTypeID[103] = 1
  out_fuelTypeID[104] = 1
  out_fuelTypeID[105] = 1
  out_fuelTypeID[106] = 2
  out_fuelTypeID[107] = 2
  out_fuelTypeID[108] = 2
  out_fuelTypeID[109] = 2
  out_fuelTypeID[110] = 2
  out_fuelTypeID[111] = 2
  out_fuelTypeID[112] = 2
  out_fuelTypeID[113] = 2
  out_fuelTypeID[114] = 2
  out_fuelTypeID[115] = 2
  out_fuelTypeID[116] = 2
  out_fuelTypeID[117] = 2
  out_fuelTypeID[118] = 2
  out_fuelTypeID[119] = 2
  out_fuelTypeID[120] = 2
  out_fuelTypeID[121] = 2
  out_fuelTypeID[122] = 2
  out_fuelTypeID[123] = 2
  out_fuelTypeID[124] = 2
  out_fuelTypeID[125] = 2
  out_fuelTypeID[126] = 2
  out_fuelTypeID[127] = 2
  out_fuelTypeID[128] = 2
  out_fuelTypeID[129] = 2
  out_fuelTypeID[130] = 2
  out_fuelTypeID[131] = 2
  out_fuelTypeID[132] = 2
  out_fuelTypeID[133] = 2
  out_fuelTypeID[134] = 2
  out_fuelTypeID[135] = 2
  out_fuelTypeID[136] = 2
  out_fuelTypeID[137] = 2
  out_fuelTypeID[138] = 2
  out_fuelTypeID[139] = 2
  out_fuelTypeID[140] = 2
  out_fuelTypeID[141] = 2
  out_fuelTypeID[142] = 2
  out_fuelTypeID[143] = 2
  out_fuelTypeID[144] = 2
  out_fuelTypeID[145] = 2
  out_fuelTypeID[146] = 5
  out_fuelTypeID[147] = 5
  out_fuelTypeID[148] = 5
  out_fuelTypeID[149] = 5
  out_fuelTypeID[150] = 5
  out_fuelTypeID[151] = 5
  out_fuelTypeID[152] = 5
  out_fuelTypeID[153] = 5
  out_fuelTypeID[154] = 5
  out_fuelTypeID[155] = 5
  out_fuelTypeID[156] = 5
  out_fuelTypeID[157] = 5
  out_fuelTypeID[158] = 5
  out_fuelTypeID[159] = 5
  out_fuelTypeID[160] = 5
  out_fuelTypeID[161] = 5
  out_fuelTypeID[162] = 5
  out_fuelTypeID[163] = 5
  out_fuelTypeID[164] = 5
  out_fuelTypeID[165] = 5
  out_fuelTypeID[166] = 5
  out_fuelTypeID[167] = 5
  out_fuelTypeID[168] = 5
  out_pollutantID[1] = 1
  out_pollutantID[2] = 1
  out_pollutantID[3] = 1
  out_pollutantID[4] = 1
  out_pollutantID[5] = 1
  out_pollutantID[6] = 1
  out_pollutantID[7] = 1
  out_pollutantID[8] = 1
  out_pollutantID[9] = 1
  out_pollutantID[10] = 1
  out_pollutantID[11] = 1
  out_pollutantID[12] = 1
  out_pollutantID[13] = 1
  out_pollutantID[14] = 1
  out_pollutantID[15] = 1
  out_pollutantID[16] = 1
  out_pollutantID[17] = 1
  out_pollutantID[18] = 1
  out_pollutantID[19] = 1
  out_pollutantID[20] = 1
  out_pollutantID[21] = 1
  out_pollutantID[22] = 1
  out_pollutantID[23] = 1
  out_pollutantID[24] = 1
  out_pollutantID[25] = 1
  out_pollutantID[26] = 1
  out_pollutantID[27] = 1
  out_pollutantID[28] = 1
  out_pollutantID[29] = 1
  out_pollutantID[30] = 1
  out_pollutantID[31] = 1
  out_pollutantID[32] = 1
  out_pollutantID[33] = 1
  out_pollutantID[34] = 1
  out_pollutantID[35] = 1
  out_pollutantID[36] = 1
  out_pollutantID[37] = 1
  out_pollutantID[38] = 1
  out_pollutantID[39] = 1
  out_pollutantID[40] = 1
  out_pollutantID[41] = 1
  out_pollutantID[42] = 1
  out_pollutantID[43] = 1
  out_pollutantID[44] = 1
  out_pollutantID[45] = 1
  out_pollutantID[46] = 1
  out_pollutantID[47] = 1
  out_pollutantID[48] = 1
  out_pollutantID[49] = 1
  out_pollutantID[50] = 1
  out_pollutantID[51] = 1
  out_pollutantID[52] = 1
  out_pollutantID[53] = 1
  out_pollutantID[54] = 1
  out_pollutantID[55] = 1
  out_pollutantID[56] = 1
  out_pollutantID[57] = 1
  out_pollutantID[58] = 1
  out_pollutantID[59] = 1
  out_pollutantID[60] = 1
  out_pollutantID[61] = 1
  out_pollutantID[62] = 1
  out_pollutantID[63] = 1
  out_pollutantID[64] = 1
  out_pollutantID[65] = 1
  out_pollutantID[66] = 1
  out_pollutantID[67] = 1
  out_pollutantID[68] = 1
  out_pollutantID[69] = 1
  out_pollutantID[70] = 1
  out_pollutantID[71] = 1
  out_pollutantID[72] = 1
  out_pollutantID[73] = 1
  out_pollutantID[74] = 1
  out_pollutantID[75] = 1
  out_pollutantID[76] = 1
  out_pollutantID[77] = 1
  out_pollutantID[78] = 1
  out_pollutantID[79] = 1
  out_pollutantID[80] = 1
  out_pollutantID[81] = 1
  out_pollutantID[82] = 1
  out_pollutantID[83] = 1
  out_pollutantID[84] = 1
  out_pollutantID[85] = 1
  out_pollutantID[86] = 1
  out_pollutantID[87] = 1
  out_pollutantID[88] = 1
  out_pollutantID[89] = 1
  out_pollutantID[90] = 1
  out_pollutantID[91] = 1
  out_pollutantID[92] = 1
  out_pollutantID[93] = 1
  out_pollutantID[94] = 1
  out_pollutantID[95] = 1
  out_pollutantID[96] = 1
  out_pollutantID[97] = 1
  out_pollutantID[98] = 1
  out_pollutantID[99] = 1
  out_pollutantID[100] = 1
  out_pollutantID[101] = 1
  out_pollutantID[102] = 1
  out_pollutantID[103] = 1
  out_pollutantID[104] = 1
  out_pollutantID[105] = 1
  out_pollutantID[106] = 1
  out_pollutantID[107] = 1
  out_pollutantID[108] = 1
  out_pollutantID[109] = 1
  out_pollutantID[110] = 1
  out_pollutantID[111] = 1
  out_pollutantID[112] = 1
  out_pollutantID[113] = 1
  out_pollutantID[114] = 1
  out_pollutantID[115] = 1
  out_pollutantID[116] = 1
  out_pollutantID[117] = 1
  out_pollutantID[118] = 1
  out_pollutantID[119] = 1
  out_pollutantID[120] = 1
  out_pollutantID[121] = 1
  out_pollutantID[122] = 1
  out_pollutantID[123] = 1
  out_pollutantID[124] = 1
  out_pollutantID[125] = 1
  out_pollutantID[126] = 1
  out_pollutantID[127] = 1
  out_pollutantID[128] = 1
  out_pollutantID[129] = 1
  out_pollutantID[130] = 1
  out_pollutantID[131] = 1
  out_pollutantID[132] = 1
  out_pollutantID[133] = 1
  out_pollutantID[134] = 1
  out_pollutantID[135] = 1
  out_pollutantID[136] = 1
  out_pollutantID[137] = 1
  out_pollutantID[138] = 1
  out_pollutantID[139] = 1
  out_pollutantID[140] = 1
  out_pollutantID[141] = 1
  out_pollutantID[142] = 1
  out_pollutantID[143] = 1
  out_pollutantID[144] = 1
  out_pollutantID[145] = 1
  out_pollutantID[146] = 1
  out_pollutantID[147] = 1
  out_pollutantID[148] = 1
  out_pollutantID[149] = 1
  out_pollutantID[150] = 1
  out_pollutantID[151] = 1
  out_pollutantID[152] = 1
  out_pollutantID[153] = 1
  out_pollutantID[154] = 1
  out_pollutantID[155] = 1
  out_pollutantID[156] = 1
  out_pollutantID[157] = 1
  out_pollutantID[158] = 1
  out_pollutantID[159] = 1
  out_pollutantID[160] = 1
  out_pollutantID[161] = 1
  out_pollutantID[162] = 1
  out_pollutantID[163] = 1
  out_pollutantID[164] = 1
  out_pollutantID[165] = 1
  out_pollutantID[166] = 1
  out_pollutantID[167] = 1
  out_pollutantID[168] = 1
  out_processID[1] = 18
  out_processID[2] = 18
  out_processID[3] = 18
  out_processID[4] = 18
  out_processID[5] = 18
  out_processID[6] = 18
  out_processID[7] = 18
  out_processID[8] = 18
  out_processID[9] = 18
  out_processID[10] = 18
  out_processID[11] = 18
  out_processID[12] = 18
  out_processID[13] = 18
  out_processID[14] = 18
  out_processID[15] = 18
  out_processID[16] = 18
  out_processID[17] = 18
  out_processID[18] = 18
  out_processID[19] = 18
  out_processID[20] = 18
  out_processID[21] = 18
  out_processID[22] = 18
  out_processID[23] = 18
  out_processID[24] = 18
  out_processID[25] = 18
  out_processID[26] = 18
  out_processID[27] = 18
  out_processID[28] = 18
  out_processID[29] = 18
  out_processID[30] = 18
  out_processID[31] = 18
  out_processID[32] = 18
  out_processID[33] = 18
  out_processID[34] = 18
  out_processID[35] = 18
  out_processID[36] = 18
  out_processID[37] = 18
  out_processID[38] = 18
  out_processID[39] = 18
  out_processID[40] = 18
  out_processID[41] = 18
  out_processID[42] = 18
  out_processID[43] = 18
  out_processID[44] = 18
  out_processID[45] = 18
  out_processID[46] = 18
  out_processID[47] = 18
  out_processID[48] = 18
  out_processID[49] = 18
  out_processID[50] = 18
  out_processID[51] = 18
  out_processID[52] = 18
  out_processID[53] = 18
  out_processID[54] = 18
  out_processID[55] = 18
  out_processID[56] = 18
  out_processID[57] = 18
  out_processID[58] = 18
  out_processID[59] = 18
  out_processID[60] = 18
  out_processID[61] = 18
  out_processID[62] = 18
  out_processID[63] = 18
  out_processID[64] = 18
  out_processID[65] = 19
  out_processID[66] = 19
  out_processID[67] = 19
  out_processID[68] = 19
  out_processID[69] = 19
  out_processID[70] = 19
  out_processID[71] = 19
  out_processID[72] = 19
  out_processID[73] = 19
  out_processID[74] = 19
  out_processID[75] = 19
  out_processID[76] = 19
  out_processID[77] = 19
  out_processID[78] = 19
  out_processID[79] = 19
  out_processID[80] = 19
  out_processID[81] = 19
  out_processID[82] = 19
  out_processID[83] = 19
  out_processID[84] = 19
  out_processID[85] = 19
  out_processID[86] = 19
  out_processID[87] = 19
  out_processID[88] = 19
  out_processID[89] = 19
  out_processID[90] = 19
  out_processID[91] = 19
  out_processID[92] = 19
  out_processID[93] = 19
  out_processID[94] = 19
  out_processID[95] = 19
  out_processID[96] = 19
  out_processID[97] = 19
  out_processID[98] = 19
  out_processID[99] = 19
  out_processID[100] = 19
  out_processID[101] = 19
  out_processID[102] = 19
  out_processID[103] = 19
  out_processID[104] = 19
  out_processID[105] = 19
  out_processID[106] = 19
  out_processID[107] = 19
  out_processID[108] = 19
  out_processID[109] = 19
  out_processID[110] = 19
  out_processID[111] = 19
  out_processID[112] = 19
  out_processID[113] = 19
  out_processID[114] = 19
  out_processID[115] = 19
  out_processID[116] = 19
  out_processID[117] = 19
  out_processID[118] = 19
  out_processID[119] = 19
  out_processID[120] = 19
  out_processID[121] = 19
  out_processID[122] = 19
  out_processID[123] = 19
  out_processID[124] = 19
  out_processID[125] = 19
  out_processID[126] = 19
  out_processID[127] = 19
  out_processID[128] = 19
  out_processID[129] = 19
  out_processID[130] = 19
  out_processID[131] = 19
  out_processID[132] = 19
  out_processID[133] = 19
  out_processID[134] = 19
  out_processID[135] = 19
  out_processID[136] = 19
  out_processID[137] = 19
  out_processID[138] = 19
  out_processID[139] = 19
  out_processID[140] = 19
  out_processID[141] = 19
  out_processID[142] = 19
  out_processID[143] = 19
  out_processID[144] = 19
  out_processID[145] = 19
  out_processID[146] = 19
  out_processID[147] = 19
  out_processID[148] = 19
  out_processID[149] = 19
  out_processID[150] = 19
  out_processID[151] = 19
  out_processID[152] = 19
  out_processID[153] = 19
  out_processID[154] = 19
  out_processID[155] = 19
  out_processID[156] = 19
  out_processID[157] = 19
  out_processID[158] = 19
  out_processID[159] = 19
  out_processID[160] = 19
  out_processID[161] = 19
  out_processID[162] = 19
  out_processID[163] = 19
  out_processID[164] = 19
  out_processID[165] = 19
  out_processID[166] = 19
  out_processID[167] = 19
  out_processID[168] = 19
  out_emissionQuant[1] = 2.8123389854410377
  out_emissionQuant[2] = 5.419817619031713
  out_emissionQuant[3] = 7.8343751192750295
  out_emissionQuant[4] = 11.74090345675578
  out_emissionQuant[5] = 14.089048547509938
  out_emissionQuant[6] = 18.665612300011
  out_emissionQuant[7] = 20.85330034915226
  out_emissionQuant[8] = 24.670599991933262
  out_emissionQuant[9] = 24.330948069350264
  out_emissionQuant[10] = 21.483969796624105
  out_emissionQuant[11] = 22.957732886110236
  out_emissionQuant[12] = 21.998982128381677
  out_emissionQuant[13] = 29.937038909333683
  out_emissionQuant[14] = 34.65180740073986
  out_emissionQuant[15] = 31.543221161636318
  out_emissionQuant[16] = 29.793221319321663
  out_emissionQuant[17] = 25.432507429744085
  out_emissionQuant[18] = 24.27119470200856
  out_emissionQuant[19] = 20.346655995305817
  out_emissionQuant[20] = 17.11632914297898
  out_emissionQuant[21] = 14.718552286546844
  out_emissionQuant[22] = 23.866575190621962
  out_emissionQuant[23] = 38.23953257385005
  out_emissionQuant[24] = 45.58426441743036
  out_emissionQuant[25] = 33.81408414191865
  out_emissionQuant[26] = 31.148307917423022
  out_emissionQuant[27] = 23.079610362138
  out_emissionQuant[28] = 18.720690404004856
  out_emissionQuant[29] = 16.03655840661865
  out_emissionQuant[30] = 15.372074734921615
  out_emissionQuant[31] = 13.453825188443577
  out_emissionQuant[32] = 13.049550743767625
  out_emissionQuant[33] = 11.5910555830515
  out_emissionQuant[34] = 11.27542103537829
  out_emissionQuant[35] = 9.88707568570655
  out_emissionQuant[36] = 8.414095665859787
  out_emissionQuant[37] = 6.697322445566334
  out_emissionQuant[38] = 4.929583764321178
  out_emissionQuant[39] = 3.417747912382606
  out_emissionQuant[40] = 2.9501468411377707
  out_emissionQuant[41] = 39.5602412133477
  out_emissionQuant[42] = 0.0012904125827849964
  out_emissionQuant[43] = 0.0038606742697690306
  out_emissionQuant[44] = 0.0046866944295605945
  out_emissionQuant[45] = 0.0044828824837935145
  out_emissionQuant[46] = 0.01038391193911007
  out_emissionQuant[47] = 0.014485366494268436
  out_emissionQuant[48] = 0.02077671761104752
  out_emissionQuant[49] = 0.027575544687018665
  out_emissionQuant[50] = 0.02801558920299158
  out_emissionQuant[51] = 0.04409232186439237
  out_emissionQuant[52] = 0.029634101454527665
  out_emissionQuant[53] = 0.024012904299961203
  out_emissionQuant[54] = 0.036645665737704856
  out_emissionQuant[55] = 0.024940124798058655
  out_emissionQuant[56] = 0.026801257028875827
  out_emissionQuant[57] = 0.009858637175585118
  out_emissionQuant[58] = 0.005761750287422496
  out_emissionQuant[59] = 0.008213672750048135
  out_emissionQuant[60] = 0.0038442886367604135
  out_emissionQuant[61] = 0.0038281732378773557
  out_emissionQuant[62] = 0.0043676195617680935
  out_emissionQuant[63] = 0.009587690810520157
  out_emissionQuant[64] = 0.008171148027966873
  out_emissionQuant[65] = 12.075139688181741
  out_emissionQuant[66] = 14.74991296313843
  out_emissionQuant[67] = 15.606584988066102
  out_emissionQuant[68] = 18.444999823549367
  out_emissionQuant[69] = 18.738939383618593
  out_emissionQuant[70] = 21.057688926552135
  out_emissionQuant[71] = 20.425431403486822
  out_emissionQuant[72] = 21.350730898661062
  out_emissionQuant[73] = 18.86066986397263
  out_emissionQuant[74] = 15.080909982208489
  out_emissionQuant[75] = 14.908547425983352
  out_emissionQuant[76] = 13.138048177696385
  out_emissionQuant[77] = 16.54901234749235
  out_emissionQuant[78] = 17.82925305703948
  out_emissionQuant[79] = 15.179015071986528
  out_emissionQuant[80] = 13.465101421827825
  out_emissionQuant[81] = 10.924857336680487
  out_emissionQuant[82] = 9.856351122766071
  out_emissionQuant[83] = 7.834564983528764
  out_emissionQuant[84] = 6.266088092175621
  out_emissionQuant[85] = 5.388290003445436
  out_emissionQuant[86] = 3.9280298560817433
  out_emissionQuant[87] = 2.995716947704355
  out_emissionQuant[88] = 2.3432418471317096
  out_emissionQuant[89] = 1.7382001880780384
  out_emissionQuant[90] = 3.2023339418652834
  out_emissionQuant[91] = 2.3727972583178083
  out_emissionQuant[92] = 1.9246599993434332
  out_emissionQuant[93] = 1.6487064219464231
  out_emissionQuant[94] = 1.580391359011642
  out_emissionQuant[95] = 1.3831775762296168
  out_emissionQuant[96] = 1.3416144268140304
  out_emissionQuant[97] = 1.1916676441640817
  out_emissionQuant[98] = 1.159217495413824
  out_emissionQuant[99] = 1.016482761698232
  out_emissionQuant[100] = 0.865046801653474
  out_emissionQuant[101] = 0.6885466473463463
  out_emissionQuant[102] = 0.5068067726055717
  out_emissionQuant[103] = 0.35137607389709924
  out_emissionQuant[104] = 0.30330236197445853
  out_emissionQuant[105] = 4.067158431903744
  out_emissionQuant[106] = 0.0010042051436006056
  out_emissionQuant[107] = 0.01181338918180597
  out_emissionQuant[108] = 0.014514006769728156
  out_emissionQuant[109] = 0.013840226983149897
  out_emissionQuant[110] = 0.1839850543304866
  out_emissionQuant[111] = 0.23258960005809698
  out_emissionQuant[112] = 0.2455505689374855
  out_emissionQuant[113] = 0.20177150407741193
  out_emissionQuant[114] = 0.1740257370736547
  out_emissionQuant[115] = 0.15490563175742728
  out_emissionQuant[116] = 0.10002177801839951
  out_emissionQuant[117] = 0.011084213511384222
  out_emissionQuant[118] = 0.007889205409250132
  out_emissionQuant[119] = 0.10017938033763374
  out_emissionQuant[120] = 0.06265851816721063
  out_emissionQuant[121] = 0.03494769275240809
  out_emissionQuant[122] = 0.03882137368111235
  out_emissionQuant[123] = 0.034473719576151717
  out_emissionQuant[124] = 0.01988323101683663
  out_emissionQuant[125] = 0.01621761452773751
  out_emissionQuant[126] = 0.007178125081867653
  out_emissionQuant[127] = 0.00648835797331301
  out_emissionQuant[128] = 0.002092920519002733
  out_emissionQuant[129] = 0.00209636697384524
  out_emissionQuant[130] = 0.0029638337043431783
  out_emissionQuant[131] = 0.0003469439220307226
  out_emissionQuant[132] = 0.0013152310368221471
  out_emissionQuant[133] = 0.0018702484868918473
  out_emissionQuant[134] = 0.004466866984888672
  out_emissionQuant[135] = 0.001402671324388248
  out_emissionQuant[136] = 0.001168049664026824
  out_emissionQuant[137] = 0.0002987815780980254
  out_emissionQuant[138] = 0.014434005077671098
  out_emissionQuant[139] = 0.008675725953154733
  out_emissionQuant[140] = 0.013115067833813705
  out_emissionQuant[141] = 0.014626289168555975
  out_emissionQuant[142] = 0.02130262596737413
  out_emissionQuant[143] = 0.024047776506629783
  out_emissionQuant[144] = 0.013985330097790823
  out_emissionQuant[145] = 0.12059057809010634
  out_emissionQuant[146] = 0.0055405526407666045
  out_emissionQuant[147] = 0.010659547782050322
  out_emissionQuant[148] = 0.009536333631616961
  out_emissionQuant[149] = 0.007221913511146928
  out_emissionQuant[150] = 0.014194554463656204
  out_emissionQuant[151] = 0.016827431139920364
  out_emissionQuant[152] = 0.020984562346049444
  out_emissionQuant[153] = 0.024634833941864897
  out_emissionQuant[154] = 0.02243672530218336
  out_emissionQuant[155] = 0.0319990616646166
  out_emissionQuant[156] = 0.019905570857979914
  out_emissionQuant[157] = 0.014841003985110745
  out_emissionQuant[158] = 0.02097288869637916
  out_emissionQuant[159] = 0.013290312727795841
  out_emissionQuant[160] = 0.013361606719528563
  out_emissionQuant[161] = 0.0046173743459166664
  out_emissionQuant[162] = 0.0025654228128070295
  out_emissionQuant[163] = 0.003458093102295679
  out_emissionQuant[164] = 0.0015349650430154984
  out_emissionQuant[165] = 0.001453503208298074
  out_emissionQuant[166] = 0.0016583233441063868
  out_emissionQuant[167] = 0.0016397046938141982
  out_emissionQuant[168] = 0.000665722523053729
  out_refuelingRate[1] = 0.0361
  out_refuelingRate[2] = 0.056954351734097845
  out_refuelingRate[3] = 0.07780870346819568
  out_refuelingRate[4] = 0.09866305520229354
  out_refuelingRate[5] = 0.11653821383152026
  out_refuelingRate[6] = 0.1373925655656181
  out_refuelingRate[7] = 0.15824691729971596
  out_refuelingRate[8] = 0.1791012690338138
  out_refuelingRate[9] = 0.19995562076791165
  out_refuelingRate[10] = 0.22080997250200948
  out_refuelingRate[11] = 0.2386851311312359
  out_refuelingRate[12] = 0.25953948286533374
  out_refuelingRate[13] = 0.28039383459943157
  out_refuelingRate[14] = 0.30124818633352946
  out_refuelingRate[15] = 0.3221025380676273
  out_refuelingRate[16] = 0.3429568898017251
  out_refuelingRate[17] = 0.36083204843095185
  out_refuelingRate[18] = 0.3816864001650497
  out_refuelingRate[19] = 0.40254075189914756
  out_refuelingRate[20] = 0.4233951036332454
  out_refuelingRate[21] = 0.4233951036332454
  out_refuelingRate[22] = 0.9417747038808201
  out_refuelingRate[23] = 1.978533904375969
  out_refuelingRate[24] = 3.0152931048711182
  out_refuelingRate[25] = 3.0152931048711182
  out_refuelingRate[26] = 3.0152931048711182
  out_refuelingRate[27] = 3.0152931048711182
  out_refuelingRate[28] = 3.0152931048711182
  out_refuelingRate[29] = 3.0152931048711182
  out_refuelingRate[30] = 3.0152931048711182
  out_refuelingRate[31] = 3.0152931048711182
  out_refuelingRate[32] = 3.0152931048711182
  out_refuelingRate[33] = 3.0152931048711182
  out_refuelingRate[34] = 3.0152931048711182
  out_refuelingRate[35] = 3.0152931048711182
  out_refuelingRate[36] = 3.0152931048711182
  out_refuelingRate[37] = 3.0152931048711182
  out_refuelingRate[38] = 3.0152931048711182
  out_refuelingRate[39] = 3.0152931048711182
  out_refuelingRate[40] = 3.0152931048711182
  out_refuelingRate[41] = 3.0152931048711182
  out_refuelingRate[42] = 0.0361
  out_refuelingRate[43] = 0.056137889153408255
  out_refuelingRate[44] = 0.07617577830681652
  out_refuelingRate[45] = 0.09621366746022478
  out_refuelingRate[46] = 0.113389001020289
  out_refuelingRate[47] = 0.13342689017369727
  out_refuelingRate[48] = 0.15346477932710553
  out_refuelingRate[49] = 0.17350266848051377
  out_refuelingRate[50] = 0.19354055763392203
  out_refuelingRate[51] = 0.2135784467873303
  out_refuelingRate[52] = 0.2307537803473942
  out_refuelingRate[53] = 0.25079166950080245
  out_refuelingRate[54] = 0.2708295586542107
  out_refuelingRate[55] = 0.290867447807619
  out_refuelingRate[56] = 0.31090533696102723
  out_refuelingRate[57] = 0.3309432261144355
  out_refuelingRate[58] = 0.34811855967449973
  out_refuelingRate[59] = 0.368156448827908
  out_refuelingRate[60] = 0.38819433798131625
  out_refuelingRate[61] = 0.4082322271347245
  out_refuelingRate[62] = 0.4082322271347245
  out_refuelingRate[63] = 0.9063169003765866
  out_refuelingRate[64] = 1.9024862468603105
  out_refuelingRate[65] = 0.155
  out_refuelingRate[66] = 0.155
  out_refuelingRate[67] = 0.155
  out_refuelingRate[68] = 0.155
  out_refuelingRate[69] = 0.155
  out_refuelingRate[70] = 0.155
  out_refuelingRate[71] = 0.155
  out_refuelingRate[72] = 0.155
  out_refuelingRate[73] = 0.155
  out_refuelingRate[74] = 0.155
  out_refuelingRate[75] = 0.155
  out_refuelingRate[76] = 0.155
  out_refuelingRate[77] = 0.155
  out_refuelingRate[78] = 0.155
  out_refuelingRate[79] = 0.155
  out_refuelingRate[80] = 0.155
  out_refuelingRate[81] = 0.155
  out_refuelingRate[82] = 0.155
  out_refuelingRate[83] = 0.155
  out_refuelingRate[84] = 0.155
  out_refuelingRate[85] = 0.155
  out_refuelingRate[86] = 0.155
  out_refuelingRate[87] = 0.155
  out_refuelingRate[88] = 0.155
  out_refuelingRate[89] = 0.155
  out_refuelingRate[90] = 0.31
  out_refuelingRate[91] = 0.31
  out_refuelingRate[92] = 0.31
  out_refuelingRate[93] = 0.31
  out_refuelingRate[94] = 0.31
  out_refuelingRate[95] = 0.31
  out_refuelingRate[96] = 0.31
  out_refuelingRate[97] = 0.31
  out_refuelingRate[98] = 0.31
  out_refuelingRate[99] = 0.31
  out_refuelingRate[100] = 0.31
  out_refuelingRate[101] = 0.31
  out_refuelingRate[102] = 0.31
  out_refuelingRate[103] = 0.31
  out_refuelingRate[104] = 0.31
  out_refuelingRate[105] = 0.31
  out_refuelingRate[106] = 0.155
  out_refuelingRate[107] = 0.155
  out_refuelingRate[108] = 0.155
  out_refuelingRate[109] = 0.155
  out_refuelingRate[110] = 0.155
  out_refuelingRate[111] = 0.155
  out_refuelingRate[112] = 0.155
  out_refuelingRate[113] = 0.155
  out_refuelingRate[114] = 0.155
  out_refuelingRate[115] = 0.155
  out_refuelingRate[116] = 0.155
  out_refuelingRate[117] = 0.155
  out_refuelingRate[118] = 0.155
  out_refuelingRate[119] = 0.155
  out_refuelingRate[120] = 0.155
  out_refuelingRate[121] = 0.155
  out_refuelingRate[122] = 0.155
  out_refuelingRate[123] = 0.155
  out_refuelingRate[124] = 0.155
  out_refuelingRate[125] = 0.155
  out_refuelingRate[126] = 0.155
  out_refuelingRate[127] = 0.155
  out_refuelingRate[128] = 0.155
  out_refuelingRate[129] = 0.155
  out_refuelingRate[130] = 0.31
  out_refuelingRate[131] = 0.31
  out_refuelingRate[132] = 0.31
  out_refuelingRate[133] = 0.31
  out_refuelingRate[134] = 0.31
  out_refuelingRate[135] = 0.31
  out_refuelingRate[136] = 0.31
  out_refuelingRate[137] = 0.31
  out_refuelingRate[138] = 0.31
  out_refuelingRate[139] = 0.31
  out_refuelingRate[140] = 0.31
  out_refuelingRate[141] = 0.31
  out_refuelingRate[142] = 0.31
  out_refuelingRate[143] = 0.31
  out_refuelingRate[144] = 0.31
  out_refuelingRate[145] = 0.31
  out_refuelingRate[146] = 0.155
  out_refuelingRate[147] = 0.155
  out_refuelingRate[148] = 0.155
  out_refuelingRate[149] = 0.155
  out_refuelingRate[150] = 0.155
  out_refuelingRate[151] = 0.155
  out_refuelingRate[152] = 0.155
  out_refuelingRate[153] = 0.155
  out_refuelingRate[154] = 0.155
  out_refuelingRate[155] = 0.155
  out_refuelingRate[156] = 0.155
  out_refuelingRate[157] = 0.155
  out_refuelingRate[158] = 0.155
  out_refuelingRate[159] = 0.155
  out_refuelingRate[160] = 0.155
  out_refuelingRate[161] = 0.155
  out_refuelingRate[162] = 0.155
  out_refuelingRate[163] = 0.155
  out_refuelingRate[164] = 0.155
  out_refuelingRate[165] = 0.155
  out_refuelingRate[166] = 0.155
  out_refuelingRate[167] = 0.155
  out_refuelingRate[168] = 0.155
  out_chainedEnergy[1] = 9189413.768621335
  out_chainedEnergy[2] = 11224967.724563068
  out_chainedEnergy[3] = 11876911.627851235
  out_chainedEnergy[4] = 14036999.96171767
  out_chainedEnergy[5] = 14260693.62574098
  out_chainedEnergy[6] = 16025306.667582024
  out_chainedEnergy[7] = 15544146.520552233
  out_chainedEnergy[8] = 16248317.24988753
  out_chainedEnergy[9] = 14353332.864798486
  out_chainedEnergy[10] = 11476862.828301866
  out_chainedEnergy[11] = 11345691.604757326
  out_chainedEnergy[12] = 9998307.59184477
  out_chainedEnergy[13] = 12594116.991621323
  out_chainedEnergy[14] = 13568404.818285251
  out_chainedEnergy[15] = 11551522.690304166
  out_chainedEnergy[16] = 10247201.406931251
  out_chainedEnergy[17] = 8314026.754338319
  out_chainedEnergy[18] = 7500872.955081433
  out_chainedEnergy[19] = 5962254.7804777175
  out_chainedEnergy[20] = 4768613.670448015
  out_chainedEnergy[21] = 4100592.4258953338
  out_chainedEnergy[22] = 2989306.341388468
  out_chainedEnergy[23] = 2279798.269586059
  out_chainedEnergy[24] = 1783252.1568522104
  out_chainedEnergy[25] = 1322803.8062845564
  out_chainedEnergy[26] = 1218518.889926458
  out_chainedEnergy[27] = 902872.1968770834
  out_chainedEnergy[28] = 732351.6561548151
  out_chainedEnergy[29] = 627348.6636795271
  out_chainedEnergy[30] = 601354.1246452695
  out_chainedEnergy[31] = 526312.3819550062
  out_chainedEnergy[32] = 510497.2035235438
  out_chainedEnergy[33] = 453441.0093665304
  out_chainedEnergy[34] = 441093.4154082061
  out_chainedEnergy[35] = 386781.4752925028
  out_chainedEnergy[36] = 329158.63480223116
  out_chainedEnergy[37] = 261998.62713204502
  out_chainedEnergy[38] = 192844.8554003215
  out_chainedEnergy[39] = 133701.9783959253
  out_chainedEnergy[40] = 115409.46826111416
  out_chainedEnergy[41] = 1547592.933019248
  out_chainedEnergy[42] = 3064.436056096901
  out_chainedEnergy[43] = 5895.7119772952965
  out_chainedEnergy[44] = 5274.471071472951
  out_chainedEnergy[45] = 3994.3835195670845
  out_chainedEnergy[46] = 7850.896348967952
  out_chainedEnergy[47] = 9307.119715322271
  out_chainedEnergy[48] = 11606.396264786643
  out_chainedEnergy[49] = 13625.33275326219
  out_chainedEnergy[50] = 12409.576165896528
  out_chainedEnergy[51] = 17698.429143117308
  out_chainedEnergy[52] = 11009.614565442582
  out_chainedEnergy[53] = 8208.442491101128
  out_chainedEnergy[54] = 11599.93966103693
  out_chainedEnergy[55] = 7350.76736212112
  out_chainedEnergy[56] = 7390.199507795778
  out_chainedEnergy[57] = 2553.833407521979
  out_chainedEnergy[58] = 1418.915165403364
  out_chainedEnergy[59] = 1912.6440763404835
  out_chainedEnergy[60] = 848.9770836315337
  out_chainedEnergy[61] = 803.9211840327994
  out_chainedEnergy[62] = 917.2055890156954
  out_chainedEnergy[63] = 906.9077600858818
  out_chainedEnergy[64] = 368.20588762051347
  out_chainedEnergy[65] = 9189413.768621335
  out_chainedEnergy[66] = 11224967.724563068
  out_chainedEnergy[67] = 11876911.627851235
  out_chainedEnergy[68] = 14036999.96171767
  out_chainedEnergy[69] = 14260693.62574098
  out_chainedEnergy[70] = 16025306.667582024
  out_chainedEnergy[71] = 15544146.520552233
  out_chainedEnergy[72] = 16248317.24988753
  out_chainedEnergy[73] = 14353332.864798486
  out_chainedEnergy[74] = 11476862.828301866
  out_chainedEnergy[75] = 11345691.604757326
  out_chainedEnergy[76] = 9998307.59184477
  out_chainedEnergy[77] = 12594116.991621323
  out_chainedEnergy[78] = 13568404.818285251
  out_chainedEnergy[79] = 11551522.690304166
  out_chainedEnergy[80] = 10247201.406931251
  out_chainedEnergy[81] = 8314026.754338319
  out_chainedEnergy[82] = 7500872.955081433
  out_chainedEnergy[83] = 5962254.7804777175
  out_chainedEnergy[84] = 4768613.670448015
  out_chainedEnergy[85] = 4100592.4258953338
  out_chainedEnergy[86] = 2989306.341388468
  out_chainedEnergy[87] = 2279798.269586059
  out_chainedEnergy[88] = 1783252.1568522104
  out_chainedEnergy[89] = 1322803.8062845564
  out_chainedEnergy[90] = 1218518.889926458
  out_chainedEnergy[91] = 902872.1968770834
  out_chainedEnergy[92] = 732351.6561548151
  out_chainedEnergy[93] = 627348.6636795271
  out_chainedEnergy[94] = 601354.1246452695
  out_chainedEnergy[95] = 526312.3819550062
  out_chainedEnergy[96] = 510497.2035235438
  out_chainedEnergy[97] = 453441.0093665304
  out_chainedEnergy[98] = 441093.4154082061
  out_chainedEnergy[99] = 386781.4752925028
  out_chainedEnergy[100] = 329158.63480223116
  out_chainedEnergy[101] = 261998.62713204502
  out_chainedEnergy[102] = 192844.8554003215
  out_chainedEnergy[103] = 133701.9783959253
  out_chainedEnergy[104] = 115409.46826111416
  out_chainedEnergy[105] = 1547592.933019248
  out_chainedEnergy[106] = 886.0853516160128
  out_chainedEnergy[107] = 10423.837373910692
  out_chainedEnergy[108] = 12806.794382470049
  out_chainedEnergy[109] = 12212.268051962217
  out_chainedEnergy[110] = 162343.78263985435
  out_chainedEnergy[111] = 205231.21083681172
  out_chainedEnergy[112] = 216667.6436612833
  out_chainedEnergy[113] = 178038.0983665154
  out_chainedEnergy[114] = 153555.9316816988
  out_chainedEnergy[115] = 136684.8318371806
  out_chainedEnergy[116] = 88256.70024644044
  out_chainedEnergy[117] = 9780.43110933128
  out_chainedEnergy[118] = 6961.236350534599
  out_chainedEnergy[119] = 88395.764567455
  out_chainedEnergy[120] = 55288.299861579886
  out_chainedEnergy[121] = 30836.964755681453
  out_chainedEnergy[122] = 34255.00334035963
  out_chainedEnergy[123] = 30418.742750729518
  out_chainedEnergy[124] = 17544.46276150848
  out_chainedEnergy[125] = 14310.015003168108
  out_chainedEnergy[126] = 6333.79696135086
  out_chainedEnergy[127] = 5725.163820192717
  out_chainedEnergy[128] = 1846.7404053872108
  out_chainedEnergy[129] = 1849.7814704229881
  out_chainedEnergy[130] = 1307.606143416059
  out_chainedEnergy[131] = 153.0672936215809
  out_chainedEnergy[132] = 580.263386990952
  out_chainedEnergy[133] = 825.130103484106
  out_chainedEnergy[134] = 1970.7255176643625
  out_chainedEnergy[135] = 618.840941809885
  out_chainedEnergy[136] = 515.3288169502808
  out_chainedEnergy[137] = 131.81867339183404
  out_chainedEnergy[138] = 6368.101451172351
  out_chainedEnergy[139] = 3827.621144302135
  out_chainedEnergy[140] = 5786.202932263924
  out_chainedEnergy[141] = 6452.934773012841
  out_chainedEnergy[142] = 9398.450576027168
  out_chainedEnergy[143] = 10609.576458181913
  out_chainedEnergy[144] = 6170.151694669888
  out_chainedEnergy[145] = 53203.04594608217
  out_chainedEnergy[146] = 3064.436056096901
  out_chainedEnergy[147] = 5895.7119772952965
  out_chainedEnergy[148] = 5274.471071472951
  out_chainedEnergy[149] = 3994.3835195670845
  out_chainedEnergy[150] = 7850.896348967952
  out_chainedEnergy[151] = 9307.119715322271
  out_chainedEnergy[152] = 11606.396264786643
  out_chainedEnergy[153] = 13625.33275326219
  out_chainedEnergy[154] = 12409.576165896528
  out_chainedEnergy[155] = 17698.429143117308
  out_chainedEnergy[156] = 11009.614565442582
  out_chainedEnergy[157] = 8208.442491101128
  out_chainedEnergy[158] = 11599.93966103693
  out_chainedEnergy[159] = 7350.76736212112
  out_chainedEnergy[160] = 7390.199507795778
  out_chainedEnergy[161] = 2553.833407521979
  out_chainedEnergy[162] = 1418.915165403364
  out_chainedEnergy[163] = 1912.6440763404835
  out_chainedEnergy[164] = 848.9770836315337
  out_chainedEnergy[165] = 803.9211840327994
  out_chainedEnergy[166] = 917.2055890156954
  out_chainedEnergy[167] = 906.9077600858818
  out_chainedEnergy[168] = 368.20588762051347
Results written to: /projects/illinois/eng/cee/ctessum/ctessum/code/moves.esm-wt-v2/v2-consumer/.v2emit/process-refueling.csv
