Running simulation for: fixtures/process-brakewear.esm
Simulation time: 0 → 0
✓ Static evaluation complete: 26 field(s). The document declares no differential equations, so it was evaluated once rather than integrated.
Final state at t = 0:
  out_dayID[1] = 5
  out_dayID[2] = 5
  out_dayID[3] = 5
  out_dayID[4] = 5
  out_dayID[5] = 5
  out_dayID[6] = 5
  out_dayID[7] = 5
  out_dayID[8] = 5
  out_dayID[9] = 5
  out_dayID[10] = 5
  out_dayID[11] = 5
  out_dayID[12] = 5
  out_dayID[13] = 5
  out_dayID[14] = 5
  out_dayID[15] = 5
  out_dayID[16] = 5
  out_dayID[17] = 5
  out_dayID[18] = 5
  out_dayID[19] = 5
  out_dayID[20] = 5
  out_dayID[21] = 5
  out_dayID[22] = 5
  out_dayID[23] = 5
  out_dayID[24] = 5
  out_dayID[25] = 5
  out_dayID[26] = 5
  out_dayID[27] = 5
  out_dayID[28] = 5
  out_dayID[29] = 5
  out_dayID[30] = 5
  out_dayID[31] = 5
  out_dayID[32] = 5
  out_dayID[33] = 5
  out_dayID[34] = 5
  out_dayID[35] = 5
  out_dayID[36] = 5
  out_dayID[37] = 5
  out_dayID[38] = 5
  out_dayID[39] = 5
  out_dayID[40] = 5
  out_dayID[41] = 5
  out_dayID[42] = 5
  out_dayID[43] = 5
  out_dayID[44] = 5
  out_dayID[45] = 5
  out_dayID[46] = 5
  out_dayID[47] = 5
  out_dayID[48] = 5
  out_dayID[49] = 5
  out_dayID[50] = 5
  out_dayID[51] = 5
  out_dayID[52] = 5
  out_dayID[53] = 5
  out_dayID[54] = 5
  out_dayID[55] = 5
  out_dayID[56] = 5
  out_dayID[57] = 5
  out_dayID[58] = 5
  out_dayID[59] = 5
  out_dayID[60] = 5
  out_dayID[61] = 5
  out_dayID[62] = 5
  out_dayID[63] = 5
  out_dayID[64] = 5
  out_dayID[65] = 5
  out_dayID[66] = 5
  out_dayID[67] = 5
  out_dayID[68] = 5
  out_dayID[69] = 5
  out_dayID[70] = 5
  out_dayID[71] = 5
  out_dayID[72] = 5
  out_dayID[73] = 5
  out_dayID[74] = 5
  out_dayID[75] = 5
  out_dayID[76] = 5
  out_dayID[77] = 5
  out_dayID[78] = 5
  out_dayID[79] = 5
  out_dayID[80] = 5
  out_dayID[81] = 5
  out_dayID[82] = 5
  out_dayID[83] = 5
  out_dayID[84] = 5
  out_dayID[85] = 5
  out_dayID[86] = 5
  out_dayID[87] = 5
  out_dayID[88] = 5
  out_dayID[89] = 5
  out_dayID[90] = 5
  out_dayID[91] = 5
  out_dayID[92] = 5
  out_dayID[93] = 5
  out_dayID[94] = 5
  out_dayID[95] = 5
  out_dayID[96] = 5
  out_dayID[97] = 5
  out_dayID[98] = 5
  out_dayID[99] = 5
  out_dayID[100] = 5
  out_dayID[101] = 5
  out_dayID[102] = 5
  out_dayID[103] = 5
  out_dayID[104] = 5
  out_dayID[105] = 5
  out_dayID[106] = 5
  out_dayID[107] = 5
  out_dayID[108] = 5
  out_dayID[109] = 5
  out_dayID[110] = 5
  out_dayID[111] = 5
  out_dayID[112] = 5
  out_dayID[113] = 5
  out_dayID[114] = 5
  out_dayID[115] = 5
  out_dayID[116] = 5
  out_dayID[117] = 5
  out_dayID[118] = 5
  out_dayID[119] = 5
  out_dayID[120] = 5
  out_dayID[121] = 5
  out_dayID[122] = 5
  out_dayID[123] = 5
  out_dayID[124] = 5
  out_dayID[125] = 5
  out_dayID[126] = 5
  out_dayID[127] = 5
  out_dayID[128] = 5
  out_dayID[129] = 5
  out_dayID[130] = 5
  out_dayID[131] = 5
  out_dayID[132] = 5
  out_dayID[133] = 5
  out_dayID[134] = 5
  out_dayID[135] = 5
  out_dayID[136] = 5
  out_dayID[137] = 5
  out_dayID[138] = 5
  out_dayID[139] = 5
  out_dayID[140] = 5
  out_dayID[141] = 5
  out_dayID[142] = 5
  out_dayID[143] = 5
  out_dayID[144] = 5
  out_dayID[145] = 5
  out_dayID[146] = 5
  out_dayID[147] = 5
  out_dayID[148] = 5
  out_dayID[149] = 5
  out_dayID[150] = 5
  out_dayID[151] = 5
  out_dayID[152] = 5
  out_dayID[153] = 5
  out_dayID[154] = 5
  out_dayID[155] = 5
  out_dayID[156] = 5
  out_dayID[157] = 5
  out_dayID[158] = 5
  out_dayID[159] = 5
  out_dayID[160] = 5
  out_dayID[161] = 5
  out_dayID[162] = 5
  out_dayID[163] = 5
  out_dayID[164] = 5
  out_dayID[165] = 5
  out_dayID[166] = 5
  out_dayID[167] = 5
  out_dayID[168] = 5
  out_dayID[169] = 5
  out_dayID[170] = 5
  out_dayID[171] = 5
  out_dayID[172] = 5
  out_dayID[173] = 5
  out_dayID[174] = 5
  out_dayID[175] = 5
  out_dayID[176] = 5
  out_dayID[177] = 5
  out_dayID[178] = 5
  out_dayID[179] = 5
  out_dayID[180] = 5
  out_dayID[181] = 5
  out_dayID[182] = 5
  out_dayID[183] = 5
  out_dayID[184] = 5
  out_dayID[185] = 5
  out_dayID[186] = 5
  out_dayID[187] = 5
  out_dayID[188] = 5
  out_dayID[189] = 5
  out_dayID[190] = 5
  out_dayID[191] = 5
  out_dayID[192] = 5
  out_dayID[193] = 5
  out_dayID[194] = 5
  out_dayID[195] = 5
  out_dayID[196] = 5
  out_dayID[197] = 5
  out_dayID[198] = 5
  out_dayID[199] = 5
  out_dayID[200] = 5
  out_dayID[201] = 5
  out_dayID[202] = 5
  out_dayID[203] = 5
  out_dayID[204] = 5
  out_dayID[205] = 5
  out_dayID[206] = 5
  out_dayID[207] = 5
  out_dayID[208] = 5
  out_dayID[209] = 5
  out_dayID[210] = 5
  out_dayID[211] = 5
  out_dayID[212] = 5
  out_dayID[213] = 5
  out_dayID[214] = 5
  out_dayID[215] = 5
  out_dayID[216] = 5
  out_dayID[217] = 5
  out_dayID[218] = 5
  out_dayID[219] = 5
  out_dayID[220] = 5
  out_dayID[221] = 5
  out_dayID[222] = 5
  out_dayID[223] = 5
  out_dayID[224] = 5
  out_dayID[225] = 5
  out_dayID[226] = 5
  out_dayID[227] = 5
  out_dayID[228] = 5
  out_dayID[229] = 5
  out_dayID[230] = 5
  out_dayID[231] = 5
  out_dayID[232] = 5
  out_dayID[233] = 5
  out_dayID[234] = 5
  out_dayID[235] = 5
  out_dayID[236] = 5
  out_dayID[237] = 5
  out_dayID[238] = 5
  out_dayID[239] = 5
  out_dayID[240] = 5
  out_dayID[241] = 5
  out_dayID[242] = 5
  out_dayID[243] = 5
  out_dayID[244] = 5
  out_dayID[245] = 5
  out_dayID[246] = 5
  out_dayID[247] = 5
  out_dayID[248] = 5
  out_dayID[249] = 5
  out_dayID[250] = 5
  out_dayID[251] = 5
  out_dayID[252] = 5
  out_dayID[253] = 5
  out_dayID[254] = 5
  out_dayID[255] = 5
  out_dayID[256] = 5
  out_dayID[257] = 5
  out_dayID[258] = 5
  out_dayID[259] = 5
  out_dayID[260] = 5
  out_dayID[261] = 5
  out_dayID[262] = 5
  out_dayID[263] = 5
  out_dayID[264] = 5
  out_dayID[265] = 5
  out_dayID[266] = 5
  out_dayID[267] = 5
  out_dayID[268] = 5
  out_dayID[269] = 5
  out_dayID[270] = 5
  out_dayID[271] = 5
  out_dayID[272] = 5
  out_dayID[273] = 5
  out_dayID[274] = 5
  out_dayID[275] = 5
  out_dayID[276] = 5
  out_dayID[277] = 5
  out_dayID[278] = 5
  out_dayID[279] = 5
  out_dayID[280] = 5
  out_dayID[281] = 5
  out_dayID[282] = 5
  out_dayID[283] = 5
  out_dayID[284] = 5
  out_dayID[285] = 5
  out_dayID[286] = 5
  out_dayID[287] = 5
  out_dayID[288] = 5
  out_dayID[289] = 5
  out_dayID[290] = 5
  out_dayID[291] = 5
  out_dayID[292] = 5
  out_dayID[293] = 5
  out_dayID[294] = 5
  out_dayID[295] = 5
  out_dayID[296] = 5
  out_dayID[297] = 5
  out_dayID[298] = 5
  out_dayID[299] = 5
  out_dayID[300] = 5
  out_dayID[301] = 5
  out_dayID[302] = 5
  out_dayID[303] = 5
  out_dayID[304] = 5
  out_dayID[305] = 5
  out_dayID[306] = 5
  out_dayID[307] = 5
  out_dayID[308] = 5
  out_dayID[309] = 5
  out_dayID[310] = 5
  out_dayID[311] = 5
  out_dayID[312] = 5
  out_dayID[313] = 5
  out_dayID[314] = 5
  out_dayID[315] = 5
  out_dayID[316] = 5
  out_dayID[317] = 5
  out_dayID[318] = 5
  out_dayID[319] = 5
  out_dayID[320] = 5
  out_dayID[321] = 5
  out_dayID[322] = 5
  out_dayID[323] = 5
  out_dayID[324] = 5
  out_dayID[325] = 5
  out_dayID[326] = 5
  out_dayID[327] = 5
  out_dayID[328] = 5
  out_dayID[329] = 5
  out_dayID[330] = 5
  out_dayID[331] = 5
  out_dayID[332] = 5
  out_dayID[333] = 5
  out_dayID[334] = 5
  out_dayID[335] = 5
  out_dayID[336] = 5
  out_dayID[337] = 5
  out_dayID[338] = 5
  out_dayID[339] = 5
  out_dayID[340] = 5
  out_dayID[341] = 5
  out_dayID[342] = 5
  out_dayID[343] = 5
  out_dayID[344] = 5
  out_dayID[345] = 5
  out_dayID[346] = 5
  out_dayID[347] = 5
  out_dayID[348] = 5
  out_dayID[349] = 5
  out_dayID[350] = 5
  out_dayID[351] = 5
  out_dayID[352] = 5
  out_dayID[353] = 5
  out_dayID[354] = 5
  out_dayID[355] = 5
  out_dayID[356] = 5
  out_dayID[357] = 5
  out_dayID[358] = 5
  out_dayID[359] = 5
  out_dayID[360] = 5
  out_dayID[361] = 5
  out_dayID[362] = 5
  out_dayID[363] = 5
  out_dayID[364] = 5
  out_dayID[365] = 5
  out_dayID[366] = 5
  out_dayID[367] = 5
  out_dayID[368] = 5
  out_dayID[369] = 5
  out_dayID[370] = 5
  out_dayID[371] = 5
  out_dayID[372] = 5
  out_dayID[373] = 5
  out_dayID[374] = 5
  out_dayID[375] = 5
  out_SHO[1] = 260.05730384453915
  out_SHO[2] = 310.4463445557139
  out_SHO[3] = 327.8141613006279
  out_SHO[4] = 368.3242419642923
  out_SHO[5] = 367.29985169622574
  out_SHO[6] = 392.56334931271454
  out_SHO[7] = 364.0998652152451
  out_SHO[8] = 370.3959424661204
  out_SHO[9] = 316.43263381169584
  out_SHO[10] = 231.92053549096389
  out_SHO[11] = 230.10402906651655
  out_SHO[12] = 205.50535743034038
  out_SHO[13] = 253.9388285109485
  out_SHO[14] = 268.1829985315532
  out_SHO[15] = 229.81669167512396
  out_SHO[16] = 203.39262514967626
  out_SHO[17] = 164.72170300101715
  out_SHO[18] = 148.74713474802425
  out_SHO[19] = 118.52562992373574
  out_SHO[20] = 94.5116320580201
  out_SHO[21] = 83.62548218400153
  out_SHO[22] = 60.874080684058114
  out_SHO[23] = 46.82985881634186
  out_SHO[24] = 36.74778034358123
  out_SHO[25] = 26.865139913300695
  out_SHO[26] = 25.04660490806586
  out_SHO[27] = 18.41216437802274
  out_SHO[28] = 15.146433442304176
  out_SHO[29] = 12.785088718582324
  out_SHO[30] = 12.603265015943999
  out_SHO[31] = 10.501237834887378
  out_SHO[32] = 10.217773915995503
  out_SHO[33] = 9.15454189972411
  out_SHO[34] = 9.00619255308734
  out_SHO[35] = 7.780739775004618
  out_SHO[36] = 5.992761098455286
  out_SHO[37] = 4.779871405562617
  out_SHO[38] = 3.5629958872973577
  out_SHO[39] = 2.6061493961116446
  out_SHO[40] = 1.8323500164585729
  out_SHO[41] = 23.19180710506584
  out_SHO[42] = 310.4463445557139
  out_SHO[43] = 327.8141613006279
  out_SHO[44] = 368.3242419642923
  out_SHO[45] = 367.29985169622574
  out_SHO[46] = 392.56334931271454
  out_SHO[47] = 364.0998652152451
  out_SHO[48] = 370.3959424661204
  out_SHO[49] = 316.43263381169584
  out_SHO[50] = 231.92053549096389
  out_SHO[51] = 230.10402906651655
  out_SHO[52] = 205.50535743034038
  out_SHO[53] = 253.9388285109485
  out_SHO[54] = 268.1829985315532
  out_SHO[55] = 229.81669167512396
  out_SHO[56] = 203.39262514967626
  out_SHO[57] = 164.72170300101715
  out_SHO[58] = 148.74713474802425
  out_SHO[59] = 118.52562992373574
  out_SHO[60] = 94.5116320580201
  out_SHO[61] = 83.62548218400153
  out_SHO[62] = 60.874080684058114
  out_SHO[63] = 46.82985881634186
  out_SHO[64] = 36.74778034358123
  out_SHO[65] = 26.865139913300695
  out_SHO[66] = 25.04660490806586
  out_SHO[67] = 18.41216437802274
  out_SHO[68] = 15.146433442304176
  out_SHO[69] = 12.785088718582324
  out_SHO[70] = 12.603265015943999
  out_SHO[71] = 10.501237834887378
  out_SHO[72] = 10.217773915995503
  out_SHO[73] = 9.15454189972411
  out_SHO[74] = 9.00619255308734
  out_SHO[75] = 7.780739775004618
  out_SHO[76] = 5.992761098455286
  out_SHO[77] = 4.779871405562617
  out_SHO[78] = 3.5629958872973577
  out_SHO[79] = 2.6061493961116446
  out_SHO[80] = 1.8323500164585729
  out_SHO[81] = 23.19180710506584
  out_SHO[82] = 260.05730384453915
  out_SHO[83] = 310.4463445557139
  out_SHO[84] = 327.8141613006279
  out_SHO[85] = 368.3242419642923
  out_SHO[86] = 367.29985169622574
  out_SHO[87] = 392.56334931271454
  out_SHO[88] = 364.0998652152451
  out_SHO[89] = 370.3959424661204
  out_SHO[90] = 316.43263381169584
  out_SHO[91] = 231.92053549096389
  out_SHO[92] = 230.10402906651655
  out_SHO[93] = 205.50535743034038
  out_SHO[94] = 253.9388285109485
  out_SHO[95] = 268.1829985315532
  out_SHO[96] = 229.81669167512396
  out_SHO[97] = 203.39262514967626
  out_SHO[98] = 164.72170300101715
  out_SHO[99] = 148.74713474802425
  out_SHO[100] = 118.52562992373574
  out_SHO[101] = 94.5116320580201
  out_SHO[102] = 83.62548218400153
  out_SHO[103] = 60.874080684058114
  out_SHO[104] = 46.82985881634186
  out_SHO[105] = 260.05730384453915
  out_SHO[106] = 310.4463445557139
  out_SHO[107] = 327.8141613006279
  out_SHO[108] = 368.3242419642923
  out_SHO[109] = 367.29985169622574
  out_SHO[110] = 392.56334931271454
  out_SHO[111] = 364.0998652152451
  out_SHO[112] = 370.3959424661204
  out_SHO[113] = 316.43263381169584
  out_SHO[114] = 231.92053549096389
  out_SHO[115] = 230.10402906651655
  out_SHO[116] = 205.50535743034038
  out_SHO[117] = 253.9388285109485
  out_SHO[118] = 268.1829985315532
  out_SHO[119] = 229.81669167512396
  out_SHO[120] = 203.39262514967626
  out_SHO[121] = 164.72170300101715
  out_SHO[122] = 148.74713474802425
  out_SHO[123] = 118.52562992373574
  out_SHO[124] = 94.5116320580201
  out_SHO[125] = 83.62548218400153
  out_SHO[126] = 260.05730384453915
  out_SHO[127] = 310.4463445557139
  out_SHO[128] = 327.8141613006279
  out_SHO[129] = 368.3242419642923
  out_SHO[130] = 367.29985169622574
  out_SHO[131] = 392.56334931271454
  out_SHO[132] = 364.0998652152451
  out_SHO[133] = 370.3959424661204
  out_SHO[134] = 316.43263381169584
  out_SHO[135] = 231.92053549096389
  out_SHO[136] = 230.10402906651655
  out_SHO[137] = 205.50535743034038
  out_SHO[138] = 253.9388285109485
  out_SHO[139] = 268.1829985315532
  out_SHO[140] = 229.81669167512396
  out_SHO[141] = 203.39262514967626
  out_SHO[142] = 164.72170300101715
  out_SHO[143] = 148.74713474802425
  out_SHO[144] = 118.52562992373574
  out_SHO[145] = 94.5116320580201
  out_SHO[146] = 83.62548218400153
  out_SHO[147] = 60.874080684058114
  out_SHO[148] = 46.82985881634186
  out_SHO[149] = 36.74778034358123
  out_SHO[150] = 26.865139913300695
  out_SHO[151] = 25.04660490806586
  out_SHO[152] = 18.41216437802274
  out_SHO[153] = 15.146433442304176
  out_SHO[154] = 12.785088718582324
  out_SHO[155] = 12.603265015943999
  out_SHO[156] = 10.501237834887378
  out_SHO[157] = 10.217773915995503
  out_SHO[158] = 9.15454189972411
  out_SHO[159] = 9.00619255308734
  out_SHO[160] = 7.780739775004618
  out_SHO[161] = 5.992761098455286
  out_SHO[162] = 4.779871405562617
  out_SHO[163] = 3.5629958872973577
  out_SHO[164] = 2.6061493961116446
  out_SHO[165] = 1.8323500164585729
  out_SHO[166] = 23.19180710506584
  out_SHO[167] = 310.4463445557139
  out_SHO[168] = 327.8141613006279
  out_SHO[169] = 368.3242419642923
  out_SHO[170] = 367.29985169622574
  out_SHO[171] = 392.56334931271454
  out_SHO[172] = 364.0998652152451
  out_SHO[173] = 370.3959424661204
  out_SHO[174] = 316.43263381169584
  out_SHO[175] = 231.92053549096389
  out_SHO[176] = 230.10402906651655
  out_SHO[177] = 205.50535743034038
  out_SHO[178] = 253.9388285109485
  out_SHO[179] = 268.1829985315532
  out_SHO[180] = 229.81669167512396
  out_SHO[181] = 203.39262514967626
  out_SHO[182] = 164.72170300101715
  out_SHO[183] = 148.74713474802425
  out_SHO[184] = 118.52562992373574
  out_SHO[185] = 94.5116320580201
  out_SHO[186] = 83.62548218400153
  out_SHO[187] = 60.874080684058114
  out_SHO[188] = 46.82985881634186
  out_SHO[189] = 36.74778034358123
  out_SHO[190] = 26.865139913300695
  out_SHO[191] = 25.04660490806586
  out_SHO[192] = 18.41216437802274
  out_SHO[193] = 15.146433442304176
  out_SHO[194] = 12.785088718582324
  out_SHO[195] = 12.603265015943999
  out_SHO[196] = 10.501237834887378
  out_SHO[197] = 10.217773915995503
  out_SHO[198] = 9.15454189972411
  out_SHO[199] = 9.00619255308734
  out_SHO[200] = 7.780739775004618
  out_SHO[201] = 5.992761098455286
  out_SHO[202] = 4.779871405562617
  out_SHO[203] = 3.5629958872973577
  out_SHO[204] = 2.6061493961116446
  out_SHO[205] = 1.8323500164585729
  out_SHO[206] = 23.19180710506584
  out_SHO[207] = 260.05730384453915
  out_SHO[208] = 310.4463445557139
  out_SHO[209] = 327.8141613006279
  out_SHO[210] = 368.3242419642923
  out_SHO[211] = 367.29985169622574
  out_SHO[212] = 392.56334931271454
  out_SHO[213] = 364.0998652152451
  out_SHO[214] = 370.3959424661204
  out_SHO[215] = 316.43263381169584
  out_SHO[216] = 231.92053549096389
  out_SHO[217] = 230.10402906651655
  out_SHO[218] = 205.50535743034038
  out_SHO[219] = 253.9388285109485
  out_SHO[220] = 268.1829985315532
  out_SHO[221] = 229.81669167512396
  out_SHO[222] = 203.39262514967626
  out_SHO[223] = 164.72170300101715
  out_SHO[224] = 148.74713474802425
  out_SHO[225] = 118.52562992373574
  out_SHO[226] = 94.5116320580201
  out_SHO[227] = 83.62548218400153
  out_SHO[228] = 60.874080684058114
  out_SHO[229] = 46.82985881634186
  out_SHO[230] = 260.05730384453915
  out_SHO[231] = 310.4463445557139
  out_SHO[232] = 327.8141613006279
  out_SHO[233] = 368.3242419642923
  out_SHO[234] = 367.29985169622574
  out_SHO[235] = 392.56334931271454
  out_SHO[236] = 364.0998652152451
  out_SHO[237] = 370.3959424661204
  out_SHO[238] = 316.43263381169584
  out_SHO[239] = 231.92053549096389
  out_SHO[240] = 230.10402906651655
  out_SHO[241] = 205.50535743034038
  out_SHO[242] = 253.9388285109485
  out_SHO[243] = 268.1829985315532
  out_SHO[244] = 229.81669167512396
  out_SHO[245] = 203.39262514967626
  out_SHO[246] = 164.72170300101715
  out_SHO[247] = 148.74713474802425
  out_SHO[248] = 118.52562992373574
  out_SHO[249] = 94.5116320580201
  out_SHO[250] = 83.62548218400153
  out_SHO[251] = 260.05730384453915
  out_SHO[252] = 310.4463445557139
  out_SHO[253] = 327.8141613006279
  out_SHO[254] = 368.3242419642923
  out_SHO[255] = 367.29985169622574
  out_SHO[256] = 392.56334931271454
  out_SHO[257] = 364.0998652152451
  out_SHO[258] = 370.3959424661204
  out_SHO[259] = 316.43263381169584
  out_SHO[260] = 231.92053549096389
  out_SHO[261] = 230.10402906651655
  out_SHO[262] = 205.50535743034038
  out_SHO[263] = 253.9388285109485
  out_SHO[264] = 268.1829985315532
  out_SHO[265] = 229.81669167512396
  out_SHO[266] = 203.39262514967626
  out_SHO[267] = 164.72170300101715
  out_SHO[268] = 148.74713474802425
  out_SHO[269] = 118.52562992373574
  out_SHO[270] = 94.5116320580201
  out_SHO[271] = 83.62548218400153
  out_SHO[272] = 60.874080684058114
  out_SHO[273] = 46.82985881634186
  out_SHO[274] = 36.74778034358123
  out_SHO[275] = 26.865139913300695
  out_SHO[276] = 25.04660490806586
  out_SHO[277] = 18.41216437802274
  out_SHO[278] = 15.146433442304176
  out_SHO[279] = 12.785088718582324
  out_SHO[280] = 12.603265015943999
  out_SHO[281] = 10.501237834887378
  out_SHO[282] = 10.217773915995503
  out_SHO[283] = 9.15454189972411
  out_SHO[284] = 9.00619255308734
  out_SHO[285] = 7.780739775004618
  out_SHO[286] = 5.992761098455286
  out_SHO[287] = 4.779871405562617
  out_SHO[288] = 3.5629958872973577
  out_SHO[289] = 2.6061493961116446
  out_SHO[290] = 1.8323500164585729
  out_SHO[291] = 23.19180710506584
  out_SHO[292] = 310.4463445557139
  out_SHO[293] = 327.8141613006279
  out_SHO[294] = 368.3242419642923
  out_SHO[295] = 367.29985169622574
  out_SHO[296] = 392.56334931271454
  out_SHO[297] = 364.0998652152451
  out_SHO[298] = 370.3959424661204
  out_SHO[299] = 316.43263381169584
  out_SHO[300] = 231.92053549096389
  out_SHO[301] = 230.10402906651655
  out_SHO[302] = 205.50535743034038
  out_SHO[303] = 253.9388285109485
  out_SHO[304] = 268.1829985315532
  out_SHO[305] = 229.81669167512396
  out_SHO[306] = 203.39262514967626
  out_SHO[307] = 164.72170300101715
  out_SHO[308] = 148.74713474802425
  out_SHO[309] = 118.52562992373574
  out_SHO[310] = 94.5116320580201
  out_SHO[311] = 83.62548218400153
  out_SHO[312] = 60.874080684058114
  out_SHO[313] = 46.82985881634186
  out_SHO[314] = 36.74778034358123
  out_SHO[315] = 26.865139913300695
  out_SHO[316] = 25.04660490806586
  out_SHO[317] = 18.41216437802274
  out_SHO[318] = 15.146433442304176
  out_SHO[319] = 12.785088718582324
  out_SHO[320] = 12.603265015943999
  out_SHO[321] = 10.501237834887378
  out_SHO[322] = 10.217773915995503
  out_SHO[323] = 9.15454189972411
  out_SHO[324] = 9.00619255308734
  out_SHO[325] = 7.780739775004618
  out_SHO[326] = 5.992761098455286
  out_SHO[327] = 4.779871405562617
  out_SHO[328] = 3.5629958872973577
  out_SHO[329] = 2.6061493961116446
  out_SHO[330] = 1.8323500164585729
  out_SHO[331] = 23.19180710506584
  out_SHO[332] = 260.05730384453915
  out_SHO[333] = 310.4463445557139
  out_SHO[334] = 327.8141613006279
  out_SHO[335] = 368.3242419642923
  out_SHO[336] = 367.29985169622574
  out_SHO[337] = 392.56334931271454
  out_SHO[338] = 364.0998652152451
  out_SHO[339] = 370.3959424661204
  out_SHO[340] = 316.43263381169584
  out_SHO[341] = 231.92053549096389
  out_SHO[342] = 230.10402906651655
  out_SHO[343] = 205.50535743034038
  out_SHO[344] = 253.9388285109485
  out_SHO[345] = 268.1829985315532
  out_SHO[346] = 229.81669167512396
  out_SHO[347] = 203.39262514967626
  out_SHO[348] = 164.72170300101715
  out_SHO[349] = 148.74713474802425
  out_SHO[350] = 118.52562992373574
  out_SHO[351] = 94.5116320580201
  out_SHO[352] = 83.62548218400153
  out_SHO[353] = 60.874080684058114
  out_SHO[354] = 46.82985881634186
  out_SHO[355] = 260.05730384453915
  out_SHO[356] = 310.4463445557139
  out_SHO[357] = 327.8141613006279
  out_SHO[358] = 368.3242419642923
  out_SHO[359] = 367.29985169622574
  out_SHO[360] = 392.56334931271454
  out_SHO[361] = 364.0998652152451
  out_SHO[362] = 370.3959424661204
  out_SHO[363] = 316.43263381169584
  out_SHO[364] = 231.92053549096389
  out_SHO[365] = 230.10402906651655
  out_SHO[366] = 205.50535743034038
  out_SHO[367] = 253.9388285109485
  out_SHO[368] = 268.1829985315532
  out_SHO[369] = 229.81669167512396
  out_SHO[370] = 203.39262514967626
  out_SHO[371] = 164.72170300101715
  out_SHO[372] = 148.74713474802425
  out_SHO[373] = 118.52562992373574
  out_SHO[374] = 94.5116320580201
  out_SHO[375] = 83.62548218400153
  out_activity[1] = 52.01146076890783
  out_activity[2] = 62.08926891114278
  out_activity[3] = 65.56283226012559
  out_activity[4] = 73.66484839285846
  out_activity[5] = 73.45997033924515
  out_activity[6] = 78.51266986254291
  out_activity[7] = 72.81997304304902
  out_activity[8] = 74.07918849322408
  out_activity[9] = 63.286526762339165
  out_activity[10] = 46.38410709819278
  out_activity[11] = 46.02080581330331
  out_activity[12] = 41.10107148606808
  out_activity[13] = 50.7877657021897
  out_activity[14] = 53.63659970631064
  out_activity[15] = 45.963338335024794
  out_activity[16] = 40.67852502993525
  out_activity[17] = 32.94434060020343
  out_activity[18] = 29.74942694960485
  out_activity[19] = 23.70512598474715
  out_activity[20] = 18.90232641160402
  out_activity[21] = 16.725096436800307
  out_activity[22] = 12.174816136811623
  out_activity[23] = 9.365971763268373
  out_activity[24] = 7.349556068716247
  out_activity[25] = 5.373027982660139
  out_activity[26] = 5.009320981613172
  out_activity[27] = 3.6824328756045484
  out_activity[28] = 3.029286688460835
  out_activity[29] = 2.557017743716465
  out_activity[30] = 2.5206530031887997
  out_activity[31] = 2.1002475669774756
  out_activity[32] = 2.0435547831991006
  out_activity[33] = 1.830908379944822
  out_activity[34] = 1.801238510617468
  out_activity[35] = 1.5561479550009236
  out_activity[36] = 1.1985522196910572
  out_activity[37] = 0.9559742811125235
  out_activity[38] = 0.7125991774594715
  out_activity[39] = 0.5212298792223289
  out_activity[40] = 0.3664700032917146
  out_activity[41] = 4.638361421013168
  out_activity[42] = 62.08926891114278
  out_activity[43] = 65.56283226012559
  out_activity[44] = 73.66484839285846
  out_activity[45] = 73.45997033924515
  out_activity[46] = 78.51266986254291
  out_activity[47] = 72.81997304304902
  out_activity[48] = 74.07918849322408
  out_activity[49] = 63.286526762339165
  out_activity[50] = 46.38410709819278
  out_activity[51] = 46.02080581330331
  out_activity[52] = 41.10107148606808
  out_activity[53] = 50.7877657021897
  out_activity[54] = 53.63659970631064
  out_activity[55] = 45.963338335024794
  out_activity[56] = 40.67852502993525
  out_activity[57] = 32.94434060020343
  out_activity[58] = 29.74942694960485
  out_activity[59] = 23.70512598474715
  out_activity[60] = 18.90232641160402
  out_activity[61] = 16.725096436800307
  out_activity[62] = 12.174816136811623
  out_activity[63] = 9.365971763268373
  out_activity[64] = 7.349556068716247
  out_activity[65] = 5.373027982660139
  out_activity[66] = 5.009320981613172
  out_activity[67] = 3.6824328756045484
  out_activity[68] = 3.029286688460835
  out_activity[69] = 2.557017743716465
  out_activity[70] = 2.5206530031887997
  out_activity[71] = 2.1002475669774756
  out_activity[72] = 2.0435547831991006
  out_activity[73] = 1.830908379944822
  out_activity[74] = 1.801238510617468
  out_activity[75] = 1.5561479550009236
  out_activity[76] = 1.1985522196910572
  out_activity[77] = 0.9559742811125235
  out_activity[78] = 0.7125991774594715
  out_activity[79] = 0.5212298792223289
  out_activity[80] = 0.3664700032917146
  out_activity[81] = 4.638361421013168
  out_activity[82] = 52.01146076890783
  out_activity[83] = 62.08926891114278
  out_activity[84] = 65.56283226012559
  out_activity[85] = 73.66484839285846
  out_activity[86] = 73.45997033924515
  out_activity[87] = 78.51266986254291
  out_activity[88] = 72.81997304304902
  out_activity[89] = 74.07918849322408
  out_activity[90] = 63.286526762339165
  out_activity[91] = 46.38410709819278
  out_activity[92] = 46.02080581330331
  out_activity[93] = 41.10107148606808
  out_activity[94] = 50.7877657021897
  out_activity[95] = 53.63659970631064
  out_activity[96] = 45.963338335024794
  out_activity[97] = 40.67852502993525
  out_activity[98] = 32.94434060020343
  out_activity[99] = 29.74942694960485
  out_activity[100] = 23.70512598474715
  out_activity[101] = 18.90232641160402
  out_activity[102] = 16.725096436800307
  out_activity[103] = 12.174816136811623
  out_activity[104] = 9.365971763268373
  out_activity[105] = 52.01146076890783
  out_activity[106] = 62.08926891114278
  out_activity[107] = 65.56283226012559
  out_activity[108] = 73.66484839285846
  out_activity[109] = 73.45997033924515
  out_activity[110] = 78.51266986254291
  out_activity[111] = 72.81997304304902
  out_activity[112] = 74.07918849322408
  out_activity[113] = 63.286526762339165
  out_activity[114] = 46.38410709819278
  out_activity[115] = 46.02080581330331
  out_activity[116] = 41.10107148606808
  out_activity[117] = 50.7877657021897
  out_activity[118] = 53.63659970631064
  out_activity[119] = 45.963338335024794
  out_activity[120] = 40.67852502993525
  out_activity[121] = 32.94434060020343
  out_activity[122] = 29.74942694960485
  out_activity[123] = 23.70512598474715
  out_activity[124] = 18.90232641160402
  out_activity[125] = 16.725096436800307
  out_activity[126] = 52.01146076890783
  out_activity[127] = 62.08926891114278
  out_activity[128] = 65.56283226012559
  out_activity[129] = 73.66484839285846
  out_activity[130] = 73.45997033924515
  out_activity[131] = 78.51266986254291
  out_activity[132] = 72.81997304304902
  out_activity[133] = 74.07918849322408
  out_activity[134] = 63.286526762339165
  out_activity[135] = 46.38410709819278
  out_activity[136] = 46.02080581330331
  out_activity[137] = 41.10107148606808
  out_activity[138] = 50.7877657021897
  out_activity[139] = 53.63659970631064
  out_activity[140] = 45.963338335024794
  out_activity[141] = 40.67852502993525
  out_activity[142] = 32.94434060020343
  out_activity[143] = 29.74942694960485
  out_activity[144] = 23.70512598474715
  out_activity[145] = 18.90232641160402
  out_activity[146] = 16.725096436800307
  out_activity[147] = 12.174816136811623
  out_activity[148] = 9.365971763268373
  out_activity[149] = 7.349556068716247
  out_activity[150] = 5.373027982660139
  out_activity[151] = 5.009320981613172
  out_activity[152] = 3.6824328756045484
  out_activity[153] = 3.029286688460835
  out_activity[154] = 2.557017743716465
  out_activity[155] = 2.5206530031887997
  out_activity[156] = 2.1002475669774756
  out_activity[157] = 2.0435547831991006
  out_activity[158] = 1.830908379944822
  out_activity[159] = 1.801238510617468
  out_activity[160] = 1.5561479550009236
  out_activity[161] = 1.1985522196910572
  out_activity[162] = 0.9559742811125235
  out_activity[163] = 0.7125991774594715
  out_activity[164] = 0.5212298792223289
  out_activity[165] = 0.3664700032917146
  out_activity[166] = 4.638361421013168
  out_activity[167] = 62.08926891114278
  out_activity[168] = 65.56283226012559
  out_activity[169] = 73.66484839285846
  out_activity[170] = 73.45997033924515
  out_activity[171] = 78.51266986254291
  out_activity[172] = 72.81997304304902
  out_activity[173] = 74.07918849322408
  out_activity[174] = 63.286526762339165
  out_activity[175] = 46.38410709819278
  out_activity[176] = 46.02080581330331
  out_activity[177] = 41.10107148606808
  out_activity[178] = 50.7877657021897
  out_activity[179] = 53.63659970631064
  out_activity[180] = 45.963338335024794
  out_activity[181] = 40.67852502993525
  out_activity[182] = 32.94434060020343
  out_activity[183] = 29.74942694960485
  out_activity[184] = 23.70512598474715
  out_activity[185] = 18.90232641160402
  out_activity[186] = 16.725096436800307
  out_activity[187] = 12.174816136811623
  out_activity[188] = 9.365971763268373
  out_activity[189] = 7.349556068716247
  out_activity[190] = 5.373027982660139
  out_activity[191] = 5.009320981613172
  out_activity[192] = 3.6824328756045484
  out_activity[193] = 3.029286688460835
  out_activity[194] = 2.557017743716465
  out_activity[195] = 2.5206530031887997
  out_activity[196] = 2.1002475669774756
  out_activity[197] = 2.0435547831991006
  out_activity[198] = 1.830908379944822
  out_activity[199] = 1.801238510617468
  out_activity[200] = 1.5561479550009236
  out_activity[201] = 1.1985522196910572
  out_activity[202] = 0.9559742811125235
  out_activity[203] = 0.7125991774594715
  out_activity[204] = 0.5212298792223289
  out_activity[205] = 0.3664700032917146
  out_activity[206] = 4.638361421013168
  out_activity[207] = 52.01146076890783
  out_activity[208] = 62.08926891114278
  out_activity[209] = 65.56283226012559
  out_activity[210] = 73.66484839285846
  out_activity[211] = 73.45997033924515
  out_activity[212] = 78.51266986254291
  out_activity[213] = 72.81997304304902
  out_activity[214] = 74.07918849322408
  out_activity[215] = 63.286526762339165
  out_activity[216] = 46.38410709819278
  out_activity[217] = 46.02080581330331
  out_activity[218] = 41.10107148606808
  out_activity[219] = 50.7877657021897
  out_activity[220] = 53.63659970631064
  out_activity[221] = 45.963338335024794
  out_activity[222] = 40.67852502993525
  out_activity[223] = 32.94434060020343
  out_activity[224] = 29.74942694960485
  out_activity[225] = 23.70512598474715
  out_activity[226] = 18.90232641160402
  out_activity[227] = 16.725096436800307
  out_activity[228] = 12.174816136811623
  out_activity[229] = 9.365971763268373
  out_activity[230] = 52.01146076890783
  out_activity[231] = 62.08926891114278
  out_activity[232] = 65.56283226012559
  out_activity[233] = 73.66484839285846
  out_activity[234] = 73.45997033924515
  out_activity[235] = 78.51266986254291
  out_activity[236] = 72.81997304304902
  out_activity[237] = 74.07918849322408
  out_activity[238] = 63.286526762339165
  out_activity[239] = 46.38410709819278
  out_activity[240] = 46.02080581330331
  out_activity[241] = 41.10107148606808
  out_activity[242] = 50.7877657021897
  out_activity[243] = 53.63659970631064
  out_activity[244] = 45.963338335024794
  out_activity[245] = 40.67852502993525
  out_activity[246] = 32.94434060020343
  out_activity[247] = 29.74942694960485
  out_activity[248] = 23.70512598474715
  out_activity[249] = 18.90232641160402
  out_activity[250] = 16.725096436800307
  out_activity[251] = 52.01146076890783
  out_activity[252] = 62.08926891114278
  out_activity[253] = 65.56283226012559
  out_activity[254] = 73.66484839285846
  out_activity[255] = 73.45997033924515
  out_activity[256] = 78.51266986254291
  out_activity[257] = 72.81997304304902
  out_activity[258] = 74.07918849322408
  out_activity[259] = 63.286526762339165
  out_activity[260] = 46.38410709819278
  out_activity[261] = 46.02080581330331
  out_activity[262] = 41.10107148606808
  out_activity[263] = 50.7877657021897
  out_activity[264] = 53.63659970631064
  out_activity[265] = 45.963338335024794
  out_activity[266] = 40.67852502993525
  out_activity[267] = 32.94434060020343
  out_activity[268] = 29.74942694960485
  out_activity[269] = 23.70512598474715
  out_activity[270] = 18.90232641160402
  out_activity[271] = 16.725096436800307
  out_activity[272] = 12.174816136811623
  out_activity[273] = 9.365971763268373
  out_activity[274] = 7.349556068716247
  out_activity[275] = 5.373027982660139
  out_activity[276] = 5.009320981613172
  out_activity[277] = 3.6824328756045484
  out_activity[278] = 3.029286688460835
  out_activity[279] = 2.557017743716465
  out_activity[280] = 2.5206530031887997
  out_activity[281] = 2.1002475669774756
  out_activity[282] = 2.0435547831991006
  out_activity[283] = 1.830908379944822
  out_activity[284] = 1.801238510617468
  out_activity[285] = 1.5561479550009236
  out_activity[286] = 1.1985522196910572
  out_activity[287] = 0.9559742811125235
  out_activity[288] = 0.7125991774594715
  out_activity[289] = 0.5212298792223289
  out_activity[290] = 0.3664700032917146
  out_activity[291] = 4.638361421013168
  out_activity[292] = 62.08926891114278
  out_activity[293] = 65.56283226012559
  out_activity[294] = 73.66484839285846
  out_activity[295] = 73.45997033924515
  out_activity[296] = 78.51266986254291
  out_activity[297] = 72.81997304304902
  out_activity[298] = 74.07918849322408
  out_activity[299] = 63.286526762339165
  out_activity[300] = 46.38410709819278
  out_activity[301] = 46.02080581330331
  out_activity[302] = 41.10107148606808
  out_activity[303] = 50.7877657021897
  out_activity[304] = 53.63659970631064
  out_activity[305] = 45.963338335024794
  out_activity[306] = 40.67852502993525
  out_activity[307] = 32.94434060020343
  out_activity[308] = 29.74942694960485
  out_activity[309] = 23.70512598474715
  out_activity[310] = 18.90232641160402
  out_activity[311] = 16.725096436800307
  out_activity[312] = 12.174816136811623
  out_activity[313] = 9.365971763268373
  out_activity[314] = 7.349556068716247
  out_activity[315] = 5.373027982660139
  out_activity[316] = 5.009320981613172
  out_activity[317] = 3.6824328756045484
  out_activity[318] = 3.029286688460835
  out_activity[319] = 2.557017743716465
  out_activity[320] = 2.5206530031887997
  out_activity[321] = 2.1002475669774756
  out_activity[322] = 2.0435547831991006
  out_activity[323] = 1.830908379944822
  out_activity[324] = 1.801238510617468
  out_activity[325] = 1.5561479550009236
  out_activity[326] = 1.1985522196910572
  out_activity[327] = 0.9559742811125235
  out_activity[328] = 0.7125991774594715
  out_activity[329] = 0.5212298792223289
  out_activity[330] = 0.3664700032917146
  out_activity[331] = 4.638361421013168
  out_activity[332] = 52.01146076890783
  out_activity[333] = 62.08926891114278
  out_activity[334] = 65.56283226012559
  out_activity[335] = 73.66484839285846
  out_activity[336] = 73.45997033924515
  out_activity[337] = 78.51266986254291
  out_activity[338] = 72.81997304304902
  out_activity[339] = 74.07918849322408
  out_activity[340] = 63.286526762339165
  out_activity[341] = 46.38410709819278
  out_activity[342] = 46.02080581330331
  out_activity[343] = 41.10107148606808
  out_activity[344] = 50.7877657021897
  out_activity[345] = 53.63659970631064
  out_activity[346] = 45.963338335024794
  out_activity[347] = 40.67852502993525
  out_activity[348] = 32.94434060020343
  out_activity[349] = 29.74942694960485
  out_activity[350] = 23.70512598474715
  out_activity[351] = 18.90232641160402
  out_activity[352] = 16.725096436800307
  out_activity[353] = 12.174816136811623
  out_activity[354] = 9.365971763268373
  out_activity[355] = 52.01146076890783
  out_activity[356] = 62.08926891114278
  out_activity[357] = 65.56283226012559
  out_activity[358] = 73.66484839285846
  out_activity[359] = 73.45997033924515
  out_activity[360] = 78.51266986254291
  out_activity[361] = 72.81997304304902
  out_activity[362] = 74.07918849322408
  out_activity[363] = 63.286526762339165
  out_activity[364] = 46.38410709819278
  out_activity[365] = 46.02080581330331
  out_activity[366] = 41.10107148606808
  out_activity[367] = 50.7877657021897
  out_activity[368] = 53.63659970631064
  out_activity[369] = 45.963338335024794
  out_activity[370] = 40.67852502993525
  out_activity[371] = 32.94434060020343
  out_activity[372] = 29.74942694960485
  out_activity[373] = 23.70512598474715
  out_activity[374] = 18.90232641160402
  out_activity[375] = 16.725096436800307
  out_yearID[1] = 2020
  out_yearID[2] = 2020
  out_yearID[3] = 2020
  out_yearID[4] = 2020
  out_yearID[5] = 2020
  out_yearID[6] = 2020
  out_yearID[7] = 2020
  out_yearID[8] = 2020
  out_yearID[9] = 2020
  out_yearID[10] = 2020
  out_yearID[11] = 2020
  out_yearID[12] = 2020
  out_yearID[13] = 2020
  out_yearID[14] = 2020
  out_yearID[15] = 2020
  out_yearID[16] = 2020
  out_yearID[17] = 2020
  out_yearID[18] = 2020
  out_yearID[19] = 2020
  out_yearID[20] = 2020
  out_yearID[21] = 2020
  out_yearID[22] = 2020
  out_yearID[23] = 2020
  out_yearID[24] = 2020
  out_yearID[25] = 2020
  out_yearID[26] = 2020
  out_yearID[27] = 2020
  out_yearID[28] = 2020
  out_yearID[29] = 2020
  out_yearID[30] = 2020
  out_yearID[31] = 2020
  out_yearID[32] = 2020
  out_yearID[33] = 2020
  out_yearID[34] = 2020
  out_yearID[35] = 2020
  out_yearID[36] = 2020
  out_yearID[37] = 2020
  out_yearID[38] = 2020
  out_yearID[39] = 2020
  out_yearID[40] = 2020
  out_yearID[41] = 2020
  out_yearID[42] = 2020
  out_yearID[43] = 2020
  out_yearID[44] = 2020
  out_yearID[45] = 2020
  out_yearID[46] = 2020
  out_yearID[47] = 2020
  out_yearID[48] = 2020
  out_yearID[49] = 2020
  out_yearID[50] = 2020
  out_yearID[51] = 2020
  out_yearID[52] = 2020
  out_yearID[53] = 2020
  out_yearID[54] = 2020
  out_yearID[55] = 2020
  out_yearID[56] = 2020
  out_yearID[57] = 2020
  out_yearID[58] = 2020
  out_yearID[59] = 2020
  out_yearID[60] = 2020
  out_yearID[61] = 2020
  out_yearID[62] = 2020
  out_yearID[63] = 2020
  out_yearID[64] = 2020
  out_yearID[65] = 2020
  out_yearID[66] = 2020
  out_yearID[67] = 2020
  out_yearID[68] = 2020
  out_yearID[69] = 2020
  out_yearID[70] = 2020
  out_yearID[71] = 2020
  out_yearID[72] = 2020
  out_yearID[73] = 2020
  out_yearID[74] = 2020
  out_yearID[75] = 2020
  out_yearID[76] = 2020
  out_yearID[77] = 2020
  out_yearID[78] = 2020
  out_yearID[79] = 2020
  out_yearID[80] = 2020
  out_yearID[81] = 2020
  out_yearID[82] = 2020
  out_yearID[83] = 2020
  out_yearID[84] = 2020
  out_yearID[85] = 2020
  out_yearID[86] = 2020
  out_yearID[87] = 2020
  out_yearID[88] = 2020
  out_yearID[89] = 2020
  out_yearID[90] = 2020
  out_yearID[91] = 2020
  out_yearID[92] = 2020
  out_yearID[93] = 2020
  out_yearID[94] = 2020
  out_yearID[95] = 2020
  out_yearID[96] = 2020
  out_yearID[97] = 2020
  out_yearID[98] = 2020
  out_yearID[99] = 2020
  out_yearID[100] = 2020
  out_yearID[101] = 2020
  out_yearID[102] = 2020
  out_yearID[103] = 2020
  out_yearID[104] = 2020
  out_yearID[105] = 2020
  out_yearID[106] = 2020
  out_yearID[107] = 2020
  out_yearID[108] = 2020
  out_yearID[109] = 2020
  out_yearID[110] = 2020
  out_yearID[111] = 2020
  out_yearID[112] = 2020
  out_yearID[113] = 2020
  out_yearID[114] = 2020
  out_yearID[115] = 2020
  out_yearID[116] = 2020
  out_yearID[117] = 2020
  out_yearID[118] = 2020
  out_yearID[119] = 2020
  out_yearID[120] = 2020
  out_yearID[121] = 2020
  out_yearID[122] = 2020
  out_yearID[123] = 2020
  out_yearID[124] = 2020
  out_yearID[125] = 2020
  out_yearID[126] = 2020
  out_yearID[127] = 2020
  out_yearID[128] = 2020
  out_yearID[129] = 2020
  out_yearID[130] = 2020
  out_yearID[131] = 2020
  out_yearID[132] = 2020
  out_yearID[133] = 2020
  out_yearID[134] = 2020
  out_yearID[135] = 2020
  out_yearID[136] = 2020
  out_yearID[137] = 2020
  out_yearID[138] = 2020
  out_yearID[139] = 2020
  out_yearID[140] = 2020
  out_yearID[141] = 2020
  out_yearID[142] = 2020
  out_yearID[143] = 2020
  out_yearID[144] = 2020
  out_yearID[145] = 2020
  out_yearID[146] = 2020
  out_yearID[147] = 2020
  out_yearID[148] = 2020
  out_yearID[149] = 2020
  out_yearID[150] = 2020
  out_yearID[151] = 2020
  out_yearID[152] = 2020
  out_yearID[153] = 2020
  out_yearID[154] = 2020
  out_yearID[155] = 2020
  out_yearID[156] = 2020
  out_yearID[157] = 2020
  out_yearID[158] = 2020
  out_yearID[159] = 2020
  out_yearID[160] = 2020
  out_yearID[161] = 2020
  out_yearID[162] = 2020
  out_yearID[163] = 2020
  out_yearID[164] = 2020
  out_yearID[165] = 2020
  out_yearID[166] = 2020
  out_yearID[167] = 2020
  out_yearID[168] = 2020
  out_yearID[169] = 2020
  out_yearID[170] = 2020
  out_yearID[171] = 2020
  out_yearID[172] = 2020
  out_yearID[173] = 2020
  out_yearID[174] = 2020
  out_yearID[175] = 2020
  out_yearID[176] = 2020
  out_yearID[177] = 2020
  out_yearID[178] = 2020
  out_yearID[179] = 2020
  out_yearID[180] = 2020
  out_yearID[181] = 2020
  out_yearID[182] = 2020
  out_yearID[183] = 2020
  out_yearID[184] = 2020
  out_yearID[185] = 2020
  out_yearID[186] = 2020
  out_yearID[187] = 2020
  out_yearID[188] = 2020
  out_yearID[189] = 2020
  out_yearID[190] = 2020
  out_yearID[191] = 2020
  out_yearID[192] = 2020
  out_yearID[193] = 2020
  out_yearID[194] = 2020
  out_yearID[195] = 2020
  out_yearID[196] = 2020
  out_yearID[197] = 2020
  out_yearID[198] = 2020
  out_yearID[199] = 2020
  out_yearID[200] = 2020
  out_yearID[201] = 2020
  out_yearID[202] = 2020
  out_yearID[203] = 2020
  out_yearID[204] = 2020
  out_yearID[205] = 2020
  out_yearID[206] = 2020
  out_yearID[207] = 2020
  out_yearID[208] = 2020
  out_yearID[209] = 2020
  out_yearID[210] = 2020
  out_yearID[211] = 2020
  out_yearID[212] = 2020
  out_yearID[213] = 2020
  out_yearID[214] = 2020
  out_yearID[215] = 2020
  out_yearID[216] = 2020
  out_yearID[217] = 2020
  out_yearID[218] = 2020
  out_yearID[219] = 2020
  out_yearID[220] = 2020
  out_yearID[221] = 2020
  out_yearID[222] = 2020
  out_yearID[223] = 2020
  out_yearID[224] = 2020
  out_yearID[225] = 2020
  out_yearID[226] = 2020
  out_yearID[227] = 2020
  out_yearID[228] = 2020
  out_yearID[229] = 2020
  out_yearID[230] = 2020
  out_yearID[231] = 2020
  out_yearID[232] = 2020
  out_yearID[233] = 2020
  out_yearID[234] = 2020
  out_yearID[235] = 2020
  out_yearID[236] = 2020
  out_yearID[237] = 2020
  out_yearID[238] = 2020
  out_yearID[239] = 2020
  out_yearID[240] = 2020
  out_yearID[241] = 2020
  out_yearID[242] = 2020
  out_yearID[243] = 2020
  out_yearID[244] = 2020
  out_yearID[245] = 2020
  out_yearID[246] = 2020
  out_yearID[247] = 2020
  out_yearID[248] = 2020
  out_yearID[249] = 2020
  out_yearID[250] = 2020
  out_yearID[251] = 2020
  out_yearID[252] = 2020
  out_yearID[253] = 2020
  out_yearID[254] = 2020
  out_yearID[255] = 2020
  out_yearID[256] = 2020
  out_yearID[257] = 2020
  out_yearID[258] = 2020
  out_yearID[259] = 2020
  out_yearID[260] = 2020
  out_yearID[261] = 2020
  out_yearID[262] = 2020
  out_yearID[263] = 2020
  out_yearID[264] = 2020
  out_yearID[265] = 2020
  out_yearID[266] = 2020
  out_yearID[267] = 2020
  out_yearID[268] = 2020
  out_yearID[269] = 2020
  out_yearID[270] = 2020
  out_yearID[271] = 2020
  out_yearID[272] = 2020
  out_yearID[273] = 2020
  out_yearID[274] = 2020
  out_yearID[275] = 2020
  out_yearID[276] = 2020
  out_yearID[277] = 2020
  out_yearID[278] = 2020
  out_yearID[279] = 2020
  out_yearID[280] = 2020
  out_yearID[281] = 2020
  out_yearID[282] = 2020
  out_yearID[283] = 2020
  out_yearID[284] = 2020
  out_yearID[285] = 2020
  out_yearID[286] = 2020
  out_yearID[287] = 2020
  out_yearID[288] = 2020
  out_yearID[289] = 2020
  out_yearID[290] = 2020
  out_yearID[291] = 2020
  out_yearID[292] = 2020
  out_yearID[293] = 2020
  out_yearID[294] = 2020
  out_yearID[295] = 2020
  out_yearID[296] = 2020
  out_yearID[297] = 2020
  out_yearID[298] = 2020
  out_yearID[299] = 2020
  out_yearID[300] = 2020
  out_yearID[301] = 2020
  out_yearID[302] = 2020
  out_yearID[303] = 2020
  out_yearID[304] = 2020
  out_yearID[305] = 2020
  out_yearID[306] = 2020
  out_yearID[307] = 2020
  out_yearID[308] = 2020
  out_yearID[309] = 2020
  out_yearID[310] = 2020
  out_yearID[311] = 2020
  out_yearID[312] = 2020
  out_yearID[313] = 2020
  out_yearID[314] = 2020
  out_yearID[315] = 2020
  out_yearID[316] = 2020
  out_yearID[317] = 2020
  out_yearID[318] = 2020
  out_yearID[319] = 2020
  out_yearID[320] = 2020
  out_yearID[321] = 2020
  out_yearID[322] = 2020
  out_yearID[323] = 2020
  out_yearID[324] = 2020
  out_yearID[325] = 2020
  out_yearID[326] = 2020
  out_yearID[327] = 2020
  out_yearID[328] = 2020
  out_yearID[329] = 2020
  out_yearID[330] = 2020
  out_yearID[331] = 2020
  out_yearID[332] = 2020
  out_yearID[333] = 2020
  out_yearID[334] = 2020
  out_yearID[335] = 2020
  out_yearID[336] = 2020
  out_yearID[337] = 2020
  out_yearID[338] = 2020
  out_yearID[339] = 2020
  out_yearID[340] = 2020
  out_yearID[341] = 2020
  out_yearID[342] = 2020
  out_yearID[343] = 2020
  out_yearID[344] = 2020
  out_yearID[345] = 2020
  out_yearID[346] = 2020
  out_yearID[347] = 2020
  out_yearID[348] = 2020
  out_yearID[349] = 2020
  out_yearID[350] = 2020
  out_yearID[351] = 2020
  out_yearID[352] = 2020
  out_yearID[353] = 2020
  out_yearID[354] = 2020
  out_yearID[355] = 2020
  out_yearID[356] = 2020
  out_yearID[357] = 2020
  out_yearID[358] = 2020
  out_yearID[359] = 2020
  out_yearID[360] = 2020
  out_yearID[361] = 2020
  out_yearID[362] = 2020
  out_yearID[363] = 2020
  out_yearID[364] = 2020
  out_yearID[365] = 2020
  out_yearID[366] = 2020
  out_yearID[367] = 2020
  out_yearID[368] = 2020
  out_yearID[369] = 2020
  out_yearID[370] = 2020
  out_yearID[371] = 2020
  out_yearID[372] = 2020
  out_yearID[373] = 2020
  out_yearID[374] = 2020
  out_yearID[375] = 2020
  out_monthID[1] = 8
  out_monthID[2] = 8
  out_monthID[3] = 8
  out_monthID[4] = 8
  out_monthID[5] = 8
  out_monthID[6] = 8
  out_monthID[7] = 8
  out_monthID[8] = 8
  out_monthID[9] = 8
  out_monthID[10] = 8
  out_monthID[11] = 8
  out_monthID[12] = 8
  out_monthID[13] = 8
  out_monthID[14] = 8
  out_monthID[15] = 8
  out_monthID[16] = 8
  out_monthID[17] = 8
  out_monthID[18] = 8
  out_monthID[19] = 8
  out_monthID[20] = 8
  out_monthID[21] = 8
  out_monthID[22] = 8
  out_monthID[23] = 8
  out_monthID[24] = 8
  out_monthID[25] = 8
  out_monthID[26] = 8
  out_monthID[27] = 8
  out_monthID[28] = 8
  out_monthID[29] = 8
  out_monthID[30] = 8
  out_monthID[31] = 8
  out_monthID[32] = 8
  out_monthID[33] = 8
  out_monthID[34] = 8
  out_monthID[35] = 8
  out_monthID[36] = 8
  out_monthID[37] = 8
  out_monthID[38] = 8
  out_monthID[39] = 8
  out_monthID[40] = 8
  out_monthID[41] = 8
  out_monthID[42] = 8
  out_monthID[43] = 8
  out_monthID[44] = 8
  out_monthID[45] = 8
  out_monthID[46] = 8
  out_monthID[47] = 8
  out_monthID[48] = 8
  out_monthID[49] = 8
  out_monthID[50] = 8
  out_monthID[51] = 8
  out_monthID[52] = 8
  out_monthID[53] = 8
  out_monthID[54] = 8
  out_monthID[55] = 8
  out_monthID[56] = 8
  out_monthID[57] = 8
  out_monthID[58] = 8
  out_monthID[59] = 8
  out_monthID[60] = 8
  out_monthID[61] = 8
  out_monthID[62] = 8
  out_monthID[63] = 8
  out_monthID[64] = 8
  out_monthID[65] = 8
  out_monthID[66] = 8
  out_monthID[67] = 8
  out_monthID[68] = 8
  out_monthID[69] = 8
  out_monthID[70] = 8
  out_monthID[71] = 8
  out_monthID[72] = 8
  out_monthID[73] = 8
  out_monthID[74] = 8
  out_monthID[75] = 8
  out_monthID[76] = 8
  out_monthID[77] = 8
  out_monthID[78] = 8
  out_monthID[79] = 8
  out_monthID[80] = 8
  out_monthID[81] = 8
  out_monthID[82] = 8
  out_monthID[83] = 8
  out_monthID[84] = 8
  out_monthID[85] = 8
  out_monthID[86] = 8
  out_monthID[87] = 8
  out_monthID[88] = 8
  out_monthID[89] = 8
  out_monthID[90] = 8
  out_monthID[91] = 8
  out_monthID[92] = 8
  out_monthID[93] = 8
  out_monthID[94] = 8
  out_monthID[95] = 8
  out_monthID[96] = 8
  out_monthID[97] = 8
  out_monthID[98] = 8
  out_monthID[99] = 8
  out_monthID[100] = 8
  out_monthID[101] = 8
  out_monthID[102] = 8
  out_monthID[103] = 8
  out_monthID[104] = 8
  out_monthID[105] = 8
  out_monthID[106] = 8
  out_monthID[107] = 8
  out_monthID[108] = 8
  out_monthID[109] = 8
  out_monthID[110] = 8
  out_monthID[111] = 8
  out_monthID[112] = 8
  out_monthID[113] = 8
  out_monthID[114] = 8
  out_monthID[115] = 8
  out_monthID[116] = 8
  out_monthID[117] = 8
  out_monthID[118] = 8
  out_monthID[119] = 8
  out_monthID[120] = 8
  out_monthID[121] = 8
  out_monthID[122] = 8
  out_monthID[123] = 8
  out_monthID[124] = 8
  out_monthID[125] = 8
  out_monthID[126] = 8
  out_monthID[127] = 8
  out_monthID[128] = 8
  out_monthID[129] = 8
  out_monthID[130] = 8
  out_monthID[131] = 8
  out_monthID[132] = 8
  out_monthID[133] = 8
  out_monthID[134] = 8
  out_monthID[135] = 8
  out_monthID[136] = 8
  out_monthID[137] = 8
  out_monthID[138] = 8
  out_monthID[139] = 8
  out_monthID[140] = 8
  out_monthID[141] = 8
  out_monthID[142] = 8
  out_monthID[143] = 8
  out_monthID[144] = 8
  out_monthID[145] = 8
  out_monthID[146] = 8
  out_monthID[147] = 8
  out_monthID[148] = 8
  out_monthID[149] = 8
  out_monthID[150] = 8
  out_monthID[151] = 8
  out_monthID[152] = 8
  out_monthID[153] = 8
  out_monthID[154] = 8
  out_monthID[155] = 8
  out_monthID[156] = 8
  out_monthID[157] = 8
  out_monthID[158] = 8
  out_monthID[159] = 8
  out_monthID[160] = 8
  out_monthID[161] = 8
  out_monthID[162] = 8
  out_monthID[163] = 8
  out_monthID[164] = 8
  out_monthID[165] = 8
  out_monthID[166] = 8
  out_monthID[167] = 8
  out_monthID[168] = 8
  out_monthID[169] = 8
  out_monthID[170] = 8
  out_monthID[171] = 8
  out_monthID[172] = 8
  out_monthID[173] = 8
  out_monthID[174] = 8
  out_monthID[175] = 8
  out_monthID[176] = 8
  out_monthID[177] = 8
  out_monthID[178] = 8
  out_monthID[179] = 8
  out_monthID[180] = 8
  out_monthID[181] = 8
  out_monthID[182] = 8
  out_monthID[183] = 8
  out_monthID[184] = 8
  out_monthID[185] = 8
  out_monthID[186] = 8
  out_monthID[187] = 8
  out_monthID[188] = 8
  out_monthID[189] = 8
  out_monthID[190] = 8
  out_monthID[191] = 8
  out_monthID[192] = 8
  out_monthID[193] = 8
  out_monthID[194] = 8
  out_monthID[195] = 8
  out_monthID[196] = 8
  out_monthID[197] = 8
  out_monthID[198] = 8
  out_monthID[199] = 8
  out_monthID[200] = 8
  out_monthID[201] = 8
  out_monthID[202] = 8
  out_monthID[203] = 8
  out_monthID[204] = 8
  out_monthID[205] = 8
  out_monthID[206] = 8
  out_monthID[207] = 8
  out_monthID[208] = 8
  out_monthID[209] = 8
  out_monthID[210] = 8
  out_monthID[211] = 8
  out_monthID[212] = 8
  out_monthID[213] = 8
  out_monthID[214] = 8
  out_monthID[215] = 8
  out_monthID[216] = 8
  out_monthID[217] = 8
  out_monthID[218] = 8
  out_monthID[219] = 8
  out_monthID[220] = 8
  out_monthID[221] = 8
  out_monthID[222] = 8
  out_monthID[223] = 8
  out_monthID[224] = 8
  out_monthID[225] = 8
  out_monthID[226] = 8
  out_monthID[227] = 8
  out_monthID[228] = 8
  out_monthID[229] = 8
  out_monthID[230] = 8
  out_monthID[231] = 8
  out_monthID[232] = 8
  out_monthID[233] = 8
  out_monthID[234] = 8
  out_monthID[235] = 8
  out_monthID[236] = 8
  out_monthID[237] = 8
  out_monthID[238] = 8
  out_monthID[239] = 8
  out_monthID[240] = 8
  out_monthID[241] = 8
  out_monthID[242] = 8
  out_monthID[243] = 8
  out_monthID[244] = 8
  out_monthID[245] = 8
  out_monthID[246] = 8
  out_monthID[247] = 8
  out_monthID[248] = 8
  out_monthID[249] = 8
  out_monthID[250] = 8
  out_monthID[251] = 8
  out_monthID[252] = 8
  out_monthID[253] = 8
  out_monthID[254] = 8
  out_monthID[255] = 8
  out_monthID[256] = 8
  out_monthID[257] = 8
  out_monthID[258] = 8
  out_monthID[259] = 8
  out_monthID[260] = 8
  out_monthID[261] = 8
  out_monthID[262] = 8
  out_monthID[263] = 8
  out_monthID[264] = 8
  out_monthID[265] = 8
  out_monthID[266] = 8
  out_monthID[267] = 8
  out_monthID[268] = 8
  out_monthID[269] = 8
  out_monthID[270] = 8
  out_monthID[271] = 8
  out_monthID[272] = 8
  out_monthID[273] = 8
  out_monthID[274] = 8
  out_monthID[275] = 8
  out_monthID[276] = 8
  out_monthID[277] = 8
  out_monthID[278] = 8
  out_monthID[279] = 8
  out_monthID[280] = 8
  out_monthID[281] = 8
  out_monthID[282] = 8
  out_monthID[283] = 8
  out_monthID[284] = 8
  out_monthID[285] = 8
  out_monthID[286] = 8
  out_monthID[287] = 8
  out_monthID[288] = 8
  out_monthID[289] = 8
  out_monthID[290] = 8
  out_monthID[291] = 8
  out_monthID[292] = 8
  out_monthID[293] = 8
  out_monthID[294] = 8
  out_monthID[295] = 8
  out_monthID[296] = 8
  out_monthID[297] = 8
  out_monthID[298] = 8
  out_monthID[299] = 8
  out_monthID[300] = 8
  out_monthID[301] = 8
  out_monthID[302] = 8
  out_monthID[303] = 8
  out_monthID[304] = 8
  out_monthID[305] = 8
  out_monthID[306] = 8
  out_monthID[307] = 8
  out_monthID[308] = 8
  out_monthID[309] = 8
  out_monthID[310] = 8
  out_monthID[311] = 8
  out_monthID[312] = 8
  out_monthID[313] = 8
  out_monthID[314] = 8
  out_monthID[315] = 8
  out_monthID[316] = 8
  out_monthID[317] = 8
  out_monthID[318] = 8
  out_monthID[319] = 8
  out_monthID[320] = 8
  out_monthID[321] = 8
  out_monthID[322] = 8
  out_monthID[323] = 8
  out_monthID[324] = 8
  out_monthID[325] = 8
  out_monthID[326] = 8
  out_monthID[327] = 8
  out_monthID[328] = 8
  out_monthID[329] = 8
  out_monthID[330] = 8
  out_monthID[331] = 8
  out_monthID[332] = 8
  out_monthID[333] = 8
  out_monthID[334] = 8
  out_monthID[335] = 8
  out_monthID[336] = 8
  out_monthID[337] = 8
  out_monthID[338] = 8
  out_monthID[339] = 8
  out_monthID[340] = 8
  out_monthID[341] = 8
  out_monthID[342] = 8
  out_monthID[343] = 8
  out_monthID[344] = 8
  out_monthID[345] = 8
  out_monthID[346] = 8
  out_monthID[347] = 8
  out_monthID[348] = 8
  out_monthID[349] = 8
  out_monthID[350] = 8
  out_monthID[351] = 8
  out_monthID[352] = 8
  out_monthID[353] = 8
  out_monthID[354] = 8
  out_monthID[355] = 8
  out_monthID[356] = 8
  out_monthID[357] = 8
  out_monthID[358] = 8
  out_monthID[359] = 8
  out_monthID[360] = 8
  out_monthID[361] = 8
  out_monthID[362] = 8
  out_monthID[363] = 8
  out_monthID[364] = 8
  out_monthID[365] = 8
  out_monthID[366] = 8
  out_monthID[367] = 8
  out_monthID[368] = 8
  out_monthID[369] = 8
  out_monthID[370] = 8
  out_monthID[371] = 8
  out_monthID[372] = 8
  out_monthID[373] = 8
  out_monthID[374] = 8
  out_monthID[375] = 8
  out_hourID[1] = 7
  out_hourID[2] = 7
  out_hourID[3] = 7
  out_hourID[4] = 7
  out_hourID[5] = 7
  out_hourID[6] = 7
  out_hourID[7] = 7
  out_hourID[8] = 7
  out_hourID[9] = 7
  out_hourID[10] = 7
  out_hourID[11] = 7
  out_hourID[12] = 7
  out_hourID[13] = 7
  out_hourID[14] = 7
  out_hourID[15] = 7
  out_hourID[16] = 7
  out_hourID[17] = 7
  out_hourID[18] = 7
  out_hourID[19] = 7
  out_hourID[20] = 7
  out_hourID[21] = 7
  out_hourID[22] = 7
  out_hourID[23] = 7
  out_hourID[24] = 7
  out_hourID[25] = 7
  out_hourID[26] = 7
  out_hourID[27] = 7
  out_hourID[28] = 7
  out_hourID[29] = 7
  out_hourID[30] = 7
  out_hourID[31] = 7
  out_hourID[32] = 7
  out_hourID[33] = 7
  out_hourID[34] = 7
  out_hourID[35] = 7
  out_hourID[36] = 7
  out_hourID[37] = 7
  out_hourID[38] = 7
  out_hourID[39] = 7
  out_hourID[40] = 7
  out_hourID[41] = 7
  out_hourID[42] = 7
  out_hourID[43] = 7
  out_hourID[44] = 7
  out_hourID[45] = 7
  out_hourID[46] = 7
  out_hourID[47] = 7
  out_hourID[48] = 7
  out_hourID[49] = 7
  out_hourID[50] = 7
  out_hourID[51] = 7
  out_hourID[52] = 7
  out_hourID[53] = 7
  out_hourID[54] = 7
  out_hourID[55] = 7
  out_hourID[56] = 7
  out_hourID[57] = 7
  out_hourID[58] = 7
  out_hourID[59] = 7
  out_hourID[60] = 7
  out_hourID[61] = 7
  out_hourID[62] = 7
  out_hourID[63] = 7
  out_hourID[64] = 7
  out_hourID[65] = 7
  out_hourID[66] = 7
  out_hourID[67] = 7
  out_hourID[68] = 7
  out_hourID[69] = 7
  out_hourID[70] = 7
  out_hourID[71] = 7
  out_hourID[72] = 7
  out_hourID[73] = 7
  out_hourID[74] = 7
  out_hourID[75] = 7
  out_hourID[76] = 7
  out_hourID[77] = 7
  out_hourID[78] = 7
  out_hourID[79] = 7
  out_hourID[80] = 7
  out_hourID[81] = 7
  out_hourID[82] = 7
  out_hourID[83] = 7
  out_hourID[84] = 7
  out_hourID[85] = 7
  out_hourID[86] = 7
  out_hourID[87] = 7
  out_hourID[88] = 7
  out_hourID[89] = 7
  out_hourID[90] = 7
  out_hourID[91] = 7
  out_hourID[92] = 7
  out_hourID[93] = 7
  out_hourID[94] = 7
  out_hourID[95] = 7
  out_hourID[96] = 7
  out_hourID[97] = 7
  out_hourID[98] = 7
  out_hourID[99] = 7
  out_hourID[100] = 7
  out_hourID[101] = 7
  out_hourID[102] = 7
  out_hourID[103] = 7
  out_hourID[104] = 7
  out_hourID[105] = 7
  out_hourID[106] = 7
  out_hourID[107] = 7
  out_hourID[108] = 7
  out_hourID[109] = 7
  out_hourID[110] = 7
  out_hourID[111] = 7
  out_hourID[112] = 7
  out_hourID[113] = 7
  out_hourID[114] = 7
  out_hourID[115] = 7
  out_hourID[116] = 7
  out_hourID[117] = 7
  out_hourID[118] = 7
  out_hourID[119] = 7
  out_hourID[120] = 7
  out_hourID[121] = 7
  out_hourID[122] = 7
  out_hourID[123] = 7
  out_hourID[124] = 7
  out_hourID[125] = 7
  out_hourID[126] = 7
  out_hourID[127] = 7
  out_hourID[128] = 7
  out_hourID[129] = 7
  out_hourID[130] = 7
  out_hourID[131] = 7
  out_hourID[132] = 7
  out_hourID[133] = 7
  out_hourID[134] = 7
  out_hourID[135] = 7
  out_hourID[136] = 7
  out_hourID[137] = 7
  out_hourID[138] = 7
  out_hourID[139] = 7
  out_hourID[140] = 7
  out_hourID[141] = 7
  out_hourID[142] = 7
  out_hourID[143] = 7
  out_hourID[144] = 7
  out_hourID[145] = 7
  out_hourID[146] = 7
  out_hourID[147] = 7
  out_hourID[148] = 7
  out_hourID[149] = 7
  out_hourID[150] = 7
  out_hourID[151] = 7
  out_hourID[152] = 7
  out_hourID[153] = 7
  out_hourID[154] = 7
  out_hourID[155] = 7
  out_hourID[156] = 7
  out_hourID[157] = 7
  out_hourID[158] = 7
  out_hourID[159] = 7
  out_hourID[160] = 7
  out_hourID[161] = 7
  out_hourID[162] = 7
  out_hourID[163] = 7
  out_hourID[164] = 7
  out_hourID[165] = 7
  out_hourID[166] = 7
  out_hourID[167] = 7
  out_hourID[168] = 7
  out_hourID[169] = 7
  out_hourID[170] = 7
  out_hourID[171] = 7
  out_hourID[172] = 7
  out_hourID[173] = 7
  out_hourID[174] = 7
  out_hourID[175] = 7
  out_hourID[176] = 7
  out_hourID[177] = 7
  out_hourID[178] = 7
  out_hourID[179] = 7
  out_hourID[180] = 7
  out_hourID[181] = 7
  out_hourID[182] = 7
  out_hourID[183] = 7
  out_hourID[184] = 7
  out_hourID[185] = 7
  out_hourID[186] = 7
  out_hourID[187] = 7
  out_hourID[188] = 7
  out_hourID[189] = 7
  out_hourID[190] = 7
  out_hourID[191] = 7
  out_hourID[192] = 7
  out_hourID[193] = 7
  out_hourID[194] = 7
  out_hourID[195] = 7
  out_hourID[196] = 7
  out_hourID[197] = 7
  out_hourID[198] = 7
  out_hourID[199] = 7
  out_hourID[200] = 7
  out_hourID[201] = 7
  out_hourID[202] = 7
  out_hourID[203] = 7
  out_hourID[204] = 7
  out_hourID[205] = 7
  out_hourID[206] = 7
  out_hourID[207] = 7
  out_hourID[208] = 7
  out_hourID[209] = 7
  out_hourID[210] = 7
  out_hourID[211] = 7
  out_hourID[212] = 7
  out_hourID[213] = 7
  out_hourID[214] = 7
  out_hourID[215] = 7
  out_hourID[216] = 7
  out_hourID[217] = 7
  out_hourID[218] = 7
  out_hourID[219] = 7
  out_hourID[220] = 7
  out_hourID[221] = 7
  out_hourID[222] = 7
  out_hourID[223] = 7
  out_hourID[224] = 7
  out_hourID[225] = 7
  out_hourID[226] = 7
  out_hourID[227] = 7
  out_hourID[228] = 7
  out_hourID[229] = 7
  out_hourID[230] = 7
  out_hourID[231] = 7
  out_hourID[232] = 7
  out_hourID[233] = 7
  out_hourID[234] = 7
  out_hourID[235] = 7
  out_hourID[236] = 7
  out_hourID[237] = 7
  out_hourID[238] = 7
  out_hourID[239] = 7
  out_hourID[240] = 7
  out_hourID[241] = 7
  out_hourID[242] = 7
  out_hourID[243] = 7
  out_hourID[244] = 7
  out_hourID[245] = 7
  out_hourID[246] = 7
  out_hourID[247] = 7
  out_hourID[248] = 7
  out_hourID[249] = 7
  out_hourID[250] = 7
  out_hourID[251] = 7
  out_hourID[252] = 7
  out_hourID[253] = 7
  out_hourID[254] = 7
  out_hourID[255] = 7
  out_hourID[256] = 7
  out_hourID[257] = 7
  out_hourID[258] = 7
  out_hourID[259] = 7
  out_hourID[260] = 7
  out_hourID[261] = 7
  out_hourID[262] = 7
  out_hourID[263] = 7
  out_hourID[264] = 7
  out_hourID[265] = 7
  out_hourID[266] = 7
  out_hourID[267] = 7
  out_hourID[268] = 7
  out_hourID[269] = 7
  out_hourID[270] = 7
  out_hourID[271] = 7
  out_hourID[272] = 7
  out_hourID[273] = 7
  out_hourID[274] = 7
  out_hourID[275] = 7
  out_hourID[276] = 7
  out_hourID[277] = 7
  out_hourID[278] = 7
  out_hourID[279] = 7
  out_hourID[280] = 7
  out_hourID[281] = 7
  out_hourID[282] = 7
  out_hourID[283] = 7
  out_hourID[284] = 7
  out_hourID[285] = 7
  out_hourID[286] = 7
  out_hourID[287] = 7
  out_hourID[288] = 7
  out_hourID[289] = 7
  out_hourID[290] = 7
  out_hourID[291] = 7
  out_hourID[292] = 7
  out_hourID[293] = 7
  out_hourID[294] = 7
  out_hourID[295] = 7
  out_hourID[296] = 7
  out_hourID[297] = 7
  out_hourID[298] = 7
  out_hourID[299] = 7
  out_hourID[300] = 7
  out_hourID[301] = 7
  out_hourID[302] = 7
  out_hourID[303] = 7
  out_hourID[304] = 7
  out_hourID[305] = 7
  out_hourID[306] = 7
  out_hourID[307] = 7
  out_hourID[308] = 7
  out_hourID[309] = 7
  out_hourID[310] = 7
  out_hourID[311] = 7
  out_hourID[312] = 7
  out_hourID[313] = 7
  out_hourID[314] = 7
  out_hourID[315] = 7
  out_hourID[316] = 7
  out_hourID[317] = 7
  out_hourID[318] = 7
  out_hourID[319] = 7
  out_hourID[320] = 7
  out_hourID[321] = 7
  out_hourID[322] = 7
  out_hourID[323] = 7
  out_hourID[324] = 7
  out_hourID[325] = 7
  out_hourID[326] = 7
  out_hourID[327] = 7
  out_hourID[328] = 7
  out_hourID[329] = 7
  out_hourID[330] = 7
  out_hourID[331] = 7
  out_hourID[332] = 7
  out_hourID[333] = 7
  out_hourID[334] = 7
  out_hourID[335] = 7
  out_hourID[336] = 7
  out_hourID[337] = 7
  out_hourID[338] = 7
  out_hourID[339] = 7
  out_hourID[340] = 7
  out_hourID[341] = 7
  out_hourID[342] = 7
  out_hourID[343] = 7
  out_hourID[344] = 7
  out_hourID[345] = 7
  out_hourID[346] = 7
  out_hourID[347] = 7
  out_hourID[348] = 7
  out_hourID[349] = 7
  out_hourID[350] = 7
  out_hourID[351] = 7
  out_hourID[352] = 7
  out_hourID[353] = 7
  out_hourID[354] = 7
  out_hourID[355] = 7
  out_hourID[356] = 7
  out_hourID[357] = 7
  out_hourID[358] = 7
  out_hourID[359] = 7
  out_hourID[360] = 7
  out_hourID[361] = 7
  out_hourID[362] = 7
  out_hourID[363] = 7
  out_hourID[364] = 7
  out_hourID[365] = 7
  out_hourID[366] = 7
  out_hourID[367] = 7
  out_hourID[368] = 7
  out_hourID[369] = 7
  out_hourID[370] = 7
  out_hourID[371] = 7
  out_hourID[372] = 7
  out_hourID[373] = 7
  out_hourID[374] = 7
  out_hourID[375] = 7
  out_stateID[1] = 26
  out_stateID[2] = 26
  out_stateID[3] = 26
  out_stateID[4] = 26
  out_stateID[5] = 26
  out_stateID[6] = 26
  out_stateID[7] = 26
  out_stateID[8] = 26
  out_stateID[9] = 26
  out_stateID[10] = 26
  out_stateID[11] = 26
  out_stateID[12] = 26
  out_stateID[13] = 26
  out_stateID[14] = 26
  out_stateID[15] = 26
  out_stateID[16] = 26
  out_stateID[17] = 26
  out_stateID[18] = 26
  out_stateID[19] = 26
  out_stateID[20] = 26
  out_stateID[21] = 26
  out_stateID[22] = 26
  out_stateID[23] = 26
  out_stateID[24] = 26
  out_stateID[25] = 26
  out_stateID[26] = 26
  out_stateID[27] = 26
  out_stateID[28] = 26
  out_stateID[29] = 26
  out_stateID[30] = 26
  out_stateID[31] = 26
  out_stateID[32] = 26
  out_stateID[33] = 26
  out_stateID[34] = 26
  out_stateID[35] = 26
  out_stateID[36] = 26
  out_stateID[37] = 26
  out_stateID[38] = 26
  out_stateID[39] = 26
  out_stateID[40] = 26
  out_stateID[41] = 26
  out_stateID[42] = 26
  out_stateID[43] = 26
  out_stateID[44] = 26
  out_stateID[45] = 26
  out_stateID[46] = 26
  out_stateID[47] = 26
  out_stateID[48] = 26
  out_stateID[49] = 26
  out_stateID[50] = 26
  out_stateID[51] = 26
  out_stateID[52] = 26
  out_stateID[53] = 26
  out_stateID[54] = 26
  out_stateID[55] = 26
  out_stateID[56] = 26
  out_stateID[57] = 26
  out_stateID[58] = 26
  out_stateID[59] = 26
  out_stateID[60] = 26
  out_stateID[61] = 26
  out_stateID[62] = 26
  out_stateID[63] = 26
  out_stateID[64] = 26
  out_stateID[65] = 26
  out_stateID[66] = 26
  out_stateID[67] = 26
  out_stateID[68] = 26
  out_stateID[69] = 26
  out_stateID[70] = 26
  out_stateID[71] = 26
  out_stateID[72] = 26
  out_stateID[73] = 26
  out_stateID[74] = 26
  out_stateID[75] = 26
  out_stateID[76] = 26
  out_stateID[77] = 26
  out_stateID[78] = 26
  out_stateID[79] = 26
  out_stateID[80] = 26
  out_stateID[81] = 26
  out_stateID[82] = 26
  out_stateID[83] = 26
  out_stateID[84] = 26
  out_stateID[85] = 26
  out_stateID[86] = 26
  out_stateID[87] = 26
  out_stateID[88] = 26
  out_stateID[89] = 26
  out_stateID[90] = 26
  out_stateID[91] = 26
  out_stateID[92] = 26
  out_stateID[93] = 26
  out_stateID[94] = 26
  out_stateID[95] = 26
  out_stateID[96] = 26
  out_stateID[97] = 26
  out_stateID[98] = 26
  out_stateID[99] = 26
  out_stateID[100] = 26
  out_stateID[101] = 26
  out_stateID[102] = 26
  out_stateID[103] = 26
  out_stateID[104] = 26
  out_stateID[105] = 26
  out_stateID[106] = 26
  out_stateID[107] = 26
  out_stateID[108] = 26
  out_stateID[109] = 26
  out_stateID[110] = 26
  out_stateID[111] = 26
  out_stateID[112] = 26
  out_stateID[113] = 26
  out_stateID[114] = 26
  out_stateID[115] = 26
  out_stateID[116] = 26
  out_stateID[117] = 26
  out_stateID[118] = 26
  out_stateID[119] = 26
  out_stateID[120] = 26
  out_stateID[121] = 26
  out_stateID[122] = 26
  out_stateID[123] = 26
  out_stateID[124] = 26
  out_stateID[125] = 26
  out_stateID[126] = 26
  out_stateID[127] = 26
  out_stateID[128] = 26
  out_stateID[129] = 26
  out_stateID[130] = 26
  out_stateID[131] = 26
  out_stateID[132] = 26
  out_stateID[133] = 26
  out_stateID[134] = 26
  out_stateID[135] = 26
  out_stateID[136] = 26
  out_stateID[137] = 26
  out_stateID[138] = 26
  out_stateID[139] = 26
  out_stateID[140] = 26
  out_stateID[141] = 26
  out_stateID[142] = 26
  out_stateID[143] = 26
  out_stateID[144] = 26
  out_stateID[145] = 26
  out_stateID[146] = 26
  out_stateID[147] = 26
  out_stateID[148] = 26
  out_stateID[149] = 26
  out_stateID[150] = 26
  out_stateID[151] = 26
  out_stateID[152] = 26
  out_stateID[153] = 26
  out_stateID[154] = 26
  out_stateID[155] = 26
  out_stateID[156] = 26
  out_stateID[157] = 26
  out_stateID[158] = 26
  out_stateID[159] = 26
  out_stateID[160] = 26
  out_stateID[161] = 26
  out_stateID[162] = 26
  out_stateID[163] = 26
  out_stateID[164] = 26
  out_stateID[165] = 26
  out_stateID[166] = 26
  out_stateID[167] = 26
  out_stateID[168] = 26
  out_stateID[169] = 26
  out_stateID[170] = 26
  out_stateID[171] = 26
  out_stateID[172] = 26
  out_stateID[173] = 26
  out_stateID[174] = 26
  out_stateID[175] = 26
  out_stateID[176] = 26
  out_stateID[177] = 26
  out_stateID[178] = 26
  out_stateID[179] = 26
  out_stateID[180] = 26
  out_stateID[181] = 26
  out_stateID[182] = 26
  out_stateID[183] = 26
  out_stateID[184] = 26
  out_stateID[185] = 26
  out_stateID[186] = 26
  out_stateID[187] = 26
  out_stateID[188] = 26
  out_stateID[189] = 26
  out_stateID[190] = 26
  out_stateID[191] = 26
  out_stateID[192] = 26
  out_stateID[193] = 26
  out_stateID[194] = 26
  out_stateID[195] = 26
  out_stateID[196] = 26
  out_stateID[197] = 26
  out_stateID[198] = 26
  out_stateID[199] = 26
  out_stateID[200] = 26
  out_stateID[201] = 26
  out_stateID[202] = 26
  out_stateID[203] = 26
  out_stateID[204] = 26
  out_stateID[205] = 26
  out_stateID[206] = 26
  out_stateID[207] = 26
  out_stateID[208] = 26
  out_stateID[209] = 26
  out_stateID[210] = 26
  out_stateID[211] = 26
  out_stateID[212] = 26
  out_stateID[213] = 26
  out_stateID[214] = 26
  out_stateID[215] = 26
  out_stateID[216] = 26
  out_stateID[217] = 26
  out_stateID[218] = 26
  out_stateID[219] = 26
  out_stateID[220] = 26
  out_stateID[221] = 26
  out_stateID[222] = 26
  out_stateID[223] = 26
  out_stateID[224] = 26
  out_stateID[225] = 26
  out_stateID[226] = 26
  out_stateID[227] = 26
  out_stateID[228] = 26
  out_stateID[229] = 26
  out_stateID[230] = 26
  out_stateID[231] = 26
  out_stateID[232] = 26
  out_stateID[233] = 26
  out_stateID[234] = 26
  out_stateID[235] = 26
  out_stateID[236] = 26
  out_stateID[237] = 26
  out_stateID[238] = 26
  out_stateID[239] = 26
  out_stateID[240] = 26
  out_stateID[241] = 26
  out_stateID[242] = 26
  out_stateID[243] = 26
  out_stateID[244] = 26
  out_stateID[245] = 26
  out_stateID[246] = 26
  out_stateID[247] = 26
  out_stateID[248] = 26
  out_stateID[249] = 26
  out_stateID[250] = 26
  out_stateID[251] = 26
  out_stateID[252] = 26
  out_stateID[253] = 26
  out_stateID[254] = 26
  out_stateID[255] = 26
  out_stateID[256] = 26
  out_stateID[257] = 26
  out_stateID[258] = 26
  out_stateID[259] = 26
  out_stateID[260] = 26
  out_stateID[261] = 26
  out_stateID[262] = 26
  out_stateID[263] = 26
  out_stateID[264] = 26
  out_stateID[265] = 26
  out_stateID[266] = 26
  out_stateID[267] = 26
  out_stateID[268] = 26
  out_stateID[269] = 26
  out_stateID[270] = 26
  out_stateID[271] = 26
  out_stateID[272] = 26
  out_stateID[273] = 26
  out_stateID[274] = 26
  out_stateID[275] = 26
  out_stateID[276] = 26
  out_stateID[277] = 26
  out_stateID[278] = 26
  out_stateID[279] = 26
  out_stateID[280] = 26
  out_stateID[281] = 26
  out_stateID[282] = 26
  out_stateID[283] = 26
  out_stateID[284] = 26
  out_stateID[285] = 26
  out_stateID[286] = 26
  out_stateID[287] = 26
  out_stateID[288] = 26
  out_stateID[289] = 26
  out_stateID[290] = 26
  out_stateID[291] = 26
  out_stateID[292] = 26
  out_stateID[293] = 26
  out_stateID[294] = 26
  out_stateID[295] = 26
  out_stateID[296] = 26
  out_stateID[297] = 26
  out_stateID[298] = 26
  out_stateID[299] = 26
  out_stateID[300] = 26
  out_stateID[301] = 26
  out_stateID[302] = 26
  out_stateID[303] = 26
  out_stateID[304] = 26
  out_stateID[305] = 26
  out_stateID[306] = 26
  out_stateID[307] = 26
  out_stateID[308] = 26
  out_stateID[309] = 26
  out_stateID[310] = 26
  out_stateID[311] = 26
  out_stateID[312] = 26
  out_stateID[313] = 26
  out_stateID[314] = 26
  out_stateID[315] = 26
  out_stateID[316] = 26
  out_stateID[317] = 26
  out_stateID[318] = 26
  out_stateID[319] = 26
  out_stateID[320] = 26
  out_stateID[321] = 26
  out_stateID[322] = 26
  out_stateID[323] = 26
  out_stateID[324] = 26
  out_stateID[325] = 26
  out_stateID[326] = 26
  out_stateID[327] = 26
  out_stateID[328] = 26
  out_stateID[329] = 26
  out_stateID[330] = 26
  out_stateID[331] = 26
  out_stateID[332] = 26
  out_stateID[333] = 26
  out_stateID[334] = 26
  out_stateID[335] = 26
  out_stateID[336] = 26
  out_stateID[337] = 26
  out_stateID[338] = 26
  out_stateID[339] = 26
  out_stateID[340] = 26
  out_stateID[341] = 26
  out_stateID[342] = 26
  out_stateID[343] = 26
  out_stateID[344] = 26
  out_stateID[345] = 26
  out_stateID[346] = 26
  out_stateID[347] = 26
  out_stateID[348] = 26
  out_stateID[349] = 26
  out_stateID[350] = 26
  out_stateID[351] = 26
  out_stateID[352] = 26
  out_stateID[353] = 26
  out_stateID[354] = 26
  out_stateID[355] = 26
  out_stateID[356] = 26
  out_stateID[357] = 26
  out_stateID[358] = 26
  out_stateID[359] = 26
  out_stateID[360] = 26
  out_stateID[361] = 26
  out_stateID[362] = 26
  out_stateID[363] = 26
  out_stateID[364] = 26
  out_stateID[365] = 26
  out_stateID[366] = 26
  out_stateID[367] = 26
  out_stateID[368] = 26
  out_stateID[369] = 26
  out_stateID[370] = 26
  out_stateID[371] = 26
  out_stateID[372] = 26
  out_stateID[373] = 26
  out_stateID[374] = 26
  out_stateID[375] = 26
  out_countyID[1] = 26161
  out_countyID[2] = 26161
  out_countyID[3] = 26161
  out_countyID[4] = 26161
  out_countyID[5] = 26161
  out_countyID[6] = 26161
  out_countyID[7] = 26161
  out_countyID[8] = 26161
  out_countyID[9] = 26161
  out_countyID[10] = 26161
  out_countyID[11] = 26161
  out_countyID[12] = 26161
  out_countyID[13] = 26161
  out_countyID[14] = 26161
  out_countyID[15] = 26161
  out_countyID[16] = 26161
  out_countyID[17] = 26161
  out_countyID[18] = 26161
  out_countyID[19] = 26161
  out_countyID[20] = 26161
  out_countyID[21] = 26161
  out_countyID[22] = 26161
  out_countyID[23] = 26161
  out_countyID[24] = 26161
  out_countyID[25] = 26161
  out_countyID[26] = 26161
  out_countyID[27] = 26161
  out_countyID[28] = 26161
  out_countyID[29] = 26161
  out_countyID[30] = 26161
  out_countyID[31] = 26161
  out_countyID[32] = 26161
  out_countyID[33] = 26161
  out_countyID[34] = 26161
  out_countyID[35] = 26161
  out_countyID[36] = 26161
  out_countyID[37] = 26161
  out_countyID[38] = 26161
  out_countyID[39] = 26161
  out_countyID[40] = 26161
  out_countyID[41] = 26161
  out_countyID[42] = 26161
  out_countyID[43] = 26161
  out_countyID[44] = 26161
  out_countyID[45] = 26161
  out_countyID[46] = 26161
  out_countyID[47] = 26161
  out_countyID[48] = 26161
  out_countyID[49] = 26161
  out_countyID[50] = 26161
  out_countyID[51] = 26161
  out_countyID[52] = 26161
  out_countyID[53] = 26161
  out_countyID[54] = 26161
  out_countyID[55] = 26161
  out_countyID[56] = 26161
  out_countyID[57] = 26161
  out_countyID[58] = 26161
  out_countyID[59] = 26161
  out_countyID[60] = 26161
  out_countyID[61] = 26161
  out_countyID[62] = 26161
  out_countyID[63] = 26161
  out_countyID[64] = 26161
  out_countyID[65] = 26161
  out_countyID[66] = 26161
  out_countyID[67] = 26161
  out_countyID[68] = 26161
  out_countyID[69] = 26161
  out_countyID[70] = 26161
  out_countyID[71] = 26161
  out_countyID[72] = 26161
  out_countyID[73] = 26161
  out_countyID[74] = 26161
  out_countyID[75] = 26161
  out_countyID[76] = 26161
  out_countyID[77] = 26161
  out_countyID[78] = 26161
  out_countyID[79] = 26161
  out_countyID[80] = 26161
  out_countyID[81] = 26161
  out_countyID[82] = 26161
  out_countyID[83] = 26161
  out_countyID[84] = 26161
  out_countyID[85] = 26161
  out_countyID[86] = 26161
  out_countyID[87] = 26161
  out_countyID[88] = 26161
  out_countyID[89] = 26161
  out_countyID[90] = 26161
  out_countyID[91] = 26161
  out_countyID[92] = 26161
  out_countyID[93] = 26161
  out_countyID[94] = 26161
  out_countyID[95] = 26161
  out_countyID[96] = 26161
  out_countyID[97] = 26161
  out_countyID[98] = 26161
  out_countyID[99] = 26161
  out_countyID[100] = 26161
  out_countyID[101] = 26161
  out_countyID[102] = 26161
  out_countyID[103] = 26161
  out_countyID[104] = 26161
  out_countyID[105] = 26161
  out_countyID[106] = 26161
  out_countyID[107] = 26161
  out_countyID[108] = 26161
  out_countyID[109] = 26161
  out_countyID[110] = 26161
  out_countyID[111] = 26161
  out_countyID[112] = 26161
  out_countyID[113] = 26161
  out_countyID[114] = 26161
  out_countyID[115] = 26161
  out_countyID[116] = 26161
  out_countyID[117] = 26161
  out_countyID[118] = 26161
  out_countyID[119] = 26161
  out_countyID[120] = 26161
  out_countyID[121] = 26161
  out_countyID[122] = 26161
  out_countyID[123] = 26161
  out_countyID[124] = 26161
  out_countyID[125] = 26161
  out_countyID[126] = 26161
  out_countyID[127] = 26161
  out_countyID[128] = 26161
  out_countyID[129] = 26161
  out_countyID[130] = 26161
  out_countyID[131] = 26161
  out_countyID[132] = 26161
  out_countyID[133] = 26161
  out_countyID[134] = 26161
  out_countyID[135] = 26161
  out_countyID[136] = 26161
  out_countyID[137] = 26161
  out_countyID[138] = 26161
  out_countyID[139] = 26161
  out_countyID[140] = 26161
  out_countyID[141] = 26161
  out_countyID[142] = 26161
  out_countyID[143] = 26161
  out_countyID[144] = 26161
  out_countyID[145] = 26161
  out_countyID[146] = 26161
  out_countyID[147] = 26161
  out_countyID[148] = 26161
  out_countyID[149] = 26161
  out_countyID[150] = 26161
  out_countyID[151] = 26161
  out_countyID[152] = 26161
  out_countyID[153] = 26161
  out_countyID[154] = 26161
  out_countyID[155] = 26161
  out_countyID[156] = 26161
  out_countyID[157] = 26161
  out_countyID[158] = 26161
  out_countyID[159] = 26161
  out_countyID[160] = 26161
  out_countyID[161] = 26161
  out_countyID[162] = 26161
  out_countyID[163] = 26161
  out_countyID[164] = 26161
  out_countyID[165] = 26161
  out_countyID[166] = 26161
  out_countyID[167] = 26161
  out_countyID[168] = 26161
  out_countyID[169] = 26161
  out_countyID[170] = 26161
  out_countyID[171] = 26161
  out_countyID[172] = 26161
  out_countyID[173] = 26161
  out_countyID[174] = 26161
  out_countyID[175] = 26161
  out_countyID[176] = 26161
  out_countyID[177] = 26161
  out_countyID[178] = 26161
  out_countyID[179] = 26161
  out_countyID[180] = 26161
  out_countyID[181] = 26161
  out_countyID[182] = 26161
  out_countyID[183] = 26161
  out_countyID[184] = 26161
  out_countyID[185] = 26161
  out_countyID[186] = 26161
  out_countyID[187] = 26161
  out_countyID[188] = 26161
  out_countyID[189] = 26161
  out_countyID[190] = 26161
  out_countyID[191] = 26161
  out_countyID[192] = 26161
  out_countyID[193] = 26161
  out_countyID[194] = 26161
  out_countyID[195] = 26161
  out_countyID[196] = 26161
  out_countyID[197] = 26161
  out_countyID[198] = 26161
  out_countyID[199] = 26161
  out_countyID[200] = 26161
  out_countyID[201] = 26161
  out_countyID[202] = 26161
  out_countyID[203] = 26161
  out_countyID[204] = 26161
  out_countyID[205] = 26161
  out_countyID[206] = 26161
  out_countyID[207] = 26161
  out_countyID[208] = 26161
  out_countyID[209] = 26161
  out_countyID[210] = 26161
  out_countyID[211] = 26161
  out_countyID[212] = 26161
  out_countyID[213] = 26161
  out_countyID[214] = 26161
  out_countyID[215] = 26161
  out_countyID[216] = 26161
  out_countyID[217] = 26161
  out_countyID[218] = 26161
  out_countyID[219] = 26161
  out_countyID[220] = 26161
  out_countyID[221] = 26161
  out_countyID[222] = 26161
  out_countyID[223] = 26161
  out_countyID[224] = 26161
  out_countyID[225] = 26161
  out_countyID[226] = 26161
  out_countyID[227] = 26161
  out_countyID[228] = 26161
  out_countyID[229] = 26161
  out_countyID[230] = 26161
  out_countyID[231] = 26161
  out_countyID[232] = 26161
  out_countyID[233] = 26161
  out_countyID[234] = 26161
  out_countyID[235] = 26161
  out_countyID[236] = 26161
  out_countyID[237] = 26161
  out_countyID[238] = 26161
  out_countyID[239] = 26161
  out_countyID[240] = 26161
  out_countyID[241] = 26161
  out_countyID[242] = 26161
  out_countyID[243] = 26161
  out_countyID[244] = 26161
  out_countyID[245] = 26161
  out_countyID[246] = 26161
  out_countyID[247] = 26161
  out_countyID[248] = 26161
  out_countyID[249] = 26161
  out_countyID[250] = 26161
  out_countyID[251] = 26161
  out_countyID[252] = 26161
  out_countyID[253] = 26161
  out_countyID[254] = 26161
  out_countyID[255] = 26161
  out_countyID[256] = 26161
  out_countyID[257] = 26161
  out_countyID[258] = 26161
  out_countyID[259] = 26161
  out_countyID[260] = 26161
  out_countyID[261] = 26161
  out_countyID[262] = 26161
  out_countyID[263] = 26161
  out_countyID[264] = 26161
  out_countyID[265] = 26161
  out_countyID[266] = 26161
  out_countyID[267] = 26161
  out_countyID[268] = 26161
  out_countyID[269] = 26161
  out_countyID[270] = 26161
  out_countyID[271] = 26161
  out_countyID[272] = 26161
  out_countyID[273] = 26161
  out_countyID[274] = 26161
  out_countyID[275] = 26161
  out_countyID[276] = 26161
  out_countyID[277] = 26161
  out_countyID[278] = 26161
  out_countyID[279] = 26161
  out_countyID[280] = 26161
  out_countyID[281] = 26161
  out_countyID[282] = 26161
  out_countyID[283] = 26161
  out_countyID[284] = 26161
  out_countyID[285] = 26161
  out_countyID[286] = 26161
  out_countyID[287] = 26161
  out_countyID[288] = 26161
  out_countyID[289] = 26161
  out_countyID[290] = 26161
  out_countyID[291] = 26161
  out_countyID[292] = 26161
  out_countyID[293] = 26161
  out_countyID[294] = 26161
  out_countyID[295] = 26161
  out_countyID[296] = 26161
  out_countyID[297] = 26161
  out_countyID[298] = 26161
  out_countyID[299] = 26161
  out_countyID[300] = 26161
  out_countyID[301] = 26161
  out_countyID[302] = 26161
  out_countyID[303] = 26161
  out_countyID[304] = 26161
  out_countyID[305] = 26161
  out_countyID[306] = 26161
  out_countyID[307] = 26161
  out_countyID[308] = 26161
  out_countyID[309] = 26161
  out_countyID[310] = 26161
  out_countyID[311] = 26161
  out_countyID[312] = 26161
  out_countyID[313] = 26161
  out_countyID[314] = 26161
  out_countyID[315] = 26161
  out_countyID[316] = 26161
  out_countyID[317] = 26161
  out_countyID[318] = 26161
  out_countyID[319] = 26161
  out_countyID[320] = 26161
  out_countyID[321] = 26161
  out_countyID[322] = 26161
  out_countyID[323] = 26161
  out_countyID[324] = 26161
  out_countyID[325] = 26161
  out_countyID[326] = 26161
  out_countyID[327] = 26161
  out_countyID[328] = 26161
  out_countyID[329] = 26161
  out_countyID[330] = 26161
  out_countyID[331] = 26161
  out_countyID[332] = 26161
  out_countyID[333] = 26161
  out_countyID[334] = 26161
  out_countyID[335] = 26161
  out_countyID[336] = 26161
  out_countyID[337] = 26161
  out_countyID[338] = 26161
  out_countyID[339] = 26161
  out_countyID[340] = 26161
  out_countyID[341] = 26161
  out_countyID[342] = 26161
  out_countyID[343] = 26161
  out_countyID[344] = 26161
  out_countyID[345] = 26161
  out_countyID[346] = 26161
  out_countyID[347] = 26161
  out_countyID[348] = 26161
  out_countyID[349] = 26161
  out_countyID[350] = 26161
  out_countyID[351] = 26161
  out_countyID[352] = 26161
  out_countyID[353] = 26161
  out_countyID[354] = 26161
  out_countyID[355] = 26161
  out_countyID[356] = 26161
  out_countyID[357] = 26161
  out_countyID[358] = 26161
  out_countyID[359] = 26161
  out_countyID[360] = 26161
  out_countyID[361] = 26161
  out_countyID[362] = 26161
  out_countyID[363] = 26161
  out_countyID[364] = 26161
  out_countyID[365] = 26161
  out_countyID[366] = 26161
  out_countyID[367] = 26161
  out_countyID[368] = 26161
  out_countyID[369] = 26161
  out_countyID[370] = 26161
  out_countyID[371] = 26161
  out_countyID[372] = 26161
  out_countyID[373] = 26161
  out_countyID[374] = 26161
  out_countyID[375] = 26161
  out_sourceTypeID[1] = 21
  out_sourceTypeID[2] = 21
  out_sourceTypeID[3] = 21
  out_sourceTypeID[4] = 21
  out_sourceTypeID[5] = 21
  out_sourceTypeID[6] = 21
  out_sourceTypeID[7] = 21
  out_sourceTypeID[8] = 21
  out_sourceTypeID[9] = 21
  out_sourceTypeID[10] = 21
  out_sourceTypeID[11] = 21
  out_sourceTypeID[12] = 21
  out_sourceTypeID[13] = 21
  out_sourceTypeID[14] = 21
  out_sourceTypeID[15] = 21
  out_sourceTypeID[16] = 21
  out_sourceTypeID[17] = 21
  out_sourceTypeID[18] = 21
  out_sourceTypeID[19] = 21
  out_sourceTypeID[20] = 21
  out_sourceTypeID[21] = 21
  out_sourceTypeID[22] = 21
  out_sourceTypeID[23] = 21
  out_sourceTypeID[24] = 21
  out_sourceTypeID[25] = 21
  out_sourceTypeID[26] = 21
  out_sourceTypeID[27] = 21
  out_sourceTypeID[28] = 21
  out_sourceTypeID[29] = 21
  out_sourceTypeID[30] = 21
  out_sourceTypeID[31] = 21
  out_sourceTypeID[32] = 21
  out_sourceTypeID[33] = 21
  out_sourceTypeID[34] = 21
  out_sourceTypeID[35] = 21
  out_sourceTypeID[36] = 21
  out_sourceTypeID[37] = 21
  out_sourceTypeID[38] = 21
  out_sourceTypeID[39] = 21
  out_sourceTypeID[40] = 21
  out_sourceTypeID[41] = 21
  out_sourceTypeID[42] = 21
  out_sourceTypeID[43] = 21
  out_sourceTypeID[44] = 21
  out_sourceTypeID[45] = 21
  out_sourceTypeID[46] = 21
  out_sourceTypeID[47] = 21
  out_sourceTypeID[48] = 21
  out_sourceTypeID[49] = 21
  out_sourceTypeID[50] = 21
  out_sourceTypeID[51] = 21
  out_sourceTypeID[52] = 21
  out_sourceTypeID[53] = 21
  out_sourceTypeID[54] = 21
  out_sourceTypeID[55] = 21
  out_sourceTypeID[56] = 21
  out_sourceTypeID[57] = 21
  out_sourceTypeID[58] = 21
  out_sourceTypeID[59] = 21
  out_sourceTypeID[60] = 21
  out_sourceTypeID[61] = 21
  out_sourceTypeID[62] = 21
  out_sourceTypeID[63] = 21
  out_sourceTypeID[64] = 21
  out_sourceTypeID[65] = 21
  out_sourceTypeID[66] = 21
  out_sourceTypeID[67] = 21
  out_sourceTypeID[68] = 21
  out_sourceTypeID[69] = 21
  out_sourceTypeID[70] = 21
  out_sourceTypeID[71] = 21
  out_sourceTypeID[72] = 21
  out_sourceTypeID[73] = 21
  out_sourceTypeID[74] = 21
  out_sourceTypeID[75] = 21
  out_sourceTypeID[76] = 21
  out_sourceTypeID[77] = 21
  out_sourceTypeID[78] = 21
  out_sourceTypeID[79] = 21
  out_sourceTypeID[80] = 21
  out_sourceTypeID[81] = 21
  out_sourceTypeID[82] = 21
  out_sourceTypeID[83] = 21
  out_sourceTypeID[84] = 21
  out_sourceTypeID[85] = 21
  out_sourceTypeID[86] = 21
  out_sourceTypeID[87] = 21
  out_sourceTypeID[88] = 21
  out_sourceTypeID[89] = 21
  out_sourceTypeID[90] = 21
  out_sourceTypeID[91] = 21
  out_sourceTypeID[92] = 21
  out_sourceTypeID[93] = 21
  out_sourceTypeID[94] = 21
  out_sourceTypeID[95] = 21
  out_sourceTypeID[96] = 21
  out_sourceTypeID[97] = 21
  out_sourceTypeID[98] = 21
  out_sourceTypeID[99] = 21
  out_sourceTypeID[100] = 21
  out_sourceTypeID[101] = 21
  out_sourceTypeID[102] = 21
  out_sourceTypeID[103] = 21
  out_sourceTypeID[104] = 21
  out_sourceTypeID[105] = 21
  out_sourceTypeID[106] = 21
  out_sourceTypeID[107] = 21
  out_sourceTypeID[108] = 21
  out_sourceTypeID[109] = 21
  out_sourceTypeID[110] = 21
  out_sourceTypeID[111] = 21
  out_sourceTypeID[112] = 21
  out_sourceTypeID[113] = 21
  out_sourceTypeID[114] = 21
  out_sourceTypeID[115] = 21
  out_sourceTypeID[116] = 21
  out_sourceTypeID[117] = 21
  out_sourceTypeID[118] = 21
  out_sourceTypeID[119] = 21
  out_sourceTypeID[120] = 21
  out_sourceTypeID[121] = 21
  out_sourceTypeID[122] = 21
  out_sourceTypeID[123] = 21
  out_sourceTypeID[124] = 21
  out_sourceTypeID[125] = 21
  out_sourceTypeID[126] = 21
  out_sourceTypeID[127] = 21
  out_sourceTypeID[128] = 21
  out_sourceTypeID[129] = 21
  out_sourceTypeID[130] = 21
  out_sourceTypeID[131] = 21
  out_sourceTypeID[132] = 21
  out_sourceTypeID[133] = 21
  out_sourceTypeID[134] = 21
  out_sourceTypeID[135] = 21
  out_sourceTypeID[136] = 21
  out_sourceTypeID[137] = 21
  out_sourceTypeID[138] = 21
  out_sourceTypeID[139] = 21
  out_sourceTypeID[140] = 21
  out_sourceTypeID[141] = 21
  out_sourceTypeID[142] = 21
  out_sourceTypeID[143] = 21
  out_sourceTypeID[144] = 21
  out_sourceTypeID[145] = 21
  out_sourceTypeID[146] = 21
  out_sourceTypeID[147] = 21
  out_sourceTypeID[148] = 21
  out_sourceTypeID[149] = 21
  out_sourceTypeID[150] = 21
  out_sourceTypeID[151] = 21
  out_sourceTypeID[152] = 21
  out_sourceTypeID[153] = 21
  out_sourceTypeID[154] = 21
  out_sourceTypeID[155] = 21
  out_sourceTypeID[156] = 21
  out_sourceTypeID[157] = 21
  out_sourceTypeID[158] = 21
  out_sourceTypeID[159] = 21
  out_sourceTypeID[160] = 21
  out_sourceTypeID[161] = 21
  out_sourceTypeID[162] = 21
  out_sourceTypeID[163] = 21
  out_sourceTypeID[164] = 21
  out_sourceTypeID[165] = 21
  out_sourceTypeID[166] = 21
  out_sourceTypeID[167] = 21
  out_sourceTypeID[168] = 21
  out_sourceTypeID[169] = 21
  out_sourceTypeID[170] = 21
  out_sourceTypeID[171] = 21
  out_sourceTypeID[172] = 21
  out_sourceTypeID[173] = 21
  out_sourceTypeID[174] = 21
  out_sourceTypeID[175] = 21
  out_sourceTypeID[176] = 21
  out_sourceTypeID[177] = 21
  out_sourceTypeID[178] = 21
  out_sourceTypeID[179] = 21
  out_sourceTypeID[180] = 21
  out_sourceTypeID[181] = 21
  out_sourceTypeID[182] = 21
  out_sourceTypeID[183] = 21
  out_sourceTypeID[184] = 21
  out_sourceTypeID[185] = 21
  out_sourceTypeID[186] = 21
  out_sourceTypeID[187] = 21
  out_sourceTypeID[188] = 21
  out_sourceTypeID[189] = 21
  out_sourceTypeID[190] = 21
  out_sourceTypeID[191] = 21
  out_sourceTypeID[192] = 21
  out_sourceTypeID[193] = 21
  out_sourceTypeID[194] = 21
  out_sourceTypeID[195] = 21
  out_sourceTypeID[196] = 21
  out_sourceTypeID[197] = 21
  out_sourceTypeID[198] = 21
  out_sourceTypeID[199] = 21
  out_sourceTypeID[200] = 21
  out_sourceTypeID[201] = 21
  out_sourceTypeID[202] = 21
  out_sourceTypeID[203] = 21
  out_sourceTypeID[204] = 21
  out_sourceTypeID[205] = 21
  out_sourceTypeID[206] = 21
  out_sourceTypeID[207] = 21
  out_sourceTypeID[208] = 21
  out_sourceTypeID[209] = 21
  out_sourceTypeID[210] = 21
  out_sourceTypeID[211] = 21
  out_sourceTypeID[212] = 21
  out_sourceTypeID[213] = 21
  out_sourceTypeID[214] = 21
  out_sourceTypeID[215] = 21
  out_sourceTypeID[216] = 21
  out_sourceTypeID[217] = 21
  out_sourceTypeID[218] = 21
  out_sourceTypeID[219] = 21
  out_sourceTypeID[220] = 21
  out_sourceTypeID[221] = 21
  out_sourceTypeID[222] = 21
  out_sourceTypeID[223] = 21
  out_sourceTypeID[224] = 21
  out_sourceTypeID[225] = 21
  out_sourceTypeID[226] = 21
  out_sourceTypeID[227] = 21
  out_sourceTypeID[228] = 21
  out_sourceTypeID[229] = 21
  out_sourceTypeID[230] = 21
  out_sourceTypeID[231] = 21
  out_sourceTypeID[232] = 21
  out_sourceTypeID[233] = 21
  out_sourceTypeID[234] = 21
  out_sourceTypeID[235] = 21
  out_sourceTypeID[236] = 21
  out_sourceTypeID[237] = 21
  out_sourceTypeID[238] = 21
  out_sourceTypeID[239] = 21
  out_sourceTypeID[240] = 21
  out_sourceTypeID[241] = 21
  out_sourceTypeID[242] = 21
  out_sourceTypeID[243] = 21
  out_sourceTypeID[244] = 21
  out_sourceTypeID[245] = 21
  out_sourceTypeID[246] = 21
  out_sourceTypeID[247] = 21
  out_sourceTypeID[248] = 21
  out_sourceTypeID[249] = 21
  out_sourceTypeID[250] = 21
  out_sourceTypeID[251] = 21
  out_sourceTypeID[252] = 21
  out_sourceTypeID[253] = 21
  out_sourceTypeID[254] = 21
  out_sourceTypeID[255] = 21
  out_sourceTypeID[256] = 21
  out_sourceTypeID[257] = 21
  out_sourceTypeID[258] = 21
  out_sourceTypeID[259] = 21
  out_sourceTypeID[260] = 21
  out_sourceTypeID[261] = 21
  out_sourceTypeID[262] = 21
  out_sourceTypeID[263] = 21
  out_sourceTypeID[264] = 21
  out_sourceTypeID[265] = 21
  out_sourceTypeID[266] = 21
  out_sourceTypeID[267] = 21
  out_sourceTypeID[268] = 21
  out_sourceTypeID[269] = 21
  out_sourceTypeID[270] = 21
  out_sourceTypeID[271] = 21
  out_sourceTypeID[272] = 21
  out_sourceTypeID[273] = 21
  out_sourceTypeID[274] = 21
  out_sourceTypeID[275] = 21
  out_sourceTypeID[276] = 21
  out_sourceTypeID[277] = 21
  out_sourceTypeID[278] = 21
  out_sourceTypeID[279] = 21
  out_sourceTypeID[280] = 21
  out_sourceTypeID[281] = 21
  out_sourceTypeID[282] = 21
  out_sourceTypeID[283] = 21
  out_sourceTypeID[284] = 21
  out_sourceTypeID[285] = 21
  out_sourceTypeID[286] = 21
  out_sourceTypeID[287] = 21
  out_sourceTypeID[288] = 21
  out_sourceTypeID[289] = 21
  out_sourceTypeID[290] = 21
  out_sourceTypeID[291] = 21
  out_sourceTypeID[292] = 21
  out_sourceTypeID[293] = 21
  out_sourceTypeID[294] = 21
  out_sourceTypeID[295] = 21
  out_sourceTypeID[296] = 21
  out_sourceTypeID[297] = 21
  out_sourceTypeID[298] = 21
  out_sourceTypeID[299] = 21
  out_sourceTypeID[300] = 21
  out_sourceTypeID[301] = 21
  out_sourceTypeID[302] = 21
  out_sourceTypeID[303] = 21
  out_sourceTypeID[304] = 21
  out_sourceTypeID[305] = 21
  out_sourceTypeID[306] = 21
  out_sourceTypeID[307] = 21
  out_sourceTypeID[308] = 21
  out_sourceTypeID[309] = 21
  out_sourceTypeID[310] = 21
  out_sourceTypeID[311] = 21
  out_sourceTypeID[312] = 21
  out_sourceTypeID[313] = 21
  out_sourceTypeID[314] = 21
  out_sourceTypeID[315] = 21
  out_sourceTypeID[316] = 21
  out_sourceTypeID[317] = 21
  out_sourceTypeID[318] = 21
  out_sourceTypeID[319] = 21
  out_sourceTypeID[320] = 21
  out_sourceTypeID[321] = 21
  out_sourceTypeID[322] = 21
  out_sourceTypeID[323] = 21
  out_sourceTypeID[324] = 21
  out_sourceTypeID[325] = 21
  out_sourceTypeID[326] = 21
  out_sourceTypeID[327] = 21
  out_sourceTypeID[328] = 21
  out_sourceTypeID[329] = 21
  out_sourceTypeID[330] = 21
  out_sourceTypeID[331] = 21
  out_sourceTypeID[332] = 21
  out_sourceTypeID[333] = 21
  out_sourceTypeID[334] = 21
  out_sourceTypeID[335] = 21
  out_sourceTypeID[336] = 21
  out_sourceTypeID[337] = 21
  out_sourceTypeID[338] = 21
  out_sourceTypeID[339] = 21
  out_sourceTypeID[340] = 21
  out_sourceTypeID[341] = 21
  out_sourceTypeID[342] = 21
  out_sourceTypeID[343] = 21
  out_sourceTypeID[344] = 21
  out_sourceTypeID[345] = 21
  out_sourceTypeID[346] = 21
  out_sourceTypeID[347] = 21
  out_sourceTypeID[348] = 21
  out_sourceTypeID[349] = 21
  out_sourceTypeID[350] = 21
  out_sourceTypeID[351] = 21
  out_sourceTypeID[352] = 21
  out_sourceTypeID[353] = 21
  out_sourceTypeID[354] = 21
  out_sourceTypeID[355] = 21
  out_sourceTypeID[356] = 21
  out_sourceTypeID[357] = 21
  out_sourceTypeID[358] = 21
  out_sourceTypeID[359] = 21
  out_sourceTypeID[360] = 21
  out_sourceTypeID[361] = 21
  out_sourceTypeID[362] = 21
  out_sourceTypeID[363] = 21
  out_sourceTypeID[364] = 21
  out_sourceTypeID[365] = 21
  out_sourceTypeID[366] = 21
  out_sourceTypeID[367] = 21
  out_sourceTypeID[368] = 21
  out_sourceTypeID[369] = 21
  out_sourceTypeID[370] = 21
  out_sourceTypeID[371] = 21
  out_sourceTypeID[372] = 21
  out_sourceTypeID[373] = 21
  out_sourceTypeID[374] = 21
  out_sourceTypeID[375] = 21
  out_roadTypeID[1] = 4
  out_roadTypeID[2] = 4
  out_roadTypeID[3] = 4
  out_roadTypeID[4] = 4
  out_roadTypeID[5] = 4
  out_roadTypeID[6] = 4
  out_roadTypeID[7] = 4
  out_roadTypeID[8] = 4
  out_roadTypeID[9] = 4
  out_roadTypeID[10] = 4
  out_roadTypeID[11] = 4
  out_roadTypeID[12] = 4
  out_roadTypeID[13] = 4
  out_roadTypeID[14] = 4
  out_roadTypeID[15] = 4
  out_roadTypeID[16] = 4
  out_roadTypeID[17] = 4
  out_roadTypeID[18] = 4
  out_roadTypeID[19] = 4
  out_roadTypeID[20] = 4
  out_roadTypeID[21] = 4
  out_roadTypeID[22] = 4
  out_roadTypeID[23] = 4
  out_roadTypeID[24] = 4
  out_roadTypeID[25] = 4
  out_roadTypeID[26] = 4
  out_roadTypeID[27] = 4
  out_roadTypeID[28] = 4
  out_roadTypeID[29] = 4
  out_roadTypeID[30] = 4
  out_roadTypeID[31] = 4
  out_roadTypeID[32] = 4
  out_roadTypeID[33] = 4
  out_roadTypeID[34] = 4
  out_roadTypeID[35] = 4
  out_roadTypeID[36] = 4
  out_roadTypeID[37] = 4
  out_roadTypeID[38] = 4
  out_roadTypeID[39] = 4
  out_roadTypeID[40] = 4
  out_roadTypeID[41] = 4
  out_roadTypeID[42] = 4
  out_roadTypeID[43] = 4
  out_roadTypeID[44] = 4
  out_roadTypeID[45] = 4
  out_roadTypeID[46] = 4
  out_roadTypeID[47] = 4
  out_roadTypeID[48] = 4
  out_roadTypeID[49] = 4
  out_roadTypeID[50] = 4
  out_roadTypeID[51] = 4
  out_roadTypeID[52] = 4
  out_roadTypeID[53] = 4
  out_roadTypeID[54] = 4
  out_roadTypeID[55] = 4
  out_roadTypeID[56] = 4
  out_roadTypeID[57] = 4
  out_roadTypeID[58] = 4
  out_roadTypeID[59] = 4
  out_roadTypeID[60] = 4
  out_roadTypeID[61] = 4
  out_roadTypeID[62] = 4
  out_roadTypeID[63] = 4
  out_roadTypeID[64] = 4
  out_roadTypeID[65] = 4
  out_roadTypeID[66] = 4
  out_roadTypeID[67] = 4
  out_roadTypeID[68] = 4
  out_roadTypeID[69] = 4
  out_roadTypeID[70] = 4
  out_roadTypeID[71] = 4
  out_roadTypeID[72] = 4
  out_roadTypeID[73] = 4
  out_roadTypeID[74] = 4
  out_roadTypeID[75] = 4
  out_roadTypeID[76] = 4
  out_roadTypeID[77] = 4
  out_roadTypeID[78] = 4
  out_roadTypeID[79] = 4
  out_roadTypeID[80] = 4
  out_roadTypeID[81] = 4
  out_roadTypeID[82] = 4
  out_roadTypeID[83] = 4
  out_roadTypeID[84] = 4
  out_roadTypeID[85] = 4
  out_roadTypeID[86] = 4
  out_roadTypeID[87] = 4
  out_roadTypeID[88] = 4
  out_roadTypeID[89] = 4
  out_roadTypeID[90] = 4
  out_roadTypeID[91] = 4
  out_roadTypeID[92] = 4
  out_roadTypeID[93] = 4
  out_roadTypeID[94] = 4
  out_roadTypeID[95] = 4
  out_roadTypeID[96] = 4
  out_roadTypeID[97] = 4
  out_roadTypeID[98] = 4
  out_roadTypeID[99] = 4
  out_roadTypeID[100] = 4
  out_roadTypeID[101] = 4
  out_roadTypeID[102] = 4
  out_roadTypeID[103] = 4
  out_roadTypeID[104] = 4
  out_roadTypeID[105] = 4
  out_roadTypeID[106] = 4
  out_roadTypeID[107] = 4
  out_roadTypeID[108] = 4
  out_roadTypeID[109] = 4
  out_roadTypeID[110] = 4
  out_roadTypeID[111] = 4
  out_roadTypeID[112] = 4
  out_roadTypeID[113] = 4
  out_roadTypeID[114] = 4
  out_roadTypeID[115] = 4
  out_roadTypeID[116] = 4
  out_roadTypeID[117] = 4
  out_roadTypeID[118] = 4
  out_roadTypeID[119] = 4
  out_roadTypeID[120] = 4
  out_roadTypeID[121] = 4
  out_roadTypeID[122] = 4
  out_roadTypeID[123] = 4
  out_roadTypeID[124] = 4
  out_roadTypeID[125] = 4
  out_roadTypeID[126] = 4
  out_roadTypeID[127] = 4
  out_roadTypeID[128] = 4
  out_roadTypeID[129] = 4
  out_roadTypeID[130] = 4
  out_roadTypeID[131] = 4
  out_roadTypeID[132] = 4
  out_roadTypeID[133] = 4
  out_roadTypeID[134] = 4
  out_roadTypeID[135] = 4
  out_roadTypeID[136] = 4
  out_roadTypeID[137] = 4
  out_roadTypeID[138] = 4
  out_roadTypeID[139] = 4
  out_roadTypeID[140] = 4
  out_roadTypeID[141] = 4
  out_roadTypeID[142] = 4
  out_roadTypeID[143] = 4
  out_roadTypeID[144] = 4
  out_roadTypeID[145] = 4
  out_roadTypeID[146] = 4
  out_roadTypeID[147] = 4
  out_roadTypeID[148] = 4
  out_roadTypeID[149] = 4
  out_roadTypeID[150] = 4
  out_roadTypeID[151] = 4
  out_roadTypeID[152] = 4
  out_roadTypeID[153] = 4
  out_roadTypeID[154] = 4
  out_roadTypeID[155] = 4
  out_roadTypeID[156] = 4
  out_roadTypeID[157] = 4
  out_roadTypeID[158] = 4
  out_roadTypeID[159] = 4
  out_roadTypeID[160] = 4
  out_roadTypeID[161] = 4
  out_roadTypeID[162] = 4
  out_roadTypeID[163] = 4
  out_roadTypeID[164] = 4
  out_roadTypeID[165] = 4
  out_roadTypeID[166] = 4
  out_roadTypeID[167] = 4
  out_roadTypeID[168] = 4
  out_roadTypeID[169] = 4
  out_roadTypeID[170] = 4
  out_roadTypeID[171] = 4
  out_roadTypeID[172] = 4
  out_roadTypeID[173] = 4
  out_roadTypeID[174] = 4
  out_roadTypeID[175] = 4
  out_roadTypeID[176] = 4
  out_roadTypeID[177] = 4
  out_roadTypeID[178] = 4
  out_roadTypeID[179] = 4
  out_roadTypeID[180] = 4
  out_roadTypeID[181] = 4
  out_roadTypeID[182] = 4
  out_roadTypeID[183] = 4
  out_roadTypeID[184] = 4
  out_roadTypeID[185] = 4
  out_roadTypeID[186] = 4
  out_roadTypeID[187] = 4
  out_roadTypeID[188] = 4
  out_roadTypeID[189] = 4
  out_roadTypeID[190] = 4
  out_roadTypeID[191] = 4
  out_roadTypeID[192] = 4
  out_roadTypeID[193] = 4
  out_roadTypeID[194] = 4
  out_roadTypeID[195] = 4
  out_roadTypeID[196] = 4
  out_roadTypeID[197] = 4
  out_roadTypeID[198] = 4
  out_roadTypeID[199] = 4
  out_roadTypeID[200] = 4
  out_roadTypeID[201] = 4
  out_roadTypeID[202] = 4
  out_roadTypeID[203] = 4
  out_roadTypeID[204] = 4
  out_roadTypeID[205] = 4
  out_roadTypeID[206] = 4
  out_roadTypeID[207] = 4
  out_roadTypeID[208] = 4
  out_roadTypeID[209] = 4
  out_roadTypeID[210] = 4
  out_roadTypeID[211] = 4
  out_roadTypeID[212] = 4
  out_roadTypeID[213] = 4
  out_roadTypeID[214] = 4
  out_roadTypeID[215] = 4
  out_roadTypeID[216] = 4
  out_roadTypeID[217] = 4
  out_roadTypeID[218] = 4
  out_roadTypeID[219] = 4
  out_roadTypeID[220] = 4
  out_roadTypeID[221] = 4
  out_roadTypeID[222] = 4
  out_roadTypeID[223] = 4
  out_roadTypeID[224] = 4
  out_roadTypeID[225] = 4
  out_roadTypeID[226] = 4
  out_roadTypeID[227] = 4
  out_roadTypeID[228] = 4
  out_roadTypeID[229] = 4
  out_roadTypeID[230] = 4
  out_roadTypeID[231] = 4
  out_roadTypeID[232] = 4
  out_roadTypeID[233] = 4
  out_roadTypeID[234] = 4
  out_roadTypeID[235] = 4
  out_roadTypeID[236] = 4
  out_roadTypeID[237] = 4
  out_roadTypeID[238] = 4
  out_roadTypeID[239] = 4
  out_roadTypeID[240] = 4
  out_roadTypeID[241] = 4
  out_roadTypeID[242] = 4
  out_roadTypeID[243] = 4
  out_roadTypeID[244] = 4
  out_roadTypeID[245] = 4
  out_roadTypeID[246] = 4
  out_roadTypeID[247] = 4
  out_roadTypeID[248] = 4
  out_roadTypeID[249] = 4
  out_roadTypeID[250] = 4
  out_roadTypeID[251] = 4
  out_roadTypeID[252] = 4
  out_roadTypeID[253] = 4
  out_roadTypeID[254] = 4
  out_roadTypeID[255] = 4
  out_roadTypeID[256] = 4
  out_roadTypeID[257] = 4
  out_roadTypeID[258] = 4
  out_roadTypeID[259] = 4
  out_roadTypeID[260] = 4
  out_roadTypeID[261] = 4
  out_roadTypeID[262] = 4
  out_roadTypeID[263] = 4
  out_roadTypeID[264] = 4
  out_roadTypeID[265] = 4
  out_roadTypeID[266] = 4
  out_roadTypeID[267] = 4
  out_roadTypeID[268] = 4
  out_roadTypeID[269] = 4
  out_roadTypeID[270] = 4
  out_roadTypeID[271] = 4
  out_roadTypeID[272] = 4
  out_roadTypeID[273] = 4
  out_roadTypeID[274] = 4
  out_roadTypeID[275] = 4
  out_roadTypeID[276] = 4
  out_roadTypeID[277] = 4
  out_roadTypeID[278] = 4
  out_roadTypeID[279] = 4
  out_roadTypeID[280] = 4
  out_roadTypeID[281] = 4
  out_roadTypeID[282] = 4
  out_roadTypeID[283] = 4
  out_roadTypeID[284] = 4
  out_roadTypeID[285] = 4
  out_roadTypeID[286] = 4
  out_roadTypeID[287] = 4
  out_roadTypeID[288] = 4
  out_roadTypeID[289] = 4
  out_roadTypeID[290] = 4
  out_roadTypeID[291] = 4
  out_roadTypeID[292] = 4
  out_roadTypeID[293] = 4
  out_roadTypeID[294] = 4
  out_roadTypeID[295] = 4
  out_roadTypeID[296] = 4
  out_roadTypeID[297] = 4
  out_roadTypeID[298] = 4
  out_roadTypeID[299] = 4
  out_roadTypeID[300] = 4
  out_roadTypeID[301] = 4
  out_roadTypeID[302] = 4
  out_roadTypeID[303] = 4
  out_roadTypeID[304] = 4
  out_roadTypeID[305] = 4
  out_roadTypeID[306] = 4
  out_roadTypeID[307] = 4
  out_roadTypeID[308] = 4
  out_roadTypeID[309] = 4
  out_roadTypeID[310] = 4
  out_roadTypeID[311] = 4
  out_roadTypeID[312] = 4
  out_roadTypeID[313] = 4
  out_roadTypeID[314] = 4
  out_roadTypeID[315] = 4
  out_roadTypeID[316] = 4
  out_roadTypeID[317] = 4
  out_roadTypeID[318] = 4
  out_roadTypeID[319] = 4
  out_roadTypeID[320] = 4
  out_roadTypeID[321] = 4
  out_roadTypeID[322] = 4
  out_roadTypeID[323] = 4
  out_roadTypeID[324] = 4
  out_roadTypeID[325] = 4
  out_roadTypeID[326] = 4
  out_roadTypeID[327] = 4
  out_roadTypeID[328] = 4
  out_roadTypeID[329] = 4
  out_roadTypeID[330] = 4
  out_roadTypeID[331] = 4
  out_roadTypeID[332] = 4
  out_roadTypeID[333] = 4
  out_roadTypeID[334] = 4
  out_roadTypeID[335] = 4
  out_roadTypeID[336] = 4
  out_roadTypeID[337] = 4
  out_roadTypeID[338] = 4
  out_roadTypeID[339] = 4
  out_roadTypeID[340] = 4
  out_roadTypeID[341] = 4
  out_roadTypeID[342] = 4
  out_roadTypeID[343] = 4
  out_roadTypeID[344] = 4
  out_roadTypeID[345] = 4
  out_roadTypeID[346] = 4
  out_roadTypeID[347] = 4
  out_roadTypeID[348] = 4
  out_roadTypeID[349] = 4
  out_roadTypeID[350] = 4
  out_roadTypeID[351] = 4
  out_roadTypeID[352] = 4
  out_roadTypeID[353] = 4
  out_roadTypeID[354] = 4
  out_roadTypeID[355] = 4
  out_roadTypeID[356] = 4
  out_roadTypeID[357] = 4
  out_roadTypeID[358] = 4
  out_roadTypeID[359] = 4
  out_roadTypeID[360] = 4
  out_roadTypeID[361] = 4
  out_roadTypeID[362] = 4
  out_roadTypeID[363] = 4
  out_roadTypeID[364] = 4
  out_roadTypeID[365] = 4
  out_roadTypeID[366] = 4
  out_roadTypeID[367] = 4
  out_roadTypeID[368] = 4
  out_roadTypeID[369] = 4
  out_roadTypeID[370] = 4
  out_roadTypeID[371] = 4
  out_roadTypeID[372] = 4
  out_roadTypeID[373] = 4
  out_roadTypeID[374] = 4
  out_roadTypeID[375] = 4
  out_SCC[1] = 2201210401
  out_SCC[2] = 2201210401
  out_SCC[3] = 2201210401
  out_SCC[4] = 2201210401
  out_SCC[5] = 2201210401
  out_SCC[6] = 2201210401
  out_SCC[7] = 2201210401
  out_SCC[8] = 2201210401
  out_SCC[9] = 2201210401
  out_SCC[10] = 2201210401
  out_SCC[11] = 2201210401
  out_SCC[12] = 2201210401
  out_SCC[13] = 2201210401
  out_SCC[14] = 2201210401
  out_SCC[15] = 2201210401
  out_SCC[16] = 2201210401
  out_SCC[17] = 2201210401
  out_SCC[18] = 2201210401
  out_SCC[19] = 2201210401
  out_SCC[20] = 2201210401
  out_SCC[21] = 2201210401
  out_SCC[22] = 2201210401
  out_SCC[23] = 2201210401
  out_SCC[24] = 2201210401
  out_SCC[25] = 2201210401
  out_SCC[26] = 2201210401
  out_SCC[27] = 2201210401
  out_SCC[28] = 2201210401
  out_SCC[29] = 2201210401
  out_SCC[30] = 2201210401
  out_SCC[31] = 2201210401
  out_SCC[32] = 2201210401
  out_SCC[33] = 2201210401
  out_SCC[34] = 2201210401
  out_SCC[35] = 2201210401
  out_SCC[36] = 2201210401
  out_SCC[37] = 2201210401
  out_SCC[38] = 2201210401
  out_SCC[39] = 2201210401
  out_SCC[40] = 2201210401
  out_SCC[41] = 2201210401
  out_SCC[42] = 2202210401
  out_SCC[43] = 2202210401
  out_SCC[44] = 2202210401
  out_SCC[45] = 2202210401
  out_SCC[46] = 2202210401
  out_SCC[47] = 2202210401
  out_SCC[48] = 2202210401
  out_SCC[49] = 2202210401
  out_SCC[50] = 2202210401
  out_SCC[51] = 2202210401
  out_SCC[52] = 2202210401
  out_SCC[53] = 2202210401
  out_SCC[54] = 2202210401
  out_SCC[55] = 2202210401
  out_SCC[56] = 2202210401
  out_SCC[57] = 2202210401
  out_SCC[58] = 2202210401
  out_SCC[59] = 2202210401
  out_SCC[60] = 2202210401
  out_SCC[61] = 2202210401
  out_SCC[62] = 2202210401
  out_SCC[63] = 2202210401
  out_SCC[64] = 2202210401
  out_SCC[65] = 2202210401
  out_SCC[66] = 2202210401
  out_SCC[67] = 2202210401
  out_SCC[68] = 2202210401
  out_SCC[69] = 2202210401
  out_SCC[70] = 2202210401
  out_SCC[71] = 2202210401
  out_SCC[72] = 2202210401
  out_SCC[73] = 2202210401
  out_SCC[74] = 2202210401
  out_SCC[75] = 2202210401
  out_SCC[76] = 2202210401
  out_SCC[77] = 2202210401
  out_SCC[78] = 2202210401
  out_SCC[79] = 2202210401
  out_SCC[80] = 2202210401
  out_SCC[81] = 2202210401
  out_SCC[82] = 2205210401
  out_SCC[83] = 2205210401
  out_SCC[84] = 2205210401
  out_SCC[85] = 2205210401
  out_SCC[86] = 2205210401
  out_SCC[87] = 2205210401
  out_SCC[88] = 2205210401
  out_SCC[89] = 2205210401
  out_SCC[90] = 2205210401
  out_SCC[91] = 2205210401
  out_SCC[92] = 2205210401
  out_SCC[93] = 2205210401
  out_SCC[94] = 2205210401
  out_SCC[95] = 2205210401
  out_SCC[96] = 2205210401
  out_SCC[97] = 2205210401
  out_SCC[98] = 2205210401
  out_SCC[99] = 2205210401
  out_SCC[100] = 2205210401
  out_SCC[101] = 2205210401
  out_SCC[102] = 2205210401
  out_SCC[103] = 2205210401
  out_SCC[104] = 2205210401
  out_SCC[105] = 2209210401
  out_SCC[106] = 2209210401
  out_SCC[107] = 2209210401
  out_SCC[108] = 2209210401
  out_SCC[109] = 2209210401
  out_SCC[110] = 2209210401
  out_SCC[111] = 2209210401
  out_SCC[112] = 2209210401
  out_SCC[113] = 2209210401
  out_SCC[114] = 2209210401
  out_SCC[115] = 2209210401
  out_SCC[116] = 2209210401
  out_SCC[117] = 2209210401
  out_SCC[118] = 2209210401
  out_SCC[119] = 2209210401
  out_SCC[120] = 2209210401
  out_SCC[121] = 2209210401
  out_SCC[122] = 2209210401
  out_SCC[123] = 2209210401
  out_SCC[124] = 2209210401
  out_SCC[125] = 2209210401
  out_SCC[126] = 2201210409
  out_SCC[127] = 2201210409
  out_SCC[128] = 2201210409
  out_SCC[129] = 2201210409
  out_SCC[130] = 2201210409
  out_SCC[131] = 2201210409
  out_SCC[132] = 2201210409
  out_SCC[133] = 2201210409
  out_SCC[134] = 2201210409
  out_SCC[135] = 2201210409
  out_SCC[136] = 2201210409
  out_SCC[137] = 2201210409
  out_SCC[138] = 2201210409
  out_SCC[139] = 2201210409
  out_SCC[140] = 2201210409
  out_SCC[141] = 2201210409
  out_SCC[142] = 2201210409
  out_SCC[143] = 2201210409
  out_SCC[144] = 2201210409
  out_SCC[145] = 2201210409
  out_SCC[146] = 2201210409
  out_SCC[147] = 2201210409
  out_SCC[148] = 2201210409
  out_SCC[149] = 2201210409
  out_SCC[150] = 2201210409
  out_SCC[151] = 2201210409
  out_SCC[152] = 2201210409
  out_SCC[153] = 2201210409
  out_SCC[154] = 2201210409
  out_SCC[155] = 2201210409
  out_SCC[156] = 2201210409
  out_SCC[157] = 2201210409
  out_SCC[158] = 2201210409
  out_SCC[159] = 2201210409
  out_SCC[160] = 2201210409
  out_SCC[161] = 2201210409
  out_SCC[162] = 2201210409
  out_SCC[163] = 2201210409
  out_SCC[164] = 2201210409
  out_SCC[165] = 2201210409
  out_SCC[166] = 2201210409
  out_SCC[167] = 2202210409
  out_SCC[168] = 2202210409
  out_SCC[169] = 2202210409
  out_SCC[170] = 2202210409
  out_SCC[171] = 2202210409
  out_SCC[172] = 2202210409
  out_SCC[173] = 2202210409
  out_SCC[174] = 2202210409
  out_SCC[175] = 2202210409
  out_SCC[176] = 2202210409
  out_SCC[177] = 2202210409
  out_SCC[178] = 2202210409
  out_SCC[179] = 2202210409
  out_SCC[180] = 2202210409
  out_SCC[181] = 2202210409
  out_SCC[182] = 2202210409
  out_SCC[183] = 2202210409
  out_SCC[184] = 2202210409
  out_SCC[185] = 2202210409
  out_SCC[186] = 2202210409
  out_SCC[187] = 2202210409
  out_SCC[188] = 2202210409
  out_SCC[189] = 2202210409
  out_SCC[190] = 2202210409
  out_SCC[191] = 2202210409
  out_SCC[192] = 2202210409
  out_SCC[193] = 2202210409
  out_SCC[194] = 2202210409
  out_SCC[195] = 2202210409
  out_SCC[196] = 2202210409
  out_SCC[197] = 2202210409
  out_SCC[198] = 2202210409
  out_SCC[199] = 2202210409
  out_SCC[200] = 2202210409
  out_SCC[201] = 2202210409
  out_SCC[202] = 2202210409
  out_SCC[203] = 2202210409
  out_SCC[204] = 2202210409
  out_SCC[205] = 2202210409
  out_SCC[206] = 2202210409
  out_SCC[207] = 2205210409
  out_SCC[208] = 2205210409
  out_SCC[209] = 2205210409
  out_SCC[210] = 2205210409
  out_SCC[211] = 2205210409
  out_SCC[212] = 2205210409
  out_SCC[213] = 2205210409
  out_SCC[214] = 2205210409
  out_SCC[215] = 2205210409
  out_SCC[216] = 2205210409
  out_SCC[217] = 2205210409
  out_SCC[218] = 2205210409
  out_SCC[219] = 2205210409
  out_SCC[220] = 2205210409
  out_SCC[221] = 2205210409
  out_SCC[222] = 2205210409
  out_SCC[223] = 2205210409
  out_SCC[224] = 2205210409
  out_SCC[225] = 2205210409
  out_SCC[226] = 2205210409
  out_SCC[227] = 2205210409
  out_SCC[228] = 2205210409
  out_SCC[229] = 2205210409
  out_SCC[230] = 2209210409
  out_SCC[231] = 2209210409
  out_SCC[232] = 2209210409
  out_SCC[233] = 2209210409
  out_SCC[234] = 2209210409
  out_SCC[235] = 2209210409
  out_SCC[236] = 2209210409
  out_SCC[237] = 2209210409
  out_SCC[238] = 2209210409
  out_SCC[239] = 2209210409
  out_SCC[240] = 2209210409
  out_SCC[241] = 2209210409
  out_SCC[242] = 2209210409
  out_SCC[243] = 2209210409
  out_SCC[244] = 2209210409
  out_SCC[245] = 2209210409
  out_SCC[246] = 2209210409
  out_SCC[247] = 2209210409
  out_SCC[248] = 2209210409
  out_SCC[249] = 2209210409
  out_SCC[250] = 2209210409
  out_SCC[251] = 2201210409
  out_SCC[252] = 2201210409
  out_SCC[253] = 2201210409
  out_SCC[254] = 2201210409
  out_SCC[255] = 2201210409
  out_SCC[256] = 2201210409
  out_SCC[257] = 2201210409
  out_SCC[258] = 2201210409
  out_SCC[259] = 2201210409
  out_SCC[260] = 2201210409
  out_SCC[261] = 2201210409
  out_SCC[262] = 2201210409
  out_SCC[263] = 2201210409
  out_SCC[264] = 2201210409
  out_SCC[265] = 2201210409
  out_SCC[266] = 2201210409
  out_SCC[267] = 2201210409
  out_SCC[268] = 2201210409
  out_SCC[269] = 2201210409
  out_SCC[270] = 2201210409
  out_SCC[271] = 2201210409
  out_SCC[272] = 2201210409
  out_SCC[273] = 2201210409
  out_SCC[274] = 2201210409
  out_SCC[275] = 2201210409
  out_SCC[276] = 2201210409
  out_SCC[277] = 2201210409
  out_SCC[278] = 2201210409
  out_SCC[279] = 2201210409
  out_SCC[280] = 2201210409
  out_SCC[281] = 2201210409
  out_SCC[282] = 2201210409
  out_SCC[283] = 2201210409
  out_SCC[284] = 2201210409
  out_SCC[285] = 2201210409
  out_SCC[286] = 2201210409
  out_SCC[287] = 2201210409
  out_SCC[288] = 2201210409
  out_SCC[289] = 2201210409
  out_SCC[290] = 2201210409
  out_SCC[291] = 2201210409
  out_SCC[292] = 2202210409
  out_SCC[293] = 2202210409
  out_SCC[294] = 2202210409
  out_SCC[295] = 2202210409
  out_SCC[296] = 2202210409
  out_SCC[297] = 2202210409
  out_SCC[298] = 2202210409
  out_SCC[299] = 2202210409
  out_SCC[300] = 2202210409
  out_SCC[301] = 2202210409
  out_SCC[302] = 2202210409
  out_SCC[303] = 2202210409
  out_SCC[304] = 2202210409
  out_SCC[305] = 2202210409
  out_SCC[306] = 2202210409
  out_SCC[307] = 2202210409
  out_SCC[308] = 2202210409
  out_SCC[309] = 2202210409
  out_SCC[310] = 2202210409
  out_SCC[311] = 2202210409
  out_SCC[312] = 2202210409
  out_SCC[313] = 2202210409
  out_SCC[314] = 2202210409
  out_SCC[315] = 2202210409
  out_SCC[316] = 2202210409
  out_SCC[317] = 2202210409
  out_SCC[318] = 2202210409
  out_SCC[319] = 2202210409
  out_SCC[320] = 2202210409
  out_SCC[321] = 2202210409
  out_SCC[322] = 2202210409
  out_SCC[323] = 2202210409
  out_SCC[324] = 2202210409
  out_SCC[325] = 2202210409
  out_SCC[326] = 2202210409
  out_SCC[327] = 2202210409
  out_SCC[328] = 2202210409
  out_SCC[329] = 2202210409
  out_SCC[330] = 2202210409
  out_SCC[331] = 2202210409
  out_SCC[332] = 2205210409
  out_SCC[333] = 2205210409
  out_SCC[334] = 2205210409
  out_SCC[335] = 2205210409
  out_SCC[336] = 2205210409
  out_SCC[337] = 2205210409
  out_SCC[338] = 2205210409
  out_SCC[339] = 2205210409
  out_SCC[340] = 2205210409
  out_SCC[341] = 2205210409
  out_SCC[342] = 2205210409
  out_SCC[343] = 2205210409
  out_SCC[344] = 2205210409
  out_SCC[345] = 2205210409
  out_SCC[346] = 2205210409
  out_SCC[347] = 2205210409
  out_SCC[348] = 2205210409
  out_SCC[349] = 2205210409
  out_SCC[350] = 2205210409
  out_SCC[351] = 2205210409
  out_SCC[352] = 2205210409
  out_SCC[353] = 2205210409
  out_SCC[354] = 2205210409
  out_SCC[355] = 2209210409
  out_SCC[356] = 2209210409
  out_SCC[357] = 2209210409
  out_SCC[358] = 2209210409
  out_SCC[359] = 2209210409
  out_SCC[360] = 2209210409
  out_SCC[361] = 2209210409
  out_SCC[362] = 2209210409
  out_SCC[363] = 2209210409
  out_SCC[364] = 2209210409
  out_SCC[365] = 2209210409
  out_SCC[366] = 2209210409
  out_SCC[367] = 2209210409
  out_SCC[368] = 2209210409
  out_SCC[369] = 2209210409
  out_SCC[370] = 2209210409
  out_SCC[371] = 2209210409
  out_SCC[372] = 2209210409
  out_SCC[373] = 2209210409
  out_SCC[374] = 2209210409
  out_SCC[375] = 2209210409
  out_zoneID[1] = NaN
  out_zoneID[2] = NaN
  out_zoneID[3] = NaN
  out_zoneID[4] = NaN
  out_zoneID[5] = NaN
  out_zoneID[6] = NaN
  out_zoneID[7] = NaN
  out_zoneID[8] = NaN
  out_zoneID[9] = NaN
  out_zoneID[10] = NaN
  out_zoneID[11] = NaN
  out_zoneID[12] = NaN
  out_zoneID[13] = NaN
  out_zoneID[14] = NaN
  out_zoneID[15] = NaN
  out_zoneID[16] = NaN
  out_zoneID[17] = NaN
  out_zoneID[18] = NaN
  out_zoneID[19] = NaN
  out_zoneID[20] = NaN
  out_zoneID[21] = NaN
  out_zoneID[22] = NaN
  out_zoneID[23] = NaN
  out_zoneID[24] = NaN
  out_zoneID[25] = NaN
  out_zoneID[26] = NaN
  out_zoneID[27] = NaN
  out_zoneID[28] = NaN
  out_zoneID[29] = NaN
  out_zoneID[30] = NaN
  out_zoneID[31] = NaN
  out_zoneID[32] = NaN
  out_zoneID[33] = NaN
  out_zoneID[34] = NaN
  out_zoneID[35] = NaN
  out_zoneID[36] = NaN
  out_zoneID[37] = NaN
  out_zoneID[38] = NaN
  out_zoneID[39] = NaN
  out_zoneID[40] = NaN
  out_zoneID[41] = NaN
  out_zoneID[42] = NaN
  out_zoneID[43] = NaN
  out_zoneID[44] = NaN
  out_zoneID[45] = NaN
  out_zoneID[46] = NaN
  out_zoneID[47] = NaN
  out_zoneID[48] = NaN
  out_zoneID[49] = NaN
  out_zoneID[50] = NaN
  out_zoneID[51] = NaN
  out_zoneID[52] = NaN
  out_zoneID[53] = NaN
  out_zoneID[54] = NaN
  out_zoneID[55] = NaN
  out_zoneID[56] = NaN
  out_zoneID[57] = NaN
  out_zoneID[58] = NaN
  out_zoneID[59] = NaN
  out_zoneID[60] = NaN
  out_zoneID[61] = NaN
  out_zoneID[62] = NaN
  out_zoneID[63] = NaN
  out_zoneID[64] = NaN
  out_zoneID[65] = NaN
  out_zoneID[66] = NaN
  out_zoneID[67] = NaN
  out_zoneID[68] = NaN
  out_zoneID[69] = NaN
  out_zoneID[70] = NaN
  out_zoneID[71] = NaN
  out_zoneID[72] = NaN
  out_zoneID[73] = NaN
  out_zoneID[74] = NaN
  out_zoneID[75] = NaN
  out_zoneID[76] = NaN
  out_zoneID[77] = NaN
  out_zoneID[78] = NaN
  out_zoneID[79] = NaN
  out_zoneID[80] = NaN
  out_zoneID[81] = NaN
  out_zoneID[82] = NaN
  out_zoneID[83] = NaN
  out_zoneID[84] = NaN
  out_zoneID[85] = NaN
  out_zoneID[86] = NaN
  out_zoneID[87] = NaN
  out_zoneID[88] = NaN
  out_zoneID[89] = NaN
  out_zoneID[90] = NaN
  out_zoneID[91] = NaN
  out_zoneID[92] = NaN
  out_zoneID[93] = NaN
  out_zoneID[94] = NaN
  out_zoneID[95] = NaN
  out_zoneID[96] = NaN
  out_zoneID[97] = NaN
  out_zoneID[98] = NaN
  out_zoneID[99] = NaN
  out_zoneID[100] = NaN
  out_zoneID[101] = NaN
  out_zoneID[102] = NaN
  out_zoneID[103] = NaN
  out_zoneID[104] = NaN
  out_zoneID[105] = NaN
  out_zoneID[106] = NaN
  out_zoneID[107] = NaN
  out_zoneID[108] = NaN
  out_zoneID[109] = NaN
  out_zoneID[110] = NaN
  out_zoneID[111] = NaN
  out_zoneID[112] = NaN
  out_zoneID[113] = NaN
  out_zoneID[114] = NaN
  out_zoneID[115] = NaN
  out_zoneID[116] = NaN
  out_zoneID[117] = NaN
  out_zoneID[118] = NaN
  out_zoneID[119] = NaN
  out_zoneID[120] = NaN
  out_zoneID[121] = NaN
  out_zoneID[122] = NaN
  out_zoneID[123] = NaN
  out_zoneID[124] = NaN
  out_zoneID[125] = NaN
  out_zoneID[126] = NaN
  out_zoneID[127] = NaN
  out_zoneID[128] = NaN
  out_zoneID[129] = NaN
  out_zoneID[130] = NaN
  out_zoneID[131] = NaN
  out_zoneID[132] = NaN
  out_zoneID[133] = NaN
  out_zoneID[134] = NaN
  out_zoneID[135] = NaN
  out_zoneID[136] = NaN
  out_zoneID[137] = NaN
  out_zoneID[138] = NaN
  out_zoneID[139] = NaN
  out_zoneID[140] = NaN
  out_zoneID[141] = NaN
  out_zoneID[142] = NaN
  out_zoneID[143] = NaN
  out_zoneID[144] = NaN
  out_zoneID[145] = NaN
  out_zoneID[146] = NaN
  out_zoneID[147] = NaN
  out_zoneID[148] = NaN
  out_zoneID[149] = NaN
  out_zoneID[150] = NaN
  out_zoneID[151] = NaN
  out_zoneID[152] = NaN
  out_zoneID[153] = NaN
  out_zoneID[154] = NaN
  out_zoneID[155] = NaN
  out_zoneID[156] = NaN
  out_zoneID[157] = NaN
  out_zoneID[158] = NaN
  out_zoneID[159] = NaN
  out_zoneID[160] = NaN
  out_zoneID[161] = NaN
  out_zoneID[162] = NaN
  out_zoneID[163] = NaN
  out_zoneID[164] = NaN
  out_zoneID[165] = NaN
  out_zoneID[166] = NaN
  out_zoneID[167] = NaN
  out_zoneID[168] = NaN
  out_zoneID[169] = NaN
  out_zoneID[170] = NaN
  out_zoneID[171] = NaN
  out_zoneID[172] = NaN
  out_zoneID[173] = NaN
  out_zoneID[174] = NaN
  out_zoneID[175] = NaN
  out_zoneID[176] = NaN
  out_zoneID[177] = NaN
  out_zoneID[178] = NaN
  out_zoneID[179] = NaN
  out_zoneID[180] = NaN
  out_zoneID[181] = NaN
  out_zoneID[182] = NaN
  out_zoneID[183] = NaN
  out_zoneID[184] = NaN
  out_zoneID[185] = NaN
  out_zoneID[186] = NaN
  out_zoneID[187] = NaN
  out_zoneID[188] = NaN
  out_zoneID[189] = NaN
  out_zoneID[190] = NaN
  out_zoneID[191] = NaN
  out_zoneID[192] = NaN
  out_zoneID[193] = NaN
  out_zoneID[194] = NaN
  out_zoneID[195] = NaN
  out_zoneID[196] = NaN
  out_zoneID[197] = NaN
  out_zoneID[198] = NaN
  out_zoneID[199] = NaN
  out_zoneID[200] = NaN
  out_zoneID[201] = NaN
  out_zoneID[202] = NaN
  out_zoneID[203] = NaN
  out_zoneID[204] = NaN
  out_zoneID[205] = NaN
  out_zoneID[206] = NaN
  out_zoneID[207] = NaN
  out_zoneID[208] = NaN
  out_zoneID[209] = NaN
  out_zoneID[210] = NaN
  out_zoneID[211] = NaN
  out_zoneID[212] = NaN
  out_zoneID[213] = NaN
  out_zoneID[214] = NaN
  out_zoneID[215] = NaN
  out_zoneID[216] = NaN
  out_zoneID[217] = NaN
  out_zoneID[218] = NaN
  out_zoneID[219] = NaN
  out_zoneID[220] = NaN
  out_zoneID[221] = NaN
  out_zoneID[222] = NaN
  out_zoneID[223] = NaN
  out_zoneID[224] = NaN
  out_zoneID[225] = NaN
  out_zoneID[226] = NaN
  out_zoneID[227] = NaN
  out_zoneID[228] = NaN
  out_zoneID[229] = NaN
  out_zoneID[230] = NaN
  out_zoneID[231] = NaN
  out_zoneID[232] = NaN
  out_zoneID[233] = NaN
  out_zoneID[234] = NaN
  out_zoneID[235] = NaN
  out_zoneID[236] = NaN
  out_zoneID[237] = NaN
  out_zoneID[238] = NaN
  out_zoneID[239] = NaN
  out_zoneID[240] = NaN
  out_zoneID[241] = NaN
  out_zoneID[242] = NaN
  out_zoneID[243] = NaN
  out_zoneID[244] = NaN
  out_zoneID[245] = NaN
  out_zoneID[246] = NaN
  out_zoneID[247] = NaN
  out_zoneID[248] = NaN
  out_zoneID[249] = NaN
  out_zoneID[250] = NaN
  out_zoneID[251] = NaN
  out_zoneID[252] = NaN
  out_zoneID[253] = NaN
  out_zoneID[254] = NaN
  out_zoneID[255] = NaN
  out_zoneID[256] = NaN
  out_zoneID[257] = NaN
  out_zoneID[258] = NaN
  out_zoneID[259] = NaN
  out_zoneID[260] = NaN
  out_zoneID[261] = NaN
  out_zoneID[262] = NaN
  out_zoneID[263] = NaN
  out_zoneID[264] = NaN
  out_zoneID[265] = NaN
  out_zoneID[266] = NaN
  out_zoneID[267] = NaN
  out_zoneID[268] = NaN
  out_zoneID[269] = NaN
  out_zoneID[270] = NaN
  out_zoneID[271] = NaN
  out_zoneID[272] = NaN
  out_zoneID[273] = NaN
  out_zoneID[274] = NaN
  out_zoneID[275] = NaN
  out_zoneID[276] = NaN
  out_zoneID[277] = NaN
  out_zoneID[278] = NaN
  out_zoneID[279] = NaN
  out_zoneID[280] = NaN
  out_zoneID[281] = NaN
  out_zoneID[282] = NaN
  out_zoneID[283] = NaN
  out_zoneID[284] = NaN
  out_zoneID[285] = NaN
  out_zoneID[286] = NaN
  out_zoneID[287] = NaN
  out_zoneID[288] = NaN
  out_zoneID[289] = NaN
  out_zoneID[290] = NaN
  out_zoneID[291] = NaN
  out_zoneID[292] = NaN
  out_zoneID[293] = NaN
  out_zoneID[294] = NaN
  out_zoneID[295] = NaN
  out_zoneID[296] = NaN
  out_zoneID[297] = NaN
  out_zoneID[298] = NaN
  out_zoneID[299] = NaN
  out_zoneID[300] = NaN
  out_zoneID[301] = NaN
  out_zoneID[302] = NaN
  out_zoneID[303] = NaN
  out_zoneID[304] = NaN
  out_zoneID[305] = NaN
  out_zoneID[306] = NaN
  out_zoneID[307] = NaN
  out_zoneID[308] = NaN
  out_zoneID[309] = NaN
  out_zoneID[310] = NaN
  out_zoneID[311] = NaN
  out_zoneID[312] = NaN
  out_zoneID[313] = NaN
  out_zoneID[314] = NaN
  out_zoneID[315] = NaN
  out_zoneID[316] = NaN
  out_zoneID[317] = NaN
  out_zoneID[318] = NaN
  out_zoneID[319] = NaN
  out_zoneID[320] = NaN
  out_zoneID[321] = NaN
  out_zoneID[322] = NaN
  out_zoneID[323] = NaN
  out_zoneID[324] = NaN
  out_zoneID[325] = NaN
  out_zoneID[326] = NaN
  out_zoneID[327] = NaN
  out_zoneID[328] = NaN
  out_zoneID[329] = NaN
  out_zoneID[330] = NaN
  out_zoneID[331] = NaN
  out_zoneID[332] = NaN
  out_zoneID[333] = NaN
  out_zoneID[334] = NaN
  out_zoneID[335] = NaN
  out_zoneID[336] = NaN
  out_zoneID[337] = NaN
  out_zoneID[338] = NaN
  out_zoneID[339] = NaN
  out_zoneID[340] = NaN
  out_zoneID[341] = NaN
  out_zoneID[342] = NaN
  out_zoneID[343] = NaN
  out_zoneID[344] = NaN
  out_zoneID[345] = NaN
  out_zoneID[346] = NaN
  out_zoneID[347] = NaN
  out_zoneID[348] = NaN
  out_zoneID[349] = NaN
  out_zoneID[350] = NaN
  out_zoneID[351] = NaN
  out_zoneID[352] = NaN
  out_zoneID[353] = NaN
  out_zoneID[354] = NaN
  out_zoneID[355] = NaN
  out_zoneID[356] = NaN
  out_zoneID[357] = NaN
  out_zoneID[358] = NaN
  out_zoneID[359] = NaN
  out_zoneID[360] = NaN
  out_zoneID[361] = NaN
  out_zoneID[362] = NaN
  out_zoneID[363] = NaN
  out_zoneID[364] = NaN
  out_zoneID[365] = NaN
  out_zoneID[366] = NaN
  out_zoneID[367] = NaN
  out_zoneID[368] = NaN
  out_zoneID[369] = NaN
  out_zoneID[370] = NaN
  out_zoneID[371] = NaN
  out_zoneID[372] = NaN
  out_zoneID[373] = NaN
  out_zoneID[374] = NaN
  out_zoneID[375] = NaN
  out_linkID[1] = NaN
  out_linkID[2] = NaN
  out_linkID[3] = NaN
  out_linkID[4] = NaN
  out_linkID[5] = NaN
  out_linkID[6] = NaN
  out_linkID[7] = NaN
  out_linkID[8] = NaN
  out_linkID[9] = NaN
  out_linkID[10] = NaN
  out_linkID[11] = NaN
  out_linkID[12] = NaN
  out_linkID[13] = NaN
  out_linkID[14] = NaN
  out_linkID[15] = NaN
  out_linkID[16] = NaN
  out_linkID[17] = NaN
  out_linkID[18] = NaN
  out_linkID[19] = NaN
  out_linkID[20] = NaN
  out_linkID[21] = NaN
  out_linkID[22] = NaN
  out_linkID[23] = NaN
  out_linkID[24] = NaN
  out_linkID[25] = NaN
  out_linkID[26] = NaN
  out_linkID[27] = NaN
  out_linkID[28] = NaN
  out_linkID[29] = NaN
  out_linkID[30] = NaN
  out_linkID[31] = NaN
  out_linkID[32] = NaN
  out_linkID[33] = NaN
  out_linkID[34] = NaN
  out_linkID[35] = NaN
  out_linkID[36] = NaN
  out_linkID[37] = NaN
  out_linkID[38] = NaN
  out_linkID[39] = NaN
  out_linkID[40] = NaN
  out_linkID[41] = NaN
  out_linkID[42] = NaN
  out_linkID[43] = NaN
  out_linkID[44] = NaN
  out_linkID[45] = NaN
  out_linkID[46] = NaN
  out_linkID[47] = NaN
  out_linkID[48] = NaN
  out_linkID[49] = NaN
  out_linkID[50] = NaN
  out_linkID[51] = NaN
  out_linkID[52] = NaN
  out_linkID[53] = NaN
  out_linkID[54] = NaN
  out_linkID[55] = NaN
  out_linkID[56] = NaN
  out_linkID[57] = NaN
  out_linkID[58] = NaN
  out_linkID[59] = NaN
  out_linkID[60] = NaN
  out_linkID[61] = NaN
  out_linkID[62] = NaN
  out_linkID[63] = NaN
  out_linkID[64] = NaN
  out_linkID[65] = NaN
  out_linkID[66] = NaN
  out_linkID[67] = NaN
  out_linkID[68] = NaN
  out_linkID[69] = NaN
  out_linkID[70] = NaN
  out_linkID[71] = NaN
  out_linkID[72] = NaN
  out_linkID[73] = NaN
  out_linkID[74] = NaN
  out_linkID[75] = NaN
  out_linkID[76] = NaN
  out_linkID[77] = NaN
  out_linkID[78] = NaN
  out_linkID[79] = NaN
  out_linkID[80] = NaN
  out_linkID[81] = NaN
  out_linkID[82] = NaN
  out_linkID[83] = NaN
  out_linkID[84] = NaN
  out_linkID[85] = NaN
  out_linkID[86] = NaN
  out_linkID[87] = NaN
  out_linkID[88] = NaN
  out_linkID[89] = NaN
  out_linkID[90] = NaN
  out_linkID[91] = NaN
  out_linkID[92] = NaN
  out_linkID[93] = NaN
  out_linkID[94] = NaN
  out_linkID[95] = NaN
  out_linkID[96] = NaN
  out_linkID[97] = NaN
  out_linkID[98] = NaN
  out_linkID[99] = NaN
  out_linkID[100] = NaN
  out_linkID[101] = NaN
  out_linkID[102] = NaN
  out_linkID[103] = NaN
  out_linkID[104] = NaN
  out_linkID[105] = NaN
  out_linkID[106] = NaN
  out_linkID[107] = NaN
  out_linkID[108] = NaN
  out_linkID[109] = NaN
  out_linkID[110] = NaN
  out_linkID[111] = NaN
  out_linkID[112] = NaN
  out_linkID[113] = NaN
  out_linkID[114] = NaN
  out_linkID[115] = NaN
  out_linkID[116] = NaN
  out_linkID[117] = NaN
  out_linkID[118] = NaN
  out_linkID[119] = NaN
  out_linkID[120] = NaN
  out_linkID[121] = NaN
  out_linkID[122] = NaN
  out_linkID[123] = NaN
  out_linkID[124] = NaN
  out_linkID[125] = NaN
  out_linkID[126] = NaN
  out_linkID[127] = NaN
  out_linkID[128] = NaN
  out_linkID[129] = NaN
  out_linkID[130] = NaN
  out_linkID[131] = NaN
  out_linkID[132] = NaN
  out_linkID[133] = NaN
  out_linkID[134] = NaN
  out_linkID[135] = NaN
  out_linkID[136] = NaN
  out_linkID[137] = NaN
  out_linkID[138] = NaN
  out_linkID[139] = NaN
  out_linkID[140] = NaN
  out_linkID[141] = NaN
  out_linkID[142] = NaN
  out_linkID[143] = NaN
  out_linkID[144] = NaN
  out_linkID[145] = NaN
  out_linkID[146] = NaN
  out_linkID[147] = NaN
  out_linkID[148] = NaN
  out_linkID[149] = NaN
  out_linkID[150] = NaN
  out_linkID[151] = NaN
  out_linkID[152] = NaN
  out_linkID[153] = NaN
  out_linkID[154] = NaN
  out_linkID[155] = NaN
  out_linkID[156] = NaN
  out_linkID[157] = NaN
  out_linkID[158] = NaN
  out_linkID[159] = NaN
  out_linkID[160] = NaN
  out_linkID[161] = NaN
  out_linkID[162] = NaN
  out_linkID[163] = NaN
  out_linkID[164] = NaN
  out_linkID[165] = NaN
  out_linkID[166] = NaN
  out_linkID[167] = NaN
  out_linkID[168] = NaN
  out_linkID[169] = NaN
  out_linkID[170] = NaN
  out_linkID[171] = NaN
  out_linkID[172] = NaN
  out_linkID[173] = NaN
  out_linkID[174] = NaN
  out_linkID[175] = NaN
  out_linkID[176] = NaN
  out_linkID[177] = NaN
  out_linkID[178] = NaN
  out_linkID[179] = NaN
  out_linkID[180] = NaN
  out_linkID[181] = NaN
  out_linkID[182] = NaN
  out_linkID[183] = NaN
  out_linkID[184] = NaN
  out_linkID[185] = NaN
  out_linkID[186] = NaN
  out_linkID[187] = NaN
  out_linkID[188] = NaN
  out_linkID[189] = NaN
  out_linkID[190] = NaN
  out_linkID[191] = NaN
  out_linkID[192] = NaN
  out_linkID[193] = NaN
  out_linkID[194] = NaN
  out_linkID[195] = NaN
  out_linkID[196] = NaN
  out_linkID[197] = NaN
  out_linkID[198] = NaN
  out_linkID[199] = NaN
  out_linkID[200] = NaN
  out_linkID[201] = NaN
  out_linkID[202] = NaN
  out_linkID[203] = NaN
  out_linkID[204] = NaN
  out_linkID[205] = NaN
  out_linkID[206] = NaN
  out_linkID[207] = NaN
  out_linkID[208] = NaN
  out_linkID[209] = NaN
  out_linkID[210] = NaN
  out_linkID[211] = NaN
  out_linkID[212] = NaN
  out_linkID[213] = NaN
  out_linkID[214] = NaN
  out_linkID[215] = NaN
  out_linkID[216] = NaN
  out_linkID[217] = NaN
  out_linkID[218] = NaN
  out_linkID[219] = NaN
  out_linkID[220] = NaN
  out_linkID[221] = NaN
  out_linkID[222] = NaN
  out_linkID[223] = NaN
  out_linkID[224] = NaN
  out_linkID[225] = NaN
  out_linkID[226] = NaN
  out_linkID[227] = NaN
  out_linkID[228] = NaN
  out_linkID[229] = NaN
  out_linkID[230] = NaN
  out_linkID[231] = NaN
  out_linkID[232] = NaN
  out_linkID[233] = NaN
  out_linkID[234] = NaN
  out_linkID[235] = NaN
  out_linkID[236] = NaN
  out_linkID[237] = NaN
  out_linkID[238] = NaN
  out_linkID[239] = NaN
  out_linkID[240] = NaN
  out_linkID[241] = NaN
  out_linkID[242] = NaN
  out_linkID[243] = NaN
  out_linkID[244] = NaN
  out_linkID[245] = NaN
  out_linkID[246] = NaN
  out_linkID[247] = NaN
  out_linkID[248] = NaN
  out_linkID[249] = NaN
  out_linkID[250] = NaN
  out_linkID[251] = NaN
  out_linkID[252] = NaN
  out_linkID[253] = NaN
  out_linkID[254] = NaN
  out_linkID[255] = NaN
  out_linkID[256] = NaN
  out_linkID[257] = NaN
  out_linkID[258] = NaN
  out_linkID[259] = NaN
  out_linkID[260] = NaN
  out_linkID[261] = NaN
  out_linkID[262] = NaN
  out_linkID[263] = NaN
  out_linkID[264] = NaN
  out_linkID[265] = NaN
  out_linkID[266] = NaN
  out_linkID[267] = NaN
  out_linkID[268] = NaN
  out_linkID[269] = NaN
  out_linkID[270] = NaN
  out_linkID[271] = NaN
  out_linkID[272] = NaN
  out_linkID[273] = NaN
  out_linkID[274] = NaN
  out_linkID[275] = NaN
  out_linkID[276] = NaN
  out_linkID[277] = NaN
  out_linkID[278] = NaN
  out_linkID[279] = NaN
  out_linkID[280] = NaN
  out_linkID[281] = NaN
  out_linkID[282] = NaN
  out_linkID[283] = NaN
  out_linkID[284] = NaN
  out_linkID[285] = NaN
  out_linkID[286] = NaN
  out_linkID[287] = NaN
  out_linkID[288] = NaN
  out_linkID[289] = NaN
  out_linkID[290] = NaN
  out_linkID[291] = NaN
  out_linkID[292] = NaN
  out_linkID[293] = NaN
  out_linkID[294] = NaN
  out_linkID[295] = NaN
  out_linkID[296] = NaN
  out_linkID[297] = NaN
  out_linkID[298] = NaN
  out_linkID[299] = NaN
  out_linkID[300] = NaN
  out_linkID[301] = NaN
  out_linkID[302] = NaN
  out_linkID[303] = NaN
  out_linkID[304] = NaN
  out_linkID[305] = NaN
  out_linkID[306] = NaN
  out_linkID[307] = NaN
  out_linkID[308] = NaN
  out_linkID[309] = NaN
  out_linkID[310] = NaN
  out_linkID[311] = NaN
  out_linkID[312] = NaN
  out_linkID[313] = NaN
  out_linkID[314] = NaN
  out_linkID[315] = NaN
  out_linkID[316] = NaN
  out_linkID[317] = NaN
  out_linkID[318] = NaN
  out_linkID[319] = NaN
  out_linkID[320] = NaN
  out_linkID[321] = NaN
  out_linkID[322] = NaN
  out_linkID[323] = NaN
  out_linkID[324] = NaN
  out_linkID[325] = NaN
  out_linkID[326] = NaN
  out_linkID[327] = NaN
  out_linkID[328] = NaN
  out_linkID[329] = NaN
  out_linkID[330] = NaN
  out_linkID[331] = NaN
  out_linkID[332] = NaN
  out_linkID[333] = NaN
  out_linkID[334] = NaN
  out_linkID[335] = NaN
  out_linkID[336] = NaN
  out_linkID[337] = NaN
  out_linkID[338] = NaN
  out_linkID[339] = NaN
  out_linkID[340] = NaN
  out_linkID[341] = NaN
  out_linkID[342] = NaN
  out_linkID[343] = NaN
  out_linkID[344] = NaN
  out_linkID[345] = NaN
  out_linkID[346] = NaN
  out_linkID[347] = NaN
  out_linkID[348] = NaN
  out_linkID[349] = NaN
  out_linkID[350] = NaN
  out_linkID[351] = NaN
  out_linkID[352] = NaN
  out_linkID[353] = NaN
  out_linkID[354] = NaN
  out_linkID[355] = NaN
  out_linkID[356] = NaN
  out_linkID[357] = NaN
  out_linkID[358] = NaN
  out_linkID[359] = NaN
  out_linkID[360] = NaN
  out_linkID[361] = NaN
  out_linkID[362] = NaN
  out_linkID[363] = NaN
  out_linkID[364] = NaN
  out_linkID[365] = NaN
  out_linkID[366] = NaN
  out_linkID[367] = NaN
  out_linkID[368] = NaN
  out_linkID[369] = NaN
  out_linkID[370] = NaN
  out_linkID[371] = NaN
  out_linkID[372] = NaN
  out_linkID[373] = NaN
  out_linkID[374] = NaN
  out_linkID[375] = NaN
  out_regClassID[1] = NaN
  out_regClassID[2] = NaN
  out_regClassID[3] = NaN
  out_regClassID[4] = NaN
  out_regClassID[5] = NaN
  out_regClassID[6] = NaN
  out_regClassID[7] = NaN
  out_regClassID[8] = NaN
  out_regClassID[9] = NaN
  out_regClassID[10] = NaN
  out_regClassID[11] = NaN
  out_regClassID[12] = NaN
  out_regClassID[13] = NaN
  out_regClassID[14] = NaN
  out_regClassID[15] = NaN
  out_regClassID[16] = NaN
  out_regClassID[17] = NaN
  out_regClassID[18] = NaN
  out_regClassID[19] = NaN
  out_regClassID[20] = NaN
  out_regClassID[21] = NaN
  out_regClassID[22] = NaN
  out_regClassID[23] = NaN
  out_regClassID[24] = NaN
  out_regClassID[25] = NaN
  out_regClassID[26] = NaN
  out_regClassID[27] = NaN
  out_regClassID[28] = NaN
  out_regClassID[29] = NaN
  out_regClassID[30] = NaN
  out_regClassID[31] = NaN
  out_regClassID[32] = NaN
  out_regClassID[33] = NaN
  out_regClassID[34] = NaN
  out_regClassID[35] = NaN
  out_regClassID[36] = NaN
  out_regClassID[37] = NaN
  out_regClassID[38] = NaN
  out_regClassID[39] = NaN
  out_regClassID[40] = NaN
  out_regClassID[41] = NaN
  out_regClassID[42] = NaN
  out_regClassID[43] = NaN
  out_regClassID[44] = NaN
  out_regClassID[45] = NaN
  out_regClassID[46] = NaN
  out_regClassID[47] = NaN
  out_regClassID[48] = NaN
  out_regClassID[49] = NaN
  out_regClassID[50] = NaN
  out_regClassID[51] = NaN
  out_regClassID[52] = NaN
  out_regClassID[53] = NaN
  out_regClassID[54] = NaN
  out_regClassID[55] = NaN
  out_regClassID[56] = NaN
  out_regClassID[57] = NaN
  out_regClassID[58] = NaN
  out_regClassID[59] = NaN
  out_regClassID[60] = NaN
  out_regClassID[61] = NaN
  out_regClassID[62] = NaN
  out_regClassID[63] = NaN
  out_regClassID[64] = NaN
  out_regClassID[65] = NaN
  out_regClassID[66] = NaN
  out_regClassID[67] = NaN
  out_regClassID[68] = NaN
  out_regClassID[69] = NaN
  out_regClassID[70] = NaN
  out_regClassID[71] = NaN
  out_regClassID[72] = NaN
  out_regClassID[73] = NaN
  out_regClassID[74] = NaN
  out_regClassID[75] = NaN
  out_regClassID[76] = NaN
  out_regClassID[77] = NaN
  out_regClassID[78] = NaN
  out_regClassID[79] = NaN
  out_regClassID[80] = NaN
  out_regClassID[81] = NaN
  out_regClassID[82] = NaN
  out_regClassID[83] = NaN
  out_regClassID[84] = NaN
  out_regClassID[85] = NaN
  out_regClassID[86] = NaN
  out_regClassID[87] = NaN
  out_regClassID[88] = NaN
  out_regClassID[89] = NaN
  out_regClassID[90] = NaN
  out_regClassID[91] = NaN
  out_regClassID[92] = NaN
  out_regClassID[93] = NaN
  out_regClassID[94] = NaN
  out_regClassID[95] = NaN
  out_regClassID[96] = NaN
  out_regClassID[97] = NaN
  out_regClassID[98] = NaN
  out_regClassID[99] = NaN
  out_regClassID[100] = NaN
  out_regClassID[101] = NaN
  out_regClassID[102] = NaN
  out_regClassID[103] = NaN
  out_regClassID[104] = NaN
  out_regClassID[105] = NaN
  out_regClassID[106] = NaN
  out_regClassID[107] = NaN
  out_regClassID[108] = NaN
  out_regClassID[109] = NaN
  out_regClassID[110] = NaN
  out_regClassID[111] = NaN
  out_regClassID[112] = NaN
  out_regClassID[113] = NaN
  out_regClassID[114] = NaN
  out_regClassID[115] = NaN
  out_regClassID[116] = NaN
  out_regClassID[117] = NaN
  out_regClassID[118] = NaN
  out_regClassID[119] = NaN
  out_regClassID[120] = NaN
  out_regClassID[121] = NaN
  out_regClassID[122] = NaN
  out_regClassID[123] = NaN
  out_regClassID[124] = NaN
  out_regClassID[125] = NaN
  out_regClassID[126] = NaN
  out_regClassID[127] = NaN
  out_regClassID[128] = NaN
  out_regClassID[129] = NaN
  out_regClassID[130] = NaN
  out_regClassID[131] = NaN
  out_regClassID[132] = NaN
  out_regClassID[133] = NaN
  out_regClassID[134] = NaN
  out_regClassID[135] = NaN
  out_regClassID[136] = NaN
  out_regClassID[137] = NaN
  out_regClassID[138] = NaN
  out_regClassID[139] = NaN
  out_regClassID[140] = NaN
  out_regClassID[141] = NaN
  out_regClassID[142] = NaN
  out_regClassID[143] = NaN
  out_regClassID[144] = NaN
  out_regClassID[145] = NaN
  out_regClassID[146] = NaN
  out_regClassID[147] = NaN
  out_regClassID[148] = NaN
  out_regClassID[149] = NaN
  out_regClassID[150] = NaN
  out_regClassID[151] = NaN
  out_regClassID[152] = NaN
  out_regClassID[153] = NaN
  out_regClassID[154] = NaN
  out_regClassID[155] = NaN
  out_regClassID[156] = NaN
  out_regClassID[157] = NaN
  out_regClassID[158] = NaN
  out_regClassID[159] = NaN
  out_regClassID[160] = NaN
  out_regClassID[161] = NaN
  out_regClassID[162] = NaN
  out_regClassID[163] = NaN
  out_regClassID[164] = NaN
  out_regClassID[165] = NaN
  out_regClassID[166] = NaN
  out_regClassID[167] = NaN
  out_regClassID[168] = NaN
  out_regClassID[169] = NaN
  out_regClassID[170] = NaN
  out_regClassID[171] = NaN
  out_regClassID[172] = NaN
  out_regClassID[173] = NaN
  out_regClassID[174] = NaN
  out_regClassID[175] = NaN
  out_regClassID[176] = NaN
  out_regClassID[177] = NaN
  out_regClassID[178] = NaN
  out_regClassID[179] = NaN
  out_regClassID[180] = NaN
  out_regClassID[181] = NaN
  out_regClassID[182] = NaN
  out_regClassID[183] = NaN
  out_regClassID[184] = NaN
  out_regClassID[185] = NaN
  out_regClassID[186] = NaN
  out_regClassID[187] = NaN
  out_regClassID[188] = NaN
  out_regClassID[189] = NaN
  out_regClassID[190] = NaN
  out_regClassID[191] = NaN
  out_regClassID[192] = NaN
  out_regClassID[193] = NaN
  out_regClassID[194] = NaN
  out_regClassID[195] = NaN
  out_regClassID[196] = NaN
  out_regClassID[197] = NaN
  out_regClassID[198] = NaN
  out_regClassID[199] = NaN
  out_regClassID[200] = NaN
  out_regClassID[201] = NaN
  out_regClassID[202] = NaN
  out_regClassID[203] = NaN
  out_regClassID[204] = NaN
  out_regClassID[205] = NaN
  out_regClassID[206] = NaN
  out_regClassID[207] = NaN
  out_regClassID[208] = NaN
  out_regClassID[209] = NaN
  out_regClassID[210] = NaN
  out_regClassID[211] = NaN
  out_regClassID[212] = NaN
  out_regClassID[213] = NaN
  out_regClassID[214] = NaN
  out_regClassID[215] = NaN
  out_regClassID[216] = NaN
  out_regClassID[217] = NaN
  out_regClassID[218] = NaN
  out_regClassID[219] = NaN
  out_regClassID[220] = NaN
  out_regClassID[221] = NaN
  out_regClassID[222] = NaN
  out_regClassID[223] = NaN
  out_regClassID[224] = NaN
  out_regClassID[225] = NaN
  out_regClassID[226] = NaN
  out_regClassID[227] = NaN
  out_regClassID[228] = NaN
  out_regClassID[229] = NaN
  out_regClassID[230] = NaN
  out_regClassID[231] = NaN
  out_regClassID[232] = NaN
  out_regClassID[233] = NaN
  out_regClassID[234] = NaN
  out_regClassID[235] = NaN
  out_regClassID[236] = NaN
  out_regClassID[237] = NaN
  out_regClassID[238] = NaN
  out_regClassID[239] = NaN
  out_regClassID[240] = NaN
  out_regClassID[241] = NaN
  out_regClassID[242] = NaN
  out_regClassID[243] = NaN
  out_regClassID[244] = NaN
  out_regClassID[245] = NaN
  out_regClassID[246] = NaN
  out_regClassID[247] = NaN
  out_regClassID[248] = NaN
  out_regClassID[249] = NaN
  out_regClassID[250] = NaN
  out_regClassID[251] = NaN
  out_regClassID[252] = NaN
  out_regClassID[253] = NaN
  out_regClassID[254] = NaN
  out_regClassID[255] = NaN
  out_regClassID[256] = NaN
  out_regClassID[257] = NaN
  out_regClassID[258] = NaN
  out_regClassID[259] = NaN
  out_regClassID[260] = NaN
  out_regClassID[261] = NaN
  out_regClassID[262] = NaN
  out_regClassID[263] = NaN
  out_regClassID[264] = NaN
  out_regClassID[265] = NaN
  out_regClassID[266] = NaN
  out_regClassID[267] = NaN
  out_regClassID[268] = NaN
  out_regClassID[269] = NaN
  out_regClassID[270] = NaN
  out_regClassID[271] = NaN
  out_regClassID[272] = NaN
  out_regClassID[273] = NaN
  out_regClassID[274] = NaN
  out_regClassID[275] = NaN
  out_regClassID[276] = NaN
  out_regClassID[277] = NaN
  out_regClassID[278] = NaN
  out_regClassID[279] = NaN
  out_regClassID[280] = NaN
  out_regClassID[281] = NaN
  out_regClassID[282] = NaN
  out_regClassID[283] = NaN
  out_regClassID[284] = NaN
  out_regClassID[285] = NaN
  out_regClassID[286] = NaN
  out_regClassID[287] = NaN
  out_regClassID[288] = NaN
  out_regClassID[289] = NaN
  out_regClassID[290] = NaN
  out_regClassID[291] = NaN
  out_regClassID[292] = NaN
  out_regClassID[293] = NaN
  out_regClassID[294] = NaN
  out_regClassID[295] = NaN
  out_regClassID[296] = NaN
  out_regClassID[297] = NaN
  out_regClassID[298] = NaN
  out_regClassID[299] = NaN
  out_regClassID[300] = NaN
  out_regClassID[301] = NaN
  out_regClassID[302] = NaN
  out_regClassID[303] = NaN
  out_regClassID[304] = NaN
  out_regClassID[305] = NaN
  out_regClassID[306] = NaN
  out_regClassID[307] = NaN
  out_regClassID[308] = NaN
  out_regClassID[309] = NaN
  out_regClassID[310] = NaN
  out_regClassID[311] = NaN
  out_regClassID[312] = NaN
  out_regClassID[313] = NaN
  out_regClassID[314] = NaN
  out_regClassID[315] = NaN
  out_regClassID[316] = NaN
  out_regClassID[317] = NaN
  out_regClassID[318] = NaN
  out_regClassID[319] = NaN
  out_regClassID[320] = NaN
  out_regClassID[321] = NaN
  out_regClassID[322] = NaN
  out_regClassID[323] = NaN
  out_regClassID[324] = NaN
  out_regClassID[325] = NaN
  out_regClassID[326] = NaN
  out_regClassID[327] = NaN
  out_regClassID[328] = NaN
  out_regClassID[329] = NaN
  out_regClassID[330] = NaN
  out_regClassID[331] = NaN
  out_regClassID[332] = NaN
  out_regClassID[333] = NaN
  out_regClassID[334] = NaN
  out_regClassID[335] = NaN
  out_regClassID[336] = NaN
  out_regClassID[337] = NaN
  out_regClassID[338] = NaN
  out_regClassID[339] = NaN
  out_regClassID[340] = NaN
  out_regClassID[341] = NaN
  out_regClassID[342] = NaN
  out_regClassID[343] = NaN
  out_regClassID[344] = NaN
  out_regClassID[345] = NaN
  out_regClassID[346] = NaN
  out_regClassID[347] = NaN
  out_regClassID[348] = NaN
  out_regClassID[349] = NaN
  out_regClassID[350] = NaN
  out_regClassID[351] = NaN
  out_regClassID[352] = NaN
  out_regClassID[353] = NaN
  out_regClassID[354] = NaN
  out_regClassID[355] = NaN
  out_regClassID[356] = NaN
  out_regClassID[357] = NaN
  out_regClassID[358] = NaN
  out_regClassID[359] = NaN
  out_regClassID[360] = NaN
  out_regClassID[361] = NaN
  out_regClassID[362] = NaN
  out_regClassID[363] = NaN
  out_regClassID[364] = NaN
  out_regClassID[365] = NaN
  out_regClassID[366] = NaN
  out_regClassID[367] = NaN
  out_regClassID[368] = NaN
  out_regClassID[369] = NaN
  out_regClassID[370] = NaN
  out_regClassID[371] = NaN
  out_regClassID[372] = NaN
  out_regClassID[373] = NaN
  out_regClassID[374] = NaN
  out_regClassID[375] = NaN
  out_fuelSubTypeID[1] = NaN
  out_fuelSubTypeID[2] = NaN
  out_fuelSubTypeID[3] = NaN
  out_fuelSubTypeID[4] = NaN
  out_fuelSubTypeID[5] = NaN
  out_fuelSubTypeID[6] = NaN
  out_fuelSubTypeID[7] = NaN
  out_fuelSubTypeID[8] = NaN
  out_fuelSubTypeID[9] = NaN
  out_fuelSubTypeID[10] = NaN
  out_fuelSubTypeID[11] = NaN
  out_fuelSubTypeID[12] = NaN
  out_fuelSubTypeID[13] = NaN
  out_fuelSubTypeID[14] = NaN
  out_fuelSubTypeID[15] = NaN
  out_fuelSubTypeID[16] = NaN
  out_fuelSubTypeID[17] = NaN
  out_fuelSubTypeID[18] = NaN
  out_fuelSubTypeID[19] = NaN
  out_fuelSubTypeID[20] = NaN
  out_fuelSubTypeID[21] = NaN
  out_fuelSubTypeID[22] = NaN
  out_fuelSubTypeID[23] = NaN
  out_fuelSubTypeID[24] = NaN
  out_fuelSubTypeID[25] = NaN
  out_fuelSubTypeID[26] = NaN
  out_fuelSubTypeID[27] = NaN
  out_fuelSubTypeID[28] = NaN
  out_fuelSubTypeID[29] = NaN
  out_fuelSubTypeID[30] = NaN
  out_fuelSubTypeID[31] = NaN
  out_fuelSubTypeID[32] = NaN
  out_fuelSubTypeID[33] = NaN
  out_fuelSubTypeID[34] = NaN
  out_fuelSubTypeID[35] = NaN
  out_fuelSubTypeID[36] = NaN
  out_fuelSubTypeID[37] = NaN
  out_fuelSubTypeID[38] = NaN
  out_fuelSubTypeID[39] = NaN
  out_fuelSubTypeID[40] = NaN
  out_fuelSubTypeID[41] = NaN
  out_fuelSubTypeID[42] = NaN
  out_fuelSubTypeID[43] = NaN
  out_fuelSubTypeID[44] = NaN
  out_fuelSubTypeID[45] = NaN
  out_fuelSubTypeID[46] = NaN
  out_fuelSubTypeID[47] = NaN
  out_fuelSubTypeID[48] = NaN
  out_fuelSubTypeID[49] = NaN
  out_fuelSubTypeID[50] = NaN
  out_fuelSubTypeID[51] = NaN
  out_fuelSubTypeID[52] = NaN
  out_fuelSubTypeID[53] = NaN
  out_fuelSubTypeID[54] = NaN
  out_fuelSubTypeID[55] = NaN
  out_fuelSubTypeID[56] = NaN
  out_fuelSubTypeID[57] = NaN
  out_fuelSubTypeID[58] = NaN
  out_fuelSubTypeID[59] = NaN
  out_fuelSubTypeID[60] = NaN
  out_fuelSubTypeID[61] = NaN
  out_fuelSubTypeID[62] = NaN
  out_fuelSubTypeID[63] = NaN
  out_fuelSubTypeID[64] = NaN
  out_fuelSubTypeID[65] = NaN
  out_fuelSubTypeID[66] = NaN
  out_fuelSubTypeID[67] = NaN
  out_fuelSubTypeID[68] = NaN
  out_fuelSubTypeID[69] = NaN
  out_fuelSubTypeID[70] = NaN
  out_fuelSubTypeID[71] = NaN
  out_fuelSubTypeID[72] = NaN
  out_fuelSubTypeID[73] = NaN
  out_fuelSubTypeID[74] = NaN
  out_fuelSubTypeID[75] = NaN
  out_fuelSubTypeID[76] = NaN
  out_fuelSubTypeID[77] = NaN
  out_fuelSubTypeID[78] = NaN
  out_fuelSubTypeID[79] = NaN
  out_fuelSubTypeID[80] = NaN
  out_fuelSubTypeID[81] = NaN
  out_fuelSubTypeID[82] = NaN
  out_fuelSubTypeID[83] = NaN
  out_fuelSubTypeID[84] = NaN
  out_fuelSubTypeID[85] = NaN
  out_fuelSubTypeID[86] = NaN
  out_fuelSubTypeID[87] = NaN
  out_fuelSubTypeID[88] = NaN
  out_fuelSubTypeID[89] = NaN
  out_fuelSubTypeID[90] = NaN
  out_fuelSubTypeID[91] = NaN
  out_fuelSubTypeID[92] = NaN
  out_fuelSubTypeID[93] = NaN
  out_fuelSubTypeID[94] = NaN
  out_fuelSubTypeID[95] = NaN
  out_fuelSubTypeID[96] = NaN
  out_fuelSubTypeID[97] = NaN
  out_fuelSubTypeID[98] = NaN
  out_fuelSubTypeID[99] = NaN
  out_fuelSubTypeID[100] = NaN
  out_fuelSubTypeID[101] = NaN
  out_fuelSubTypeID[102] = NaN
  out_fuelSubTypeID[103] = NaN
  out_fuelSubTypeID[104] = NaN
  out_fuelSubTypeID[105] = NaN
  out_fuelSubTypeID[106] = NaN
  out_fuelSubTypeID[107] = NaN
  out_fuelSubTypeID[108] = NaN
  out_fuelSubTypeID[109] = NaN
  out_fuelSubTypeID[110] = NaN
  out_fuelSubTypeID[111] = NaN
  out_fuelSubTypeID[112] = NaN
  out_fuelSubTypeID[113] = NaN
  out_fuelSubTypeID[114] = NaN
  out_fuelSubTypeID[115] = NaN
  out_fuelSubTypeID[116] = NaN
  out_fuelSubTypeID[117] = NaN
  out_fuelSubTypeID[118] = NaN
  out_fuelSubTypeID[119] = NaN
  out_fuelSubTypeID[120] = NaN
  out_fuelSubTypeID[121] = NaN
  out_fuelSubTypeID[122] = NaN
  out_fuelSubTypeID[123] = NaN
  out_fuelSubTypeID[124] = NaN
  out_fuelSubTypeID[125] = NaN
  out_fuelSubTypeID[126] = NaN
  out_fuelSubTypeID[127] = NaN
  out_fuelSubTypeID[128] = NaN
  out_fuelSubTypeID[129] = NaN
  out_fuelSubTypeID[130] = NaN
  out_fuelSubTypeID[131] = NaN
  out_fuelSubTypeID[132] = NaN
  out_fuelSubTypeID[133] = NaN
  out_fuelSubTypeID[134] = NaN
  out_fuelSubTypeID[135] = NaN
  out_fuelSubTypeID[136] = NaN
  out_fuelSubTypeID[137] = NaN
  out_fuelSubTypeID[138] = NaN
  out_fuelSubTypeID[139] = NaN
  out_fuelSubTypeID[140] = NaN
  out_fuelSubTypeID[141] = NaN
  out_fuelSubTypeID[142] = NaN
  out_fuelSubTypeID[143] = NaN
  out_fuelSubTypeID[144] = NaN
  out_fuelSubTypeID[145] = NaN
  out_fuelSubTypeID[146] = NaN
  out_fuelSubTypeID[147] = NaN
  out_fuelSubTypeID[148] = NaN
  out_fuelSubTypeID[149] = NaN
  out_fuelSubTypeID[150] = NaN
  out_fuelSubTypeID[151] = NaN
  out_fuelSubTypeID[152] = NaN
  out_fuelSubTypeID[153] = NaN
  out_fuelSubTypeID[154] = NaN
  out_fuelSubTypeID[155] = NaN
  out_fuelSubTypeID[156] = NaN
  out_fuelSubTypeID[157] = NaN
  out_fuelSubTypeID[158] = NaN
  out_fuelSubTypeID[159] = NaN
  out_fuelSubTypeID[160] = NaN
  out_fuelSubTypeID[161] = NaN
  out_fuelSubTypeID[162] = NaN
  out_fuelSubTypeID[163] = NaN
  out_fuelSubTypeID[164] = NaN
  out_fuelSubTypeID[165] = NaN
  out_fuelSubTypeID[166] = NaN
  out_fuelSubTypeID[167] = NaN
  out_fuelSubTypeID[168] = NaN
  out_fuelSubTypeID[169] = NaN
  out_fuelSubTypeID[170] = NaN
  out_fuelSubTypeID[171] = NaN
  out_fuelSubTypeID[172] = NaN
  out_fuelSubTypeID[173] = NaN
  out_fuelSubTypeID[174] = NaN
  out_fuelSubTypeID[175] = NaN
  out_fuelSubTypeID[176] = NaN
  out_fuelSubTypeID[177] = NaN
  out_fuelSubTypeID[178] = NaN
  out_fuelSubTypeID[179] = NaN
  out_fuelSubTypeID[180] = NaN
  out_fuelSubTypeID[181] = NaN
  out_fuelSubTypeID[182] = NaN
  out_fuelSubTypeID[183] = NaN
  out_fuelSubTypeID[184] = NaN
  out_fuelSubTypeID[185] = NaN
  out_fuelSubTypeID[186] = NaN
  out_fuelSubTypeID[187] = NaN
  out_fuelSubTypeID[188] = NaN
  out_fuelSubTypeID[189] = NaN
  out_fuelSubTypeID[190] = NaN
  out_fuelSubTypeID[191] = NaN
  out_fuelSubTypeID[192] = NaN
  out_fuelSubTypeID[193] = NaN
  out_fuelSubTypeID[194] = NaN
  out_fuelSubTypeID[195] = NaN
  out_fuelSubTypeID[196] = NaN
  out_fuelSubTypeID[197] = NaN
  out_fuelSubTypeID[198] = NaN
  out_fuelSubTypeID[199] = NaN
  out_fuelSubTypeID[200] = NaN
  out_fuelSubTypeID[201] = NaN
  out_fuelSubTypeID[202] = NaN
  out_fuelSubTypeID[203] = NaN
  out_fuelSubTypeID[204] = NaN
  out_fuelSubTypeID[205] = NaN
  out_fuelSubTypeID[206] = NaN
  out_fuelSubTypeID[207] = NaN
  out_fuelSubTypeID[208] = NaN
  out_fuelSubTypeID[209] = NaN
  out_fuelSubTypeID[210] = NaN
  out_fuelSubTypeID[211] = NaN
  out_fuelSubTypeID[212] = NaN
  out_fuelSubTypeID[213] = NaN
  out_fuelSubTypeID[214] = NaN
  out_fuelSubTypeID[215] = NaN
  out_fuelSubTypeID[216] = NaN
  out_fuelSubTypeID[217] = NaN
  out_fuelSubTypeID[218] = NaN
  out_fuelSubTypeID[219] = NaN
  out_fuelSubTypeID[220] = NaN
  out_fuelSubTypeID[221] = NaN
  out_fuelSubTypeID[222] = NaN
  out_fuelSubTypeID[223] = NaN
  out_fuelSubTypeID[224] = NaN
  out_fuelSubTypeID[225] = NaN
  out_fuelSubTypeID[226] = NaN
  out_fuelSubTypeID[227] = NaN
  out_fuelSubTypeID[228] = NaN
  out_fuelSubTypeID[229] = NaN
  out_fuelSubTypeID[230] = NaN
  out_fuelSubTypeID[231] = NaN
  out_fuelSubTypeID[232] = NaN
  out_fuelSubTypeID[233] = NaN
  out_fuelSubTypeID[234] = NaN
  out_fuelSubTypeID[235] = NaN
  out_fuelSubTypeID[236] = NaN
  out_fuelSubTypeID[237] = NaN
  out_fuelSubTypeID[238] = NaN
  out_fuelSubTypeID[239] = NaN
  out_fuelSubTypeID[240] = NaN
  out_fuelSubTypeID[241] = NaN
  out_fuelSubTypeID[242] = NaN
  out_fuelSubTypeID[243] = NaN
  out_fuelSubTypeID[244] = NaN
  out_fuelSubTypeID[245] = NaN
  out_fuelSubTypeID[246] = NaN
  out_fuelSubTypeID[247] = NaN
  out_fuelSubTypeID[248] = NaN
  out_fuelSubTypeID[249] = NaN
  out_fuelSubTypeID[250] = NaN
  out_fuelSubTypeID[251] = NaN
  out_fuelSubTypeID[252] = NaN
  out_fuelSubTypeID[253] = NaN
  out_fuelSubTypeID[254] = NaN
  out_fuelSubTypeID[255] = NaN
  out_fuelSubTypeID[256] = NaN
  out_fuelSubTypeID[257] = NaN
  out_fuelSubTypeID[258] = NaN
  out_fuelSubTypeID[259] = NaN
  out_fuelSubTypeID[260] = NaN
  out_fuelSubTypeID[261] = NaN
  out_fuelSubTypeID[262] = NaN
  out_fuelSubTypeID[263] = NaN
  out_fuelSubTypeID[264] = NaN
  out_fuelSubTypeID[265] = NaN
  out_fuelSubTypeID[266] = NaN
  out_fuelSubTypeID[267] = NaN
  out_fuelSubTypeID[268] = NaN
  out_fuelSubTypeID[269] = NaN
  out_fuelSubTypeID[270] = NaN
  out_fuelSubTypeID[271] = NaN
  out_fuelSubTypeID[272] = NaN
  out_fuelSubTypeID[273] = NaN
  out_fuelSubTypeID[274] = NaN
  out_fuelSubTypeID[275] = NaN
  out_fuelSubTypeID[276] = NaN
  out_fuelSubTypeID[277] = NaN
  out_fuelSubTypeID[278] = NaN
  out_fuelSubTypeID[279] = NaN
  out_fuelSubTypeID[280] = NaN
  out_fuelSubTypeID[281] = NaN
  out_fuelSubTypeID[282] = NaN
  out_fuelSubTypeID[283] = NaN
  out_fuelSubTypeID[284] = NaN
  out_fuelSubTypeID[285] = NaN
  out_fuelSubTypeID[286] = NaN
  out_fuelSubTypeID[287] = NaN
  out_fuelSubTypeID[288] = NaN
  out_fuelSubTypeID[289] = NaN
  out_fuelSubTypeID[290] = NaN
  out_fuelSubTypeID[291] = NaN
  out_fuelSubTypeID[292] = NaN
  out_fuelSubTypeID[293] = NaN
  out_fuelSubTypeID[294] = NaN
  out_fuelSubTypeID[295] = NaN
  out_fuelSubTypeID[296] = NaN
  out_fuelSubTypeID[297] = NaN
  out_fuelSubTypeID[298] = NaN
  out_fuelSubTypeID[299] = NaN
  out_fuelSubTypeID[300] = NaN
  out_fuelSubTypeID[301] = NaN
  out_fuelSubTypeID[302] = NaN
  out_fuelSubTypeID[303] = NaN
  out_fuelSubTypeID[304] = NaN
  out_fuelSubTypeID[305] = NaN
  out_fuelSubTypeID[306] = NaN
  out_fuelSubTypeID[307] = NaN
  out_fuelSubTypeID[308] = NaN
  out_fuelSubTypeID[309] = NaN
  out_fuelSubTypeID[310] = NaN
  out_fuelSubTypeID[311] = NaN
  out_fuelSubTypeID[312] = NaN
  out_fuelSubTypeID[313] = NaN
  out_fuelSubTypeID[314] = NaN
  out_fuelSubTypeID[315] = NaN
  out_fuelSubTypeID[316] = NaN
  out_fuelSubTypeID[317] = NaN
  out_fuelSubTypeID[318] = NaN
  out_fuelSubTypeID[319] = NaN
  out_fuelSubTypeID[320] = NaN
  out_fuelSubTypeID[321] = NaN
  out_fuelSubTypeID[322] = NaN
  out_fuelSubTypeID[323] = NaN
  out_fuelSubTypeID[324] = NaN
  out_fuelSubTypeID[325] = NaN
  out_fuelSubTypeID[326] = NaN
  out_fuelSubTypeID[327] = NaN
  out_fuelSubTypeID[328] = NaN
  out_fuelSubTypeID[329] = NaN
  out_fuelSubTypeID[330] = NaN
  out_fuelSubTypeID[331] = NaN
  out_fuelSubTypeID[332] = NaN
  out_fuelSubTypeID[333] = NaN
  out_fuelSubTypeID[334] = NaN
  out_fuelSubTypeID[335] = NaN
  out_fuelSubTypeID[336] = NaN
  out_fuelSubTypeID[337] = NaN
  out_fuelSubTypeID[338] = NaN
  out_fuelSubTypeID[339] = NaN
  out_fuelSubTypeID[340] = NaN
  out_fuelSubTypeID[341] = NaN
  out_fuelSubTypeID[342] = NaN
  out_fuelSubTypeID[343] = NaN
  out_fuelSubTypeID[344] = NaN
  out_fuelSubTypeID[345] = NaN
  out_fuelSubTypeID[346] = NaN
  out_fuelSubTypeID[347] = NaN
  out_fuelSubTypeID[348] = NaN
  out_fuelSubTypeID[349] = NaN
  out_fuelSubTypeID[350] = NaN
  out_fuelSubTypeID[351] = NaN
  out_fuelSubTypeID[352] = NaN
  out_fuelSubTypeID[353] = NaN
  out_fuelSubTypeID[354] = NaN
  out_fuelSubTypeID[355] = NaN
  out_fuelSubTypeID[356] = NaN
  out_fuelSubTypeID[357] = NaN
  out_fuelSubTypeID[358] = NaN
  out_fuelSubTypeID[359] = NaN
  out_fuelSubTypeID[360] = NaN
  out_fuelSubTypeID[361] = NaN
  out_fuelSubTypeID[362] = NaN
  out_fuelSubTypeID[363] = NaN
  out_fuelSubTypeID[364] = NaN
  out_fuelSubTypeID[365] = NaN
  out_fuelSubTypeID[366] = NaN
  out_fuelSubTypeID[367] = NaN
  out_fuelSubTypeID[368] = NaN
  out_fuelSubTypeID[369] = NaN
  out_fuelSubTypeID[370] = NaN
  out_fuelSubTypeID[371] = NaN
  out_fuelSubTypeID[372] = NaN
  out_fuelSubTypeID[373] = NaN
  out_fuelSubTypeID[374] = NaN
  out_fuelSubTypeID[375] = NaN
  out_engTechID[1] = NaN
  out_engTechID[2] = NaN
  out_engTechID[3] = NaN
  out_engTechID[4] = NaN
  out_engTechID[5] = NaN
  out_engTechID[6] = NaN
  out_engTechID[7] = NaN
  out_engTechID[8] = NaN
  out_engTechID[9] = NaN
  out_engTechID[10] = NaN
  out_engTechID[11] = NaN
  out_engTechID[12] = NaN
  out_engTechID[13] = NaN
  out_engTechID[14] = NaN
  out_engTechID[15] = NaN
  out_engTechID[16] = NaN
  out_engTechID[17] = NaN
  out_engTechID[18] = NaN
  out_engTechID[19] = NaN
  out_engTechID[20] = NaN
  out_engTechID[21] = NaN
  out_engTechID[22] = NaN
  out_engTechID[23] = NaN
  out_engTechID[24] = NaN
  out_engTechID[25] = NaN
  out_engTechID[26] = NaN
  out_engTechID[27] = NaN
  out_engTechID[28] = NaN
  out_engTechID[29] = NaN
  out_engTechID[30] = NaN
  out_engTechID[31] = NaN
  out_engTechID[32] = NaN
  out_engTechID[33] = NaN
  out_engTechID[34] = NaN
  out_engTechID[35] = NaN
  out_engTechID[36] = NaN
  out_engTechID[37] = NaN
  out_engTechID[38] = NaN
  out_engTechID[39] = NaN
  out_engTechID[40] = NaN
  out_engTechID[41] = NaN
  out_engTechID[42] = NaN
  out_engTechID[43] = NaN
  out_engTechID[44] = NaN
  out_engTechID[45] = NaN
  out_engTechID[46] = NaN
  out_engTechID[47] = NaN
  out_engTechID[48] = NaN
  out_engTechID[49] = NaN
  out_engTechID[50] = NaN
  out_engTechID[51] = NaN
  out_engTechID[52] = NaN
  out_engTechID[53] = NaN
  out_engTechID[54] = NaN
  out_engTechID[55] = NaN
  out_engTechID[56] = NaN
  out_engTechID[57] = NaN
  out_engTechID[58] = NaN
  out_engTechID[59] = NaN
  out_engTechID[60] = NaN
  out_engTechID[61] = NaN
  out_engTechID[62] = NaN
  out_engTechID[63] = NaN
  out_engTechID[64] = NaN
  out_engTechID[65] = NaN
  out_engTechID[66] = NaN
  out_engTechID[67] = NaN
  out_engTechID[68] = NaN
  out_engTechID[69] = NaN
  out_engTechID[70] = NaN
  out_engTechID[71] = NaN
  out_engTechID[72] = NaN
  out_engTechID[73] = NaN
  out_engTechID[74] = NaN
  out_engTechID[75] = NaN
  out_engTechID[76] = NaN
  out_engTechID[77] = NaN
  out_engTechID[78] = NaN
  out_engTechID[79] = NaN
  out_engTechID[80] = NaN
  out_engTechID[81] = NaN
  out_engTechID[82] = NaN
  out_engTechID[83] = NaN
  out_engTechID[84] = NaN
  out_engTechID[85] = NaN
  out_engTechID[86] = NaN
  out_engTechID[87] = NaN
  out_engTechID[88] = NaN
  out_engTechID[89] = NaN
  out_engTechID[90] = NaN
  out_engTechID[91] = NaN
  out_engTechID[92] = NaN
  out_engTechID[93] = NaN
  out_engTechID[94] = NaN
  out_engTechID[95] = NaN
  out_engTechID[96] = NaN
  out_engTechID[97] = NaN
  out_engTechID[98] = NaN
  out_engTechID[99] = NaN
  out_engTechID[100] = NaN
  out_engTechID[101] = NaN
  out_engTechID[102] = NaN
  out_engTechID[103] = NaN
  out_engTechID[104] = NaN
  out_engTechID[105] = NaN
  out_engTechID[106] = NaN
  out_engTechID[107] = NaN
  out_engTechID[108] = NaN
  out_engTechID[109] = NaN
  out_engTechID[110] = NaN
  out_engTechID[111] = NaN
  out_engTechID[112] = NaN
  out_engTechID[113] = NaN
  out_engTechID[114] = NaN
  out_engTechID[115] = NaN
  out_engTechID[116] = NaN
  out_engTechID[117] = NaN
  out_engTechID[118] = NaN
  out_engTechID[119] = NaN
  out_engTechID[120] = NaN
  out_engTechID[121] = NaN
  out_engTechID[122] = NaN
  out_engTechID[123] = NaN
  out_engTechID[124] = NaN
  out_engTechID[125] = NaN
  out_engTechID[126] = NaN
  out_engTechID[127] = NaN
  out_engTechID[128] = NaN
  out_engTechID[129] = NaN
  out_engTechID[130] = NaN
  out_engTechID[131] = NaN
  out_engTechID[132] = NaN
  out_engTechID[133] = NaN
  out_engTechID[134] = NaN
  out_engTechID[135] = NaN
  out_engTechID[136] = NaN
  out_engTechID[137] = NaN
  out_engTechID[138] = NaN
  out_engTechID[139] = NaN
  out_engTechID[140] = NaN
  out_engTechID[141] = NaN
  out_engTechID[142] = NaN
  out_engTechID[143] = NaN
  out_engTechID[144] = NaN
  out_engTechID[145] = NaN
  out_engTechID[146] = NaN
  out_engTechID[147] = NaN
  out_engTechID[148] = NaN
  out_engTechID[149] = NaN
  out_engTechID[150] = NaN
  out_engTechID[151] = NaN
  out_engTechID[152] = NaN
  out_engTechID[153] = NaN
  out_engTechID[154] = NaN
  out_engTechID[155] = NaN
  out_engTechID[156] = NaN
  out_engTechID[157] = NaN
  out_engTechID[158] = NaN
  out_engTechID[159] = NaN
  out_engTechID[160] = NaN
  out_engTechID[161] = NaN
  out_engTechID[162] = NaN
  out_engTechID[163] = NaN
  out_engTechID[164] = NaN
  out_engTechID[165] = NaN
  out_engTechID[166] = NaN
  out_engTechID[167] = NaN
  out_engTechID[168] = NaN
  out_engTechID[169] = NaN
  out_engTechID[170] = NaN
  out_engTechID[171] = NaN
  out_engTechID[172] = NaN
  out_engTechID[173] = NaN
  out_engTechID[174] = NaN
  out_engTechID[175] = NaN
  out_engTechID[176] = NaN
  out_engTechID[177] = NaN
  out_engTechID[178] = NaN
  out_engTechID[179] = NaN
  out_engTechID[180] = NaN
  out_engTechID[181] = NaN
  out_engTechID[182] = NaN
  out_engTechID[183] = NaN
  out_engTechID[184] = NaN
  out_engTechID[185] = NaN
  out_engTechID[186] = NaN
  out_engTechID[187] = NaN
  out_engTechID[188] = NaN
  out_engTechID[189] = NaN
  out_engTechID[190] = NaN
  out_engTechID[191] = NaN
  out_engTechID[192] = NaN
  out_engTechID[193] = NaN
  out_engTechID[194] = NaN
  out_engTechID[195] = NaN
  out_engTechID[196] = NaN
  out_engTechID[197] = NaN
  out_engTechID[198] = NaN
  out_engTechID[199] = NaN
  out_engTechID[200] = NaN
  out_engTechID[201] = NaN
  out_engTechID[202] = NaN
  out_engTechID[203] = NaN
  out_engTechID[204] = NaN
  out_engTechID[205] = NaN
  out_engTechID[206] = NaN
  out_engTechID[207] = NaN
  out_engTechID[208] = NaN
  out_engTechID[209] = NaN
  out_engTechID[210] = NaN
  out_engTechID[211] = NaN
  out_engTechID[212] = NaN
  out_engTechID[213] = NaN
  out_engTechID[214] = NaN
  out_engTechID[215] = NaN
  out_engTechID[216] = NaN
  out_engTechID[217] = NaN
  out_engTechID[218] = NaN
  out_engTechID[219] = NaN
  out_engTechID[220] = NaN
  out_engTechID[221] = NaN
  out_engTechID[222] = NaN
  out_engTechID[223] = NaN
  out_engTechID[224] = NaN
  out_engTechID[225] = NaN
  out_engTechID[226] = NaN
  out_engTechID[227] = NaN
  out_engTechID[228] = NaN
  out_engTechID[229] = NaN
  out_engTechID[230] = NaN
  out_engTechID[231] = NaN
  out_engTechID[232] = NaN
  out_engTechID[233] = NaN
  out_engTechID[234] = NaN
  out_engTechID[235] = NaN
  out_engTechID[236] = NaN
  out_engTechID[237] = NaN
  out_engTechID[238] = NaN
  out_engTechID[239] = NaN
  out_engTechID[240] = NaN
  out_engTechID[241] = NaN
  out_engTechID[242] = NaN
  out_engTechID[243] = NaN
  out_engTechID[244] = NaN
  out_engTechID[245] = NaN
  out_engTechID[246] = NaN
  out_engTechID[247] = NaN
  out_engTechID[248] = NaN
  out_engTechID[249] = NaN
  out_engTechID[250] = NaN
  out_engTechID[251] = NaN
  out_engTechID[252] = NaN
  out_engTechID[253] = NaN
  out_engTechID[254] = NaN
  out_engTechID[255] = NaN
  out_engTechID[256] = NaN
  out_engTechID[257] = NaN
  out_engTechID[258] = NaN
  out_engTechID[259] = NaN
  out_engTechID[260] = NaN
  out_engTechID[261] = NaN
  out_engTechID[262] = NaN
  out_engTechID[263] = NaN
  out_engTechID[264] = NaN
  out_engTechID[265] = NaN
  out_engTechID[266] = NaN
  out_engTechID[267] = NaN
  out_engTechID[268] = NaN
  out_engTechID[269] = NaN
  out_engTechID[270] = NaN
  out_engTechID[271] = NaN
  out_engTechID[272] = NaN
  out_engTechID[273] = NaN
  out_engTechID[274] = NaN
  out_engTechID[275] = NaN
  out_engTechID[276] = NaN
  out_engTechID[277] = NaN
  out_engTechID[278] = NaN
  out_engTechID[279] = NaN
  out_engTechID[280] = NaN
  out_engTechID[281] = NaN
  out_engTechID[282] = NaN
  out_engTechID[283] = NaN
  out_engTechID[284] = NaN
  out_engTechID[285] = NaN
  out_engTechID[286] = NaN
  out_engTechID[287] = NaN
  out_engTechID[288] = NaN
  out_engTechID[289] = NaN
  out_engTechID[290] = NaN
  out_engTechID[291] = NaN
  out_engTechID[292] = NaN
  out_engTechID[293] = NaN
  out_engTechID[294] = NaN
  out_engTechID[295] = NaN
  out_engTechID[296] = NaN
  out_engTechID[297] = NaN
  out_engTechID[298] = NaN
  out_engTechID[299] = NaN
  out_engTechID[300] = NaN
  out_engTechID[301] = NaN
  out_engTechID[302] = NaN
  out_engTechID[303] = NaN
  out_engTechID[304] = NaN
  out_engTechID[305] = NaN
  out_engTechID[306] = NaN
  out_engTechID[307] = NaN
  out_engTechID[308] = NaN
  out_engTechID[309] = NaN
  out_engTechID[310] = NaN
  out_engTechID[311] = NaN
  out_engTechID[312] = NaN
  out_engTechID[313] = NaN
  out_engTechID[314] = NaN
  out_engTechID[315] = NaN
  out_engTechID[316] = NaN
  out_engTechID[317] = NaN
  out_engTechID[318] = NaN
  out_engTechID[319] = NaN
  out_engTechID[320] = NaN
  out_engTechID[321] = NaN
  out_engTechID[322] = NaN
  out_engTechID[323] = NaN
  out_engTechID[324] = NaN
  out_engTechID[325] = NaN
  out_engTechID[326] = NaN
  out_engTechID[327] = NaN
  out_engTechID[328] = NaN
  out_engTechID[329] = NaN
  out_engTechID[330] = NaN
  out_engTechID[331] = NaN
  out_engTechID[332] = NaN
  out_engTechID[333] = NaN
  out_engTechID[334] = NaN
  out_engTechID[335] = NaN
  out_engTechID[336] = NaN
  out_engTechID[337] = NaN
  out_engTechID[338] = NaN
  out_engTechID[339] = NaN
  out_engTechID[340] = NaN
  out_engTechID[341] = NaN
  out_engTechID[342] = NaN
  out_engTechID[343] = NaN
  out_engTechID[344] = NaN
  out_engTechID[345] = NaN
  out_engTechID[346] = NaN
  out_engTechID[347] = NaN
  out_engTechID[348] = NaN
  out_engTechID[349] = NaN
  out_engTechID[350] = NaN
  out_engTechID[351] = NaN
  out_engTechID[352] = NaN
  out_engTechID[353] = NaN
  out_engTechID[354] = NaN
  out_engTechID[355] = NaN
  out_engTechID[356] = NaN
  out_engTechID[357] = NaN
  out_engTechID[358] = NaN
  out_engTechID[359] = NaN
  out_engTechID[360] = NaN
  out_engTechID[361] = NaN
  out_engTechID[362] = NaN
  out_engTechID[363] = NaN
  out_engTechID[364] = NaN
  out_engTechID[365] = NaN
  out_engTechID[366] = NaN
  out_engTechID[367] = NaN
  out_engTechID[368] = NaN
  out_engTechID[369] = NaN
  out_engTechID[370] = NaN
  out_engTechID[371] = NaN
  out_engTechID[372] = NaN
  out_engTechID[373] = NaN
  out_engTechID[374] = NaN
  out_engTechID[375] = NaN
  out_sectorID[1] = NaN
  out_sectorID[2] = NaN
  out_sectorID[3] = NaN
  out_sectorID[4] = NaN
  out_sectorID[5] = NaN
  out_sectorID[6] = NaN
  out_sectorID[7] = NaN
  out_sectorID[8] = NaN
  out_sectorID[9] = NaN
  out_sectorID[10] = NaN
  out_sectorID[11] = NaN
  out_sectorID[12] = NaN
  out_sectorID[13] = NaN
  out_sectorID[14] = NaN
  out_sectorID[15] = NaN
  out_sectorID[16] = NaN
  out_sectorID[17] = NaN
  out_sectorID[18] = NaN
  out_sectorID[19] = NaN
  out_sectorID[20] = NaN
  out_sectorID[21] = NaN
  out_sectorID[22] = NaN
  out_sectorID[23] = NaN
  out_sectorID[24] = NaN
  out_sectorID[25] = NaN
  out_sectorID[26] = NaN
  out_sectorID[27] = NaN
  out_sectorID[28] = NaN
  out_sectorID[29] = NaN
  out_sectorID[30] = NaN
  out_sectorID[31] = NaN
  out_sectorID[32] = NaN
  out_sectorID[33] = NaN
  out_sectorID[34] = NaN
  out_sectorID[35] = NaN
  out_sectorID[36] = NaN
  out_sectorID[37] = NaN
  out_sectorID[38] = NaN
  out_sectorID[39] = NaN
  out_sectorID[40] = NaN
  out_sectorID[41] = NaN
  out_sectorID[42] = NaN
  out_sectorID[43] = NaN
  out_sectorID[44] = NaN
  out_sectorID[45] = NaN
  out_sectorID[46] = NaN
  out_sectorID[47] = NaN
  out_sectorID[48] = NaN
  out_sectorID[49] = NaN
  out_sectorID[50] = NaN
  out_sectorID[51] = NaN
  out_sectorID[52] = NaN
  out_sectorID[53] = NaN
  out_sectorID[54] = NaN
  out_sectorID[55] = NaN
  out_sectorID[56] = NaN
  out_sectorID[57] = NaN
  out_sectorID[58] = NaN
  out_sectorID[59] = NaN
  out_sectorID[60] = NaN
  out_sectorID[61] = NaN
  out_sectorID[62] = NaN
  out_sectorID[63] = NaN
  out_sectorID[64] = NaN
  out_sectorID[65] = NaN
  out_sectorID[66] = NaN
  out_sectorID[67] = NaN
  out_sectorID[68] = NaN
  out_sectorID[69] = NaN
  out_sectorID[70] = NaN
  out_sectorID[71] = NaN
  out_sectorID[72] = NaN
  out_sectorID[73] = NaN
  out_sectorID[74] = NaN
  out_sectorID[75] = NaN
  out_sectorID[76] = NaN
  out_sectorID[77] = NaN
  out_sectorID[78] = NaN
  out_sectorID[79] = NaN
  out_sectorID[80] = NaN
  out_sectorID[81] = NaN
  out_sectorID[82] = NaN
  out_sectorID[83] = NaN
  out_sectorID[84] = NaN
  out_sectorID[85] = NaN
  out_sectorID[86] = NaN
  out_sectorID[87] = NaN
  out_sectorID[88] = NaN
  out_sectorID[89] = NaN
  out_sectorID[90] = NaN
  out_sectorID[91] = NaN
  out_sectorID[92] = NaN
  out_sectorID[93] = NaN
  out_sectorID[94] = NaN
  out_sectorID[95] = NaN
  out_sectorID[96] = NaN
  out_sectorID[97] = NaN
  out_sectorID[98] = NaN
  out_sectorID[99] = NaN
  out_sectorID[100] = NaN
  out_sectorID[101] = NaN
  out_sectorID[102] = NaN
  out_sectorID[103] = NaN
  out_sectorID[104] = NaN
  out_sectorID[105] = NaN
  out_sectorID[106] = NaN
  out_sectorID[107] = NaN
  out_sectorID[108] = NaN
  out_sectorID[109] = NaN
  out_sectorID[110] = NaN
  out_sectorID[111] = NaN
  out_sectorID[112] = NaN
  out_sectorID[113] = NaN
  out_sectorID[114] = NaN
  out_sectorID[115] = NaN
  out_sectorID[116] = NaN
  out_sectorID[117] = NaN
  out_sectorID[118] = NaN
  out_sectorID[119] = NaN
  out_sectorID[120] = NaN
  out_sectorID[121] = NaN
  out_sectorID[122] = NaN
  out_sectorID[123] = NaN
  out_sectorID[124] = NaN
  out_sectorID[125] = NaN
  out_sectorID[126] = NaN
  out_sectorID[127] = NaN
  out_sectorID[128] = NaN
  out_sectorID[129] = NaN
  out_sectorID[130] = NaN
  out_sectorID[131] = NaN
  out_sectorID[132] = NaN
  out_sectorID[133] = NaN
  out_sectorID[134] = NaN
  out_sectorID[135] = NaN
  out_sectorID[136] = NaN
  out_sectorID[137] = NaN
  out_sectorID[138] = NaN
  out_sectorID[139] = NaN
  out_sectorID[140] = NaN
  out_sectorID[141] = NaN
  out_sectorID[142] = NaN
  out_sectorID[143] = NaN
  out_sectorID[144] = NaN
  out_sectorID[145] = NaN
  out_sectorID[146] = NaN
  out_sectorID[147] = NaN
  out_sectorID[148] = NaN
  out_sectorID[149] = NaN
  out_sectorID[150] = NaN
  out_sectorID[151] = NaN
  out_sectorID[152] = NaN
  out_sectorID[153] = NaN
  out_sectorID[154] = NaN
  out_sectorID[155] = NaN
  out_sectorID[156] = NaN
  out_sectorID[157] = NaN
  out_sectorID[158] = NaN
  out_sectorID[159] = NaN
  out_sectorID[160] = NaN
  out_sectorID[161] = NaN
  out_sectorID[162] = NaN
  out_sectorID[163] = NaN
  out_sectorID[164] = NaN
  out_sectorID[165] = NaN
  out_sectorID[166] = NaN
  out_sectorID[167] = NaN
  out_sectorID[168] = NaN
  out_sectorID[169] = NaN
  out_sectorID[170] = NaN
  out_sectorID[171] = NaN
  out_sectorID[172] = NaN
  out_sectorID[173] = NaN
  out_sectorID[174] = NaN
  out_sectorID[175] = NaN
  out_sectorID[176] = NaN
  out_sectorID[177] = NaN
  out_sectorID[178] = NaN
  out_sectorID[179] = NaN
  out_sectorID[180] = NaN
  out_sectorID[181] = NaN
  out_sectorID[182] = NaN
  out_sectorID[183] = NaN
  out_sectorID[184] = NaN
  out_sectorID[185] = NaN
  out_sectorID[186] = NaN
  out_sectorID[187] = NaN
  out_sectorID[188] = NaN
  out_sectorID[189] = NaN
  out_sectorID[190] = NaN
  out_sectorID[191] = NaN
  out_sectorID[192] = NaN
  out_sectorID[193] = NaN
  out_sectorID[194] = NaN
  out_sectorID[195] = NaN
  out_sectorID[196] = NaN
  out_sectorID[197] = NaN
  out_sectorID[198] = NaN
  out_sectorID[199] = NaN
  out_sectorID[200] = NaN
  out_sectorID[201] = NaN
  out_sectorID[202] = NaN
  out_sectorID[203] = NaN
  out_sectorID[204] = NaN
  out_sectorID[205] = NaN
  out_sectorID[206] = NaN
  out_sectorID[207] = NaN
  out_sectorID[208] = NaN
  out_sectorID[209] = NaN
  out_sectorID[210] = NaN
  out_sectorID[211] = NaN
  out_sectorID[212] = NaN
  out_sectorID[213] = NaN
  out_sectorID[214] = NaN
  out_sectorID[215] = NaN
  out_sectorID[216] = NaN
  out_sectorID[217] = NaN
  out_sectorID[218] = NaN
  out_sectorID[219] = NaN
  out_sectorID[220] = NaN
  out_sectorID[221] = NaN
  out_sectorID[222] = NaN
  out_sectorID[223] = NaN
  out_sectorID[224] = NaN
  out_sectorID[225] = NaN
  out_sectorID[226] = NaN
  out_sectorID[227] = NaN
  out_sectorID[228] = NaN
  out_sectorID[229] = NaN
  out_sectorID[230] = NaN
  out_sectorID[231] = NaN
  out_sectorID[232] = NaN
  out_sectorID[233] = NaN
  out_sectorID[234] = NaN
  out_sectorID[235] = NaN
  out_sectorID[236] = NaN
  out_sectorID[237] = NaN
  out_sectorID[238] = NaN
  out_sectorID[239] = NaN
  out_sectorID[240] = NaN
  out_sectorID[241] = NaN
  out_sectorID[242] = NaN
  out_sectorID[243] = NaN
  out_sectorID[244] = NaN
  out_sectorID[245] = NaN
  out_sectorID[246] = NaN
  out_sectorID[247] = NaN
  out_sectorID[248] = NaN
  out_sectorID[249] = NaN
  out_sectorID[250] = NaN
  out_sectorID[251] = NaN
  out_sectorID[252] = NaN
  out_sectorID[253] = NaN
  out_sectorID[254] = NaN
  out_sectorID[255] = NaN
  out_sectorID[256] = NaN
  out_sectorID[257] = NaN
  out_sectorID[258] = NaN
  out_sectorID[259] = NaN
  out_sectorID[260] = NaN
  out_sectorID[261] = NaN
  out_sectorID[262] = NaN
  out_sectorID[263] = NaN
  out_sectorID[264] = NaN
  out_sectorID[265] = NaN
  out_sectorID[266] = NaN
  out_sectorID[267] = NaN
  out_sectorID[268] = NaN
  out_sectorID[269] = NaN
  out_sectorID[270] = NaN
  out_sectorID[271] = NaN
  out_sectorID[272] = NaN
  out_sectorID[273] = NaN
  out_sectorID[274] = NaN
  out_sectorID[275] = NaN
  out_sectorID[276] = NaN
  out_sectorID[277] = NaN
  out_sectorID[278] = NaN
  out_sectorID[279] = NaN
  out_sectorID[280] = NaN
  out_sectorID[281] = NaN
  out_sectorID[282] = NaN
  out_sectorID[283] = NaN
  out_sectorID[284] = NaN
  out_sectorID[285] = NaN
  out_sectorID[286] = NaN
  out_sectorID[287] = NaN
  out_sectorID[288] = NaN
  out_sectorID[289] = NaN
  out_sectorID[290] = NaN
  out_sectorID[291] = NaN
  out_sectorID[292] = NaN
  out_sectorID[293] = NaN
  out_sectorID[294] = NaN
  out_sectorID[295] = NaN
  out_sectorID[296] = NaN
  out_sectorID[297] = NaN
  out_sectorID[298] = NaN
  out_sectorID[299] = NaN
  out_sectorID[300] = NaN
  out_sectorID[301] = NaN
  out_sectorID[302] = NaN
  out_sectorID[303] = NaN
  out_sectorID[304] = NaN
  out_sectorID[305] = NaN
  out_sectorID[306] = NaN
  out_sectorID[307] = NaN
  out_sectorID[308] = NaN
  out_sectorID[309] = NaN
  out_sectorID[310] = NaN
  out_sectorID[311] = NaN
  out_sectorID[312] = NaN
  out_sectorID[313] = NaN
  out_sectorID[314] = NaN
  out_sectorID[315] = NaN
  out_sectorID[316] = NaN
  out_sectorID[317] = NaN
  out_sectorID[318] = NaN
  out_sectorID[319] = NaN
  out_sectorID[320] = NaN
  out_sectorID[321] = NaN
  out_sectorID[322] = NaN
  out_sectorID[323] = NaN
  out_sectorID[324] = NaN
  out_sectorID[325] = NaN
  out_sectorID[326] = NaN
  out_sectorID[327] = NaN
  out_sectorID[328] = NaN
  out_sectorID[329] = NaN
  out_sectorID[330] = NaN
  out_sectorID[331] = NaN
  out_sectorID[332] = NaN
  out_sectorID[333] = NaN
  out_sectorID[334] = NaN
  out_sectorID[335] = NaN
  out_sectorID[336] = NaN
  out_sectorID[337] = NaN
  out_sectorID[338] = NaN
  out_sectorID[339] = NaN
  out_sectorID[340] = NaN
  out_sectorID[341] = NaN
  out_sectorID[342] = NaN
  out_sectorID[343] = NaN
  out_sectorID[344] = NaN
  out_sectorID[345] = NaN
  out_sectorID[346] = NaN
  out_sectorID[347] = NaN
  out_sectorID[348] = NaN
  out_sectorID[349] = NaN
  out_sectorID[350] = NaN
  out_sectorID[351] = NaN
  out_sectorID[352] = NaN
  out_sectorID[353] = NaN
  out_sectorID[354] = NaN
  out_sectorID[355] = NaN
  out_sectorID[356] = NaN
  out_sectorID[357] = NaN
  out_sectorID[358] = NaN
  out_sectorID[359] = NaN
  out_sectorID[360] = NaN
  out_sectorID[361] = NaN
  out_sectorID[362] = NaN
  out_sectorID[363] = NaN
  out_sectorID[364] = NaN
  out_sectorID[365] = NaN
  out_sectorID[366] = NaN
  out_sectorID[367] = NaN
  out_sectorID[368] = NaN
  out_sectorID[369] = NaN
  out_sectorID[370] = NaN
  out_sectorID[371] = NaN
  out_sectorID[372] = NaN
  out_sectorID[373] = NaN
  out_sectorID[374] = NaN
  out_sectorID[375] = NaN
  out_hpID[1] = NaN
  out_hpID[2] = NaN
  out_hpID[3] = NaN
  out_hpID[4] = NaN
  out_hpID[5] = NaN
  out_hpID[6] = NaN
  out_hpID[7] = NaN
  out_hpID[8] = NaN
  out_hpID[9] = NaN
  out_hpID[10] = NaN
  out_hpID[11] = NaN
  out_hpID[12] = NaN
  out_hpID[13] = NaN
  out_hpID[14] = NaN
  out_hpID[15] = NaN
  out_hpID[16] = NaN
  out_hpID[17] = NaN
  out_hpID[18] = NaN
  out_hpID[19] = NaN
  out_hpID[20] = NaN
  out_hpID[21] = NaN
  out_hpID[22] = NaN
  out_hpID[23] = NaN
  out_hpID[24] = NaN
  out_hpID[25] = NaN
  out_hpID[26] = NaN
  out_hpID[27] = NaN
  out_hpID[28] = NaN
  out_hpID[29] = NaN
  out_hpID[30] = NaN
  out_hpID[31] = NaN
  out_hpID[32] = NaN
  out_hpID[33] = NaN
  out_hpID[34] = NaN
  out_hpID[35] = NaN
  out_hpID[36] = NaN
  out_hpID[37] = NaN
  out_hpID[38] = NaN
  out_hpID[39] = NaN
  out_hpID[40] = NaN
  out_hpID[41] = NaN
  out_hpID[42] = NaN
  out_hpID[43] = NaN
  out_hpID[44] = NaN
  out_hpID[45] = NaN
  out_hpID[46] = NaN
  out_hpID[47] = NaN
  out_hpID[48] = NaN
  out_hpID[49] = NaN
  out_hpID[50] = NaN
  out_hpID[51] = NaN
  out_hpID[52] = NaN
  out_hpID[53] = NaN
  out_hpID[54] = NaN
  out_hpID[55] = NaN
  out_hpID[56] = NaN
  out_hpID[57] = NaN
  out_hpID[58] = NaN
  out_hpID[59] = NaN
  out_hpID[60] = NaN
  out_hpID[61] = NaN
  out_hpID[62] = NaN
  out_hpID[63] = NaN
  out_hpID[64] = NaN
  out_hpID[65] = NaN
  out_hpID[66] = NaN
  out_hpID[67] = NaN
  out_hpID[68] = NaN
  out_hpID[69] = NaN
  out_hpID[70] = NaN
  out_hpID[71] = NaN
  out_hpID[72] = NaN
  out_hpID[73] = NaN
  out_hpID[74] = NaN
  out_hpID[75] = NaN
  out_hpID[76] = NaN
  out_hpID[77] = NaN
  out_hpID[78] = NaN
  out_hpID[79] = NaN
  out_hpID[80] = NaN
  out_hpID[81] = NaN
  out_hpID[82] = NaN
  out_hpID[83] = NaN
  out_hpID[84] = NaN
  out_hpID[85] = NaN
  out_hpID[86] = NaN
  out_hpID[87] = NaN
  out_hpID[88] = NaN
  out_hpID[89] = NaN
  out_hpID[90] = NaN
  out_hpID[91] = NaN
  out_hpID[92] = NaN
  out_hpID[93] = NaN
  out_hpID[94] = NaN
  out_hpID[95] = NaN
  out_hpID[96] = NaN
  out_hpID[97] = NaN
  out_hpID[98] = NaN
  out_hpID[99] = NaN
  out_hpID[100] = NaN
  out_hpID[101] = NaN
  out_hpID[102] = NaN
  out_hpID[103] = NaN
  out_hpID[104] = NaN
  out_hpID[105] = NaN
  out_hpID[106] = NaN
  out_hpID[107] = NaN
  out_hpID[108] = NaN
  out_hpID[109] = NaN
  out_hpID[110] = NaN
  out_hpID[111] = NaN
  out_hpID[112] = NaN
  out_hpID[113] = NaN
  out_hpID[114] = NaN
  out_hpID[115] = NaN
  out_hpID[116] = NaN
  out_hpID[117] = NaN
  out_hpID[118] = NaN
  out_hpID[119] = NaN
  out_hpID[120] = NaN
  out_hpID[121] = NaN
  out_hpID[122] = NaN
  out_hpID[123] = NaN
  out_hpID[124] = NaN
  out_hpID[125] = NaN
  out_hpID[126] = NaN
  out_hpID[127] = NaN
  out_hpID[128] = NaN
  out_hpID[129] = NaN
  out_hpID[130] = NaN
  out_hpID[131] = NaN
  out_hpID[132] = NaN
  out_hpID[133] = NaN
  out_hpID[134] = NaN
  out_hpID[135] = NaN
  out_hpID[136] = NaN
  out_hpID[137] = NaN
  out_hpID[138] = NaN
  out_hpID[139] = NaN
  out_hpID[140] = NaN
  out_hpID[141] = NaN
  out_hpID[142] = NaN
  out_hpID[143] = NaN
  out_hpID[144] = NaN
  out_hpID[145] = NaN
  out_hpID[146] = NaN
  out_hpID[147] = NaN
  out_hpID[148] = NaN
  out_hpID[149] = NaN
  out_hpID[150] = NaN
  out_hpID[151] = NaN
  out_hpID[152] = NaN
  out_hpID[153] = NaN
  out_hpID[154] = NaN
  out_hpID[155] = NaN
  out_hpID[156] = NaN
  out_hpID[157] = NaN
  out_hpID[158] = NaN
  out_hpID[159] = NaN
  out_hpID[160] = NaN
  out_hpID[161] = NaN
  out_hpID[162] = NaN
  out_hpID[163] = NaN
  out_hpID[164] = NaN
  out_hpID[165] = NaN
  out_hpID[166] = NaN
  out_hpID[167] = NaN
  out_hpID[168] = NaN
  out_hpID[169] = NaN
  out_hpID[170] = NaN
  out_hpID[171] = NaN
  out_hpID[172] = NaN
  out_hpID[173] = NaN
  out_hpID[174] = NaN
  out_hpID[175] = NaN
  out_hpID[176] = NaN
  out_hpID[177] = NaN
  out_hpID[178] = NaN
  out_hpID[179] = NaN
  out_hpID[180] = NaN
  out_hpID[181] = NaN
  out_hpID[182] = NaN
  out_hpID[183] = NaN
  out_hpID[184] = NaN
  out_hpID[185] = NaN
  out_hpID[186] = NaN
  out_hpID[187] = NaN
  out_hpID[188] = NaN
  out_hpID[189] = NaN
  out_hpID[190] = NaN
  out_hpID[191] = NaN
  out_hpID[192] = NaN
  out_hpID[193] = NaN
  out_hpID[194] = NaN
  out_hpID[195] = NaN
  out_hpID[196] = NaN
  out_hpID[197] = NaN
  out_hpID[198] = NaN
  out_hpID[199] = NaN
  out_hpID[200] = NaN
  out_hpID[201] = NaN
  out_hpID[202] = NaN
  out_hpID[203] = NaN
  out_hpID[204] = NaN
  out_hpID[205] = NaN
  out_hpID[206] = NaN
  out_hpID[207] = NaN
  out_hpID[208] = NaN
  out_hpID[209] = NaN
  out_hpID[210] = NaN
  out_hpID[211] = NaN
  out_hpID[212] = NaN
  out_hpID[213] = NaN
  out_hpID[214] = NaN
  out_hpID[215] = NaN
  out_hpID[216] = NaN
  out_hpID[217] = NaN
  out_hpID[218] = NaN
  out_hpID[219] = NaN
  out_hpID[220] = NaN
  out_hpID[221] = NaN
  out_hpID[222] = NaN
  out_hpID[223] = NaN
  out_hpID[224] = NaN
  out_hpID[225] = NaN
  out_hpID[226] = NaN
  out_hpID[227] = NaN
  out_hpID[228] = NaN
  out_hpID[229] = NaN
  out_hpID[230] = NaN
  out_hpID[231] = NaN
  out_hpID[232] = NaN
  out_hpID[233] = NaN
  out_hpID[234] = NaN
  out_hpID[235] = NaN
  out_hpID[236] = NaN
  out_hpID[237] = NaN
  out_hpID[238] = NaN
  out_hpID[239] = NaN
  out_hpID[240] = NaN
  out_hpID[241] = NaN
  out_hpID[242] = NaN
  out_hpID[243] = NaN
  out_hpID[244] = NaN
  out_hpID[245] = NaN
  out_hpID[246] = NaN
  out_hpID[247] = NaN
  out_hpID[248] = NaN
  out_hpID[249] = NaN
  out_hpID[250] = NaN
  out_hpID[251] = NaN
  out_hpID[252] = NaN
  out_hpID[253] = NaN
  out_hpID[254] = NaN
  out_hpID[255] = NaN
  out_hpID[256] = NaN
  out_hpID[257] = NaN
  out_hpID[258] = NaN
  out_hpID[259] = NaN
  out_hpID[260] = NaN
  out_hpID[261] = NaN
  out_hpID[262] = NaN
  out_hpID[263] = NaN
  out_hpID[264] = NaN
  out_hpID[265] = NaN
  out_hpID[266] = NaN
  out_hpID[267] = NaN
  out_hpID[268] = NaN
  out_hpID[269] = NaN
  out_hpID[270] = NaN
  out_hpID[271] = NaN
  out_hpID[272] = NaN
  out_hpID[273] = NaN
  out_hpID[274] = NaN
  out_hpID[275] = NaN
  out_hpID[276] = NaN
  out_hpID[277] = NaN
  out_hpID[278] = NaN
  out_hpID[279] = NaN
  out_hpID[280] = NaN
  out_hpID[281] = NaN
  out_hpID[282] = NaN
  out_hpID[283] = NaN
  out_hpID[284] = NaN
  out_hpID[285] = NaN
  out_hpID[286] = NaN
  out_hpID[287] = NaN
  out_hpID[288] = NaN
  out_hpID[289] = NaN
  out_hpID[290] = NaN
  out_hpID[291] = NaN
  out_hpID[292] = NaN
  out_hpID[293] = NaN
  out_hpID[294] = NaN
  out_hpID[295] = NaN
  out_hpID[296] = NaN
  out_hpID[297] = NaN
  out_hpID[298] = NaN
  out_hpID[299] = NaN
  out_hpID[300] = NaN
  out_hpID[301] = NaN
  out_hpID[302] = NaN
  out_hpID[303] = NaN
  out_hpID[304] = NaN
  out_hpID[305] = NaN
  out_hpID[306] = NaN
  out_hpID[307] = NaN
  out_hpID[308] = NaN
  out_hpID[309] = NaN
  out_hpID[310] = NaN
  out_hpID[311] = NaN
  out_hpID[312] = NaN
  out_hpID[313] = NaN
  out_hpID[314] = NaN
  out_hpID[315] = NaN
  out_hpID[316] = NaN
  out_hpID[317] = NaN
  out_hpID[318] = NaN
  out_hpID[319] = NaN
  out_hpID[320] = NaN
  out_hpID[321] = NaN
  out_hpID[322] = NaN
  out_hpID[323] = NaN
  out_hpID[324] = NaN
  out_hpID[325] = NaN
  out_hpID[326] = NaN
  out_hpID[327] = NaN
  out_hpID[328] = NaN
  out_hpID[329] = NaN
  out_hpID[330] = NaN
  out_hpID[331] = NaN
  out_hpID[332] = NaN
  out_hpID[333] = NaN
  out_hpID[334] = NaN
  out_hpID[335] = NaN
  out_hpID[336] = NaN
  out_hpID[337] = NaN
  out_hpID[338] = NaN
  out_hpID[339] = NaN
  out_hpID[340] = NaN
  out_hpID[341] = NaN
  out_hpID[342] = NaN
  out_hpID[343] = NaN
  out_hpID[344] = NaN
  out_hpID[345] = NaN
  out_hpID[346] = NaN
  out_hpID[347] = NaN
  out_hpID[348] = NaN
  out_hpID[349] = NaN
  out_hpID[350] = NaN
  out_hpID[351] = NaN
  out_hpID[352] = NaN
  out_hpID[353] = NaN
  out_hpID[354] = NaN
  out_hpID[355] = NaN
  out_hpID[356] = NaN
  out_hpID[357] = NaN
  out_hpID[358] = NaN
  out_hpID[359] = NaN
  out_hpID[360] = NaN
  out_hpID[361] = NaN
  out_hpID[362] = NaN
  out_hpID[363] = NaN
  out_hpID[364] = NaN
  out_hpID[365] = NaN
  out_hpID[366] = NaN
  out_hpID[367] = NaN
  out_hpID[368] = NaN
  out_hpID[369] = NaN
  out_hpID[370] = NaN
  out_hpID[371] = NaN
  out_hpID[372] = NaN
  out_hpID[373] = NaN
  out_hpID[374] = NaN
  out_hpID[375] = NaN
  out_modelYearID[1] = 2020
  out_modelYearID[2] = 2019
  out_modelYearID[3] = 2018
  out_modelYearID[4] = 2017
  out_modelYearID[5] = 2016
  out_modelYearID[6] = 2015
  out_modelYearID[7] = 2014
  out_modelYearID[8] = 2013
  out_modelYearID[9] = 2012
  out_modelYearID[10] = 2011
  out_modelYearID[11] = 2010
  out_modelYearID[12] = 2009
  out_modelYearID[13] = 2008
  out_modelYearID[14] = 2007
  out_modelYearID[15] = 2006
  out_modelYearID[16] = 2005
  out_modelYearID[17] = 2004
  out_modelYearID[18] = 2003
  out_modelYearID[19] = 2002
  out_modelYearID[20] = 2001
  out_modelYearID[21] = 2000
  out_modelYearID[22] = 1999
  out_modelYearID[23] = 1998
  out_modelYearID[24] = 1997
  out_modelYearID[25] = 1996
  out_modelYearID[26] = 1995
  out_modelYearID[27] = 1994
  out_modelYearID[28] = 1993
  out_modelYearID[29] = 1992
  out_modelYearID[30] = 1991
  out_modelYearID[31] = 1990
  out_modelYearID[32] = 1989
  out_modelYearID[33] = 1988
  out_modelYearID[34] = 1987
  out_modelYearID[35] = 1986
  out_modelYearID[36] = 1985
  out_modelYearID[37] = 1984
  out_modelYearID[38] = 1983
  out_modelYearID[39] = 1982
  out_modelYearID[40] = 1981
  out_modelYearID[41] = 1980
  out_modelYearID[42] = 2019
  out_modelYearID[43] = 2018
  out_modelYearID[44] = 2017
  out_modelYearID[45] = 2016
  out_modelYearID[46] = 2015
  out_modelYearID[47] = 2014
  out_modelYearID[48] = 2013
  out_modelYearID[49] = 2012
  out_modelYearID[50] = 2011
  out_modelYearID[51] = 2010
  out_modelYearID[52] = 2009
  out_modelYearID[53] = 2008
  out_modelYearID[54] = 2007
  out_modelYearID[55] = 2006
  out_modelYearID[56] = 2005
  out_modelYearID[57] = 2004
  out_modelYearID[58] = 2003
  out_modelYearID[59] = 2002
  out_modelYearID[60] = 2001
  out_modelYearID[61] = 2000
  out_modelYearID[62] = 1999
  out_modelYearID[63] = 1998
  out_modelYearID[64] = 1997
  out_modelYearID[65] = 1996
  out_modelYearID[66] = 1995
  out_modelYearID[67] = 1994
  out_modelYearID[68] = 1993
  out_modelYearID[69] = 1992
  out_modelYearID[70] = 1991
  out_modelYearID[71] = 1990
  out_modelYearID[72] = 1989
  out_modelYearID[73] = 1988
  out_modelYearID[74] = 1987
  out_modelYearID[75] = 1986
  out_modelYearID[76] = 1985
  out_modelYearID[77] = 1984
  out_modelYearID[78] = 1983
  out_modelYearID[79] = 1982
  out_modelYearID[80] = 1981
  out_modelYearID[81] = 1980
  out_modelYearID[82] = 2020
  out_modelYearID[83] = 2019
  out_modelYearID[84] = 2018
  out_modelYearID[85] = 2017
  out_modelYearID[86] = 2016
  out_modelYearID[87] = 2015
  out_modelYearID[88] = 2014
  out_modelYearID[89] = 2013
  out_modelYearID[90] = 2012
  out_modelYearID[91] = 2011
  out_modelYearID[92] = 2010
  out_modelYearID[93] = 2009
  out_modelYearID[94] = 2008
  out_modelYearID[95] = 2007
  out_modelYearID[96] = 2006
  out_modelYearID[97] = 2005
  out_modelYearID[98] = 2004
  out_modelYearID[99] = 2003
  out_modelYearID[100] = 2002
  out_modelYearID[101] = 2001
  out_modelYearID[102] = 2000
  out_modelYearID[103] = 1999
  out_modelYearID[104] = 1998
  out_modelYearID[105] = 2020
  out_modelYearID[106] = 2019
  out_modelYearID[107] = 2018
  out_modelYearID[108] = 2017
  out_modelYearID[109] = 2016
  out_modelYearID[110] = 2015
  out_modelYearID[111] = 2014
  out_modelYearID[112] = 2013
  out_modelYearID[113] = 2012
  out_modelYearID[114] = 2011
  out_modelYearID[115] = 2010
  out_modelYearID[116] = 2009
  out_modelYearID[117] = 2008
  out_modelYearID[118] = 2007
  out_modelYearID[119] = 2006
  out_modelYearID[120] = 2005
  out_modelYearID[121] = 2004
  out_modelYearID[122] = 2003
  out_modelYearID[123] = 2002
  out_modelYearID[124] = 2001
  out_modelYearID[125] = 2000
  out_modelYearID[126] = 2020
  out_modelYearID[127] = 2019
  out_modelYearID[128] = 2018
  out_modelYearID[129] = 2017
  out_modelYearID[130] = 2016
  out_modelYearID[131] = 2015
  out_modelYearID[132] = 2014
  out_modelYearID[133] = 2013
  out_modelYearID[134] = 2012
  out_modelYearID[135] = 2011
  out_modelYearID[136] = 2010
  out_modelYearID[137] = 2009
  out_modelYearID[138] = 2008
  out_modelYearID[139] = 2007
  out_modelYearID[140] = 2006
  out_modelYearID[141] = 2005
  out_modelYearID[142] = 2004
  out_modelYearID[143] = 2003
  out_modelYearID[144] = 2002
  out_modelYearID[145] = 2001
  out_modelYearID[146] = 2000
  out_modelYearID[147] = 1999
  out_modelYearID[148] = 1998
  out_modelYearID[149] = 1997
  out_modelYearID[150] = 1996
  out_modelYearID[151] = 1995
  out_modelYearID[152] = 1994
  out_modelYearID[153] = 1993
  out_modelYearID[154] = 1992
  out_modelYearID[155] = 1991
  out_modelYearID[156] = 1990
  out_modelYearID[157] = 1989
  out_modelYearID[158] = 1988
  out_modelYearID[159] = 1987
  out_modelYearID[160] = 1986
  out_modelYearID[161] = 1985
  out_modelYearID[162] = 1984
  out_modelYearID[163] = 1983
  out_modelYearID[164] = 1982
  out_modelYearID[165] = 1981
  out_modelYearID[166] = 1980
  out_modelYearID[167] = 2019
  out_modelYearID[168] = 2018
  out_modelYearID[169] = 2017
  out_modelYearID[170] = 2016
  out_modelYearID[171] = 2015
  out_modelYearID[172] = 2014
  out_modelYearID[173] = 2013
  out_modelYearID[174] = 2012
  out_modelYearID[175] = 2011
  out_modelYearID[176] = 2010
  out_modelYearID[177] = 2009
  out_modelYearID[178] = 2008
  out_modelYearID[179] = 2007
  out_modelYearID[180] = 2006
  out_modelYearID[181] = 2005
  out_modelYearID[182] = 2004
  out_modelYearID[183] = 2003
  out_modelYearID[184] = 2002
  out_modelYearID[185] = 2001
  out_modelYearID[186] = 2000
  out_modelYearID[187] = 1999
  out_modelYearID[188] = 1998
  out_modelYearID[189] = 1997
  out_modelYearID[190] = 1996
  out_modelYearID[191] = 1995
  out_modelYearID[192] = 1994
  out_modelYearID[193] = 1993
  out_modelYearID[194] = 1992
  out_modelYearID[195] = 1991
  out_modelYearID[196] = 1990
  out_modelYearID[197] = 1989
  out_modelYearID[198] = 1988
  out_modelYearID[199] = 1987
  out_modelYearID[200] = 1986
  out_modelYearID[201] = 1985
  out_modelYearID[202] = 1984
  out_modelYearID[203] = 1983
  out_modelYearID[204] = 1982
  out_modelYearID[205] = 1981
  out_modelYearID[206] = 1980
  out_modelYearID[207] = 2020
  out_modelYearID[208] = 2019
  out_modelYearID[209] = 2018
  out_modelYearID[210] = 2017
  out_modelYearID[211] = 2016
  out_modelYearID[212] = 2015
  out_modelYearID[213] = 2014
  out_modelYearID[214] = 2013
  out_modelYearID[215] = 2012
  out_modelYearID[216] = 2011
  out_modelYearID[217] = 2010
  out_modelYearID[218] = 2009
  out_modelYearID[219] = 2008
  out_modelYearID[220] = 2007
  out_modelYearID[221] = 2006
  out_modelYearID[222] = 2005
  out_modelYearID[223] = 2004
  out_modelYearID[224] = 2003
  out_modelYearID[225] = 2002
  out_modelYearID[226] = 2001
  out_modelYearID[227] = 2000
  out_modelYearID[228] = 1999
  out_modelYearID[229] = 1998
  out_modelYearID[230] = 2020
  out_modelYearID[231] = 2019
  out_modelYearID[232] = 2018
  out_modelYearID[233] = 2017
  out_modelYearID[234] = 2016
  out_modelYearID[235] = 2015
  out_modelYearID[236] = 2014
  out_modelYearID[237] = 2013
  out_modelYearID[238] = 2012
  out_modelYearID[239] = 2011
  out_modelYearID[240] = 2010
  out_modelYearID[241] = 2009
  out_modelYearID[242] = 2008
  out_modelYearID[243] = 2007
  out_modelYearID[244] = 2006
  out_modelYearID[245] = 2005
  out_modelYearID[246] = 2004
  out_modelYearID[247] = 2003
  out_modelYearID[248] = 2002
  out_modelYearID[249] = 2001
  out_modelYearID[250] = 2000
  out_modelYearID[251] = 2020
  out_modelYearID[252] = 2019
  out_modelYearID[253] = 2018
  out_modelYearID[254] = 2017
  out_modelYearID[255] = 2016
  out_modelYearID[256] = 2015
  out_modelYearID[257] = 2014
  out_modelYearID[258] = 2013
  out_modelYearID[259] = 2012
  out_modelYearID[260] = 2011
  out_modelYearID[261] = 2010
  out_modelYearID[262] = 2009
  out_modelYearID[263] = 2008
  out_modelYearID[264] = 2007
  out_modelYearID[265] = 2006
  out_modelYearID[266] = 2005
  out_modelYearID[267] = 2004
  out_modelYearID[268] = 2003
  out_modelYearID[269] = 2002
  out_modelYearID[270] = 2001
  out_modelYearID[271] = 2000
  out_modelYearID[272] = 1999
  out_modelYearID[273] = 1998
  out_modelYearID[274] = 1997
  out_modelYearID[275] = 1996
  out_modelYearID[276] = 1995
  out_modelYearID[277] = 1994
  out_modelYearID[278] = 1993
  out_modelYearID[279] = 1992
  out_modelYearID[280] = 1991
  out_modelYearID[281] = 1990
  out_modelYearID[282] = 1989
  out_modelYearID[283] = 1988
  out_modelYearID[284] = 1987
  out_modelYearID[285] = 1986
  out_modelYearID[286] = 1985
  out_modelYearID[287] = 1984
  out_modelYearID[288] = 1983
  out_modelYearID[289] = 1982
  out_modelYearID[290] = 1981
  out_modelYearID[291] = 1980
  out_modelYearID[292] = 2019
  out_modelYearID[293] = 2018
  out_modelYearID[294] = 2017
  out_modelYearID[295] = 2016
  out_modelYearID[296] = 2015
  out_modelYearID[297] = 2014
  out_modelYearID[298] = 2013
  out_modelYearID[299] = 2012
  out_modelYearID[300] = 2011
  out_modelYearID[301] = 2010
  out_modelYearID[302] = 2009
  out_modelYearID[303] = 2008
  out_modelYearID[304] = 2007
  out_modelYearID[305] = 2006
  out_modelYearID[306] = 2005
  out_modelYearID[307] = 2004
  out_modelYearID[308] = 2003
  out_modelYearID[309] = 2002
  out_modelYearID[310] = 2001
  out_modelYearID[311] = 2000
  out_modelYearID[312] = 1999
  out_modelYearID[313] = 1998
  out_modelYearID[314] = 1997
  out_modelYearID[315] = 1996
  out_modelYearID[316] = 1995
  out_modelYearID[317] = 1994
  out_modelYearID[318] = 1993
  out_modelYearID[319] = 1992
  out_modelYearID[320] = 1991
  out_modelYearID[321] = 1990
  out_modelYearID[322] = 1989
  out_modelYearID[323] = 1988
  out_modelYearID[324] = 1987
  out_modelYearID[325] = 1986
  out_modelYearID[326] = 1985
  out_modelYearID[327] = 1984
  out_modelYearID[328] = 1983
  out_modelYearID[329] = 1982
  out_modelYearID[330] = 1981
  out_modelYearID[331] = 1980
  out_modelYearID[332] = 2020
  out_modelYearID[333] = 2019
  out_modelYearID[334] = 2018
  out_modelYearID[335] = 2017
  out_modelYearID[336] = 2016
  out_modelYearID[337] = 2015
  out_modelYearID[338] = 2014
  out_modelYearID[339] = 2013
  out_modelYearID[340] = 2012
  out_modelYearID[341] = 2011
  out_modelYearID[342] = 2010
  out_modelYearID[343] = 2009
  out_modelYearID[344] = 2008
  out_modelYearID[345] = 2007
  out_modelYearID[346] = 2006
  out_modelYearID[347] = 2005
  out_modelYearID[348] = 2004
  out_modelYearID[349] = 2003
  out_modelYearID[350] = 2002
  out_modelYearID[351] = 2001
  out_modelYearID[352] = 2000
  out_modelYearID[353] = 1999
  out_modelYearID[354] = 1998
  out_modelYearID[355] = 2020
  out_modelYearID[356] = 2019
  out_modelYearID[357] = 2018
  out_modelYearID[358] = 2017
  out_modelYearID[359] = 2016
  out_modelYearID[360] = 2015
  out_modelYearID[361] = 2014
  out_modelYearID[362] = 2013
  out_modelYearID[363] = 2012
  out_modelYearID[364] = 2011
  out_modelYearID[365] = 2010
  out_modelYearID[366] = 2009
  out_modelYearID[367] = 2008
  out_modelYearID[368] = 2007
  out_modelYearID[369] = 2006
  out_modelYearID[370] = 2005
  out_modelYearID[371] = 2004
  out_modelYearID[372] = 2003
  out_modelYearID[373] = 2002
  out_modelYearID[374] = 2001
  out_modelYearID[375] = 2000
  out_fuelTypeID[1] = 1
  out_fuelTypeID[2] = 1
  out_fuelTypeID[3] = 1
  out_fuelTypeID[4] = 1
  out_fuelTypeID[5] = 1
  out_fuelTypeID[6] = 1
  out_fuelTypeID[7] = 1
  out_fuelTypeID[8] = 1
  out_fuelTypeID[9] = 1
  out_fuelTypeID[10] = 1
  out_fuelTypeID[11] = 1
  out_fuelTypeID[12] = 1
  out_fuelTypeID[13] = 1
  out_fuelTypeID[14] = 1
  out_fuelTypeID[15] = 1
  out_fuelTypeID[16] = 1
  out_fuelTypeID[17] = 1
  out_fuelTypeID[18] = 1
  out_fuelTypeID[19] = 1
  out_fuelTypeID[20] = 1
  out_fuelTypeID[21] = 1
  out_fuelTypeID[22] = 1
  out_fuelTypeID[23] = 1
  out_fuelTypeID[24] = 1
  out_fuelTypeID[25] = 1
  out_fuelTypeID[26] = 1
  out_fuelTypeID[27] = 1
  out_fuelTypeID[28] = 1
  out_fuelTypeID[29] = 1
  out_fuelTypeID[30] = 1
  out_fuelTypeID[31] = 1
  out_fuelTypeID[32] = 1
  out_fuelTypeID[33] = 1
  out_fuelTypeID[34] = 1
  out_fuelTypeID[35] = 1
  out_fuelTypeID[36] = 1
  out_fuelTypeID[37] = 1
  out_fuelTypeID[38] = 1
  out_fuelTypeID[39] = 1
  out_fuelTypeID[40] = 1
  out_fuelTypeID[41] = 1
  out_fuelTypeID[42] = 2
  out_fuelTypeID[43] = 2
  out_fuelTypeID[44] = 2
  out_fuelTypeID[45] = 2
  out_fuelTypeID[46] = 2
  out_fuelTypeID[47] = 2
  out_fuelTypeID[48] = 2
  out_fuelTypeID[49] = 2
  out_fuelTypeID[50] = 2
  out_fuelTypeID[51] = 2
  out_fuelTypeID[52] = 2
  out_fuelTypeID[53] = 2
  out_fuelTypeID[54] = 2
  out_fuelTypeID[55] = 2
  out_fuelTypeID[56] = 2
  out_fuelTypeID[57] = 2
  out_fuelTypeID[58] = 2
  out_fuelTypeID[59] = 2
  out_fuelTypeID[60] = 2
  out_fuelTypeID[61] = 2
  out_fuelTypeID[62] = 2
  out_fuelTypeID[63] = 2
  out_fuelTypeID[64] = 2
  out_fuelTypeID[65] = 2
  out_fuelTypeID[66] = 2
  out_fuelTypeID[67] = 2
  out_fuelTypeID[68] = 2
  out_fuelTypeID[69] = 2
  out_fuelTypeID[70] = 2
  out_fuelTypeID[71] = 2
  out_fuelTypeID[72] = 2
  out_fuelTypeID[73] = 2
  out_fuelTypeID[74] = 2
  out_fuelTypeID[75] = 2
  out_fuelTypeID[76] = 2
  out_fuelTypeID[77] = 2
  out_fuelTypeID[78] = 2
  out_fuelTypeID[79] = 2
  out_fuelTypeID[80] = 2
  out_fuelTypeID[81] = 2
  out_fuelTypeID[82] = 5
  out_fuelTypeID[83] = 5
  out_fuelTypeID[84] = 5
  out_fuelTypeID[85] = 5
  out_fuelTypeID[86] = 5
  out_fuelTypeID[87] = 5
  out_fuelTypeID[88] = 5
  out_fuelTypeID[89] = 5
  out_fuelTypeID[90] = 5
  out_fuelTypeID[91] = 5
  out_fuelTypeID[92] = 5
  out_fuelTypeID[93] = 5
  out_fuelTypeID[94] = 5
  out_fuelTypeID[95] = 5
  out_fuelTypeID[96] = 5
  out_fuelTypeID[97] = 5
  out_fuelTypeID[98] = 5
  out_fuelTypeID[99] = 5
  out_fuelTypeID[100] = 5
  out_fuelTypeID[101] = 5
  out_fuelTypeID[102] = 5
  out_fuelTypeID[103] = 5
  out_fuelTypeID[104] = 5
  out_fuelTypeID[105] = 9
  out_fuelTypeID[106] = 9
  out_fuelTypeID[107] = 9
  out_fuelTypeID[108] = 9
  out_fuelTypeID[109] = 9
  out_fuelTypeID[110] = 9
  out_fuelTypeID[111] = 9
  out_fuelTypeID[112] = 9
  out_fuelTypeID[113] = 9
  out_fuelTypeID[114] = 9
  out_fuelTypeID[115] = 9
  out_fuelTypeID[116] = 9
  out_fuelTypeID[117] = 9
  out_fuelTypeID[118] = 9
  out_fuelTypeID[119] = 9
  out_fuelTypeID[120] = 9
  out_fuelTypeID[121] = 9
  out_fuelTypeID[122] = 9
  out_fuelTypeID[123] = 9
  out_fuelTypeID[124] = 9
  out_fuelTypeID[125] = 9
  out_fuelTypeID[126] = 1
  out_fuelTypeID[127] = 1
  out_fuelTypeID[128] = 1
  out_fuelTypeID[129] = 1
  out_fuelTypeID[130] = 1
  out_fuelTypeID[131] = 1
  out_fuelTypeID[132] = 1
  out_fuelTypeID[133] = 1
  out_fuelTypeID[134] = 1
  out_fuelTypeID[135] = 1
  out_fuelTypeID[136] = 1
  out_fuelTypeID[137] = 1
  out_fuelTypeID[138] = 1
  out_fuelTypeID[139] = 1
  out_fuelTypeID[140] = 1
  out_fuelTypeID[141] = 1
  out_fuelTypeID[142] = 1
  out_fuelTypeID[143] = 1
  out_fuelTypeID[144] = 1
  out_fuelTypeID[145] = 1
  out_fuelTypeID[146] = 1
  out_fuelTypeID[147] = 1
  out_fuelTypeID[148] = 1
  out_fuelTypeID[149] = 1
  out_fuelTypeID[150] = 1
  out_fuelTypeID[151] = 1
  out_fuelTypeID[152] = 1
  out_fuelTypeID[153] = 1
  out_fuelTypeID[154] = 1
  out_fuelTypeID[155] = 1
  out_fuelTypeID[156] = 1
  out_fuelTypeID[157] = 1
  out_fuelTypeID[158] = 1
  out_fuelTypeID[159] = 1
  out_fuelTypeID[160] = 1
  out_fuelTypeID[161] = 1
  out_fuelTypeID[162] = 1
  out_fuelTypeID[163] = 1
  out_fuelTypeID[164] = 1
  out_fuelTypeID[165] = 1
  out_fuelTypeID[166] = 1
  out_fuelTypeID[167] = 2
  out_fuelTypeID[168] = 2
  out_fuelTypeID[169] = 2
  out_fuelTypeID[170] = 2
  out_fuelTypeID[171] = 2
  out_fuelTypeID[172] = 2
  out_fuelTypeID[173] = 2
  out_fuelTypeID[174] = 2
  out_fuelTypeID[175] = 2
  out_fuelTypeID[176] = 2
  out_fuelTypeID[177] = 2
  out_fuelTypeID[178] = 2
  out_fuelTypeID[179] = 2
  out_fuelTypeID[180] = 2
  out_fuelTypeID[181] = 2
  out_fuelTypeID[182] = 2
  out_fuelTypeID[183] = 2
  out_fuelTypeID[184] = 2
  out_fuelTypeID[185] = 2
  out_fuelTypeID[186] = 2
  out_fuelTypeID[187] = 2
  out_fuelTypeID[188] = 2
  out_fuelTypeID[189] = 2
  out_fuelTypeID[190] = 2
  out_fuelTypeID[191] = 2
  out_fuelTypeID[192] = 2
  out_fuelTypeID[193] = 2
  out_fuelTypeID[194] = 2
  out_fuelTypeID[195] = 2
  out_fuelTypeID[196] = 2
  out_fuelTypeID[197] = 2
  out_fuelTypeID[198] = 2
  out_fuelTypeID[199] = 2
  out_fuelTypeID[200] = 2
  out_fuelTypeID[201] = 2
  out_fuelTypeID[202] = 2
  out_fuelTypeID[203] = 2
  out_fuelTypeID[204] = 2
  out_fuelTypeID[205] = 2
  out_fuelTypeID[206] = 2
  out_fuelTypeID[207] = 5
  out_fuelTypeID[208] = 5
  out_fuelTypeID[209] = 5
  out_fuelTypeID[210] = 5
  out_fuelTypeID[211] = 5
  out_fuelTypeID[212] = 5
  out_fuelTypeID[213] = 5
  out_fuelTypeID[214] = 5
  out_fuelTypeID[215] = 5
  out_fuelTypeID[216] = 5
  out_fuelTypeID[217] = 5
  out_fuelTypeID[218] = 5
  out_fuelTypeID[219] = 5
  out_fuelTypeID[220] = 5
  out_fuelTypeID[221] = 5
  out_fuelTypeID[222] = 5
  out_fuelTypeID[223] = 5
  out_fuelTypeID[224] = 5
  out_fuelTypeID[225] = 5
  out_fuelTypeID[226] = 5
  out_fuelTypeID[227] = 5
  out_fuelTypeID[228] = 5
  out_fuelTypeID[229] = 5
  out_fuelTypeID[230] = 9
  out_fuelTypeID[231] = 9
  out_fuelTypeID[232] = 9
  out_fuelTypeID[233] = 9
  out_fuelTypeID[234] = 9
  out_fuelTypeID[235] = 9
  out_fuelTypeID[236] = 9
  out_fuelTypeID[237] = 9
  out_fuelTypeID[238] = 9
  out_fuelTypeID[239] = 9
  out_fuelTypeID[240] = 9
  out_fuelTypeID[241] = 9
  out_fuelTypeID[242] = 9
  out_fuelTypeID[243] = 9
  out_fuelTypeID[244] = 9
  out_fuelTypeID[245] = 9
  out_fuelTypeID[246] = 9
  out_fuelTypeID[247] = 9
  out_fuelTypeID[248] = 9
  out_fuelTypeID[249] = 9
  out_fuelTypeID[250] = 9
  out_fuelTypeID[251] = 1
  out_fuelTypeID[252] = 1
  out_fuelTypeID[253] = 1
  out_fuelTypeID[254] = 1
  out_fuelTypeID[255] = 1
  out_fuelTypeID[256] = 1
  out_fuelTypeID[257] = 1
  out_fuelTypeID[258] = 1
  out_fuelTypeID[259] = 1
  out_fuelTypeID[260] = 1
  out_fuelTypeID[261] = 1
  out_fuelTypeID[262] = 1
  out_fuelTypeID[263] = 1
  out_fuelTypeID[264] = 1
  out_fuelTypeID[265] = 1
  out_fuelTypeID[266] = 1
  out_fuelTypeID[267] = 1
  out_fuelTypeID[268] = 1
  out_fuelTypeID[269] = 1
  out_fuelTypeID[270] = 1
  out_fuelTypeID[271] = 1
  out_fuelTypeID[272] = 1
  out_fuelTypeID[273] = 1
  out_fuelTypeID[274] = 1
  out_fuelTypeID[275] = 1
  out_fuelTypeID[276] = 1
  out_fuelTypeID[277] = 1
  out_fuelTypeID[278] = 1
  out_fuelTypeID[279] = 1
  out_fuelTypeID[280] = 1
  out_fuelTypeID[281] = 1
  out_fuelTypeID[282] = 1
  out_fuelTypeID[283] = 1
  out_fuelTypeID[284] = 1
  out_fuelTypeID[285] = 1
  out_fuelTypeID[286] = 1
  out_fuelTypeID[287] = 1
  out_fuelTypeID[288] = 1
  out_fuelTypeID[289] = 1
  out_fuelTypeID[290] = 1
  out_fuelTypeID[291] = 1
  out_fuelTypeID[292] = 2
  out_fuelTypeID[293] = 2
  out_fuelTypeID[294] = 2
  out_fuelTypeID[295] = 2
  out_fuelTypeID[296] = 2
  out_fuelTypeID[297] = 2
  out_fuelTypeID[298] = 2
  out_fuelTypeID[299] = 2
  out_fuelTypeID[300] = 2
  out_fuelTypeID[301] = 2
  out_fuelTypeID[302] = 2
  out_fuelTypeID[303] = 2
  out_fuelTypeID[304] = 2
  out_fuelTypeID[305] = 2
  out_fuelTypeID[306] = 2
  out_fuelTypeID[307] = 2
  out_fuelTypeID[308] = 2
  out_fuelTypeID[309] = 2
  out_fuelTypeID[310] = 2
  out_fuelTypeID[311] = 2
  out_fuelTypeID[312] = 2
  out_fuelTypeID[313] = 2
  out_fuelTypeID[314] = 2
  out_fuelTypeID[315] = 2
  out_fuelTypeID[316] = 2
  out_fuelTypeID[317] = 2
  out_fuelTypeID[318] = 2
  out_fuelTypeID[319] = 2
  out_fuelTypeID[320] = 2
  out_fuelTypeID[321] = 2
  out_fuelTypeID[322] = 2
  out_fuelTypeID[323] = 2
  out_fuelTypeID[324] = 2
  out_fuelTypeID[325] = 2
  out_fuelTypeID[326] = 2
  out_fuelTypeID[327] = 2
  out_fuelTypeID[328] = 2
  out_fuelTypeID[329] = 2
  out_fuelTypeID[330] = 2
  out_fuelTypeID[331] = 2
  out_fuelTypeID[332] = 5
  out_fuelTypeID[333] = 5
  out_fuelTypeID[334] = 5
  out_fuelTypeID[335] = 5
  out_fuelTypeID[336] = 5
  out_fuelTypeID[337] = 5
  out_fuelTypeID[338] = 5
  out_fuelTypeID[339] = 5
  out_fuelTypeID[340] = 5
  out_fuelTypeID[341] = 5
  out_fuelTypeID[342] = 5
  out_fuelTypeID[343] = 5
  out_fuelTypeID[344] = 5
  out_fuelTypeID[345] = 5
  out_fuelTypeID[346] = 5
  out_fuelTypeID[347] = 5
  out_fuelTypeID[348] = 5
  out_fuelTypeID[349] = 5
  out_fuelTypeID[350] = 5
  out_fuelTypeID[351] = 5
  out_fuelTypeID[352] = 5
  out_fuelTypeID[353] = 5
  out_fuelTypeID[354] = 5
  out_fuelTypeID[355] = 9
  out_fuelTypeID[356] = 9
  out_fuelTypeID[357] = 9
  out_fuelTypeID[358] = 9
  out_fuelTypeID[359] = 9
  out_fuelTypeID[360] = 9
  out_fuelTypeID[361] = 9
  out_fuelTypeID[362] = 9
  out_fuelTypeID[363] = 9
  out_fuelTypeID[364] = 9
  out_fuelTypeID[365] = 9
  out_fuelTypeID[366] = 9
  out_fuelTypeID[367] = 9
  out_fuelTypeID[368] = 9
  out_fuelTypeID[369] = 9
  out_fuelTypeID[370] = 9
  out_fuelTypeID[371] = 9
  out_fuelTypeID[372] = 9
  out_fuelTypeID[373] = 9
  out_fuelTypeID[374] = 9
  out_fuelTypeID[375] = 9
  out_pollutantID[1] = 91
  out_pollutantID[2] = 91
  out_pollutantID[3] = 91
  out_pollutantID[4] = 91
  out_pollutantID[5] = 91
  out_pollutantID[6] = 91
  out_pollutantID[7] = 91
  out_pollutantID[8] = 91
  out_pollutantID[9] = 91
  out_pollutantID[10] = 91
  out_pollutantID[11] = 91
  out_pollutantID[12] = 91
  out_pollutantID[13] = 91
  out_pollutantID[14] = 91
  out_pollutantID[15] = 91
  out_pollutantID[16] = 91
  out_pollutantID[17] = 91
  out_pollutantID[18] = 91
  out_pollutantID[19] = 91
  out_pollutantID[20] = 91
  out_pollutantID[21] = 91
  out_pollutantID[22] = 91
  out_pollutantID[23] = 91
  out_pollutantID[24] = 91
  out_pollutantID[25] = 91
  out_pollutantID[26] = 91
  out_pollutantID[27] = 91
  out_pollutantID[28] = 91
  out_pollutantID[29] = 91
  out_pollutantID[30] = 91
  out_pollutantID[31] = 91
  out_pollutantID[32] = 91
  out_pollutantID[33] = 91
  out_pollutantID[34] = 91
  out_pollutantID[35] = 91
  out_pollutantID[36] = 91
  out_pollutantID[37] = 91
  out_pollutantID[38] = 91
  out_pollutantID[39] = 91
  out_pollutantID[40] = 91
  out_pollutantID[41] = 91
  out_pollutantID[42] = 91
  out_pollutantID[43] = 91
  out_pollutantID[44] = 91
  out_pollutantID[45] = 91
  out_pollutantID[46] = 91
  out_pollutantID[47] = 91
  out_pollutantID[48] = 91
  out_pollutantID[49] = 91
  out_pollutantID[50] = 91
  out_pollutantID[51] = 91
  out_pollutantID[52] = 91
  out_pollutantID[53] = 91
  out_pollutantID[54] = 91
  out_pollutantID[55] = 91
  out_pollutantID[56] = 91
  out_pollutantID[57] = 91
  out_pollutantID[58] = 91
  out_pollutantID[59] = 91
  out_pollutantID[60] = 91
  out_pollutantID[61] = 91
  out_pollutantID[62] = 91
  out_pollutantID[63] = 91
  out_pollutantID[64] = 91
  out_pollutantID[65] = 91
  out_pollutantID[66] = 91
  out_pollutantID[67] = 91
  out_pollutantID[68] = 91
  out_pollutantID[69] = 91
  out_pollutantID[70] = 91
  out_pollutantID[71] = 91
  out_pollutantID[72] = 91
  out_pollutantID[73] = 91
  out_pollutantID[74] = 91
  out_pollutantID[75] = 91
  out_pollutantID[76] = 91
  out_pollutantID[77] = 91
  out_pollutantID[78] = 91
  out_pollutantID[79] = 91
  out_pollutantID[80] = 91
  out_pollutantID[81] = 91
  out_pollutantID[82] = 91
  out_pollutantID[83] = 91
  out_pollutantID[84] = 91
  out_pollutantID[85] = 91
  out_pollutantID[86] = 91
  out_pollutantID[87] = 91
  out_pollutantID[88] = 91
  out_pollutantID[89] = 91
  out_pollutantID[90] = 91
  out_pollutantID[91] = 91
  out_pollutantID[92] = 91
  out_pollutantID[93] = 91
  out_pollutantID[94] = 91
  out_pollutantID[95] = 91
  out_pollutantID[96] = 91
  out_pollutantID[97] = 91
  out_pollutantID[98] = 91
  out_pollutantID[99] = 91
  out_pollutantID[100] = 91
  out_pollutantID[101] = 91
  out_pollutantID[102] = 91
  out_pollutantID[103] = 91
  out_pollutantID[104] = 91
  out_pollutantID[105] = 91
  out_pollutantID[106] = 91
  out_pollutantID[107] = 91
  out_pollutantID[108] = 91
  out_pollutantID[109] = 91
  out_pollutantID[110] = 91
  out_pollutantID[111] = 91
  out_pollutantID[112] = 91
  out_pollutantID[113] = 91
  out_pollutantID[114] = 91
  out_pollutantID[115] = 91
  out_pollutantID[116] = 91
  out_pollutantID[117] = 91
  out_pollutantID[118] = 91
  out_pollutantID[119] = 91
  out_pollutantID[120] = 91
  out_pollutantID[121] = 91
  out_pollutantID[122] = 91
  out_pollutantID[123] = 91
  out_pollutantID[124] = 91
  out_pollutantID[125] = 91
  out_pollutantID[126] = 106
  out_pollutantID[127] = 106
  out_pollutantID[128] = 106
  out_pollutantID[129] = 106
  out_pollutantID[130] = 106
  out_pollutantID[131] = 106
  out_pollutantID[132] = 106
  out_pollutantID[133] = 106
  out_pollutantID[134] = 106
  out_pollutantID[135] = 106
  out_pollutantID[136] = 106
  out_pollutantID[137] = 106
  out_pollutantID[138] = 106
  out_pollutantID[139] = 106
  out_pollutantID[140] = 106
  out_pollutantID[141] = 106
  out_pollutantID[142] = 106
  out_pollutantID[143] = 106
  out_pollutantID[144] = 106
  out_pollutantID[145] = 106
  out_pollutantID[146] = 106
  out_pollutantID[147] = 106
  out_pollutantID[148] = 106
  out_pollutantID[149] = 106
  out_pollutantID[150] = 106
  out_pollutantID[151] = 106
  out_pollutantID[152] = 106
  out_pollutantID[153] = 106
  out_pollutantID[154] = 106
  out_pollutantID[155] = 106
  out_pollutantID[156] = 106
  out_pollutantID[157] = 106
  out_pollutantID[158] = 106
  out_pollutantID[159] = 106
  out_pollutantID[160] = 106
  out_pollutantID[161] = 106
  out_pollutantID[162] = 106
  out_pollutantID[163] = 106
  out_pollutantID[164] = 106
  out_pollutantID[165] = 106
  out_pollutantID[166] = 106
  out_pollutantID[167] = 106
  out_pollutantID[168] = 106
  out_pollutantID[169] = 106
  out_pollutantID[170] = 106
  out_pollutantID[171] = 106
  out_pollutantID[172] = 106
  out_pollutantID[173] = 106
  out_pollutantID[174] = 106
  out_pollutantID[175] = 106
  out_pollutantID[176] = 106
  out_pollutantID[177] = 106
  out_pollutantID[178] = 106
  out_pollutantID[179] = 106
  out_pollutantID[180] = 106
  out_pollutantID[181] = 106
  out_pollutantID[182] = 106
  out_pollutantID[183] = 106
  out_pollutantID[184] = 106
  out_pollutantID[185] = 106
  out_pollutantID[186] = 106
  out_pollutantID[187] = 106
  out_pollutantID[188] = 106
  out_pollutantID[189] = 106
  out_pollutantID[190] = 106
  out_pollutantID[191] = 106
  out_pollutantID[192] = 106
  out_pollutantID[193] = 106
  out_pollutantID[194] = 106
  out_pollutantID[195] = 106
  out_pollutantID[196] = 106
  out_pollutantID[197] = 106
  out_pollutantID[198] = 106
  out_pollutantID[199] = 106
  out_pollutantID[200] = 106
  out_pollutantID[201] = 106
  out_pollutantID[202] = 106
  out_pollutantID[203] = 106
  out_pollutantID[204] = 106
  out_pollutantID[205] = 106
  out_pollutantID[206] = 106
  out_pollutantID[207] = 106
  out_pollutantID[208] = 106
  out_pollutantID[209] = 106
  out_pollutantID[210] = 106
  out_pollutantID[211] = 106
  out_pollutantID[212] = 106
  out_pollutantID[213] = 106
  out_pollutantID[214] = 106
  out_pollutantID[215] = 106
  out_pollutantID[216] = 106
  out_pollutantID[217] = 106
  out_pollutantID[218] = 106
  out_pollutantID[219] = 106
  out_pollutantID[220] = 106
  out_pollutantID[221] = 106
  out_pollutantID[222] = 106
  out_pollutantID[223] = 106
  out_pollutantID[224] = 106
  out_pollutantID[225] = 106
  out_pollutantID[226] = 106
  out_pollutantID[227] = 106
  out_pollutantID[228] = 106
  out_pollutantID[229] = 106
  out_pollutantID[230] = 106
  out_pollutantID[231] = 106
  out_pollutantID[232] = 106
  out_pollutantID[233] = 106
  out_pollutantID[234] = 106
  out_pollutantID[235] = 106
  out_pollutantID[236] = 106
  out_pollutantID[237] = 106
  out_pollutantID[238] = 106
  out_pollutantID[239] = 106
  out_pollutantID[240] = 106
  out_pollutantID[241] = 106
  out_pollutantID[242] = 106
  out_pollutantID[243] = 106
  out_pollutantID[244] = 106
  out_pollutantID[245] = 106
  out_pollutantID[246] = 106
  out_pollutantID[247] = 106
  out_pollutantID[248] = 106
  out_pollutantID[249] = 106
  out_pollutantID[250] = 106
  out_pollutantID[251] = 116
  out_pollutantID[252] = 116
  out_pollutantID[253] = 116
  out_pollutantID[254] = 116
  out_pollutantID[255] = 116
  out_pollutantID[256] = 116
  out_pollutantID[257] = 116
  out_pollutantID[258] = 116
  out_pollutantID[259] = 116
  out_pollutantID[260] = 116
  out_pollutantID[261] = 116
  out_pollutantID[262] = 116
  out_pollutantID[263] = 116
  out_pollutantID[264] = 116
  out_pollutantID[265] = 116
  out_pollutantID[266] = 116
  out_pollutantID[267] = 116
  out_pollutantID[268] = 116
  out_pollutantID[269] = 116
  out_pollutantID[270] = 116
  out_pollutantID[271] = 116
  out_pollutantID[272] = 116
  out_pollutantID[273] = 116
  out_pollutantID[274] = 116
  out_pollutantID[275] = 116
  out_pollutantID[276] = 116
  out_pollutantID[277] = 116
  out_pollutantID[278] = 116
  out_pollutantID[279] = 116
  out_pollutantID[280] = 116
  out_pollutantID[281] = 116
  out_pollutantID[282] = 116
  out_pollutantID[283] = 116
  out_pollutantID[284] = 116
  out_pollutantID[285] = 116
  out_pollutantID[286] = 116
  out_pollutantID[287] = 116
  out_pollutantID[288] = 116
  out_pollutantID[289] = 116
  out_pollutantID[290] = 116
  out_pollutantID[291] = 116
  out_pollutantID[292] = 116
  out_pollutantID[293] = 116
  out_pollutantID[294] = 116
  out_pollutantID[295] = 116
  out_pollutantID[296] = 116
  out_pollutantID[297] = 116
  out_pollutantID[298] = 116
  out_pollutantID[299] = 116
  out_pollutantID[300] = 116
  out_pollutantID[301] = 116
  out_pollutantID[302] = 116
  out_pollutantID[303] = 116
  out_pollutantID[304] = 116
  out_pollutantID[305] = 116
  out_pollutantID[306] = 116
  out_pollutantID[307] = 116
  out_pollutantID[308] = 116
  out_pollutantID[309] = 116
  out_pollutantID[310] = 116
  out_pollutantID[311] = 116
  out_pollutantID[312] = 116
  out_pollutantID[313] = 116
  out_pollutantID[314] = 116
  out_pollutantID[315] = 116
  out_pollutantID[316] = 116
  out_pollutantID[317] = 116
  out_pollutantID[318] = 116
  out_pollutantID[319] = 116
  out_pollutantID[320] = 116
  out_pollutantID[321] = 116
  out_pollutantID[322] = 116
  out_pollutantID[323] = 116
  out_pollutantID[324] = 116
  out_pollutantID[325] = 116
  out_pollutantID[326] = 116
  out_pollutantID[327] = 116
  out_pollutantID[328] = 116
  out_pollutantID[329] = 116
  out_pollutantID[330] = 116
  out_pollutantID[331] = 116
  out_pollutantID[332] = 116
  out_pollutantID[333] = 116
  out_pollutantID[334] = 116
  out_pollutantID[335] = 116
  out_pollutantID[336] = 116
  out_pollutantID[337] = 116
  out_pollutantID[338] = 116
  out_pollutantID[339] = 116
  out_pollutantID[340] = 116
  out_pollutantID[341] = 116
  out_pollutantID[342] = 116
  out_pollutantID[343] = 116
  out_pollutantID[344] = 116
  out_pollutantID[345] = 116
  out_pollutantID[346] = 116
  out_pollutantID[347] = 116
  out_pollutantID[348] = 116
  out_pollutantID[349] = 116
  out_pollutantID[350] = 116
  out_pollutantID[351] = 116
  out_pollutantID[352] = 116
  out_pollutantID[353] = 116
  out_pollutantID[354] = 116
  out_pollutantID[355] = 116
  out_pollutantID[356] = 116
  out_pollutantID[357] = 116
  out_pollutantID[358] = 116
  out_pollutantID[359] = 116
  out_pollutantID[360] = 116
  out_pollutantID[361] = 116
  out_pollutantID[362] = 116
  out_pollutantID[363] = 116
  out_pollutantID[364] = 116
  out_pollutantID[365] = 116
  out_pollutantID[366] = 116
  out_pollutantID[367] = 116
  out_pollutantID[368] = 116
  out_pollutantID[369] = 116
  out_pollutantID[370] = 116
  out_pollutantID[371] = 116
  out_pollutantID[372] = 116
  out_pollutantID[373] = 116
  out_pollutantID[374] = 116
  out_pollutantID[375] = 116
  out_processID[1] = 1
  out_processID[2] = 1
  out_processID[3] = 1
  out_processID[4] = 1
  out_processID[5] = 1
  out_processID[6] = 1
  out_processID[7] = 1
  out_processID[8] = 1
  out_processID[9] = 1
  out_processID[10] = 1
  out_processID[11] = 1
  out_processID[12] = 1
  out_processID[13] = 1
  out_processID[14] = 1
  out_processID[15] = 1
  out_processID[16] = 1
  out_processID[17] = 1
  out_processID[18] = 1
  out_processID[19] = 1
  out_processID[20] = 1
  out_processID[21] = 1
  out_processID[22] = 1
  out_processID[23] = 1
  out_processID[24] = 1
  out_processID[25] = 1
  out_processID[26] = 1
  out_processID[27] = 1
  out_processID[28] = 1
  out_processID[29] = 1
  out_processID[30] = 1
  out_processID[31] = 1
  out_processID[32] = 1
  out_processID[33] = 1
  out_processID[34] = 1
  out_processID[35] = 1
  out_processID[36] = 1
  out_processID[37] = 1
  out_processID[38] = 1
  out_processID[39] = 1
  out_processID[40] = 1
  out_processID[41] = 1
  out_processID[42] = 1
  out_processID[43] = 1
  out_processID[44] = 1
  out_processID[45] = 1
  out_processID[46] = 1
  out_processID[47] = 1
  out_processID[48] = 1
  out_processID[49] = 1
  out_processID[50] = 1
  out_processID[51] = 1
  out_processID[52] = 1
  out_processID[53] = 1
  out_processID[54] = 1
  out_processID[55] = 1
  out_processID[56] = 1
  out_processID[57] = 1
  out_processID[58] = 1
  out_processID[59] = 1
  out_processID[60] = 1
  out_processID[61] = 1
  out_processID[62] = 1
  out_processID[63] = 1
  out_processID[64] = 1
  out_processID[65] = 1
  out_processID[66] = 1
  out_processID[67] = 1
  out_processID[68] = 1
  out_processID[69] = 1
  out_processID[70] = 1
  out_processID[71] = 1
  out_processID[72] = 1
  out_processID[73] = 1
  out_processID[74] = 1
  out_processID[75] = 1
  out_processID[76] = 1
  out_processID[77] = 1
  out_processID[78] = 1
  out_processID[79] = 1
  out_processID[80] = 1
  out_processID[81] = 1
  out_processID[82] = 1
  out_processID[83] = 1
  out_processID[84] = 1
  out_processID[85] = 1
  out_processID[86] = 1
  out_processID[87] = 1
  out_processID[88] = 1
  out_processID[89] = 1
  out_processID[90] = 1
  out_processID[91] = 1
  out_processID[92] = 1
  out_processID[93] = 1
  out_processID[94] = 1
  out_processID[95] = 1
  out_processID[96] = 1
  out_processID[97] = 1
  out_processID[98] = 1
  out_processID[99] = 1
  out_processID[100] = 1
  out_processID[101] = 1
  out_processID[102] = 1
  out_processID[103] = 1
  out_processID[104] = 1
  out_processID[105] = 1
  out_processID[106] = 1
  out_processID[107] = 1
  out_processID[108] = 1
  out_processID[109] = 1
  out_processID[110] = 1
  out_processID[111] = 1
  out_processID[112] = 1
  out_processID[113] = 1
  out_processID[114] = 1
  out_processID[115] = 1
  out_processID[116] = 1
  out_processID[117] = 1
  out_processID[118] = 1
  out_processID[119] = 1
  out_processID[120] = 1
  out_processID[121] = 1
  out_processID[122] = 1
  out_processID[123] = 1
  out_processID[124] = 1
  out_processID[125] = 1
  out_processID[126] = 9
  out_processID[127] = 9
  out_processID[128] = 9
  out_processID[129] = 9
  out_processID[130] = 9
  out_processID[131] = 9
  out_processID[132] = 9
  out_processID[133] = 9
  out_processID[134] = 9
  out_processID[135] = 9
  out_processID[136] = 9
  out_processID[137] = 9
  out_processID[138] = 9
  out_processID[139] = 9
  out_processID[140] = 9
  out_processID[141] = 9
  out_processID[142] = 9
  out_processID[143] = 9
  out_processID[144] = 9
  out_processID[145] = 9
  out_processID[146] = 9
  out_processID[147] = 9
  out_processID[148] = 9
  out_processID[149] = 9
  out_processID[150] = 9
  out_processID[151] = 9
  out_processID[152] = 9
  out_processID[153] = 9
  out_processID[154] = 9
  out_processID[155] = 9
  out_processID[156] = 9
  out_processID[157] = 9
  out_processID[158] = 9
  out_processID[159] = 9
  out_processID[160] = 9
  out_processID[161] = 9
  out_processID[162] = 9
  out_processID[163] = 9
  out_processID[164] = 9
  out_processID[165] = 9
  out_processID[166] = 9
  out_processID[167] = 9
  out_processID[168] = 9
  out_processID[169] = 9
  out_processID[170] = 9
  out_processID[171] = 9
  out_processID[172] = 9
  out_processID[173] = 9
  out_processID[174] = 9
  out_processID[175] = 9
  out_processID[176] = 9
  out_processID[177] = 9
  out_processID[178] = 9
  out_processID[179] = 9
  out_processID[180] = 9
  out_processID[181] = 9
  out_processID[182] = 9
  out_processID[183] = 9
  out_processID[184] = 9
  out_processID[185] = 9
  out_processID[186] = 9
  out_processID[187] = 9
  out_processID[188] = 9
  out_processID[189] = 9
  out_processID[190] = 9
  out_processID[191] = 9
  out_processID[192] = 9
  out_processID[193] = 9
  out_processID[194] = 9
  out_processID[195] = 9
  out_processID[196] = 9
  out_processID[197] = 9
  out_processID[198] = 9
  out_processID[199] = 9
  out_processID[200] = 9
  out_processID[201] = 9
  out_processID[202] = 9
  out_processID[203] = 9
  out_processID[204] = 9
  out_processID[205] = 9
  out_processID[206] = 9
  out_processID[207] = 9
  out_processID[208] = 9
  out_processID[209] = 9
  out_processID[210] = 9
  out_processID[211] = 9
  out_processID[212] = 9
  out_processID[213] = 9
  out_processID[214] = 9
  out_processID[215] = 9
  out_processID[216] = 9
  out_processID[217] = 9
  out_processID[218] = 9
  out_processID[219] = 9
  out_processID[220] = 9
  out_processID[221] = 9
  out_processID[222] = 9
  out_processID[223] = 9
  out_processID[224] = 9
  out_processID[225] = 9
  out_processID[226] = 9
  out_processID[227] = 9
  out_processID[228] = 9
  out_processID[229] = 9
  out_processID[230] = 9
  out_processID[231] = 9
  out_processID[232] = 9
  out_processID[233] = 9
  out_processID[234] = 9
  out_processID[235] = 9
  out_processID[236] = 9
  out_processID[237] = 9
  out_processID[238] = 9
  out_processID[239] = 9
  out_processID[240] = 9
  out_processID[241] = 9
  out_processID[242] = 9
  out_processID[243] = 9
  out_processID[244] = 9
  out_processID[245] = 9
  out_processID[246] = 9
  out_processID[247] = 9
  out_processID[248] = 9
  out_processID[249] = 9
  out_processID[250] = 9
  out_processID[251] = 9
  out_processID[252] = 9
  out_processID[253] = 9
  out_processID[254] = 9
  out_processID[255] = 9
  out_processID[256] = 9
  out_processID[257] = 9
  out_processID[258] = 9
  out_processID[259] = 9
  out_processID[260] = 9
  out_processID[261] = 9
  out_processID[262] = 9
  out_processID[263] = 9
  out_processID[264] = 9
  out_processID[265] = 9
  out_processID[266] = 9
  out_processID[267] = 9
  out_processID[268] = 9
  out_processID[269] = 9
  out_processID[270] = 9
  out_processID[271] = 9
  out_processID[272] = 9
  out_processID[273] = 9
  out_processID[274] = 9
  out_processID[275] = 9
  out_processID[276] = 9
  out_processID[277] = 9
  out_processID[278] = 9
  out_processID[279] = 9
  out_processID[280] = 9
  out_processID[281] = 9
  out_processID[282] = 9
  out_processID[283] = 9
  out_processID[284] = 9
  out_processID[285] = 9
  out_processID[286] = 9
  out_processID[287] = 9
  out_processID[288] = 9
  out_processID[289] = 9
  out_processID[290] = 9
  out_processID[291] = 9
  out_processID[292] = 9
  out_processID[293] = 9
  out_processID[294] = 9
  out_processID[295] = 9
  out_processID[296] = 9
  out_processID[297] = 9
  out_processID[298] = 9
  out_processID[299] = 9
  out_processID[300] = 9
  out_processID[301] = 9
  out_processID[302] = 9
  out_processID[303] = 9
  out_processID[304] = 9
  out_processID[305] = 9
  out_processID[306] = 9
  out_processID[307] = 9
  out_processID[308] = 9
  out_processID[309] = 9
  out_processID[310] = 9
  out_processID[311] = 9
  out_processID[312] = 9
  out_processID[313] = 9
  out_processID[314] = 9
  out_processID[315] = 9
  out_processID[316] = 9
  out_processID[317] = 9
  out_processID[318] = 9
  out_processID[319] = 9
  out_processID[320] = 9
  out_processID[321] = 9
  out_processID[322] = 9
  out_processID[323] = 9
  out_processID[324] = 9
  out_processID[325] = 9
  out_processID[326] = 9
  out_processID[327] = 9
  out_processID[328] = 9
  out_processID[329] = 9
  out_processID[330] = 9
  out_processID[331] = 9
  out_processID[332] = 9
  out_processID[333] = 9
  out_processID[334] = 9
  out_processID[335] = 9
  out_processID[336] = 9
  out_processID[337] = 9
  out_processID[338] = 9
  out_processID[339] = 9
  out_processID[340] = 9
  out_processID[341] = 9
  out_processID[342] = 9
  out_processID[343] = 9
  out_processID[344] = 9
  out_processID[345] = 9
  out_processID[346] = 9
  out_processID[347] = 9
  out_processID[348] = 9
  out_processID[349] = 9
  out_processID[350] = 9
  out_processID[351] = 9
  out_processID[352] = 9
  out_processID[353] = 9
  out_processID[354] = 9
  out_processID[355] = 9
  out_processID[356] = 9
  out_processID[357] = 9
  out_processID[358] = 9
  out_processID[359] = 9
  out_processID[360] = 9
  out_processID[361] = 9
  out_processID[362] = 9
  out_processID[363] = 9
  out_processID[364] = 9
  out_processID[365] = 9
  out_processID[366] = 9
  out_processID[367] = 9
  out_processID[368] = 9
  out_processID[369] = 9
  out_processID[370] = 9
  out_processID[371] = 9
  out_processID[372] = 9
  out_processID[373] = 9
  out_processID[374] = 9
  out_processID[375] = 9
  out_meanBaseRate[1] = 176680.55526167256
  out_meanBaseRate[2] = 180787.56476626176
  out_meanBaseRate[3] = 181153.12012038578
  out_meanBaseRate[4] = 190552.2140880223
  out_meanBaseRate[5] = 194128.76917705982
  out_meanBaseRate[6] = 204111.09054931568
  out_meanBaseRate[7] = 213459.93236447632
  out_meanBaseRate[8] = 219337.13881563026
  out_meanBaseRate[9] = 226799.18774338448
  out_meanBaseRate[10] = 247430.93154743573
  out_meanBaseRate[11] = 246533.96228619723
  out_meanBaseRate[12] = 243261.48273856725
  out_meanBaseRate[13] = 247975.4093824673
  out_meanBaseRate[14] = 252969.145929824
  out_meanBaseRate[15] = 251320.3589805774
  out_meanBaseRate[16] = 251906.9066390769
  out_meanBaseRate[17] = 252365.8571659795
  out_meanBaseRate[18] = 252135.04003918517
  out_meanBaseRate[19] = 251517.5318753453
  out_meanBaseRate[20] = 252276.5487490785
  out_meanBaseRate[21] = 245176.01087625307
  out_meanBaseRate[22] = 245531.9495421404
  out_meanBaseRate[23] = 243412.89160479966
  out_meanBaseRate[24] = 242633.99587394297
  out_meanBaseRate[25] = 246193.35885715004
  out_meanBaseRate[26] = 243250.31164883616
  out_meanBaseRate[27] = 245183.6129474208
  out_meanBaseRate[28] = 241757.13013380032
  out_meanBaseRate[29] = 245343.88360079002
  out_meanBaseRate[30] = 238570.76871926247
  out_meanBaseRate[31] = 250595.40133758463
  out_meanBaseRate[32] = 249808.42584722955
  out_meanBaseRate[33] = 247659.03872273266
  out_meanBaseRate[34] = 244883.40261890052
  out_meanBaseRate[35] = 248550.5790432846
  out_meanBaseRate[36] = 274630.1991640182
  out_meanBaseRate[37] = 274064.5144000546
  out_meanBaseRate[38] = 270621.7765895322
  out_meanBaseRate[39] = 256512.49808512066
  out_meanBaseRate[40] = 314922.0051422512
  out_meanBaseRate[41] = 333650.7858159108
  out_meanBaseRate[42] = 14.27115131415233
  out_meanBaseRate[43] = 158.99004076811866
  out_meanBaseRate[44] = 173.85217864252905
  out_meanBaseRate[45] = 166.24384675851078
  out_meanBaseRate[46] = 2067.739931963591
  out_meanBaseRate[47] = 2818.3368142073477
  out_meanBaseRate[48] = 2924.8112468335366
  out_meanBaseRate[49] = 2813.2069727116564
  out_meanBaseRate[50] = 3310.5289998712005
  out_meanBaseRate[51] = 2970.066026042266
  out_meanBaseRate[52] = 2147.308988680662
  out_meanBaseRate[53] = 192.5745496795816
  out_meanBaseRate[54] = 129.78519124350032
  out_meanBaseRate[55] = 1923.1798161208849
  out_meanBaseRate[56] = 1359.1520297477189
  out_meanBaseRate[57] = 936.0322347896996
  out_meanBaseRate[58] = 1151.4508631842614
  out_meanBaseRate[59] = 1283.2137137892532
  out_meanBaseRate[60] = 928.1642047371505
  out_meanBaseRate[61] = 855.6013447959389
  out_meanBaseRate[62] = 520.237586356649
  out_meanBaseRate[63] = 611.272803815805
  out_meanBaseRate[64] = 251.2723745653093
  out_meanBaseRate[65] = 344.27169863857245
  out_meanBaseRate[66] = 261.0346089251732
  out_meanBaseRate[67] = 41.56689308191441
  out_meanBaseRate[68] = 191.55116258929615
  out_meanBaseRate[69] = 322.6923651631886
  out_meanBaseRate[70] = 781.8313409942816
  out_meanBaseRate[71] = 294.65142659371156
  out_meanBaseRate[72] = 252.17274388091266
  out_meanBaseRate[73] = 71.99632424851681
  out_meanBaseRate[74] = 3535.4015659976944
  out_meanBaseRate[75] = 2459.6768784108726
  out_meanBaseRate[76] = 4827.660269783985
  out_meanBaseRate[77] = 6750.113366547039
  out_meanBaseRate[78] = 13188.97196813239
  out_meanBaseRate[79] = 20354.88923622591
  out_meanBaseRate[80] = 16836.716891555163
  out_meanBaseRate[81] = 11470.224313494939
  out_meanBaseRate[82] = 58.91847702014177
  out_meanBaseRate[83] = 94.95540985887223
  out_meanBaseRate[84] = 80.44910339666353
  out_meanBaseRate[85] = 54.22373909282796
  out_meanBaseRate[86] = 106.87312168398331
  out_meanBaseRate[87] = 118.5429018223025
  out_meanBaseRate[88] = 159.38479210813884
  out_meanBaseRate[89] = 183.9292928338231
  out_meanBaseRate[90] = 196.08559358136992
  out_meanBaseRate[91] = 381.56235508965693
  out_meanBaseRate[92] = 239.2312427145727
  out_meanBaseRate[93] = 199.71358882659598
  out_meanBaseRate[94] = 228.40027515793633
  out_meanBaseRate[95] = 137.0476018683239
  out_meanBaseRate[96] = 160.78465523824514
  out_meanBaseRate[97] = 62.780875305646354
  out_meanBaseRate[98] = 43.07007332830338
  out_meanBaseRate[99] = 64.29179558922188
  out_meanBaseRate[100] = 35.814071782525026
  out_meanBaseRate[101] = 42.530277306992076
  out_meanBaseRate[102] = 54.84007775270962
  out_meanBaseRate[103] = 74.49046867687527
  out_meanBaseRate[104] = 39.31315371508481
  out_meanBaseRate[105] = 2512.2117826650597
  out_meanBaseRate[106] = 1949.464006145678
  out_meanBaseRate[107] = 2217.5617204131904
  out_meanBaseRate[108] = 786.9557838479054
  out_meanBaseRate[109] = 517.5818325526095
  out_meanBaseRate[110] = 511.7075592534801
  out_meanBaseRate[111] = 312.0529565517735
  out_meanBaseRate[112] = 373.13389152912623
  out_meanBaseRate[113] = 140.94116617575477
  out_meanBaseRate[114] = 114.96502651451819
  out_meanBaseRate[115] = 12.539682791955936
  out_meanBaseRate[116] = 11.163410056082133
  out_meanBaseRate[117] = 20.275622568597168
  out_meanBaseRate[118] = 10.898120220868291
  out_meanBaseRate[119] = 7.252674786074628
  out_meanBaseRate[120] = 13.807355721380162
  out_meanBaseRate[121] = 1.2692705468555276
  out_meanBaseRate[122] = 4.28614592689489
  out_meanBaseRate[123] = 130.3726312963274
  out_meanBaseRate[124] = 24.554815029044573
  out_meanBaseRate[125] = 19.16145282648054
  out_meanBaseRate[126] = 0
  out_meanBaseRate[127] = 0
  out_meanBaseRate[128] = 0
  out_meanBaseRate[129] = 0
  out_meanBaseRate[130] = 0
  out_meanBaseRate[131] = 0
  out_meanBaseRate[132] = 0
  out_meanBaseRate[133] = 0
  out_meanBaseRate[134] = 0
  out_meanBaseRate[135] = 0
  out_meanBaseRate[136] = 0
  out_meanBaseRate[137] = 0
  out_meanBaseRate[138] = 0
  out_meanBaseRate[139] = 0
  out_meanBaseRate[140] = 0
  out_meanBaseRate[141] = 0
  out_meanBaseRate[142] = 0
  out_meanBaseRate[143] = 0
  out_meanBaseRate[144] = 0
  out_meanBaseRate[145] = 0
  out_meanBaseRate[146] = 0
  out_meanBaseRate[147] = 0
  out_meanBaseRate[148] = 0
  out_meanBaseRate[149] = 0
  out_meanBaseRate[150] = 0
  out_meanBaseRate[151] = 0
  out_meanBaseRate[152] = 0
  out_meanBaseRate[153] = 0
  out_meanBaseRate[154] = 0
  out_meanBaseRate[155] = 0
  out_meanBaseRate[156] = 0
  out_meanBaseRate[157] = 0
  out_meanBaseRate[158] = 0
  out_meanBaseRate[159] = 0
  out_meanBaseRate[160] = 0
  out_meanBaseRate[161] = 0
  out_meanBaseRate[162] = 0
  out_meanBaseRate[163] = 0
  out_meanBaseRate[164] = 0
  out_meanBaseRate[165] = 0
  out_meanBaseRate[166] = 0
  out_meanBaseRate[167] = 0
  out_meanBaseRate[168] = 0
  out_meanBaseRate[169] = 0
  out_meanBaseRate[170] = 0
  out_meanBaseRate[171] = 0
  out_meanBaseRate[172] = 0
  out_meanBaseRate[173] = 0
  out_meanBaseRate[174] = 0
  out_meanBaseRate[175] = 0
  out_meanBaseRate[176] = 0
  out_meanBaseRate[177] = 0
  out_meanBaseRate[178] = 0
  out_meanBaseRate[179] = 0
  out_meanBaseRate[180] = 0
  out_meanBaseRate[181] = 0
  out_meanBaseRate[182] = 0
  out_meanBaseRate[183] = 0
  out_meanBaseRate[184] = 0
  out_meanBaseRate[185] = 0
  out_meanBaseRate[186] = 0
  out_meanBaseRate[187] = 0
  out_meanBaseRate[188] = 0
  out_meanBaseRate[189] = 0
  out_meanBaseRate[190] = 0
  out_meanBaseRate[191] = 0
  out_meanBaseRate[192] = 0
  out_meanBaseRate[193] = 0
  out_meanBaseRate[194] = 0
  out_meanBaseRate[195] = 0
  out_meanBaseRate[196] = 0
  out_meanBaseRate[197] = 0
  out_meanBaseRate[198] = 0
  out_meanBaseRate[199] = 0
  out_meanBaseRate[200] = 0
  out_meanBaseRate[201] = 0
  out_meanBaseRate[202] = 0
  out_meanBaseRate[203] = 0
  out_meanBaseRate[204] = 0
  out_meanBaseRate[205] = 0
  out_meanBaseRate[206] = 0
  out_meanBaseRate[207] = 0
  out_meanBaseRate[208] = 0
  out_meanBaseRate[209] = 0
  out_meanBaseRate[210] = 0
  out_meanBaseRate[211] = 0
  out_meanBaseRate[212] = 0
  out_meanBaseRate[213] = 0
  out_meanBaseRate[214] = 0
  out_meanBaseRate[215] = 0
  out_meanBaseRate[216] = 0
  out_meanBaseRate[217] = 0
  out_meanBaseRate[218] = 0
  out_meanBaseRate[219] = 0
  out_meanBaseRate[220] = 0
  out_meanBaseRate[221] = 0
  out_meanBaseRate[222] = 0
  out_meanBaseRate[223] = 0
  out_meanBaseRate[224] = 0
  out_meanBaseRate[225] = 0
  out_meanBaseRate[226] = 0
  out_meanBaseRate[227] = 0
  out_meanBaseRate[228] = 0
  out_meanBaseRate[229] = 0
  out_meanBaseRate[230] = 0
  out_meanBaseRate[231] = 0
  out_meanBaseRate[232] = 0
  out_meanBaseRate[233] = 0
  out_meanBaseRate[234] = 0
  out_meanBaseRate[235] = 0
  out_meanBaseRate[236] = 0
  out_meanBaseRate[237] = 0
  out_meanBaseRate[238] = 0
  out_meanBaseRate[239] = 0
  out_meanBaseRate[240] = 0
  out_meanBaseRate[241] = 0
  out_meanBaseRate[242] = 0
  out_meanBaseRate[243] = 0
  out_meanBaseRate[244] = 0
  out_meanBaseRate[245] = 0
  out_meanBaseRate[246] = 0
  out_meanBaseRate[247] = 0
  out_meanBaseRate[248] = 0
  out_meanBaseRate[249] = 0
  out_meanBaseRate[250] = 0
  out_meanBaseRate[251] = 0.043284989249038675
  out_meanBaseRate[252] = 0.043691167287988525
  out_meanBaseRate[253] = 0.043459821036944526
  out_meanBaseRate[254] = 0.04452714623644843
  out_meanBaseRate[255] = 0.04471780267947223
  out_meanBaseRate[256] = 0.044298229172065766
  out_meanBaseRate[257] = 0.04429904224435574
  out_meanBaseRate[258] = 0.044244363209393435
  out_meanBaseRate[259] = 0.04445532919299225
  out_meanBaseRate[260] = 0.044481946972051545
  out_meanBaseRate[261] = 0.06221943578606269
  out_meanBaseRate[262] = 0.062407265949277105
  out_meanBaseRate[263] = 0.06283837264783136
  out_meanBaseRate[264] = 0.06288586862001642
  out_meanBaseRate[265] = 0.06247599492142126
  out_meanBaseRate[266] = 0.06262180542671508
  out_meanBaseRate[267] = 0.06273589642556714
  out_meanBaseRate[268] = 0.06267851735090771
  out_meanBaseRate[269] = 0.06252501034071369
  out_meanBaseRate[270] = 0.06271369515137122
  out_meanBaseRate[271] = 0.06273232173762544
  out_meanBaseRate[272] = 0.0628233945094986
  out_meanBaseRate[273] = 0.0628116115973524
  out_meanBaseRate[274] = 0.06290360656988261
  out_meanBaseRate[275] = 0.06288246206508831
  out_meanBaseRate[276] = 0.06290138700954406
  out_meanBaseRate[277] = 0.06295128561059399
  out_meanBaseRate[278] = 0.06291718489924718
  out_meanBaseRate[279] = 0.06288736838375973
  out_meanBaseRate[280] = 0.06278297766509107
  out_meanBaseRate[281] = 0.06289374382536564
  out_meanBaseRate[282] = 0.06290340186018714
  out_meanBaseRate[283] = 0.06294436711672749
  out_meanBaseRate[284] = 0.06215692065441696
  out_meanBaseRate[285] = 0.06240149948378682
  out_meanBaseRate[286] = 0.06083586901807774
  out_meanBaseRate[287] = 0.06016818725592964
  out_meanBaseRate[288] = 0.05809283161827562
  out_meanBaseRate[289] = 0.05624144920318477
  out_meanBaseRate[290] = 0.05815042743513099
  out_meanBaseRate[291] = 0.06002231385384667
  out_meanBaseRate[292] = 0.0000036174228593811567
  out_meanBaseRate[293] = 0.000040006223096241624
  out_meanBaseRate[294] = 0.00004260950673547452
  out_meanBaseRate[295] = 0.0000401653767915874
  out_meanBaseRate[296] = 0.00047068509494454705
  out_meanBaseRate[297] = 0.0006134594648621743
  out_meanBaseRate[298] = 0.0006188126047878287
  out_meanBaseRate[299] = 0.0005783608376278789
  out_meanBaseRate[300] = 0.0005402072003648412
  out_meanBaseRate[301] = 0.0006679327575849277
  out_meanBaseRate[302] = 0.0004906695270107169
  out_meanBaseRate[303] = 0.00004347976293928953
  out_meanBaseRate[304] = 0.00002950821014908654
  out_meanBaseRate[305] = 0.0004372578537261949
  out_meanBaseRate[306] = 0.00030901941380281895
  out_meanBaseRate[307] = 0.0002128180852210812
  out_meanBaseRate[308] = 0.00026179607797811736
  out_meanBaseRate[309] = 0.00029175393255491606
  out_meanBaseRate[310] = 0.00021102919480896668
  out_meanBaseRate[311] = 0.00019453116371891165
  out_meanBaseRate[312] = 0.00011828221601079128
  out_meanBaseRate[313] = 0.00013898015775602943
  out_meanBaseRate[314] = 0.0000571297692925691
  out_meanBaseRate[315] = 0.0000782742740868654
  out_meanBaseRate[316] = 0.00005934932963112142
  out_meanBaseRate[317] = 0.00000945072858123302
  out_meanBaseRate[318] = 0.00004355143992801155
  out_meanBaseRate[319] = 0.00007336795541546817
  out_meanBaseRate[320] = 0.00017775867408414189
  out_meanBaseRate[321] = 0.0000669925138095508
  out_meanBaseRate[322] = 0.000057334478988044056
  out_meanBaseRate[323] = 0.000016369222447737495
  out_meanBaseRate[324] = 0.0008038156847582113
  out_meanBaseRate[325] = 0.0005592368553883999
  out_meanBaseRate[326] = 0.002124867321097414
  out_meanBaseRate[327] = 0.0027925490832455694
  out_meanBaseRate[328] = 0.004867904720899563
  out_meanBaseRate[329] = 0.006719287135990421
  out_meanBaseRate[330] = 0.004810308904044176
  out_meanBaseRate[331] = 0.002938422485328528
  out_meanBaseRate[332] = 0.000014434444359819171
  out_meanBaseRate[333] = 0.000022947998123694663
  out_meanBaseRate[334] = 0.000019300267275982693
  out_meanBaseRate[335] = 0.000012670691713705683
  out_meanBaseRate[336] = 0.00002461835609149033
  out_meanBaseRate[337] = 0.000025727365512151266
  out_meanBaseRate[338] = 0.000033076903756582056
  out_meanBaseRate[339] = 0.00003710194489145328
  out_meanBaseRate[340] = 0.00003843510066943507
  out_meanBaseRate[341] = 0.00006859545142348279
  out_meanBaseRate[342] = 0.00006037639928416751
  out_meanBaseRate[343] = 0.000051235316463891394
  out_meanBaseRate[344] = 0.00005787792281090747
  out_meanBaseRate[345] = 0.00003406880888221264
  out_meanBaseRate[346] = 0.000039969628186323675
  out_meanBaseRate[347] = 0.000015606764460578643
  out_meanBaseRate[348] = 0.000010706835265710713
  out_meanBaseRate[349] = 0.000015982365738351097
  out_meanBaseRate[350] = 0.000008903058136143161
  out_meanBaseRate[351] = 0.000010572646799552051
  out_meanBaseRate[352] = 0.000014031737401240935
  out_meanBaseRate[353] = 0.000019059613665803616
  out_meanBaseRate[354] = 0.00001014458406676365
  out_meanBaseRate[355] = 0.0005365359382830542
  out_meanBaseRate[356] = 0.000416349253237248
  out_meanBaseRate[357] = 0.0004736071881249932
  out_meanBaseRate[358] = 0.0001680710451195293
  out_meanBaseRate[359] = 0.0001105405428328498
  out_meanBaseRate[360] = 0.00010928596757847536
  out_meanBaseRate[361] = 0.00006664550616026993
  out_meanBaseRate[362] = 0.00007969063117139227
  out_meanBaseRate[363] = 0.000030100965754008045
  out_meanBaseRate[364] = 0.00002455321195304142
  out_meanBaseRate[365] = 0.000012991396243402532
  out_meanBaseRate[366] = 0.000011565546423485407
  out_meanBaseRate[367] = 0.000021006005593641847
  out_meanBaseRate[368] = 0.000011290700127467386
  out_meanBaseRate[369] = 0.0000075139358414132115
  out_meanBaseRate[370] = 0.000014304734196715794
  out_meanBaseRate[371] = 0.0000013149931212660552
  out_meanBaseRate[372] = 0.0000044405445510198515
  out_meanBaseRate[373] = 0.0001350690077704449
  out_meanBaseRate[374] = 0.000025439346195456347
  out_meanBaseRate[375] = 0.000019851700429596393
  out_adjustedMeanBaseRate[1] = 176680.55526167256
  out_adjustedMeanBaseRate[2] = 180787.56476626176
  out_adjustedMeanBaseRate[3] = 181153.12012038578
  out_adjustedMeanBaseRate[4] = 190552.2140880223
  out_adjustedMeanBaseRate[5] = 194128.76917705982
  out_adjustedMeanBaseRate[6] = 204111.09054931568
  out_adjustedMeanBaseRate[7] = 213459.93236447632
  out_adjustedMeanBaseRate[8] = 219337.13881563026
  out_adjustedMeanBaseRate[9] = 226799.18774338448
  out_adjustedMeanBaseRate[10] = 247430.93154743573
  out_adjustedMeanBaseRate[11] = 246533.96228619723
  out_adjustedMeanBaseRate[12] = 243261.48273856725
  out_adjustedMeanBaseRate[13] = 247975.4093824673
  out_adjustedMeanBaseRate[14] = 252969.145929824
  out_adjustedMeanBaseRate[15] = 251320.3589805774
  out_adjustedMeanBaseRate[16] = 251906.9066390769
  out_adjustedMeanBaseRate[17] = 252365.8571659795
  out_adjustedMeanBaseRate[18] = 252135.04003918517
  out_adjustedMeanBaseRate[19] = 251517.5318753453
  out_adjustedMeanBaseRate[20] = 252276.5487490785
  out_adjustedMeanBaseRate[21] = 245176.01087625307
  out_adjustedMeanBaseRate[22] = 245531.9495421404
  out_adjustedMeanBaseRate[23] = 243412.89160479966
  out_adjustedMeanBaseRate[24] = 242633.99587394297
  out_adjustedMeanBaseRate[25] = 246193.35885715004
  out_adjustedMeanBaseRate[26] = 243250.31164883616
  out_adjustedMeanBaseRate[27] = 245183.6129474208
  out_adjustedMeanBaseRate[28] = 241757.13013380032
  out_adjustedMeanBaseRate[29] = 245343.88360079002
  out_adjustedMeanBaseRate[30] = 238570.76871926247
  out_adjustedMeanBaseRate[31] = 250595.40133758463
  out_adjustedMeanBaseRate[32] = 249808.42584722955
  out_adjustedMeanBaseRate[33] = 247659.03872273266
  out_adjustedMeanBaseRate[34] = 244883.40261890052
  out_adjustedMeanBaseRate[35] = 248550.5790432846
  out_adjustedMeanBaseRate[36] = 274630.1991640182
  out_adjustedMeanBaseRate[37] = 274064.5144000546
  out_adjustedMeanBaseRate[38] = 270621.7765895322
  out_adjustedMeanBaseRate[39] = 256512.49808512066
  out_adjustedMeanBaseRate[40] = 314922.0051422512
  out_adjustedMeanBaseRate[41] = 333650.7858159108
  out_adjustedMeanBaseRate[42] = 14.27115131415233
  out_adjustedMeanBaseRate[43] = 158.99004076811866
  out_adjustedMeanBaseRate[44] = 173.85217864252905
  out_adjustedMeanBaseRate[45] = 166.24384675851078
  out_adjustedMeanBaseRate[46] = 2067.739931963591
  out_adjustedMeanBaseRate[47] = 2818.3368142073477
  out_adjustedMeanBaseRate[48] = 2924.8112468335366
  out_adjustedMeanBaseRate[49] = 2813.2069727116564
  out_adjustedMeanBaseRate[50] = 3310.5289998712005
  out_adjustedMeanBaseRate[51] = 2970.066026042266
  out_adjustedMeanBaseRate[52] = 2147.308988680662
  out_adjustedMeanBaseRate[53] = 192.5745496795816
  out_adjustedMeanBaseRate[54] = 129.78519124350032
  out_adjustedMeanBaseRate[55] = 1923.1798161208849
  out_adjustedMeanBaseRate[56] = 1359.1520297477189
  out_adjustedMeanBaseRate[57] = 936.0322347896996
  out_adjustedMeanBaseRate[58] = 1151.4508631842614
  out_adjustedMeanBaseRate[59] = 1283.2137137892532
  out_adjustedMeanBaseRate[60] = 928.1642047371505
  out_adjustedMeanBaseRate[61] = 855.6013447959389
  out_adjustedMeanBaseRate[62] = 520.237586356649
  out_adjustedMeanBaseRate[63] = 611.272803815805
  out_adjustedMeanBaseRate[64] = 251.2723745653093
  out_adjustedMeanBaseRate[65] = 344.27169863857245
  out_adjustedMeanBaseRate[66] = 261.0346089251732
  out_adjustedMeanBaseRate[67] = 41.56689308191441
  out_adjustedMeanBaseRate[68] = 191.55116258929615
  out_adjustedMeanBaseRate[69] = 322.6923651631886
  out_adjustedMeanBaseRate[70] = 781.8313409942816
  out_adjustedMeanBaseRate[71] = 294.65142659371156
  out_adjustedMeanBaseRate[72] = 252.17274388091266
  out_adjustedMeanBaseRate[73] = 71.99632424851681
  out_adjustedMeanBaseRate[74] = 3535.4015659976944
  out_adjustedMeanBaseRate[75] = 2459.6768784108726
  out_adjustedMeanBaseRate[76] = 4827.660269783985
  out_adjustedMeanBaseRate[77] = 6750.113366547039
  out_adjustedMeanBaseRate[78] = 13188.97196813239
  out_adjustedMeanBaseRate[79] = 20354.88923622591
  out_adjustedMeanBaseRate[80] = 16836.716891555163
  out_adjustedMeanBaseRate[81] = 11470.224313494939
  out_adjustedMeanBaseRate[82] = 58.91847702014177
  out_adjustedMeanBaseRate[83] = 94.95540985887223
  out_adjustedMeanBaseRate[84] = 80.44910339666353
  out_adjustedMeanBaseRate[85] = 54.22373909282796
  out_adjustedMeanBaseRate[86] = 106.87312168398331
  out_adjustedMeanBaseRate[87] = 118.5429018223025
  out_adjustedMeanBaseRate[88] = 159.38479210813884
  out_adjustedMeanBaseRate[89] = 183.9292928338231
  out_adjustedMeanBaseRate[90] = 196.08559358136992
  out_adjustedMeanBaseRate[91] = 381.56235508965693
  out_adjustedMeanBaseRate[92] = 239.2312427145727
  out_adjustedMeanBaseRate[93] = 199.71358882659598
  out_adjustedMeanBaseRate[94] = 228.40027515793633
  out_adjustedMeanBaseRate[95] = 137.0476018683239
  out_adjustedMeanBaseRate[96] = 160.78465523824514
  out_adjustedMeanBaseRate[97] = 62.780875305646354
  out_adjustedMeanBaseRate[98] = 43.07007332830338
  out_adjustedMeanBaseRate[99] = 64.29179558922188
  out_adjustedMeanBaseRate[100] = 35.814071782525026
  out_adjustedMeanBaseRate[101] = 42.530277306992076
  out_adjustedMeanBaseRate[102] = 54.84007775270962
  out_adjustedMeanBaseRate[103] = 74.49046867687527
  out_adjustedMeanBaseRate[104] = 39.31315371508481
  out_adjustedMeanBaseRate[105] = 2857.1837533809644
  out_adjustedMeanBaseRate[106] = 2217.1605613009006
  out_adjustedMeanBaseRate[107] = 2522.072925301956
  out_adjustedMeanBaseRate[108] = 895.0190010868187
  out_adjustedMeanBaseRate[109] = 619.1886919823039
  out_adjustedMeanBaseRate[110] = 612.1612358938702
  out_adjustedMeanBaseRate[111] = 385.584857030653
  out_adjustedMeanBaseRate[112] = 461.05885298567495
  out_adjustedMeanBaseRate[113] = 179.695424679861
  out_adjustedMeanBaseRate[114] = 146.57668744628006
  out_adjustedMeanBaseRate[115] = 16.35756443192688
  out_adjustedMeanBaseRate[116] = 14.562266231289659
  out_adjustedMeanBaseRate[117] = 26.448819165985196
  out_adjustedMeanBaseRate[118] = 14.216205198914146
  out_adjustedMeanBaseRate[119] = 9.460852964568684
  out_adjustedMeanBaseRate[120] = 18.011198097602072
  out_adjustedMeanBaseRate[121] = 1.65571770005658
  out_adjustedMeanBaseRate[122] = 5.59112294362019
  out_adjustedMeanBaseRate[123] = 170.06640055979304
  out_adjustedMeanBaseRate[124] = 32.03087156313886
  out_adjustedMeanBaseRate[125] = 24.995424877856372
  out_adjustedMeanBaseRate[126] = 0
  out_adjustedMeanBaseRate[127] = 0
  out_adjustedMeanBaseRate[128] = 0
  out_adjustedMeanBaseRate[129] = 0
  out_adjustedMeanBaseRate[130] = 0
  out_adjustedMeanBaseRate[131] = 0
  out_adjustedMeanBaseRate[132] = 0
  out_adjustedMeanBaseRate[133] = 0
  out_adjustedMeanBaseRate[134] = 0
  out_adjustedMeanBaseRate[135] = 0
  out_adjustedMeanBaseRate[136] = 0
  out_adjustedMeanBaseRate[137] = 0
  out_adjustedMeanBaseRate[138] = 0
  out_adjustedMeanBaseRate[139] = 0
  out_adjustedMeanBaseRate[140] = 0
  out_adjustedMeanBaseRate[141] = 0
  out_adjustedMeanBaseRate[142] = 0
  out_adjustedMeanBaseRate[143] = 0
  out_adjustedMeanBaseRate[144] = 0
  out_adjustedMeanBaseRate[145] = 0
  out_adjustedMeanBaseRate[146] = 0
  out_adjustedMeanBaseRate[147] = 0
  out_adjustedMeanBaseRate[148] = 0
  out_adjustedMeanBaseRate[149] = 0
  out_adjustedMeanBaseRate[150] = 0
  out_adjustedMeanBaseRate[151] = 0
  out_adjustedMeanBaseRate[152] = 0
  out_adjustedMeanBaseRate[153] = 0
  out_adjustedMeanBaseRate[154] = 0
  out_adjustedMeanBaseRate[155] = 0
  out_adjustedMeanBaseRate[156] = 0
  out_adjustedMeanBaseRate[157] = 0
  out_adjustedMeanBaseRate[158] = 0
  out_adjustedMeanBaseRate[159] = 0
  out_adjustedMeanBaseRate[160] = 0
  out_adjustedMeanBaseRate[161] = 0
  out_adjustedMeanBaseRate[162] = 0
  out_adjustedMeanBaseRate[163] = 0
  out_adjustedMeanBaseRate[164] = 0
  out_adjustedMeanBaseRate[165] = 0
  out_adjustedMeanBaseRate[166] = 0
  out_adjustedMeanBaseRate[167] = 0
  out_adjustedMeanBaseRate[168] = 0
  out_adjustedMeanBaseRate[169] = 0
  out_adjustedMeanBaseRate[170] = 0
  out_adjustedMeanBaseRate[171] = 0
  out_adjustedMeanBaseRate[172] = 0
  out_adjustedMeanBaseRate[173] = 0
  out_adjustedMeanBaseRate[174] = 0
  out_adjustedMeanBaseRate[175] = 0
  out_adjustedMeanBaseRate[176] = 0
  out_adjustedMeanBaseRate[177] = 0
  out_adjustedMeanBaseRate[178] = 0
  out_adjustedMeanBaseRate[179] = 0
  out_adjustedMeanBaseRate[180] = 0
  out_adjustedMeanBaseRate[181] = 0
  out_adjustedMeanBaseRate[182] = 0
  out_adjustedMeanBaseRate[183] = 0
  out_adjustedMeanBaseRate[184] = 0
  out_adjustedMeanBaseRate[185] = 0
  out_adjustedMeanBaseRate[186] = 0
  out_adjustedMeanBaseRate[187] = 0
  out_adjustedMeanBaseRate[188] = 0
  out_adjustedMeanBaseRate[189] = 0
  out_adjustedMeanBaseRate[190] = 0
  out_adjustedMeanBaseRate[191] = 0
  out_adjustedMeanBaseRate[192] = 0
  out_adjustedMeanBaseRate[193] = 0
  out_adjustedMeanBaseRate[194] = 0
  out_adjustedMeanBaseRate[195] = 0
  out_adjustedMeanBaseRate[196] = 0
  out_adjustedMeanBaseRate[197] = 0
  out_adjustedMeanBaseRate[198] = 0
  out_adjustedMeanBaseRate[199] = 0
  out_adjustedMeanBaseRate[200] = 0
  out_adjustedMeanBaseRate[201] = 0
  out_adjustedMeanBaseRate[202] = 0
  out_adjustedMeanBaseRate[203] = 0
  out_adjustedMeanBaseRate[204] = 0
  out_adjustedMeanBaseRate[205] = 0
  out_adjustedMeanBaseRate[206] = 0
  out_adjustedMeanBaseRate[207] = 0
  out_adjustedMeanBaseRate[208] = 0
  out_adjustedMeanBaseRate[209] = 0
  out_adjustedMeanBaseRate[210] = 0
  out_adjustedMeanBaseRate[211] = 0
  out_adjustedMeanBaseRate[212] = 0
  out_adjustedMeanBaseRate[213] = 0
  out_adjustedMeanBaseRate[214] = 0
  out_adjustedMeanBaseRate[215] = 0
  out_adjustedMeanBaseRate[216] = 0
  out_adjustedMeanBaseRate[217] = 0
  out_adjustedMeanBaseRate[218] = 0
  out_adjustedMeanBaseRate[219] = 0
  out_adjustedMeanBaseRate[220] = 0
  out_adjustedMeanBaseRate[221] = 0
  out_adjustedMeanBaseRate[222] = 0
  out_adjustedMeanBaseRate[223] = 0
  out_adjustedMeanBaseRate[224] = 0
  out_adjustedMeanBaseRate[225] = 0
  out_adjustedMeanBaseRate[226] = 0
  out_adjustedMeanBaseRate[227] = 0
  out_adjustedMeanBaseRate[228] = 0
  out_adjustedMeanBaseRate[229] = 0
  out_adjustedMeanBaseRate[230] = 0
  out_adjustedMeanBaseRate[231] = 0
  out_adjustedMeanBaseRate[232] = 0
  out_adjustedMeanBaseRate[233] = 0
  out_adjustedMeanBaseRate[234] = 0
  out_adjustedMeanBaseRate[235] = 0
  out_adjustedMeanBaseRate[236] = 0
  out_adjustedMeanBaseRate[237] = 0
  out_adjustedMeanBaseRate[238] = 0
  out_adjustedMeanBaseRate[239] = 0
  out_adjustedMeanBaseRate[240] = 0
  out_adjustedMeanBaseRate[241] = 0
  out_adjustedMeanBaseRate[242] = 0
  out_adjustedMeanBaseRate[243] = 0
  out_adjustedMeanBaseRate[244] = 0
  out_adjustedMeanBaseRate[245] = 0
  out_adjustedMeanBaseRate[246] = 0
  out_adjustedMeanBaseRate[247] = 0
  out_adjustedMeanBaseRate[248] = 0
  out_adjustedMeanBaseRate[249] = 0
  out_adjustedMeanBaseRate[250] = 0
  out_adjustedMeanBaseRate[251] = 0.043284989249038675
  out_adjustedMeanBaseRate[252] = 0.043691167287988525
  out_adjustedMeanBaseRate[253] = 0.043459821036944526
  out_adjustedMeanBaseRate[254] = 0.04452714623644843
  out_adjustedMeanBaseRate[255] = 0.04471780267947223
  out_adjustedMeanBaseRate[256] = 0.044298229172065766
  out_adjustedMeanBaseRate[257] = 0.04429904224435574
  out_adjustedMeanBaseRate[258] = 0.044244363209393435
  out_adjustedMeanBaseRate[259] = 0.04445532919299225
  out_adjustedMeanBaseRate[260] = 0.044481946972051545
  out_adjustedMeanBaseRate[261] = 0.06221943578606269
  out_adjustedMeanBaseRate[262] = 0.062407265949277105
  out_adjustedMeanBaseRate[263] = 0.06283837264783136
  out_adjustedMeanBaseRate[264] = 0.06288586862001642
  out_adjustedMeanBaseRate[265] = 0.06247599492142126
  out_adjustedMeanBaseRate[266] = 0.06262180542671508
  out_adjustedMeanBaseRate[267] = 0.06273589642556714
  out_adjustedMeanBaseRate[268] = 0.06267851735090771
  out_adjustedMeanBaseRate[269] = 0.06252501034071369
  out_adjustedMeanBaseRate[270] = 0.06271369515137122
  out_adjustedMeanBaseRate[271] = 0.06273232173762544
  out_adjustedMeanBaseRate[272] = 0.0628233945094986
  out_adjustedMeanBaseRate[273] = 0.0628116115973524
  out_adjustedMeanBaseRate[274] = 0.06290360656988261
  out_adjustedMeanBaseRate[275] = 0.06288246206508831
  out_adjustedMeanBaseRate[276] = 0.06290138700954406
  out_adjustedMeanBaseRate[277] = 0.06295128561059399
  out_adjustedMeanBaseRate[278] = 0.06291718489924718
  out_adjustedMeanBaseRate[279] = 0.06288736838375973
  out_adjustedMeanBaseRate[280] = 0.06278297766509107
  out_adjustedMeanBaseRate[281] = 0.06289374382536564
  out_adjustedMeanBaseRate[282] = 0.06290340186018714
  out_adjustedMeanBaseRate[283] = 0.06294436711672749
  out_adjustedMeanBaseRate[284] = 0.06215692065441696
  out_adjustedMeanBaseRate[285] = 0.06240149948378682
  out_adjustedMeanBaseRate[286] = 0.06083586901807774
  out_adjustedMeanBaseRate[287] = 0.06016818725592964
  out_adjustedMeanBaseRate[288] = 0.05809283161827562
  out_adjustedMeanBaseRate[289] = 0.05624144920318477
  out_adjustedMeanBaseRate[290] = 0.05815042743513099
  out_adjustedMeanBaseRate[291] = 0.06002231385384667
  out_adjustedMeanBaseRate[292] = 0.0000036174228593811567
  out_adjustedMeanBaseRate[293] = 0.000040006223096241624
  out_adjustedMeanBaseRate[294] = 0.00004260950673547452
  out_adjustedMeanBaseRate[295] = 0.0000401653767915874
  out_adjustedMeanBaseRate[296] = 0.00047068509494454705
  out_adjustedMeanBaseRate[297] = 0.0006134594648621743
  out_adjustedMeanBaseRate[298] = 0.0006188126047878287
  out_adjustedMeanBaseRate[299] = 0.0005783608376278789
  out_adjustedMeanBaseRate[300] = 0.0005402072003648412
  out_adjustedMeanBaseRate[301] = 0.0006679327575849277
  out_adjustedMeanBaseRate[302] = 0.0004906695270107169
  out_adjustedMeanBaseRate[303] = 0.00004347976293928953
  out_adjustedMeanBaseRate[304] = 0.00002950821014908654
  out_adjustedMeanBaseRate[305] = 0.0004372578537261949
  out_adjustedMeanBaseRate[306] = 0.00030901941380281895
  out_adjustedMeanBaseRate[307] = 0.0002128180852210812
  out_adjustedMeanBaseRate[308] = 0.00026179607797811736
  out_adjustedMeanBaseRate[309] = 0.00029175393255491606
  out_adjustedMeanBaseRate[310] = 0.00021102919480896668
  out_adjustedMeanBaseRate[311] = 0.00019453116371891165
  out_adjustedMeanBaseRate[312] = 0.00011828221601079128
  out_adjustedMeanBaseRate[313] = 0.00013898015775602943
  out_adjustedMeanBaseRate[314] = 0.0000571297692925691
  out_adjustedMeanBaseRate[315] = 0.0000782742740868654
  out_adjustedMeanBaseRate[316] = 0.00005934932963112142
  out_adjustedMeanBaseRate[317] = 0.00000945072858123302
  out_adjustedMeanBaseRate[318] = 0.00004355143992801155
  out_adjustedMeanBaseRate[319] = 0.00007336795541546817
  out_adjustedMeanBaseRate[320] = 0.00017775867408414189
  out_adjustedMeanBaseRate[321] = 0.0000669925138095508
  out_adjustedMeanBaseRate[322] = 0.000057334478988044056
  out_adjustedMeanBaseRate[323] = 0.000016369222447737495
  out_adjustedMeanBaseRate[324] = 0.0008038156847582113
  out_adjustedMeanBaseRate[325] = 0.0005592368553883999
  out_adjustedMeanBaseRate[326] = 0.002124867321097414
  out_adjustedMeanBaseRate[327] = 0.0027925490832455694
  out_adjustedMeanBaseRate[328] = 0.004867904720899563
  out_adjustedMeanBaseRate[329] = 0.006719287135990421
  out_adjustedMeanBaseRate[330] = 0.004810308904044176
  out_adjustedMeanBaseRate[331] = 0.002938422485328528
  out_adjustedMeanBaseRate[332] = 0.000014434444359819171
  out_adjustedMeanBaseRate[333] = 0.000022947998123694663
  out_adjustedMeanBaseRate[334] = 0.000019300267275982693
  out_adjustedMeanBaseRate[335] = 0.000012670691713705683
  out_adjustedMeanBaseRate[336] = 0.00002461835609149033
  out_adjustedMeanBaseRate[337] = 0.000025727365512151266
  out_adjustedMeanBaseRate[338] = 0.000033076903756582056
  out_adjustedMeanBaseRate[339] = 0.00003710194489145328
  out_adjustedMeanBaseRate[340] = 0.00003843510066943507
  out_adjustedMeanBaseRate[341] = 0.00006859545142348279
  out_adjustedMeanBaseRate[342] = 0.00006037639928416751
  out_adjustedMeanBaseRate[343] = 0.000051235316463891394
  out_adjustedMeanBaseRate[344] = 0.00005787792281090747
  out_adjustedMeanBaseRate[345] = 0.00003406880888221264
  out_adjustedMeanBaseRate[346] = 0.000039969628186323675
  out_adjustedMeanBaseRate[347] = 0.000015606764460578643
  out_adjustedMeanBaseRate[348] = 0.000010706835265710713
  out_adjustedMeanBaseRate[349] = 0.000015982365738351097
  out_adjustedMeanBaseRate[350] = 0.000008903058136143161
  out_adjustedMeanBaseRate[351] = 0.000010572646799552051
  out_adjustedMeanBaseRate[352] = 0.000014031737401240935
  out_adjustedMeanBaseRate[353] = 0.000019059613665803616
  out_adjustedMeanBaseRate[354] = 0.00001014458406676365
  out_adjustedMeanBaseRate[355] = 0.0005365359382830542
  out_adjustedMeanBaseRate[356] = 0.000416349253237248
  out_adjustedMeanBaseRate[357] = 0.0004736071881249932
  out_adjustedMeanBaseRate[358] = 0.0001680710451195293
  out_adjustedMeanBaseRate[359] = 0.0001105405428328498
  out_adjustedMeanBaseRate[360] = 0.00010928596757847536
  out_adjustedMeanBaseRate[361] = 0.00006664550616026993
  out_adjustedMeanBaseRate[362] = 0.00007969063117139227
  out_adjustedMeanBaseRate[363] = 0.000030100965754008045
  out_adjustedMeanBaseRate[364] = 0.00002455321195304142
  out_adjustedMeanBaseRate[365] = 0.000012991396243402532
  out_adjustedMeanBaseRate[366] = 0.000011565546423485407
  out_adjustedMeanBaseRate[367] = 0.000021006005593641847
  out_adjustedMeanBaseRate[368] = 0.000011290700127467386
  out_adjustedMeanBaseRate[369] = 0.0000075139358414132115
  out_adjustedMeanBaseRate[370] = 0.000014304734196715794
  out_adjustedMeanBaseRate[371] = 0.0000013149931212660552
  out_adjustedMeanBaseRate[372] = 0.0000044405445510198515
  out_adjustedMeanBaseRate[373] = 0.0001350690077704449
  out_adjustedMeanBaseRate[374] = 0.000025439346195456347
  out_adjustedMeanBaseRate[375] = 0.000019851700429596393
  out_emissionQuantDirect[1] = 8.709883304402481
  out_emissionQuantDirect[2] = 10.639216106523897
  out_emissionQuantDirect[3] = 11.257139671794862
  out_emissionQuantDirect[4] = 13.304508284080178
  out_emissionQuantDirect[5] = 13.516528959025752
  out_emissionQuantDirect[6] = 15.18905933570157
  out_emissionQuantDirect[7] = 14.733007531214442
  out_emissionQuantDirect[8] = 15.40043257412951
  out_emissionQuantDirect[9] = 13.604334011874142
  out_emissionQuantDirect[10] = 10.877966587648924
  out_emissionQuantDirect[11] = 10.753640261864158
  out_emissionQuantDirect[12] = 9.476566684139454
  out_emissionQuantDirect[13] = 11.936919163829444
  out_emissionQuantDirect[14] = 12.86036580458462
  out_emissionQuantDirect[15] = 10.9487304798771
  out_emissionQuantDirect[16] = 9.712472492624562
  out_emissionQuantDirect[17] = 7.8801765426251995
  out_emissionQuantDirect[18] = 7.109455484852918
  out_emissionQuantDirect[19] = 5.651126902828293
  out_emissionQuantDirect[20] = 4.519773474038688
  out_emissionQuantDirect[21] = 3.8866115301524147
  out_emissionQuantDirect[22] = 2.833315600991822
  out_emissionQuantDirect[23] = 2.1608317337366283
  out_emissionQuantDirect[24] = 1.6901968481975316
  out_emissionQuantDirect[25] = 1.2537760381080816
  out_emissionQuantDirect[26] = 1.1549330134322342
  out_emissionQuantDirect[27] = 0.8557576872249928
  out_emissionQuantDirect[28] = 0.6941354066214075
  out_emissionQuantDirect[29] = 0.594611777138564
  out_emissionQuantDirect[30] = 0.5699737091136776
  out_emissionQuantDirect[31] = 0.4988478638477886
  out_emissionQuantDirect[32] = 0.48385796764279854
  out_emissionQuantDirect[33] = 0.42977913242940996
  out_emissionQuantDirect[34] = 0.418075872006598
  out_emissionQuantDirect[35] = 0.36659808763924523
  out_emissionQuantDirect[36] = 0.3119821753541505
  out_emissionQuantDirect[37] = 0.2483267731425842
  out_emissionQuantDirect[38] = 0.1827816473044902
  out_emissionQuantDirect[39] = 0.12672501845250597
  out_emissionQuantDirect[40] = 0.10938706495183255
  out_emissionQuantDirect[41] = 1.4668350113195403
  out_emissionQuantDirect[42] = 0.0008398468286050176
  out_emissionQuantDirect[43] = 0.00987989107867241
  out_emissionQuantDirect[44] = 0.012138498426926997
  out_emissionQuantDirect[45] = 0.011574996217700138
  out_emissionQuantDirect[46] = 0.15387220965245002
  out_emissionQuantDirect[47] = 0.19452164651826664
  out_emissionQuantDirect[48] = 0.20536129285783178
  out_emissionQuantDirect[49] = 0.1687475501217664
  out_emissionQuantDirect[50] = 0.14554293443759594
  out_emissionQuantDirect[51] = 0.12955221788455054
  out_emissionQuantDirect[52] = 0.0836512077193639
  out_emissionQuantDirect[53] = 0.009270059633173256
  out_emissionQuantDirect[54] = 0.006597978695284864
  out_emissionQuantDirect[55] = 0.08378301525772709
  out_emissionQuantDirect[56] = 0.0524031948085214
  out_emissionQuantDirect[57] = 0.02922780182138354
  out_emissionQuantDirect[58] = 0.03246747716434705
  out_emissionQuantDirect[59] = 0.028831403862799605
  out_emissionQuantDirect[60] = 0.016628941425291758
  out_emissionQuantDirect[61] = 0.013563276602849296
  out_emissionQuantDirect[62] = 0.006003280926964021
  out_emissionQuantDirect[63] = 0.005426408041690224
  out_emissionQuantDirect[64] = 0.0017503720943953876
  out_emissionQuantDirect[65] = 0.0017532544677708432
  out_emissionQuantDirect[66] = 0.0012393714336994455
  out_emissionQuantDirect[67] = 0.00014507979493937797
  out_emissionQuantDirect[68] = 0.0005499835477825885
  out_emissionQuantDirect[69] = 0.0007820724034471594
  out_emissionQuantDirect[70] = 0.0018678873011983177
  out_emissionQuantDirect[71] = 0.0005865480130577772
  out_emissionQuantDirect[72] = 0.000488437453361742
  out_emissionQuantDirect[73] = 0.00012493998980701783
  out_emissionQuantDirect[74] = 0.006035795308260301
  out_emissionQuantDirect[75] = 0.0036278846877233085
  out_emissionQuantDirect[76] = 0.005484261954521958
  out_emissionQuantDirect[77] = 0.006116201779462908
  out_emissionQuantDirect[78] = 0.00890801196033989
  out_emissionQuantDirect[79] = 0.010055937754750163
  out_emissionQuantDirect[80] = 0.005848175148510981
  out_emissionQuantDirect[81] = 0.05042675553596939
  out_emissionQuantDirect[82] = 0.0029045248276388966
  out_emissionQuantDirect[83] = 0.005588056497570693
  out_emissionQuantDirect[84] = 0.004999233757635922
  out_emissionQuantDirect[85] = 0.0037859449149254404
  out_emissionQuantDirect[86] = 0.007441213635190278
  out_emissionQuantDirect[87] = 0.00882144701083826
  out_emissionQuantDirect[88] = 0.01100074059088873
  out_emissionQuantDirect[89] = 0.012914323073556755
  out_emissionQuantDirect[90] = 0.011762008217665553
  out_emissionQuantDirect[91] = 0.016774873391179848
  out_emissionQuantDirect[92] = 0.01043510070456227
  out_emissionQuantDirect[93] = 0.007780101974787428
  out_emissionQuantDirect[94] = 0.010994620911590492
  out_emissionQuantDirect[95] = 0.006967182840379471
  out_emissionQuantDirect[96] = 0.007004557301462204
  out_emissionQuantDirect[97] = 0.0024205669173756376
  out_emissionQuantDirect[98] = 0.0013448720256465688
  out_emissionQuantDirect[99] = 0.00181283671921126
  out_emissionQuantDirect[100] = 0.0008046749784836364
  out_emissionQuantDirect[101] = 0.0007619702273906049
  out_emissionQuantDirect[102] = 0.0008693431210760447
  out_emissionQuantDirect[103] = 0.0008595826629526281
  out_emissionQuantDirect[104] = 0.0003489918284145072
  out_emissionQuantDirect[105] = 0.14085158966319683
  out_emissionQuantDirect[106] = 0.1304782792170461
  out_emissionQuantDirect[107] = 0.15672557648308147
  out_emissionQuantDirect[108] = 0.06249094386732315
  out_emissionQuantDirect[109] = 0.04311201230893646
  out_emissionQuantDirect[110] = 0.04555437585475961
  out_emissionQuantDirect[111] = 0.02661307225027608
  out_emissionQuantDirect[112] = 0.03237256497669507
  out_emissionQuantDirect[113] = 0.010778859492726332
  out_emissionQuantDirect[114] = 0.006444046015577546
  out_emissionQuantDirect[115] = 0.0007135056031631157
  out_emissionQuantDirect[116] = 0.0005672919751184666
  out_emissionQuantDirect[117] = 0.0012731803413465017
  out_emissionQuantDirect[118] = 0.0007227189645562194
  out_emissionQuantDirect[119] = 0.0004121605175122879
  out_emissionQuantDirect[120] = 0.0006944361645979403
  out_emissionQuantDirect[121] = 0.000051700130626679994
  out_emissionQuantDirect[122] = 0.0001576529770389308
  out_emissionQuantDirect[123] = 0.003821072846512082
  out_emissionQuantDirect[124] = 0.0005738634223405753
  out_emissionQuantDirect[125] = 0.00039623577438972215
  out_emissionQuantDirect[126] = 0
  out_emissionQuantDirect[127] = 0
  out_emissionQuantDirect[128] = 0
  out_emissionQuantDirect[129] = 0
  out_emissionQuantDirect[130] = 0
  out_emissionQuantDirect[131] = 0
  out_emissionQuantDirect[132] = 0
  out_emissionQuantDirect[133] = 0
  out_emissionQuantDirect[134] = 0
  out_emissionQuantDirect[135] = 0
  out_emissionQuantDirect[136] = 0
  out_emissionQuantDirect[137] = 0
  out_emissionQuantDirect[138] = 0
  out_emissionQuantDirect[139] = 0
  out_emissionQuantDirect[140] = 0
  out_emissionQuantDirect[141] = 0
  out_emissionQuantDirect[142] = 0
  out_emissionQuantDirect[143] = 0
  out_emissionQuantDirect[144] = 0
  out_emissionQuantDirect[145] = 0
  out_emissionQuantDirect[146] = 0
  out_emissionQuantDirect[147] = 0
  out_emissionQuantDirect[148] = 0
  out_emissionQuantDirect[149] = 0
  out_emissionQuantDirect[150] = 0
  out_emissionQuantDirect[151] = 0
  out_emissionQuantDirect[152] = 0
  out_emissionQuantDirect[153] = 0
  out_emissionQuantDirect[154] = 0
  out_emissionQuantDirect[155] = 0
  out_emissionQuantDirect[156] = 0
  out_emissionQuantDirect[157] = 0
  out_emissionQuantDirect[158] = 0
  out_emissionQuantDirect[159] = 0
  out_emissionQuantDirect[160] = 0
  out_emissionQuantDirect[161] = 0
  out_emissionQuantDirect[162] = 0
  out_emissionQuantDirect[163] = 0
  out_emissionQuantDirect[164] = 0
  out_emissionQuantDirect[165] = 0
  out_emissionQuantDirect[166] = 0
  out_emissionQuantDirect[167] = 0
  out_emissionQuantDirect[168] = 0
  out_emissionQuantDirect[169] = 0
  out_emissionQuantDirect[170] = 0
  out_emissionQuantDirect[171] = 0
  out_emissionQuantDirect[172] = 0
  out_emissionQuantDirect[173] = 0
  out_emissionQuantDirect[174] = 0
  out_emissionQuantDirect[175] = 0
  out_emissionQuantDirect[176] = 0
  out_emissionQuantDirect[177] = 0
  out_emissionQuantDirect[178] = 0
  out_emissionQuantDirect[179] = 0
  out_emissionQuantDirect[180] = 0
  out_emissionQuantDirect[181] = 0
  out_emissionQuantDirect[182] = 0
  out_emissionQuantDirect[183] = 0
  out_emissionQuantDirect[184] = 0
  out_emissionQuantDirect[185] = 0
  out_emissionQuantDirect[186] = 0
  out_emissionQuantDirect[187] = 0
  out_emissionQuantDirect[188] = 0
  out_emissionQuantDirect[189] = 0
  out_emissionQuantDirect[190] = 0
  out_emissionQuantDirect[191] = 0
  out_emissionQuantDirect[192] = 0
  out_emissionQuantDirect[193] = 0
  out_emissionQuantDirect[194] = 0
  out_emissionQuantDirect[195] = 0
  out_emissionQuantDirect[196] = 0
  out_emissionQuantDirect[197] = 0
  out_emissionQuantDirect[198] = 0
  out_emissionQuantDirect[199] = 0
  out_emissionQuantDirect[200] = 0
  out_emissionQuantDirect[201] = 0
  out_emissionQuantDirect[202] = 0
  out_emissionQuantDirect[203] = 0
  out_emissionQuantDirect[204] = 0
  out_emissionQuantDirect[205] = 0
  out_emissionQuantDirect[206] = 0
  out_emissionQuantDirect[207] = 0
  out_emissionQuantDirect[208] = 0
  out_emissionQuantDirect[209] = 0
  out_emissionQuantDirect[210] = 0
  out_emissionQuantDirect[211] = 0
  out_emissionQuantDirect[212] = 0
  out_emissionQuantDirect[213] = 0
  out_emissionQuantDirect[214] = 0
  out_emissionQuantDirect[215] = 0
  out_emissionQuantDirect[216] = 0
  out_emissionQuantDirect[217] = 0
  out_emissionQuantDirect[218] = 0
  out_emissionQuantDirect[219] = 0
  out_emissionQuantDirect[220] = 0
  out_emissionQuantDirect[221] = 0
  out_emissionQuantDirect[222] = 0
  out_emissionQuantDirect[223] = 0
  out_emissionQuantDirect[224] = 0
  out_emissionQuantDirect[225] = 0
  out_emissionQuantDirect[226] = 0
  out_emissionQuantDirect[227] = 0
  out_emissionQuantDirect[228] = 0
  out_emissionQuantDirect[229] = 0
  out_emissionQuantDirect[230] = 0
  out_emissionQuantDirect[231] = 0
  out_emissionQuantDirect[232] = 0
  out_emissionQuantDirect[233] = 0
  out_emissionQuantDirect[234] = 0
  out_emissionQuantDirect[235] = 0
  out_emissionQuantDirect[236] = 0
  out_emissionQuantDirect[237] = 0
  out_emissionQuantDirect[238] = 0
  out_emissionQuantDirect[239] = 0
  out_emissionQuantDirect[240] = 0
  out_emissionQuantDirect[241] = 0
  out_emissionQuantDirect[242] = 0
  out_emissionQuantDirect[243] = 0
  out_emissionQuantDirect[244] = 0
  out_emissionQuantDirect[245] = 0
  out_emissionQuantDirect[246] = 0
  out_emissionQuantDirect[247] = 0
  out_emissionQuantDirect[248] = 0
  out_emissionQuantDirect[249] = 0
  out_emissionQuantDirect[250] = 0
  out_emissionQuantDirect[251] = 2.2513155202089723
  out_emissionQuantDirect[252] = 2.7127526347856445
  out_emissionQuantDirect[253] = 2.8493489567002714
  out_emissionQuantDirect[254] = 3.2800854768746115
  out_emissionQuantDirect[255] = 3.284968458470247
  out_emissionQuantDirect[256] = 3.477972242481667
  out_emissionQuantDirect[257] = 3.225855062066875
  out_emissionQuantDirect[258] = 3.277586521951325
  out_emissionQuantDirect[259] = 2.8134233807009017
  out_emissionQuantDirect[260] = 2.063255392287771
  out_emissionQuantDirect[261] = 2.863388572123686
  out_emissionQuantDirect[262] = 2.5650054990313005
  out_emissionQuantDirect[263] = 3.1914205471449453
  out_emissionQuantDirect[264] = 3.3729841623554626
  out_emissionQuantDirect[265] = 2.871605292390576
  out_emissionQuantDirect[266] = 2.5473626794703645
  out_emissionQuantDirect[267] = 2.0667927397029686
  out_emissionQuantDirect[268] = 1.864649973240369
  out_emissionQuantDirect[269] = 1.482163247324236
  out_emissionQuantDirect[270] = 1.1854347362290472
  out_emissionQuantDirect[271] = 1.0492041307661697
  out_emissionQuantDirect[272] = 0.7648632772435263
  out_emissionQuantDirect[273] = 0.5882917806261828
  out_emissionQuantDirect[274] = 0.46231358340981993
  out_emissionQuantDirect[275] = 0.3378692282942841
  out_emissionQuantDirect[276] = 0.3150932377194793
  out_emissionQuantDirect[277] = 0.23181388369402284
  out_emissionQuantDirect[278] = 0.19059419069071853
  out_emissionQuantDirect[279] = 0.16080411681290746
  out_emissionQuantDirect[280] = 0.15825410120064715
  out_emissionQuantDirect[281] = 0.13209243244732882
  out_emissionQuantDirect[282] = 0.12854654775088062
  out_emissionQuantDirect[283] = 0.11524536922433966
  out_emissionQuantDirect[284] = 0.11195943918413015
  out_emissionQuantDirect[285] = 0.09710596581068605
  out_emissionQuantDirect[286] = 0.07291496584845149
  out_emissionQuantDirect[287] = 0.05751923955783103
  out_emissionQuantDirect[288] = 0.04139690402747479
  out_emissionQuantDirect[289] = 0.029314723775464742
  out_emissionQuantDirect[290] = 0.021310387333567063
  out_emissionQuantDirect[291] = 0.2784051849796266
  out_emissionQuantDirect[292] = 0.00022460314068143168
  out_emissionQuantDirect[293] = 0.002622921294220052
  out_emissionQuantDirect[294] = 0.003138822853763212
  out_emissionQuantDirect[295] = 0.0029505473877746158
  out_emissionQuantDirect[296] = 0.036954743468600885
  out_emissionQuantDirect[297] = 0.0446721016942668
  out_emissionQuantDirect[298] = 0.04584113559206054
  out_emissionQuantDirect[299] = 0.036602448628825654
  out_emissionQuantDirect[300] = 0.025057028636937678
  out_emissionQuantDirect[301] = 0.030738803733160153
  out_emissionQuantDirect[302] = 0.020167043305702684
  out_emissionQuantDirect[303] = 0.0022082400129473877
  out_emissionQuantDirect[304] = 0.0015827200558162478
  out_emissionQuantDirect[305] = 0.02009783067046388
  out_emissionQuantDirect[306] = 0.01257045395911389
  out_emissionQuantDirect[307] = 0.007011151485406419
  out_emissionQuantDirect[308] = 0.007788283297503057
  out_emissionQuantDirect[309] = 0.006916063727759708
  out_emissionQuantDirect[310] = 0.003988942722657061
  out_emissionQuantDirect[311] = 0.0032535524731617865
  out_emissionQuantDirect[312] = 0.0014400642321860198
  out_emissionQuantDirect[313] = 0.0013016842331975557
  out_emissionQuantDirect[314] = 0.0004198784426085603
  out_emissionQuantDirect[315] = 0.0004205698649911372
  out_emissionQuantDirect[316] = 0.00029729984216585284
  out_emissionQuantDirect[317] = 0.000034801673625948006
  out_emissionQuantDirect[318] = 0.00013192979723722708
  out_emissionQuantDirect[319] = 0.00018760316381755062
  out_emissionQuantDirect[320] = 0.0004480679356730513
  out_emissionQuantDirect[321] = 0.000140700864134214
  out_emissionQuantDirect[322] = 0.00011716614877824575
  out_emissionQuantDirect[323] = 0.000029970546552743472
  out_emissionQuantDirect[324] = 0.0014478637668248408
  out_emissionQuantDirect[325] = 0.0008702552888738059
  out_emissionQuantDirect[326] = 0.0025467644442502962
  out_emissionQuantDirect[327] = 0.0026696051023271197
  out_emissionQuantDirect[328] = 0.0034688649000641073
  out_emissionQuantDirect[329] = 0.0035022932223524356
  out_emissionQuantDirect[330] = 0.001762833919899233
  out_emissionQuantDirect[331] = 0.013629465494585475
  out_emissionQuantDirect[332] = 0.0007507565365417177
  out_emissionQuantDirect[333] = 0.001424824426474478
  out_emissionQuantDirect[334] = 0.0012653801859908442
  out_emissionQuantDirect[335] = 0.000933384584122777
  out_emissionQuantDirect[336] = 0.0018084637082818548
  out_emissionQuantDirect[337] = 0.0020199241548885046
  out_emissionQuantDirect[338] = 0.002408659239901832
  out_emissionQuantDirect[339] = 0.0027484819690791794
  out_emissionQuantDirect[340] = 0.0024324240271294023
  out_emissionQuantDirect[341] = 0.003181738765275706
  out_emissionQuantDirect[342] = 0.002778570547163138
  out_emissionQuantDirect[343] = 0.002105826404593721
  out_emissionQuantDirect[344] = 0.0029394903830497893
  out_emissionQuantDirect[345] = 0.0018273350644860398
  out_emissionQuantDirect[346] = 0.0018371375434531386
  out_emissionQuantDirect[347] = 0.0006348601587459523
  out_emissionQuantDirect[348] = 0.0003527296277438434
  out_emissionQuantDirect[349] = 0.00047546622201494334
  out_emissionQuantDirect[350] = 0.00021104811476680178
  out_emissionQuantDirect[351] = 0.00019984762083973345
  out_emissionQuantDirect[352] = 0.00023468216121161237
  out_emissionQuantDirect[353] = 0.0002320472920198212
  out_emissionQuantDirect[354] = 0.00009501388791941058
  out_emissionQuantDirect[355] = 0.02790601790511823
  out_emissionQuantDirect[356] = 0.025850820745200974
  out_emissionQuantDirect[357] = 0.031051028632228674
  out_emissionQuantDirect[358] = 0.0123809280579594
  out_emissionQuantDirect[359] = 0.008120304997785203
  out_emissionQuantDirect[360] = 0.008580333093097404
  out_emissionQuantDirect[361] = 0.004853123962031213
  out_emissionQuantDirect[362] = 0.005903417287689567
  out_emissionQuantDirect[363] = 0.0019049855747632848
  out_emissionQuantDirect[364] = 0.0011388788128345003
  out_emissionQuantDirect[365] = 0.000597874523761306
  out_emissionQuantDirect[366] = 0.0004753563503271127
  out_emissionQuantDirect[367] = 0.0010668480904287684
  out_emissionQuantDirect[368] = 0.0006055947631409587
  out_emissionQuantDirect[369] = 0.00034536557530654463
  out_emissionQuantDirect[370] = 0.0005818954880676742
  out_emissionQuantDirect[371] = 0.00004332158127391354
  out_emissionQuantDirect[372] = 0.00013210365573703095
  out_emissionQuantDirect[373] = 0.003201827845833188
  out_emissionQuantDirect[374] = 0.0004808628254843127
  out_emissionQuantDirect[375] = 0.0003320216041194698
  out_emissionQuant[1] = 8.709883304402481
  out_emissionQuant[2] = 10.639216106523897
  out_emissionQuant[3] = 11.257139671794862
  out_emissionQuant[4] = 13.304508284080178
  out_emissionQuant[5] = 13.516528959025752
  out_emissionQuant[6] = 15.18905933570157
  out_emissionQuant[7] = 14.733007531214442
  out_emissionQuant[8] = 15.40043257412951
  out_emissionQuant[9] = 13.604334011874142
  out_emissionQuant[10] = 10.877966587648924
  out_emissionQuant[11] = 10.753640261864158
  out_emissionQuant[12] = 9.476566684139454
  out_emissionQuant[13] = 11.936919163829444
  out_emissionQuant[14] = 12.86036580458462
  out_emissionQuant[15] = 10.9487304798771
  out_emissionQuant[16] = 9.712472492624562
  out_emissionQuant[17] = 7.8801765426251995
  out_emissionQuant[18] = 7.109455484852918
  out_emissionQuant[19] = 5.651126902828293
  out_emissionQuant[20] = 4.519773474038688
  out_emissionQuant[21] = 3.8866115301524147
  out_emissionQuant[22] = 2.833315600991822
  out_emissionQuant[23] = 2.1608317337366283
  out_emissionQuant[24] = 1.6901968481975316
  out_emissionQuant[25] = 1.2537760381080816
  out_emissionQuant[26] = 1.1549330134322342
  out_emissionQuant[27] = 0.8557576872249928
  out_emissionQuant[28] = 0.6941354066214075
  out_emissionQuant[29] = 0.594611777138564
  out_emissionQuant[30] = 0.5699737091136776
  out_emissionQuant[31] = 0.4988478638477886
  out_emissionQuant[32] = 0.48385796764279854
  out_emissionQuant[33] = 0.42977913242940996
  out_emissionQuant[34] = 0.418075872006598
  out_emissionQuant[35] = 0.36659808763924523
  out_emissionQuant[36] = 0.3119821753541505
  out_emissionQuant[37] = 0.2483267731425842
  out_emissionQuant[38] = 0.1827816473044902
  out_emissionQuant[39] = 0.12672501845250597
  out_emissionQuant[40] = 0.10938706495183255
  out_emissionQuant[41] = 1.4668350113195403
  out_emissionQuant[42] = 0.0008398468286050176
  out_emissionQuant[43] = 0.00987989107867241
  out_emissionQuant[44] = 0.012138498426926997
  out_emissionQuant[45] = 0.011574996217700138
  out_emissionQuant[46] = 0.15387220965245002
  out_emissionQuant[47] = 0.19452164651826664
  out_emissionQuant[48] = 0.20536129285783178
  out_emissionQuant[49] = 0.1687475501217664
  out_emissionQuant[50] = 0.14554293443759594
  out_emissionQuant[51] = 0.12955221788455054
  out_emissionQuant[52] = 0.0836512077193639
  out_emissionQuant[53] = 0.009270059633173256
  out_emissionQuant[54] = 0.006597978695284864
  out_emissionQuant[55] = 0.08378301525772709
  out_emissionQuant[56] = 0.0524031948085214
  out_emissionQuant[57] = 0.02922780182138354
  out_emissionQuant[58] = 0.03246747716434705
  out_emissionQuant[59] = 0.028831403862799605
  out_emissionQuant[60] = 0.016628941425291758
  out_emissionQuant[61] = 0.013563276602849296
  out_emissionQuant[62] = 0.006003280926964021
  out_emissionQuant[63] = 0.005426408041690224
  out_emissionQuant[64] = 0.0017503720943953876
  out_emissionQuant[65] = 0.0017532544677708432
  out_emissionQuant[66] = 0.0012393714336994455
  out_emissionQuant[67] = 0.00014507979493937797
  out_emissionQuant[68] = 0.0005499835477825885
  out_emissionQuant[69] = 0.0007820724034471594
  out_emissionQuant[70] = 0.0018678873011983177
  out_emissionQuant[71] = 0.0005865480130577772
  out_emissionQuant[72] = 0.000488437453361742
  out_emissionQuant[73] = 0.00012493998980701783
  out_emissionQuant[74] = 0.006035795308260301
  out_emissionQuant[75] = 0.0036278846877233085
  out_emissionQuant[76] = 0.005484261954521958
  out_emissionQuant[77] = 0.006116201779462908
  out_emissionQuant[78] = 0.00890801196033989
  out_emissionQuant[79] = 0.010055937754750163
  out_emissionQuant[80] = 0.005848175148510981
  out_emissionQuant[81] = 0.05042675553596939
  out_emissionQuant[82] = 0.0029045248276388966
  out_emissionQuant[83] = 0.005588056497570693
  out_emissionQuant[84] = 0.004999233757635922
  out_emissionQuant[85] = 0.0037859449149254404
  out_emissionQuant[86] = 0.007441213635190278
  out_emissionQuant[87] = 0.00882144701083826
  out_emissionQuant[88] = 0.01100074059088873
  out_emissionQuant[89] = 0.012914323073556755
  out_emissionQuant[90] = 0.011762008217665553
  out_emissionQuant[91] = 0.016774873391179848
  out_emissionQuant[92] = 0.01043510070456227
  out_emissionQuant[93] = 0.007780101974787428
  out_emissionQuant[94] = 0.010994620911590492
  out_emissionQuant[95] = 0.006967182840379471
  out_emissionQuant[96] = 0.007004557301462204
  out_emissionQuant[97] = 0.0024205669173756376
  out_emissionQuant[98] = 0.0013448720256465688
  out_emissionQuant[99] = 0.00181283671921126
  out_emissionQuant[100] = 0.0008046749784836364
  out_emissionQuant[101] = 0.0007619702273906049
  out_emissionQuant[102] = 0.0008693431210760447
  out_emissionQuant[103] = 0.0008595826629526281
  out_emissionQuant[104] = 0.0003489918284145072
  out_emissionQuant[105] = 0.14085158966319683
  out_emissionQuant[106] = 0.1304782792170461
  out_emissionQuant[107] = 0.15672557648308147
  out_emissionQuant[108] = 0.06249094386732315
  out_emissionQuant[109] = 0.04311201230893646
  out_emissionQuant[110] = 0.04555437585475961
  out_emissionQuant[111] = 0.02661307225027608
  out_emissionQuant[112] = 0.03237256497669507
  out_emissionQuant[113] = 0.010778859492726332
  out_emissionQuant[114] = 0.006444046015577546
  out_emissionQuant[115] = 0.0007135056031631157
  out_emissionQuant[116] = 0.0005672919751184666
  out_emissionQuant[117] = 0.0012731803413465017
  out_emissionQuant[118] = 0.0007227189645562194
  out_emissionQuant[119] = 0.0004121605175122879
  out_emissionQuant[120] = 0.0006944361645979403
  out_emissionQuant[121] = 0.000051700130626679994
  out_emissionQuant[122] = 0.0001576529770389308
  out_emissionQuant[123] = 0.003821072846512082
  out_emissionQuant[124] = 0.0005738634223405753
  out_emissionQuant[125] = 0.00039623577438972215
  out_emissionQuant[126] = 5.875595810417386
  out_emissionQuant[127] = 7.079877463895314
  out_emissionQuant[128] = 7.4363733746442024
  out_emissionQuant[129] = 8.560531081821203
  out_emissionQuant[130] = 8.573274931338574
  out_emissionQuant[131] = 9.076985857040778
  out_emissionQuant[132] = 8.418997833735233
  out_emissionQuant[133] = 8.554009184314666
  out_emissionQuant[134] = 7.342613010122248
  out_emissionQuant[135] = 5.384787085562238
  out_emissionQuant[136] = 22.907108576989486
  out_emissionQuant[137] = 20.520043992250404
  out_emissionQuant[138] = 25.531364377159562
  out_emissionQuant[139] = 26.9838732988437
  out_emissionQuant[140] = 22.972842339124607
  out_emissionQuant[141] = 20.378901435762916
  out_emissionQuant[142] = 16.53434191762375
  out_emissionQuant[143] = 14.917199785922952
  out_emissionQuant[144] = 11.857305978593889
  out_emissionQuant[145] = 9.483477889832377
  out_emissionQuant[146] = 8.393633046129358
  out_emissionQuant[147] = 6.1189062179482105
  out_emissionQuant[148] = 4.7063342450094625
  out_emissionQuant[149] = 3.6985086672785594
  out_emissionQuant[150] = 2.702953826354273
  out_emissionQuant[151] = 2.5207459017558342
  out_emissionQuant[152] = 1.8545110695521827
  out_emissionQuant[153] = 1.5247535255257483
  out_emissionQuant[154] = 1.2864329345032597
  out_emissionQuant[155] = 1.2660328096051772
  out_emissionQuant[156] = 1.0567394595786306
  out_emissionQuant[157] = 1.028372382007045
  out_emissionQuant[158] = 0.9219629537947173
  out_emissionQuant[159] = 0.8956755134730412
  out_emissionQuant[160] = 0.7768477264854884
  out_emissionQuant[161] = 0.5833197267876119
  out_emissionQuant[162] = 0.46015391646264825
  out_emissionQuant[163] = 0.33117523221979833
  out_emissionQuant[164] = 0.23451779020371794
  out_emissionQuant[165] = 0.1704830986685365
  out_emissionQuant[166] = 2.2272414798370126
  out_emissionQuant[167] = 0.0005861805067074344
  out_emissionQuant[168] = 0.0068454311397202015
  out_emissionQuant[169] = 0.008191856824893918
  out_emissionQuant[170] = 0.007700486099983581
  out_emissionQuant[171] = 0.09644633724152801
  out_emissionQuant[172] = 0.1165874846067822
  out_emissionQuant[173] = 0.11963848772493918
  out_emissionQuant[174] = 0.09552690055394063
  out_emissionQuant[175] = 0.0653950861881118
  out_emissionQuant[176] = 0.24591042986528122
  out_emissionQuant[177] = 0.16133634644562148
  out_emissionQuant[178] = 0.017665920103579102
  out_emissionQuant[179] = 0.012661760446529982
  out_emissionQuant[180] = 0.16078264536371104
  out_emissionQuant[181] = 0.10056363167291112
  out_emissionQuant[182] = 0.056089211883251354
  out_emissionQuant[183] = 0.062306266380024455
  out_emissionQuant[184] = 0.05532850982207766
  out_emissionQuant[185] = 0.031911541781256485
  out_emissionQuant[186] = 0.026028419785294292
  out_emissionQuant[187] = 0.011520513857488158
  out_emissionQuant[188] = 0.010413473865580445
  out_emissionQuant[189] = 0.0033590275408684825
  out_emissionQuant[190] = 0.0033645589199290974
  out_emissionQuant[191] = 0.0023783987373268227
  out_emissionQuant[192] = 0.00027841338900758404
  out_emissionQuant[193] = 0.0010554383778978167
  out_emissionQuant[194] = 0.001500825310540405
  out_emissionQuant[195] = 0.0035845434853844105
  out_emissionQuant[196] = 0.001125606913073712
  out_emissionQuant[197] = 0.000937329190225966
  out_emissionQuant[198] = 0.00023976437242194778
  out_emissionQuant[199] = 0.011582910134598726
  out_emissionQuant[200] = 0.006962042310990447
  out_emissionQuant[201] = 0.02037411555400237
  out_emissionQuant[202] = 0.021356840818616957
  out_emissionQuant[203] = 0.02775091920051286
  out_emissionQuant[204] = 0.028018345778819485
  out_emissionQuant[205] = 0.014102671359193865
  out_emissionQuant[206] = 0.1090357239566838
  out_emissionQuant[207] = 0.001959361946893402
  out_emissionQuant[208] = 0.003718578029434416
  out_emissionQuant[209] = 0.0033024524784082045
  out_emissionQuant[210] = 0.0024359937568728296
  out_emissionQuant[211] = 0.004719819009059398
  out_emissionQuant[212] = 0.005271699055635763
  out_emissionQuant[213] = 0.0062862393172577954
  out_emissionQuant[214] = 0.007173125667001296
  out_emissionQuant[215] = 0.00634826184720367
  out_emissionQuant[216] = 0.0083038609165548
  out_emissionQuant[217] = 0.022228564377305103
  out_emissionQuant[218] = 0.016846611236749767
  out_emissionQuant[219] = 0.023515923064398314
  out_emissionQuant[220] = 0.014618680515888318
  out_emissionQuant[221] = 0.014697100347625109
  out_emissionQuant[222] = 0.005078881269967618
  out_emissionQuant[223] = 0.002821837021950747
  out_emissionQuant[224] = 0.0038037297761195467
  out_emissionQuant[225] = 0.0016883849181344142
  out_emissionQuant[226] = 0.0015987809667178676
  out_emissionQuant[227] = 0.001877457289692899
  out_emissionQuant[228] = 0.0018563783361585696
  out_emissionQuant[229] = 0.0007601111033552847
  out_emissionQuant[230] = 0.0397590990103172
  out_emissionQuant[231] = 0.036830956856725085
  out_emissionQuant[232] = 0.0442399530437678
  out_emissionQuant[233] = 0.017639727250577657
  out_emissionQuant[234] = 0.011569404545594469
  out_emissionQuant[235] = 0.012224829574390526
  out_emissionQuant[236] = 0.006914488364903971
  out_emissionQuant[237] = 0.00841089378063571
  out_emissionQuant[238] = 0.00271412819764399
  out_emissionQuant[239] = 0.0016226175885859543
  out_emissionQuant[240] = 0.004782996190090448
  out_emissionQuant[241] = 0.0038028508026169017
  out_emissionQuant[242] = 0.008534784723430148
  out_emissionQuant[243] = 0.00484475810512767
  out_emissionQuant[244] = 0.002762924602452357
  out_emissionQuant[245] = 0.0046551639045413935
  out_emissionQuant[246] = 0.0003465726501913083
  out_emissionQuant[247] = 0.0010568292458962476
  out_emissionQuant[248] = 0.025614622766665505
  out_emissionQuant[249] = 0.0038469026038745018
  out_emissionQuant[250] = 0.0026561728329557582
  out_emissionQuant[251] = 2.2513155202089723
  out_emissionQuant[252] = 2.7127526347856445
  out_emissionQuant[253] = 2.8493489567002714
  out_emissionQuant[254] = 3.2800854768746115
  out_emissionQuant[255] = 3.284968458470247
  out_emissionQuant[256] = 3.477972242481667
  out_emissionQuant[257] = 3.225855062066875
  out_emissionQuant[258] = 3.277586521951325
  out_emissionQuant[259] = 2.8134233807009017
  out_emissionQuant[260] = 2.063255392287771
  out_emissionQuant[261] = 2.863388572123686
  out_emissionQuant[262] = 2.5650054990313005
  out_emissionQuant[263] = 3.1914205471449453
  out_emissionQuant[264] = 3.3729841623554626
  out_emissionQuant[265] = 2.871605292390576
  out_emissionQuant[266] = 2.5473626794703645
  out_emissionQuant[267] = 2.0667927397029686
  out_emissionQuant[268] = 1.864649973240369
  out_emissionQuant[269] = 1.482163247324236
  out_emissionQuant[270] = 1.1854347362290472
  out_emissionQuant[271] = 1.0492041307661697
  out_emissionQuant[272] = 0.7648632772435263
  out_emissionQuant[273] = 0.5882917806261828
  out_emissionQuant[274] = 0.46231358340981993
  out_emissionQuant[275] = 0.3378692282942841
  out_emissionQuant[276] = 0.3150932377194793
  out_emissionQuant[277] = 0.23181388369402284
  out_emissionQuant[278] = 0.19059419069071853
  out_emissionQuant[279] = 0.16080411681290746
  out_emissionQuant[280] = 0.15825410120064715
  out_emissionQuant[281] = 0.13209243244732882
  out_emissionQuant[282] = 0.12854654775088062
  out_emissionQuant[283] = 0.11524536922433966
  out_emissionQuant[284] = 0.11195943918413015
  out_emissionQuant[285] = 0.09710596581068605
  out_emissionQuant[286] = 0.07291496584845149
  out_emissionQuant[287] = 0.05751923955783103
  out_emissionQuant[288] = 0.04139690402747479
  out_emissionQuant[289] = 0.029314723775464742
  out_emissionQuant[290] = 0.021310387333567063
  out_emissionQuant[291] = 0.2784051849796266
  out_emissionQuant[292] = 0.00022460314068143168
  out_emissionQuant[293] = 0.002622921294220052
  out_emissionQuant[294] = 0.003138822853763212
  out_emissionQuant[295] = 0.0029505473877746158
  out_emissionQuant[296] = 0.036954743468600885
  out_emissionQuant[297] = 0.0446721016942668
  out_emissionQuant[298] = 0.04584113559206054
  out_emissionQuant[299] = 0.036602448628825654
  out_emissionQuant[300] = 0.025057028636937678
  out_emissionQuant[301] = 0.030738803733160153
  out_emissionQuant[302] = 0.020167043305702684
  out_emissionQuant[303] = 0.0022082400129473877
  out_emissionQuant[304] = 0.0015827200558162478
  out_emissionQuant[305] = 0.02009783067046388
  out_emissionQuant[306] = 0.01257045395911389
  out_emissionQuant[307] = 0.007011151485406419
  out_emissionQuant[308] = 0.007788283297503057
  out_emissionQuant[309] = 0.006916063727759708
  out_emissionQuant[310] = 0.003988942722657061
  out_emissionQuant[311] = 0.0032535524731617865
  out_emissionQuant[312] = 0.0014400642321860198
  out_emissionQuant[313] = 0.0013016842331975557
  out_emissionQuant[314] = 0.0004198784426085603
  out_emissionQuant[315] = 0.0004205698649911372
  out_emissionQuant[316] = 0.00029729984216585284
  out_emissionQuant[317] = 0.000034801673625948006
  out_emissionQuant[318] = 0.00013192979723722708
  out_emissionQuant[319] = 0.00018760316381755062
  out_emissionQuant[320] = 0.0004480679356730513
  out_emissionQuant[321] = 0.000140700864134214
  out_emissionQuant[322] = 0.00011716614877824575
  out_emissionQuant[323] = 0.000029970546552743472
  out_emissionQuant[324] = 0.0014478637668248408
  out_emissionQuant[325] = 0.0008702552888738059
  out_emissionQuant[326] = 0.0025467644442502962
  out_emissionQuant[327] = 0.0026696051023271197
  out_emissionQuant[328] = 0.0034688649000641073
  out_emissionQuant[329] = 0.0035022932223524356
  out_emissionQuant[330] = 0.001762833919899233
  out_emissionQuant[331] = 0.013629465494585475
  out_emissionQuant[332] = 0.0007507565365417177
  out_emissionQuant[333] = 0.001424824426474478
  out_emissionQuant[334] = 0.0012653801859908442
  out_emissionQuant[335] = 0.000933384584122777
  out_emissionQuant[336] = 0.0018084637082818548
  out_emissionQuant[337] = 0.0020199241548885046
  out_emissionQuant[338] = 0.002408659239901832
  out_emissionQuant[339] = 0.0027484819690791794
  out_emissionQuant[340] = 0.0024324240271294023
  out_emissionQuant[341] = 0.003181738765275706
  out_emissionQuant[342] = 0.002778570547163138
  out_emissionQuant[343] = 0.002105826404593721
  out_emissionQuant[344] = 0.0029394903830497893
  out_emissionQuant[345] = 0.0018273350644860398
  out_emissionQuant[346] = 0.0018371375434531386
  out_emissionQuant[347] = 0.0006348601587459523
  out_emissionQuant[348] = 0.0003527296277438434
  out_emissionQuant[349] = 0.00047546622201494334
  out_emissionQuant[350] = 0.00021104811476680178
  out_emissionQuant[351] = 0.00019984762083973345
  out_emissionQuant[352] = 0.00023468216121161237
  out_emissionQuant[353] = 0.0002320472920198212
  out_emissionQuant[354] = 0.00009501388791941058
  out_emissionQuant[355] = 0.02790601790511823
  out_emissionQuant[356] = 0.025850820745200974
  out_emissionQuant[357] = 0.031051028632228674
  out_emissionQuant[358] = 0.0123809280579594
  out_emissionQuant[359] = 0.008120304997785203
  out_emissionQuant[360] = 0.008580333093097404
  out_emissionQuant[361] = 0.004853123962031213
  out_emissionQuant[362] = 0.005903417287689567
  out_emissionQuant[363] = 0.0019049855747632848
  out_emissionQuant[364] = 0.0011388788128345003
  out_emissionQuant[365] = 0.000597874523761306
  out_emissionQuant[366] = 0.0004753563503271127
  out_emissionQuant[367] = 0.0010668480904287684
  out_emissionQuant[368] = 0.0006055947631409587
  out_emissionQuant[369] = 0.00034536557530654463
  out_emissionQuant[370] = 0.0005818954880676742
  out_emissionQuant[371] = 0.00004332158127391354
  out_emissionQuant[372] = 0.00013210365573703095
  out_emissionQuant[373] = 0.003201827845833188
  out_emissionQuant[374] = 0.0004808628254843127
  out_emissionQuant[375] = 0.0003320216041194698
Results written to: /projects/illinois/eng/cee/ctessum/ctessum/code/moves.esm-wt-v2/v2-consumer/.v2emit/process-brakewear.csv
