Running simulation for: fixtures/process-crankcase-running.esm
Simulation time: 0 → 0
✓ Static evaluation complete: 26 field(s). The document declares no differential equations, so it was evaluated once rather than integrated.
Final state at t = 0:
  out_dayID[1] = 5
  out_dayID[2] = 5
  out_dayID[3] = 5
  out_dayID[4] = 5
  out_dayID[5] = 5
  out_dayID[6] = 5
  out_dayID[7] = 5
  out_dayID[8] = 5
  out_dayID[9] = 5
  out_dayID[10] = 5
  out_dayID[11] = 5
  out_dayID[12] = 5
  out_dayID[13] = 5
  out_dayID[14] = 5
  out_dayID[15] = 5
  out_dayID[16] = 5
  out_dayID[17] = 5
  out_dayID[18] = 5
  out_dayID[19] = 5
  out_dayID[20] = 5
  out_dayID[21] = 5
  out_dayID[22] = 5
  out_dayID[23] = 5
  out_dayID[24] = 5
  out_dayID[25] = 5
  out_dayID[26] = 5
  out_dayID[27] = 5
  out_dayID[28] = 5
  out_dayID[29] = 5
  out_dayID[30] = 5
  out_dayID[31] = 5
  out_dayID[32] = 5
  out_dayID[33] = 5
  out_dayID[34] = 5
  out_dayID[35] = 5
  out_dayID[36] = 5
  out_dayID[37] = 5
  out_dayID[38] = 5
  out_dayID[39] = 5
  out_dayID[40] = 5
  out_dayID[41] = 5
  out_dayID[42] = 5
  out_dayID[43] = 5
  out_dayID[44] = 5
  out_dayID[45] = 5
  out_dayID[46] = 5
  out_dayID[47] = 5
  out_dayID[48] = 5
  out_dayID[49] = 5
  out_dayID[50] = 5
  out_dayID[51] = 5
  out_dayID[52] = 5
  out_dayID[53] = 5
  out_dayID[54] = 5
  out_dayID[55] = 5
  out_dayID[56] = 5
  out_dayID[57] = 5
  out_dayID[58] = 5
  out_dayID[59] = 5
  out_dayID[60] = 5
  out_dayID[61] = 5
  out_dayID[62] = 5
  out_dayID[63] = 5
  out_dayID[64] = 5
  out_dayID[65] = 5
  out_dayID[66] = 5
  out_dayID[67] = 5
  out_dayID[68] = 5
  out_dayID[69] = 5
  out_dayID[70] = 5
  out_dayID[71] = 5
  out_dayID[72] = 5
  out_dayID[73] = 5
  out_dayID[74] = 5
  out_dayID[75] = 5
  out_dayID[76] = 5
  out_dayID[77] = 5
  out_dayID[78] = 5
  out_dayID[79] = 5
  out_dayID[80] = 5
  out_dayID[81] = 5
  out_dayID[82] = 5
  out_dayID[83] = 5
  out_dayID[84] = 5
  out_dayID[85] = 5
  out_dayID[86] = 5
  out_dayID[87] = 5
  out_dayID[88] = 5
  out_dayID[89] = 5
  out_dayID[90] = 5
  out_dayID[91] = 5
  out_dayID[92] = 5
  out_dayID[93] = 5
  out_dayID[94] = 5
  out_dayID[95] = 5
  out_dayID[96] = 5
  out_dayID[97] = 5
  out_dayID[98] = 5
  out_dayID[99] = 5
  out_dayID[100] = 5
  out_dayID[101] = 5
  out_dayID[102] = 5
  out_dayID[103] = 5
  out_dayID[104] = 5
  out_dayID[105] = 5
  out_dayID[106] = 5
  out_dayID[107] = 5
  out_dayID[108] = 5
  out_dayID[109] = 5
  out_dayID[110] = 5
  out_dayID[111] = 5
  out_dayID[112] = 5
  out_dayID[113] = 5
  out_dayID[114] = 5
  out_dayID[115] = 5
  out_dayID[116] = 5
  out_dayID[117] = 5
  out_dayID[118] = 5
  out_dayID[119] = 5
  out_dayID[120] = 5
  out_dayID[121] = 5
  out_dayID[122] = 5
  out_dayID[123] = 5
  out_dayID[124] = 5
  out_dayID[125] = 5
  out_dayID[126] = 5
  out_dayID[127] = 5
  out_dayID[128] = 5
  out_dayID[129] = 5
  out_dayID[130] = 5
  out_dayID[131] = 5
  out_dayID[132] = 5
  out_dayID[133] = 5
  out_dayID[134] = 5
  out_dayID[135] = 5
  out_dayID[136] = 5
  out_dayID[137] = 5
  out_dayID[138] = 5
  out_dayID[139] = 5
  out_dayID[140] = 5
  out_dayID[141] = 5
  out_dayID[142] = 5
  out_dayID[143] = 5
  out_dayID[144] = 5
  out_dayID[145] = 5
  out_dayID[146] = 5
  out_dayID[147] = 5
  out_dayID[148] = 5
  out_dayID[149] = 5
  out_dayID[150] = 5
  out_dayID[151] = 5
  out_dayID[152] = 5
  out_dayID[153] = 5
  out_dayID[154] = 5
  out_dayID[155] = 5
  out_dayID[156] = 5
  out_dayID[157] = 5
  out_dayID[158] = 5
  out_dayID[159] = 5
  out_dayID[160] = 5
  out_dayID[161] = 5
  out_dayID[162] = 5
  out_dayID[163] = 5
  out_dayID[164] = 5
  out_dayID[165] = 5
  out_dayID[166] = 5
  out_dayID[167] = 5
  out_dayID[168] = 5
  out_dayID[169] = 5
  out_dayID[170] = 5
  out_dayID[171] = 5
  out_dayID[172] = 5
  out_dayID[173] = 5
  out_dayID[174] = 5
  out_dayID[175] = 5
  out_dayID[176] = 5
  out_dayID[177] = 5
  out_dayID[178] = 5
  out_dayID[179] = 5
  out_dayID[180] = 5
  out_dayID[181] = 5
  out_dayID[182] = 5
  out_dayID[183] = 5
  out_dayID[184] = 5
  out_dayID[185] = 5
  out_dayID[186] = 5
  out_dayID[187] = 5
  out_dayID[188] = 5
  out_dayID[189] = 5
  out_dayID[190] = 5
  out_dayID[191] = 5
  out_dayID[192] = 5
  out_dayID[193] = 5
  out_dayID[194] = 5
  out_dayID[195] = 5
  out_dayID[196] = 5
  out_dayID[197] = 5
  out_dayID[198] = 5
  out_dayID[199] = 5
  out_dayID[200] = 5
  out_dayID[201] = 5
  out_dayID[202] = 5
  out_dayID[203] = 5
  out_dayID[204] = 5
  out_dayID[205] = 5
  out_dayID[206] = 5
  out_dayID[207] = 5
  out_dayID[208] = 5
  out_dayID[209] = 5
  out_dayID[210] = 5
  out_dayID[211] = 5
  out_dayID[212] = 5
  out_dayID[213] = 5
  out_dayID[214] = 5
  out_dayID[215] = 5
  out_dayID[216] = 5
  out_dayID[217] = 5
  out_dayID[218] = 5
  out_dayID[219] = 5
  out_dayID[220] = 5
  out_dayID[221] = 5
  out_dayID[222] = 5
  out_dayID[223] = 5
  out_dayID[224] = 5
  out_dayID[225] = 5
  out_dayID[226] = 5
  out_dayID[227] = 5
  out_dayID[228] = 5
  out_dayID[229] = 5
  out_dayID[230] = 5
  out_dayID[231] = 5
  out_dayID[232] = 5
  out_dayID[233] = 5
  out_dayID[234] = 5
  out_dayID[235] = 5
  out_dayID[236] = 5
  out_dayID[237] = 5
  out_dayID[238] = 5
  out_dayID[239] = 5
  out_dayID[240] = 5
  out_dayID[241] = 5
  out_dayID[242] = 5
  out_dayID[243] = 5
  out_dayID[244] = 5
  out_dayID[245] = 5
  out_dayID[246] = 5
  out_dayID[247] = 5
  out_dayID[248] = 5
  out_dayID[249] = 5
  out_dayID[250] = 5
  out_dayID[251] = 5
  out_dayID[252] = 5
  out_dayID[253] = 5
  out_dayID[254] = 5
  out_dayID[255] = 5
  out_dayID[256] = 5
  out_dayID[257] = 5
  out_dayID[258] = 5
  out_dayID[259] = 5
  out_dayID[260] = 5
  out_dayID[261] = 5
  out_dayID[262] = 5
  out_dayID[263] = 5
  out_dayID[264] = 5
  out_dayID[265] = 5
  out_dayID[266] = 5
  out_dayID[267] = 5
  out_dayID[268] = 5
  out_dayID[269] = 5
  out_dayID[270] = 5
  out_dayID[271] = 5
  out_dayID[272] = 5
  out_dayID[273] = 5
  out_dayID[274] = 5
  out_dayID[275] = 5
  out_dayID[276] = 5
  out_dayID[277] = 5
  out_dayID[278] = 5
  out_dayID[279] = 5
  out_dayID[280] = 5
  out_dayID[281] = 5
  out_dayID[282] = 5
  out_dayID[283] = 5
  out_dayID[284] = 5
  out_dayID[285] = 5
  out_dayID[286] = 5
  out_dayID[287] = 5
  out_dayID[288] = 5
  out_dayID[289] = 5
  out_dayID[290] = 5
  out_dayID[291] = 5
  out_dayID[292] = 5
  out_dayID[293] = 5
  out_dayID[294] = 5
  out_dayID[295] = 5
  out_dayID[296] = 5
  out_dayID[297] = 5
  out_dayID[298] = 5
  out_dayID[299] = 5
  out_dayID[300] = 5
  out_dayID[301] = 5
  out_dayID[302] = 5
  out_dayID[303] = 5
  out_dayID[304] = 5
  out_dayID[305] = 5
  out_dayID[306] = 5
  out_dayID[307] = 5
  out_dayID[308] = 5
  out_dayID[309] = 5
  out_dayID[310] = 5
  out_dayID[311] = 5
  out_dayID[312] = 5
  out_dayID[313] = 5
  out_dayID[314] = 5
  out_dayID[315] = 5
  out_dayID[316] = 5
  out_dayID[317] = 5
  out_dayID[318] = 5
  out_dayID[319] = 5
  out_dayID[320] = 5
  out_dayID[321] = 5
  out_dayID[322] = 5
  out_dayID[323] = 5
  out_dayID[324] = 5
  out_dayID[325] = 5
  out_dayID[326] = 5
  out_dayID[327] = 5
  out_dayID[328] = 5
  out_dayID[329] = 5
  out_dayID[330] = 5
  out_dayID[331] = 5
  out_dayID[332] = 5
  out_dayID[333] = 5
  out_dayID[334] = 5
  out_dayID[335] = 5
  out_dayID[336] = 5
  out_dayID[337] = 5
  out_dayID[338] = 5
  out_dayID[339] = 5
  out_dayID[340] = 5
  out_dayID[341] = 5
  out_dayID[342] = 5
  out_dayID[343] = 5
  out_dayID[344] = 5
  out_dayID[345] = 5
  out_dayID[346] = 5
  out_dayID[347] = 5
  out_dayID[348] = 5
  out_dayID[349] = 5
  out_dayID[350] = 5
  out_dayID[351] = 5
  out_dayID[352] = 5
  out_dayID[353] = 5
  out_dayID[354] = 5
  out_dayID[355] = 5
  out_dayID[356] = 5
  out_dayID[357] = 5
  out_dayID[358] = 5
  out_dayID[359] = 5
  out_dayID[360] = 5
  out_dayID[361] = 5
  out_dayID[362] = 5
  out_dayID[363] = 5
  out_dayID[364] = 5
  out_dayID[365] = 5
  out_dayID[366] = 5
  out_dayID[367] = 5
  out_dayID[368] = 5
  out_dayID[369] = 5
  out_dayID[370] = 5
  out_dayID[371] = 5
  out_dayID[372] = 5
  out_dayID[373] = 5
  out_dayID[374] = 5
  out_dayID[375] = 5
  out_dayID[376] = 5
  out_dayID[377] = 5
  out_dayID[378] = 5
  out_dayID[379] = 5
  out_dayID[380] = 5
  out_dayID[381] = 5
  out_dayID[382] = 5
  out_dayID[383] = 5
  out_dayID[384] = 5
  out_dayID[385] = 5
  out_dayID[386] = 5
  out_dayID[387] = 5
  out_dayID[388] = 5
  out_dayID[389] = 5
  out_dayID[390] = 5
  out_dayID[391] = 5
  out_dayID[392] = 5
  out_dayID[393] = 5
  out_dayID[394] = 5
  out_dayID[395] = 5
  out_dayID[396] = 5
  out_dayID[397] = 5
  out_dayID[398] = 5
  out_dayID[399] = 5
  out_dayID[400] = 5
  out_dayID[401] = 5
  out_dayID[402] = 5
  out_dayID[403] = 5
  out_dayID[404] = 5
  out_dayID[405] = 5
  out_dayID[406] = 5
  out_dayID[407] = 5
  out_dayID[408] = 5
  out_dayID[409] = 5
  out_dayID[410] = 5
  out_dayID[411] = 5
  out_dayID[412] = 5
  out_dayID[413] = 5
  out_dayID[414] = 5
  out_dayID[415] = 5
  out_dayID[416] = 5
  out_dayID[417] = 5
  out_dayID[418] = 5
  out_dayID[419] = 5
  out_dayID[420] = 5
  out_dayID[421] = 5
  out_dayID[422] = 5
  out_dayID[423] = 5
  out_dayID[424] = 5
  out_dayID[425] = 5
  out_dayID[426] = 5
  out_dayID[427] = 5
  out_dayID[428] = 5
  out_dayID[429] = 5
  out_dayID[430] = 5
  out_dayID[431] = 5
  out_dayID[432] = 5
  out_dayID[433] = 5
  out_dayID[434] = 5
  out_dayID[435] = 5
  out_dayID[436] = 5
  out_dayID[437] = 5
  out_dayID[438] = 5
  out_dayID[439] = 5
  out_dayID[440] = 5
  out_dayID[441] = 5
  out_dayID[442] = 5
  out_dayID[443] = 5
  out_dayID[444] = 5
  out_dayID[445] = 5
  out_dayID[446] = 5
  out_dayID[447] = 5
  out_dayID[448] = 5
  out_dayID[449] = 5
  out_dayID[450] = 5
  out_dayID[451] = 5
  out_dayID[452] = 5
  out_dayID[453] = 5
  out_dayID[454] = 5
  out_dayID[455] = 5
  out_dayID[456] = 5
  out_dayID[457] = 5
  out_dayID[458] = 5
  out_dayID[459] = 5
  out_dayID[460] = 5
  out_dayID[461] = 5
  out_dayID[462] = 5
  out_dayID[463] = 5
  out_dayID[464] = 5
  out_dayID[465] = 5
  out_dayID[466] = 5
  out_dayID[467] = 5
  out_dayID[468] = 5
  out_dayID[469] = 5
  out_dayID[470] = 5
  out_dayID[471] = 5
  out_dayID[472] = 5
  out_dayID[473] = 5
  out_dayID[474] = 5
  out_dayID[475] = 5
  out_dayID[476] = 5
  out_dayID[477] = 5
  out_dayID[478] = 5
  out_dayID[479] = 5
  out_dayID[480] = 5
  out_dayID[481] = 5
  out_dayID[482] = 5
  out_dayID[483] = 5
  out_dayID[484] = 5
  out_dayID[485] = 5
  out_dayID[486] = 5
  out_dayID[487] = 5
  out_dayID[488] = 5
  out_dayID[489] = 5
  out_dayID[490] = 5
  out_dayID[491] = 5
  out_dayID[492] = 5
  out_dayID[493] = 5
  out_dayID[494] = 5
  out_dayID[495] = 5
  out_dayID[496] = 5
  out_dayID[497] = 5
  out_dayID[498] = 5
  out_dayID[499] = 5
  out_dayID[500] = 5
  out_dayID[501] = 5
  out_dayID[502] = 5
  out_dayID[503] = 5
  out_dayID[504] = 5
  out_dayID[505] = 5
  out_dayID[506] = 5
  out_dayID[507] = 5
  out_dayID[508] = 5
  out_dayID[509] = 5
  out_dayID[510] = 5
  out_dayID[511] = 5
  out_dayID[512] = 5
  out_dayID[513] = 5
  out_dayID[514] = 5
  out_dayID[515] = 5
  out_dayID[516] = 5
  out_dayID[517] = 5
  out_dayID[518] = 5
  out_dayID[519] = 5
  out_dayID[520] = 5
  out_dayID[521] = 5
  out_dayID[522] = 5
  out_dayID[523] = 5
  out_dayID[524] = 5
  out_dayID[525] = 5
  out_dayID[526] = 5
  out_dayID[527] = 5
  out_dayID[528] = 5
  out_dayID[529] = 5
  out_dayID[530] = 5
  out_dayID[531] = 5
  out_dayID[532] = 5
  out_dayID[533] = 5
  out_dayID[534] = 5
  out_dayID[535] = 5
  out_dayID[536] = 5
  out_dayID[537] = 5
  out_dayID[538] = 5
  out_dayID[539] = 5
  out_dayID[540] = 5
  out_dayID[541] = 5
  out_dayID[542] = 5
  out_dayID[543] = 5
  out_dayID[544] = 5
  out_dayID[545] = 5
  out_dayID[546] = 5
  out_dayID[547] = 5
  out_dayID[548] = 5
  out_dayID[549] = 5
  out_dayID[550] = 5
  out_dayID[551] = 5
  out_dayID[552] = 5
  out_dayID[553] = 5
  out_dayID[554] = 5
  out_dayID[555] = 5
  out_dayID[556] = 5
  out_dayID[557] = 5
  out_dayID[558] = 5
  out_dayID[559] = 5
  out_dayID[560] = 5
  out_dayID[561] = 5
  out_dayID[562] = 5
  out_dayID[563] = 5
  out_dayID[564] = 5
  out_dayID[565] = 5
  out_dayID[566] = 5
  out_dayID[567] = 5
  out_dayID[568] = 5
  out_dayID[569] = 5
  out_dayID[570] = 5
  out_dayID[571] = 5
  out_dayID[572] = 5
  out_dayID[573] = 5
  out_dayID[574] = 5
  out_dayID[575] = 5
  out_dayID[576] = 5
  out_dayID[577] = 5
  out_dayID[578] = 5
  out_dayID[579] = 5
  out_dayID[580] = 5
  out_dayID[581] = 5
  out_dayID[582] = 5
  out_dayID[583] = 5
  out_dayID[584] = 5
  out_dayID[585] = 5
  out_dayID[586] = 5
  out_dayID[587] = 5
  out_dayID[588] = 5
  out_dayID[589] = 5
  out_dayID[590] = 5
  out_dayID[591] = 5
  out_dayID[592] = 5
  out_dayID[593] = 5
  out_dayID[594] = 5
  out_dayID[595] = 5
  out_dayID[596] = 5
  out_dayID[597] = 5
  out_dayID[598] = 5
  out_dayID[599] = 5
  out_dayID[600] = 5
  out_dayID[601] = 5
  out_dayID[602] = 5
  out_dayID[603] = 5
  out_dayID[604] = 5
  out_dayID[605] = 5
  out_dayID[606] = 5
  out_dayID[607] = 5
  out_dayID[608] = 5
  out_dayID[609] = 5
  out_dayID[610] = 5
  out_dayID[611] = 5
  out_dayID[612] = 5
  out_dayID[613] = 5
  out_dayID[614] = 5
  out_dayID[615] = 5
  out_dayID[616] = 5
  out_dayID[617] = 5
  out_dayID[618] = 5
  out_dayID[619] = 5
  out_dayID[620] = 5
  out_dayID[621] = 5
  out_dayID[622] = 5
  out_dayID[623] = 5
  out_dayID[624] = 5
  out_dayID[625] = 5
  out_dayID[626] = 5
  out_dayID[627] = 5
  out_dayID[628] = 5
  out_dayID[629] = 5
  out_dayID[630] = 5
  out_dayID[631] = 5
  out_dayID[632] = 5
  out_dayID[633] = 5
  out_dayID[634] = 5
  out_dayID[635] = 5
  out_dayID[636] = 5
  out_dayID[637] = 5
  out_dayID[638] = 5
  out_dayID[639] = 5
  out_dayID[640] = 5
  out_dayID[641] = 5
  out_dayID[642] = 5
  out_dayID[643] = 5
  out_dayID[644] = 5
  out_dayID[645] = 5
  out_dayID[646] = 5
  out_dayID[647] = 5
  out_dayID[648] = 5
  out_dayID[649] = 5
  out_dayID[650] = 5
  out_dayID[651] = 5
  out_dayID[652] = 5
  out_dayID[653] = 5
  out_dayID[654] = 5
  out_dayID[655] = 5
  out_dayID[656] = 5
  out_dayID[657] = 5
  out_dayID[658] = 5
  out_dayID[659] = 5
  out_dayID[660] = 5
  out_dayID[661] = 5
  out_dayID[662] = 5
  out_dayID[663] = 5
  out_dayID[664] = 5
  out_dayID[665] = 5
  out_dayID[666] = 5
  out_dayID[667] = 5
  out_dayID[668] = 5
  out_dayID[669] = 5
  out_dayID[670] = 5
  out_dayID[671] = 5
  out_dayID[672] = 5
  out_dayID[673] = 5
  out_dayID[674] = 5
  out_dayID[675] = 5
  out_dayID[676] = 5
  out_dayID[677] = 5
  out_dayID[678] = 5
  out_dayID[679] = 5
  out_dayID[680] = 5
  out_dayID[681] = 5
  out_dayID[682] = 5
  out_dayID[683] = 5
  out_dayID[684] = 5
  out_SHO[1] = 260.05730384453915
  out_SHO[2] = 310.4463445557139
  out_SHO[3] = 327.8141613006279
  out_SHO[4] = 368.3242419642923
  out_SHO[5] = 367.29985169622574
  out_SHO[6] = 392.56334931271454
  out_SHO[7] = 364.0998652152451
  out_SHO[8] = 370.3959424661204
  out_SHO[9] = 316.43263381169584
  out_SHO[10] = 231.92053549096389
  out_SHO[11] = 230.10402906651655
  out_SHO[12] = 205.50535743034038
  out_SHO[13] = 253.9388285109485
  out_SHO[14] = 268.1829985315532
  out_SHO[15] = 229.81669167512396
  out_SHO[16] = 203.39262514967626
  out_SHO[17] = 164.72170300101715
  out_SHO[18] = 148.74713474802425
  out_SHO[19] = 118.52562992373574
  out_SHO[20] = 94.5116320580201
  out_SHO[21] = 83.62548218400153
  out_SHO[22] = 60.874080684058114
  out_SHO[23] = 46.82985881634186
  out_SHO[24] = 36.74778034358123
  out_SHO[25] = 26.865139913300695
  out_SHO[26] = 25.04660490806586
  out_SHO[27] = 18.41216437802274
  out_SHO[28] = 15.146433442304176
  out_SHO[29] = 12.785088718582324
  out_SHO[30] = 12.603265015943999
  out_SHO[31] = 10.501237834887378
  out_SHO[32] = 10.217773915995503
  out_SHO[33] = 9.15454189972411
  out_SHO[34] = 9.00619255308734
  out_SHO[35] = 7.780739775004618
  out_SHO[36] = 5.992761098455286
  out_SHO[37] = 4.779871405562617
  out_SHO[38] = 3.5629958872973577
  out_SHO[39] = 2.6061493961116446
  out_SHO[40] = 1.8323500164585729
  out_SHO[41] = 23.19180710506584
  out_SHO[42] = 310.4463445557139
  out_SHO[43] = 327.8141613006279
  out_SHO[44] = 368.3242419642923
  out_SHO[45] = 367.29985169622574
  out_SHO[46] = 392.56334931271454
  out_SHO[47] = 364.0998652152451
  out_SHO[48] = 370.3959424661204
  out_SHO[49] = 316.43263381169584
  out_SHO[50] = 231.92053549096389
  out_SHO[51] = 230.10402906651655
  out_SHO[52] = 205.50535743034038
  out_SHO[53] = 253.9388285109485
  out_SHO[54] = 268.1829985315532
  out_SHO[55] = 229.81669167512396
  out_SHO[56] = 203.39262514967626
  out_SHO[57] = 164.72170300101715
  out_SHO[58] = 148.74713474802425
  out_SHO[59] = 118.52562992373574
  out_SHO[60] = 94.5116320580201
  out_SHO[61] = 83.62548218400153
  out_SHO[62] = 60.874080684058114
  out_SHO[63] = 46.82985881634186
  out_SHO[64] = 36.74778034358123
  out_SHO[65] = 26.865139913300695
  out_SHO[66] = 25.04660490806586
  out_SHO[67] = 18.41216437802274
  out_SHO[68] = 15.146433442304176
  out_SHO[69] = 12.785088718582324
  out_SHO[70] = 12.603265015943999
  out_SHO[71] = 10.501237834887378
  out_SHO[72] = 10.217773915995503
  out_SHO[73] = 9.15454189972411
  out_SHO[74] = 9.00619255308734
  out_SHO[75] = 7.780739775004618
  out_SHO[76] = 5.992761098455286
  out_SHO[77] = 4.779871405562617
  out_SHO[78] = 3.5629958872973577
  out_SHO[79] = 2.6061493961116446
  out_SHO[80] = 1.8323500164585729
  out_SHO[81] = 23.19180710506584
  out_SHO[82] = 260.05730384453915
  out_SHO[83] = 310.4463445557139
  out_SHO[84] = 327.8141613006279
  out_SHO[85] = 368.3242419642923
  out_SHO[86] = 367.29985169622574
  out_SHO[87] = 392.56334931271454
  out_SHO[88] = 364.0998652152451
  out_SHO[89] = 370.3959424661204
  out_SHO[90] = 316.43263381169584
  out_SHO[91] = 231.92053549096389
  out_SHO[92] = 230.10402906651655
  out_SHO[93] = 205.50535743034038
  out_SHO[94] = 253.9388285109485
  out_SHO[95] = 268.1829985315532
  out_SHO[96] = 229.81669167512396
  out_SHO[97] = 203.39262514967626
  out_SHO[98] = 164.72170300101715
  out_SHO[99] = 148.74713474802425
  out_SHO[100] = 118.52562992373574
  out_SHO[101] = 94.5116320580201
  out_SHO[102] = 83.62548218400153
  out_SHO[103] = 60.874080684058114
  out_SHO[104] = 46.82985881634186
  out_SHO[105] = 260.05730384453915
  out_SHO[106] = 310.4463445557139
  out_SHO[107] = 327.8141613006279
  out_SHO[108] = 368.3242419642923
  out_SHO[109] = 367.29985169622574
  out_SHO[110] = 392.56334931271454
  out_SHO[111] = 364.0998652152451
  out_SHO[112] = 370.3959424661204
  out_SHO[113] = 316.43263381169584
  out_SHO[114] = 231.92053549096389
  out_SHO[115] = 230.10402906651655
  out_SHO[116] = 205.50535743034038
  out_SHO[117] = 253.9388285109485
  out_SHO[118] = 268.1829985315532
  out_SHO[119] = 229.81669167512396
  out_SHO[120] = 203.39262514967626
  out_SHO[121] = 164.72170300101715
  out_SHO[122] = 148.74713474802425
  out_SHO[123] = 118.52562992373574
  out_SHO[124] = 94.5116320580201
  out_SHO[125] = 260.05730384453915
  out_SHO[126] = 310.4463445557139
  out_SHO[127] = 327.8141613006279
  out_SHO[128] = 368.3242419642923
  out_SHO[129] = 367.29985169622574
  out_SHO[130] = 392.56334931271454
  out_SHO[131] = 364.0998652152451
  out_SHO[132] = 370.3959424661204
  out_SHO[133] = 316.43263381169584
  out_SHO[134] = 231.92053549096389
  out_SHO[135] = 230.10402906651655
  out_SHO[136] = 205.50535743034038
  out_SHO[137] = 253.9388285109485
  out_SHO[138] = 268.1829985315532
  out_SHO[139] = 229.81669167512396
  out_SHO[140] = 203.39262514967626
  out_SHO[141] = 164.72170300101715
  out_SHO[142] = 148.74713474802425
  out_SHO[143] = 118.52562992373574
  out_SHO[144] = 94.5116320580201
  out_SHO[145] = 83.62548218400153
  out_SHO[146] = 60.874080684058114
  out_SHO[147] = 46.82985881634186
  out_SHO[148] = 36.74778034358123
  out_SHO[149] = 26.865139913300695
  out_SHO[150] = 25.04660490806586
  out_SHO[151] = 18.41216437802274
  out_SHO[152] = 15.146433442304176
  out_SHO[153] = 12.785088718582324
  out_SHO[154] = 12.603265015943999
  out_SHO[155] = 10.501237834887378
  out_SHO[156] = 10.217773915995503
  out_SHO[157] = 9.15454189972411
  out_SHO[158] = 9.00619255308734
  out_SHO[159] = 7.780739775004618
  out_SHO[160] = 5.992761098455286
  out_SHO[161] = 4.779871405562617
  out_SHO[162] = 3.5629958872973577
  out_SHO[163] = 2.6061493961116446
  out_SHO[164] = 1.8323500164585729
  out_SHO[165] = 23.19180710506584
  out_SHO[166] = 310.4463445557139
  out_SHO[167] = 327.8141613006279
  out_SHO[168] = 368.3242419642923
  out_SHO[169] = 367.29985169622574
  out_SHO[170] = 392.56334931271454
  out_SHO[171] = 364.0998652152451
  out_SHO[172] = 370.3959424661204
  out_SHO[173] = 316.43263381169584
  out_SHO[174] = 231.92053549096389
  out_SHO[175] = 230.10402906651655
  out_SHO[176] = 205.50535743034038
  out_SHO[177] = 253.9388285109485
  out_SHO[178] = 268.1829985315532
  out_SHO[179] = 229.81669167512396
  out_SHO[180] = 203.39262514967626
  out_SHO[181] = 164.72170300101715
  out_SHO[182] = 148.74713474802425
  out_SHO[183] = 118.52562992373574
  out_SHO[184] = 94.5116320580201
  out_SHO[185] = 83.62548218400153
  out_SHO[186] = 60.874080684058114
  out_SHO[187] = 46.82985881634186
  out_SHO[188] = 36.74778034358123
  out_SHO[189] = 26.865139913300695
  out_SHO[190] = 25.04660490806586
  out_SHO[191] = 18.41216437802274
  out_SHO[192] = 15.146433442304176
  out_SHO[193] = 12.785088718582324
  out_SHO[194] = 12.603265015943999
  out_SHO[195] = 10.501237834887378
  out_SHO[196] = 10.217773915995503
  out_SHO[197] = 9.15454189972411
  out_SHO[198] = 9.00619255308734
  out_SHO[199] = 7.780739775004618
  out_SHO[200] = 5.992761098455286
  out_SHO[201] = 4.779871405562617
  out_SHO[202] = 3.5629958872973577
  out_SHO[203] = 2.6061493961116446
  out_SHO[204] = 1.8323500164585729
  out_SHO[205] = 23.19180710506584
  out_SHO[206] = 260.05730384453915
  out_SHO[207] = 310.4463445557139
  out_SHO[208] = 327.8141613006279
  out_SHO[209] = 368.3242419642923
  out_SHO[210] = 367.29985169622574
  out_SHO[211] = 392.56334931271454
  out_SHO[212] = 364.0998652152451
  out_SHO[213] = 370.3959424661204
  out_SHO[214] = 316.43263381169584
  out_SHO[215] = 231.92053549096389
  out_SHO[216] = 230.10402906651655
  out_SHO[217] = 205.50535743034038
  out_SHO[218] = 253.9388285109485
  out_SHO[219] = 268.1829985315532
  out_SHO[220] = 229.81669167512396
  out_SHO[221] = 203.39262514967626
  out_SHO[222] = 164.72170300101715
  out_SHO[223] = 148.74713474802425
  out_SHO[224] = 118.52562992373574
  out_SHO[225] = 94.5116320580201
  out_SHO[226] = 83.62548218400153
  out_SHO[227] = 60.874080684058114
  out_SHO[228] = 46.82985881634186
  out_SHO[229] = 260.05730384453915
  out_SHO[230] = 310.4463445557139
  out_SHO[231] = 327.8141613006279
  out_SHO[232] = 368.3242419642923
  out_SHO[233] = 367.29985169622574
  out_SHO[234] = 392.56334931271454
  out_SHO[235] = 364.0998652152451
  out_SHO[236] = 370.3959424661204
  out_SHO[237] = 316.43263381169584
  out_SHO[238] = 231.92053549096389
  out_SHO[239] = 230.10402906651655
  out_SHO[240] = 205.50535743034038
  out_SHO[241] = 253.9388285109485
  out_SHO[242] = 268.1829985315532
  out_SHO[243] = 229.81669167512396
  out_SHO[244] = 203.39262514967626
  out_SHO[245] = 164.72170300101715
  out_SHO[246] = 148.74713474802425
  out_SHO[247] = 118.52562992373574
  out_SHO[248] = 94.5116320580201
  out_SHO[249] = 83.62548218400153
  out_SHO[250] = 60.874080684058114
  out_SHO[251] = 46.82985881634186
  out_SHO[252] = 36.74778034358123
  out_SHO[253] = 26.865139913300695
  out_SHO[254] = 25.04660490806586
  out_SHO[255] = 18.41216437802274
  out_SHO[256] = 15.146433442304176
  out_SHO[257] = 12.785088718582324
  out_SHO[258] = 12.603265015943999
  out_SHO[259] = 10.501237834887378
  out_SHO[260] = 10.217773915995503
  out_SHO[261] = 9.15454189972411
  out_SHO[262] = 9.00619255308734
  out_SHO[263] = 7.780739775004618
  out_SHO[264] = 5.992761098455286
  out_SHO[265] = 4.779871405562617
  out_SHO[266] = 3.5629958872973577
  out_SHO[267] = 2.6061493961116446
  out_SHO[268] = 1.8323500164585729
  out_SHO[269] = 23.19180710506584
  out_SHO[270] = 310.4463445557139
  out_SHO[271] = 327.8141613006279
  out_SHO[272] = 368.3242419642923
  out_SHO[273] = 367.29985169622574
  out_SHO[274] = 392.56334931271454
  out_SHO[275] = 364.0998652152451
  out_SHO[276] = 370.3959424661204
  out_SHO[277] = 316.43263381169584
  out_SHO[278] = 231.92053549096389
  out_SHO[279] = 230.10402906651655
  out_SHO[280] = 205.50535743034038
  out_SHO[281] = 253.9388285109485
  out_SHO[282] = 268.1829985315532
  out_SHO[283] = 229.81669167512396
  out_SHO[284] = 203.39262514967626
  out_SHO[285] = 164.72170300101715
  out_SHO[286] = 148.74713474802425
  out_SHO[287] = 118.52562992373574
  out_SHO[288] = 94.5116320580201
  out_SHO[289] = 83.62548218400153
  out_SHO[290] = 60.874080684058114
  out_SHO[291] = 46.82985881634186
  out_SHO[292] = 36.74778034358123
  out_SHO[293] = 26.865139913300695
  out_SHO[294] = 25.04660490806586
  out_SHO[295] = 18.41216437802274
  out_SHO[296] = 15.146433442304176
  out_SHO[297] = 12.785088718582324
  out_SHO[298] = 12.603265015943999
  out_SHO[299] = 10.501237834887378
  out_SHO[300] = 10.217773915995503
  out_SHO[301] = 9.15454189972411
  out_SHO[302] = 9.00619255308734
  out_SHO[303] = 7.780739775004618
  out_SHO[304] = 5.992761098455286
  out_SHO[305] = 4.779871405562617
  out_SHO[306] = 3.5629958872973577
  out_SHO[307] = 2.6061493961116446
  out_SHO[308] = 1.8323500164585729
  out_SHO[309] = 23.19180710506584
  out_SHO[310] = 260.05730384453915
  out_SHO[311] = 310.4463445557139
  out_SHO[312] = 327.8141613006279
  out_SHO[313] = 368.3242419642923
  out_SHO[314] = 367.29985169622574
  out_SHO[315] = 392.56334931271454
  out_SHO[316] = 364.0998652152451
  out_SHO[317] = 370.3959424661204
  out_SHO[318] = 316.43263381169584
  out_SHO[319] = 231.92053549096389
  out_SHO[320] = 230.10402906651655
  out_SHO[321] = 205.50535743034038
  out_SHO[322] = 253.9388285109485
  out_SHO[323] = 268.1829985315532
  out_SHO[324] = 229.81669167512396
  out_SHO[325] = 203.39262514967626
  out_SHO[326] = 164.72170300101715
  out_SHO[327] = 148.74713474802425
  out_SHO[328] = 118.52562992373574
  out_SHO[329] = 94.5116320580201
  out_SHO[330] = 83.62548218400153
  out_SHO[331] = 60.874080684058114
  out_SHO[332] = 46.82985881634186
  out_SHO[333] = 260.05730384453915
  out_SHO[334] = 310.4463445557139
  out_SHO[335] = 327.8141613006279
  out_SHO[336] = 368.3242419642923
  out_SHO[337] = 367.29985169622574
  out_SHO[338] = 392.56334931271454
  out_SHO[339] = 364.0998652152451
  out_SHO[340] = 370.3959424661204
  out_SHO[341] = 316.43263381169584
  out_SHO[342] = 231.92053549096389
  out_SHO[343] = 230.10402906651655
  out_SHO[344] = 205.50535743034038
  out_SHO[345] = 253.9388285109485
  out_SHO[346] = 268.1829985315532
  out_SHO[347] = 229.81669167512396
  out_SHO[348] = 203.39262514967626
  out_SHO[349] = 164.72170300101715
  out_SHO[350] = 148.74713474802425
  out_SHO[351] = 118.52562992373574
  out_SHO[352] = 94.5116320580201
  out_SHO[353] = 260.05730384453915
  out_SHO[354] = 310.4463445557139
  out_SHO[355] = 327.8141613006279
  out_SHO[356] = 368.3242419642923
  out_SHO[357] = 367.29985169622574
  out_SHO[358] = 392.56334931271454
  out_SHO[359] = 364.0998652152451
  out_SHO[360] = 370.3959424661204
  out_SHO[361] = 316.43263381169584
  out_SHO[362] = 231.92053549096389
  out_SHO[363] = 230.10402906651655
  out_SHO[364] = 205.50535743034038
  out_SHO[365] = 253.9388285109485
  out_SHO[366] = 268.1829985315532
  out_SHO[367] = 229.81669167512396
  out_SHO[368] = 203.39262514967626
  out_SHO[369] = 164.72170300101715
  out_SHO[370] = 148.74713474802425
  out_SHO[371] = 118.52562992373574
  out_SHO[372] = 94.5116320580201
  out_SHO[373] = 83.62548218400153
  out_SHO[374] = 60.874080684058114
  out_SHO[375] = 46.82985881634186
  out_SHO[376] = 36.74778034358123
  out_SHO[377] = 26.865139913300695
  out_SHO[378] = 25.04660490806586
  out_SHO[379] = 18.41216437802274
  out_SHO[380] = 15.146433442304176
  out_SHO[381] = 12.785088718582324
  out_SHO[382] = 12.603265015943999
  out_SHO[383] = 10.501237834887378
  out_SHO[384] = 10.217773915995503
  out_SHO[385] = 9.15454189972411
  out_SHO[386] = 9.00619255308734
  out_SHO[387] = 7.780739775004618
  out_SHO[388] = 5.992761098455286
  out_SHO[389] = 4.779871405562617
  out_SHO[390] = 3.5629958872973577
  out_SHO[391] = 2.6061493961116446
  out_SHO[392] = 1.8323500164585729
  out_SHO[393] = 23.19180710506584
  out_SHO[394] = 310.4463445557139
  out_SHO[395] = 327.8141613006279
  out_SHO[396] = 368.3242419642923
  out_SHO[397] = 367.29985169622574
  out_SHO[398] = 392.56334931271454
  out_SHO[399] = 364.0998652152451
  out_SHO[400] = 370.3959424661204
  out_SHO[401] = 316.43263381169584
  out_SHO[402] = 231.92053549096389
  out_SHO[403] = 230.10402906651655
  out_SHO[404] = 205.50535743034038
  out_SHO[405] = 253.9388285109485
  out_SHO[406] = 268.1829985315532
  out_SHO[407] = 229.81669167512396
  out_SHO[408] = 203.39262514967626
  out_SHO[409] = 164.72170300101715
  out_SHO[410] = 148.74713474802425
  out_SHO[411] = 118.52562992373574
  out_SHO[412] = 94.5116320580201
  out_SHO[413] = 83.62548218400153
  out_SHO[414] = 60.874080684058114
  out_SHO[415] = 46.82985881634186
  out_SHO[416] = 36.74778034358123
  out_SHO[417] = 26.865139913300695
  out_SHO[418] = 25.04660490806586
  out_SHO[419] = 18.41216437802274
  out_SHO[420] = 15.146433442304176
  out_SHO[421] = 12.785088718582324
  out_SHO[422] = 12.603265015943999
  out_SHO[423] = 10.501237834887378
  out_SHO[424] = 10.217773915995503
  out_SHO[425] = 9.15454189972411
  out_SHO[426] = 9.00619255308734
  out_SHO[427] = 7.780739775004618
  out_SHO[428] = 5.992761098455286
  out_SHO[429] = 4.779871405562617
  out_SHO[430] = 3.5629958872973577
  out_SHO[431] = 2.6061493961116446
  out_SHO[432] = 1.8323500164585729
  out_SHO[433] = 23.19180710506584
  out_SHO[434] = 260.05730384453915
  out_SHO[435] = 310.4463445557139
  out_SHO[436] = 327.8141613006279
  out_SHO[437] = 368.3242419642923
  out_SHO[438] = 367.29985169622574
  out_SHO[439] = 392.56334931271454
  out_SHO[440] = 364.0998652152451
  out_SHO[441] = 370.3959424661204
  out_SHO[442] = 316.43263381169584
  out_SHO[443] = 231.92053549096389
  out_SHO[444] = 230.10402906651655
  out_SHO[445] = 205.50535743034038
  out_SHO[446] = 253.9388285109485
  out_SHO[447] = 268.1829985315532
  out_SHO[448] = 229.81669167512396
  out_SHO[449] = 203.39262514967626
  out_SHO[450] = 164.72170300101715
  out_SHO[451] = 148.74713474802425
  out_SHO[452] = 118.52562992373574
  out_SHO[453] = 94.5116320580201
  out_SHO[454] = 83.62548218400153
  out_SHO[455] = 60.874080684058114
  out_SHO[456] = 46.82985881634186
  out_SHO[457] = 260.05730384453915
  out_SHO[458] = 310.4463445557139
  out_SHO[459] = 327.8141613006279
  out_SHO[460] = 368.3242419642923
  out_SHO[461] = 367.29985169622574
  out_SHO[462] = 392.56334931271454
  out_SHO[463] = 364.0998652152451
  out_SHO[464] = 370.3959424661204
  out_SHO[465] = 316.43263381169584
  out_SHO[466] = 231.92053549096389
  out_SHO[467] = 230.10402906651655
  out_SHO[468] = 205.50535743034038
  out_SHO[469] = 253.9388285109485
  out_SHO[470] = 268.1829985315532
  out_SHO[471] = 229.81669167512396
  out_SHO[472] = 203.39262514967626
  out_SHO[473] = 164.72170300101715
  out_SHO[474] = 148.74713474802425
  out_SHO[475] = 118.52562992373574
  out_SHO[476] = 94.5116320580201
  out_SHO[477] = 83.62548218400153
  out_SHO[478] = 60.874080684058114
  out_SHO[479] = 46.82985881634186
  out_SHO[480] = 36.74778034358123
  out_SHO[481] = 26.865139913300695
  out_SHO[482] = 25.04660490806586
  out_SHO[483] = 18.41216437802274
  out_SHO[484] = 15.146433442304176
  out_SHO[485] = 12.785088718582324
  out_SHO[486] = 12.603265015943999
  out_SHO[487] = 10.501237834887378
  out_SHO[488] = 10.217773915995503
  out_SHO[489] = 9.15454189972411
  out_SHO[490] = 9.00619255308734
  out_SHO[491] = 7.780739775004618
  out_SHO[492] = 5.992761098455286
  out_SHO[493] = 4.779871405562617
  out_SHO[494] = 3.5629958872973577
  out_SHO[495] = 2.6061493961116446
  out_SHO[496] = 1.8323500164585729
  out_SHO[497] = 23.19180710506584
  out_SHO[498] = 310.4463445557139
  out_SHO[499] = 327.8141613006279
  out_SHO[500] = 368.3242419642923
  out_SHO[501] = 367.29985169622574
  out_SHO[502] = 392.56334931271454
  out_SHO[503] = 364.0998652152451
  out_SHO[504] = 370.3959424661204
  out_SHO[505] = 316.43263381169584
  out_SHO[506] = 231.92053549096389
  out_SHO[507] = 230.10402906651655
  out_SHO[508] = 205.50535743034038
  out_SHO[509] = 253.9388285109485
  out_SHO[510] = 268.1829985315532
  out_SHO[511] = 229.81669167512396
  out_SHO[512] = 203.39262514967626
  out_SHO[513] = 164.72170300101715
  out_SHO[514] = 148.74713474802425
  out_SHO[515] = 118.52562992373574
  out_SHO[516] = 94.5116320580201
  out_SHO[517] = 83.62548218400153
  out_SHO[518] = 60.874080684058114
  out_SHO[519] = 46.82985881634186
  out_SHO[520] = 36.74778034358123
  out_SHO[521] = 26.865139913300695
  out_SHO[522] = 25.04660490806586
  out_SHO[523] = 18.41216437802274
  out_SHO[524] = 15.146433442304176
  out_SHO[525] = 12.785088718582324
  out_SHO[526] = 12.603265015943999
  out_SHO[527] = 10.501237834887378
  out_SHO[528] = 10.217773915995503
  out_SHO[529] = 9.15454189972411
  out_SHO[530] = 9.00619255308734
  out_SHO[531] = 7.780739775004618
  out_SHO[532] = 5.992761098455286
  out_SHO[533] = 4.779871405562617
  out_SHO[534] = 3.5629958872973577
  out_SHO[535] = 2.6061493961116446
  out_SHO[536] = 1.8323500164585729
  out_SHO[537] = 23.19180710506584
  out_SHO[538] = 260.05730384453915
  out_SHO[539] = 310.4463445557139
  out_SHO[540] = 327.8141613006279
  out_SHO[541] = 368.3242419642923
  out_SHO[542] = 367.29985169622574
  out_SHO[543] = 392.56334931271454
  out_SHO[544] = 364.0998652152451
  out_SHO[545] = 370.3959424661204
  out_SHO[546] = 316.43263381169584
  out_SHO[547] = 231.92053549096389
  out_SHO[548] = 230.10402906651655
  out_SHO[549] = 205.50535743034038
  out_SHO[550] = 253.9388285109485
  out_SHO[551] = 268.1829985315532
  out_SHO[552] = 229.81669167512396
  out_SHO[553] = 203.39262514967626
  out_SHO[554] = 164.72170300101715
  out_SHO[555] = 148.74713474802425
  out_SHO[556] = 118.52562992373574
  out_SHO[557] = 94.5116320580201
  out_SHO[558] = 83.62548218400153
  out_SHO[559] = 60.874080684058114
  out_SHO[560] = 46.82985881634186
  out_SHO[561] = 260.05730384453915
  out_SHO[562] = 310.4463445557139
  out_SHO[563] = 327.8141613006279
  out_SHO[564] = 368.3242419642923
  out_SHO[565] = 367.29985169622574
  out_SHO[566] = 392.56334931271454
  out_SHO[567] = 364.0998652152451
  out_SHO[568] = 370.3959424661204
  out_SHO[569] = 316.43263381169584
  out_SHO[570] = 231.92053549096389
  out_SHO[571] = 230.10402906651655
  out_SHO[572] = 205.50535743034038
  out_SHO[573] = 253.9388285109485
  out_SHO[574] = 268.1829985315532
  out_SHO[575] = 229.81669167512396
  out_SHO[576] = 203.39262514967626
  out_SHO[577] = 164.72170300101715
  out_SHO[578] = 148.74713474802425
  out_SHO[579] = 118.52562992373574
  out_SHO[580] = 94.5116320580201
  out_SHO[581] = 260.05730384453915
  out_SHO[582] = 310.4463445557139
  out_SHO[583] = 327.8141613006279
  out_SHO[584] = 368.3242419642923
  out_SHO[585] = 367.29985169622574
  out_SHO[586] = 392.56334931271454
  out_SHO[587] = 364.0998652152451
  out_SHO[588] = 370.3959424661204
  out_SHO[589] = 316.43263381169584
  out_SHO[590] = 231.92053549096389
  out_SHO[591] = 230.10402906651655
  out_SHO[592] = 205.50535743034038
  out_SHO[593] = 253.9388285109485
  out_SHO[594] = 268.1829985315532
  out_SHO[595] = 229.81669167512396
  out_SHO[596] = 203.39262514967626
  out_SHO[597] = 164.72170300101715
  out_SHO[598] = 148.74713474802425
  out_SHO[599] = 118.52562992373574
  out_SHO[600] = 94.5116320580201
  out_SHO[601] = 83.62548218400153
  out_SHO[602] = 60.874080684058114
  out_SHO[603] = 46.82985881634186
  out_SHO[604] = 36.74778034358123
  out_SHO[605] = 26.865139913300695
  out_SHO[606] = 25.04660490806586
  out_SHO[607] = 18.41216437802274
  out_SHO[608] = 15.146433442304176
  out_SHO[609] = 12.785088718582324
  out_SHO[610] = 12.603265015943999
  out_SHO[611] = 10.501237834887378
  out_SHO[612] = 10.217773915995503
  out_SHO[613] = 9.15454189972411
  out_SHO[614] = 9.00619255308734
  out_SHO[615] = 7.780739775004618
  out_SHO[616] = 5.992761098455286
  out_SHO[617] = 4.779871405562617
  out_SHO[618] = 3.5629958872973577
  out_SHO[619] = 2.6061493961116446
  out_SHO[620] = 1.8323500164585729
  out_SHO[621] = 23.19180710506584
  out_SHO[622] = 310.4463445557139
  out_SHO[623] = 327.8141613006279
  out_SHO[624] = 368.3242419642923
  out_SHO[625] = 367.29985169622574
  out_SHO[626] = 392.56334931271454
  out_SHO[627] = 364.0998652152451
  out_SHO[628] = 370.3959424661204
  out_SHO[629] = 316.43263381169584
  out_SHO[630] = 231.92053549096389
  out_SHO[631] = 230.10402906651655
  out_SHO[632] = 205.50535743034038
  out_SHO[633] = 253.9388285109485
  out_SHO[634] = 268.1829985315532
  out_SHO[635] = 229.81669167512396
  out_SHO[636] = 203.39262514967626
  out_SHO[637] = 164.72170300101715
  out_SHO[638] = 148.74713474802425
  out_SHO[639] = 118.52562992373574
  out_SHO[640] = 94.5116320580201
  out_SHO[641] = 83.62548218400153
  out_SHO[642] = 60.874080684058114
  out_SHO[643] = 46.82985881634186
  out_SHO[644] = 36.74778034358123
  out_SHO[645] = 26.865139913300695
  out_SHO[646] = 25.04660490806586
  out_SHO[647] = 18.41216437802274
  out_SHO[648] = 15.146433442304176
  out_SHO[649] = 12.785088718582324
  out_SHO[650] = 12.603265015943999
  out_SHO[651] = 10.501237834887378
  out_SHO[652] = 10.217773915995503
  out_SHO[653] = 9.15454189972411
  out_SHO[654] = 9.00619255308734
  out_SHO[655] = 7.780739775004618
  out_SHO[656] = 5.992761098455286
  out_SHO[657] = 4.779871405562617
  out_SHO[658] = 3.5629958872973577
  out_SHO[659] = 2.6061493961116446
  out_SHO[660] = 1.8323500164585729
  out_SHO[661] = 23.19180710506584
  out_SHO[662] = 260.05730384453915
  out_SHO[663] = 310.4463445557139
  out_SHO[664] = 327.8141613006279
  out_SHO[665] = 368.3242419642923
  out_SHO[666] = 367.29985169622574
  out_SHO[667] = 392.56334931271454
  out_SHO[668] = 364.0998652152451
  out_SHO[669] = 370.3959424661204
  out_SHO[670] = 316.43263381169584
  out_SHO[671] = 231.92053549096389
  out_SHO[672] = 230.10402906651655
  out_SHO[673] = 205.50535743034038
  out_SHO[674] = 253.9388285109485
  out_SHO[675] = 268.1829985315532
  out_SHO[676] = 229.81669167512396
  out_SHO[677] = 203.39262514967626
  out_SHO[678] = 164.72170300101715
  out_SHO[679] = 148.74713474802425
  out_SHO[680] = 118.52562992373574
  out_SHO[681] = 94.5116320580201
  out_SHO[682] = 83.62548218400153
  out_SHO[683] = 60.874080684058114
  out_SHO[684] = 46.82985881634186
  out_activity[1] = 52.01146076890783
  out_activity[2] = 62.08926891114278
  out_activity[3] = 65.56283226012559
  out_activity[4] = 73.66484839285846
  out_activity[5] = 73.45997033924515
  out_activity[6] = 78.51266986254291
  out_activity[7] = 72.81997304304902
  out_activity[8] = 74.07918849322408
  out_activity[9] = 63.286526762339165
  out_activity[10] = 46.38410709819278
  out_activity[11] = 46.02080581330331
  out_activity[12] = 41.10107148606808
  out_activity[13] = 50.7877657021897
  out_activity[14] = 53.63659970631064
  out_activity[15] = 45.963338335024794
  out_activity[16] = 40.67852502993525
  out_activity[17] = 32.94434060020343
  out_activity[18] = 29.74942694960485
  out_activity[19] = 23.70512598474715
  out_activity[20] = 18.90232641160402
  out_activity[21] = 16.725096436800307
  out_activity[22] = 12.174816136811623
  out_activity[23] = 9.365971763268373
  out_activity[24] = 7.349556068716247
  out_activity[25] = 5.373027982660139
  out_activity[26] = 5.009320981613172
  out_activity[27] = 3.6824328756045484
  out_activity[28] = 3.029286688460835
  out_activity[29] = 2.557017743716465
  out_activity[30] = 2.5206530031887997
  out_activity[31] = 2.1002475669774756
  out_activity[32] = 2.0435547831991006
  out_activity[33] = 1.830908379944822
  out_activity[34] = 1.801238510617468
  out_activity[35] = 1.5561479550009236
  out_activity[36] = 1.1985522196910572
  out_activity[37] = 0.9559742811125235
  out_activity[38] = 0.7125991774594715
  out_activity[39] = 0.5212298792223289
  out_activity[40] = 0.3664700032917146
  out_activity[41] = 4.638361421013168
  out_activity[42] = 62.08926891114278
  out_activity[43] = 65.56283226012559
  out_activity[44] = 73.66484839285846
  out_activity[45] = 73.45997033924515
  out_activity[46] = 78.51266986254291
  out_activity[47] = 72.81997304304902
  out_activity[48] = 74.07918849322408
  out_activity[49] = 63.286526762339165
  out_activity[50] = 46.38410709819278
  out_activity[51] = 46.02080581330331
  out_activity[52] = 41.10107148606808
  out_activity[53] = 50.7877657021897
  out_activity[54] = 53.63659970631064
  out_activity[55] = 45.963338335024794
  out_activity[56] = 40.67852502993525
  out_activity[57] = 32.94434060020343
  out_activity[58] = 29.74942694960485
  out_activity[59] = 23.70512598474715
  out_activity[60] = 18.90232641160402
  out_activity[61] = 16.725096436800307
  out_activity[62] = 12.174816136811623
  out_activity[63] = 9.365971763268373
  out_activity[64] = 7.349556068716247
  out_activity[65] = 5.373027982660139
  out_activity[66] = 5.009320981613172
  out_activity[67] = 3.6824328756045484
  out_activity[68] = 3.029286688460835
  out_activity[69] = 2.557017743716465
  out_activity[70] = 2.5206530031887997
  out_activity[71] = 2.1002475669774756
  out_activity[72] = 2.0435547831991006
  out_activity[73] = 1.830908379944822
  out_activity[74] = 1.801238510617468
  out_activity[75] = 1.5561479550009236
  out_activity[76] = 1.1985522196910572
  out_activity[77] = 0.9559742811125235
  out_activity[78] = 0.7125991774594715
  out_activity[79] = 0.5212298792223289
  out_activity[80] = 0.3664700032917146
  out_activity[81] = 4.638361421013168
  out_activity[82] = 52.01146076890783
  out_activity[83] = 62.08926891114278
  out_activity[84] = 65.56283226012559
  out_activity[85] = 73.66484839285846
  out_activity[86] = 73.45997033924515
  out_activity[87] = 78.51266986254291
  out_activity[88] = 72.81997304304902
  out_activity[89] = 74.07918849322408
  out_activity[90] = 63.286526762339165
  out_activity[91] = 46.38410709819278
  out_activity[92] = 46.02080581330331
  out_activity[93] = 41.10107148606808
  out_activity[94] = 50.7877657021897
  out_activity[95] = 53.63659970631064
  out_activity[96] = 45.963338335024794
  out_activity[97] = 40.67852502993525
  out_activity[98] = 32.94434060020343
  out_activity[99] = 29.74942694960485
  out_activity[100] = 23.70512598474715
  out_activity[101] = 18.90232641160402
  out_activity[102] = 16.725096436800307
  out_activity[103] = 12.174816136811623
  out_activity[104] = 9.365971763268373
  out_activity[105] = 52.01146076890783
  out_activity[106] = 62.08926891114278
  out_activity[107] = 65.56283226012559
  out_activity[108] = 73.66484839285846
  out_activity[109] = 73.45997033924515
  out_activity[110] = 78.51266986254291
  out_activity[111] = 72.81997304304902
  out_activity[112] = 74.07918849322408
  out_activity[113] = 63.286526762339165
  out_activity[114] = 46.38410709819278
  out_activity[115] = 46.02080581330331
  out_activity[116] = 41.10107148606808
  out_activity[117] = 50.7877657021897
  out_activity[118] = 53.63659970631064
  out_activity[119] = 45.963338335024794
  out_activity[120] = 40.67852502993525
  out_activity[121] = 32.94434060020343
  out_activity[122] = 29.74942694960485
  out_activity[123] = 23.70512598474715
  out_activity[124] = 18.90232641160402
  out_activity[125] = 52.01146076890783
  out_activity[126] = 62.08926891114278
  out_activity[127] = 65.56283226012559
  out_activity[128] = 73.66484839285846
  out_activity[129] = 73.45997033924515
  out_activity[130] = 78.51266986254291
  out_activity[131] = 72.81997304304902
  out_activity[132] = 74.07918849322408
  out_activity[133] = 63.286526762339165
  out_activity[134] = 46.38410709819278
  out_activity[135] = 46.02080581330331
  out_activity[136] = 41.10107148606808
  out_activity[137] = 50.7877657021897
  out_activity[138] = 53.63659970631064
  out_activity[139] = 45.963338335024794
  out_activity[140] = 40.67852502993525
  out_activity[141] = 32.94434060020343
  out_activity[142] = 29.74942694960485
  out_activity[143] = 23.70512598474715
  out_activity[144] = 18.90232641160402
  out_activity[145] = 16.725096436800307
  out_activity[146] = 12.174816136811623
  out_activity[147] = 9.365971763268373
  out_activity[148] = 7.349556068716247
  out_activity[149] = 5.373027982660139
  out_activity[150] = 5.009320981613172
  out_activity[151] = 3.6824328756045484
  out_activity[152] = 3.029286688460835
  out_activity[153] = 2.557017743716465
  out_activity[154] = 2.5206530031887997
  out_activity[155] = 2.1002475669774756
  out_activity[156] = 2.0435547831991006
  out_activity[157] = 1.830908379944822
  out_activity[158] = 1.801238510617468
  out_activity[159] = 1.5561479550009236
  out_activity[160] = 1.1985522196910572
  out_activity[161] = 0.9559742811125235
  out_activity[162] = 0.7125991774594715
  out_activity[163] = 0.5212298792223289
  out_activity[164] = 0.3664700032917146
  out_activity[165] = 4.638361421013168
  out_activity[166] = 62.08926891114278
  out_activity[167] = 65.56283226012559
  out_activity[168] = 73.66484839285846
  out_activity[169] = 73.45997033924515
  out_activity[170] = 78.51266986254291
  out_activity[171] = 72.81997304304902
  out_activity[172] = 74.07918849322408
  out_activity[173] = 63.286526762339165
  out_activity[174] = 46.38410709819278
  out_activity[175] = 46.02080581330331
  out_activity[176] = 41.10107148606808
  out_activity[177] = 50.7877657021897
  out_activity[178] = 53.63659970631064
  out_activity[179] = 45.963338335024794
  out_activity[180] = 40.67852502993525
  out_activity[181] = 32.94434060020343
  out_activity[182] = 29.74942694960485
  out_activity[183] = 23.70512598474715
  out_activity[184] = 18.90232641160402
  out_activity[185] = 16.725096436800307
  out_activity[186] = 12.174816136811623
  out_activity[187] = 9.365971763268373
  out_activity[188] = 7.349556068716247
  out_activity[189] = 5.373027982660139
  out_activity[190] = 5.009320981613172
  out_activity[191] = 3.6824328756045484
  out_activity[192] = 3.029286688460835
  out_activity[193] = 2.557017743716465
  out_activity[194] = 2.5206530031887997
  out_activity[195] = 2.1002475669774756
  out_activity[196] = 2.0435547831991006
  out_activity[197] = 1.830908379944822
  out_activity[198] = 1.801238510617468
  out_activity[199] = 1.5561479550009236
  out_activity[200] = 1.1985522196910572
  out_activity[201] = 0.9559742811125235
  out_activity[202] = 0.7125991774594715
  out_activity[203] = 0.5212298792223289
  out_activity[204] = 0.3664700032917146
  out_activity[205] = 4.638361421013168
  out_activity[206] = 52.01146076890783
  out_activity[207] = 62.08926891114278
  out_activity[208] = 65.56283226012559
  out_activity[209] = 73.66484839285846
  out_activity[210] = 73.45997033924515
  out_activity[211] = 78.51266986254291
  out_activity[212] = 72.81997304304902
  out_activity[213] = 74.07918849322408
  out_activity[214] = 63.286526762339165
  out_activity[215] = 46.38410709819278
  out_activity[216] = 46.02080581330331
  out_activity[217] = 41.10107148606808
  out_activity[218] = 50.7877657021897
  out_activity[219] = 53.63659970631064
  out_activity[220] = 45.963338335024794
  out_activity[221] = 40.67852502993525
  out_activity[222] = 32.94434060020343
  out_activity[223] = 29.74942694960485
  out_activity[224] = 23.70512598474715
  out_activity[225] = 18.90232641160402
  out_activity[226] = 16.725096436800307
  out_activity[227] = 12.174816136811623
  out_activity[228] = 9.365971763268373
  out_activity[229] = 52.01146076890783
  out_activity[230] = 62.08926891114278
  out_activity[231] = 65.56283226012559
  out_activity[232] = 73.66484839285846
  out_activity[233] = 73.45997033924515
  out_activity[234] = 78.51266986254291
  out_activity[235] = 72.81997304304902
  out_activity[236] = 74.07918849322408
  out_activity[237] = 63.286526762339165
  out_activity[238] = 46.38410709819278
  out_activity[239] = 46.02080581330331
  out_activity[240] = 41.10107148606808
  out_activity[241] = 50.7877657021897
  out_activity[242] = 53.63659970631064
  out_activity[243] = 45.963338335024794
  out_activity[244] = 40.67852502993525
  out_activity[245] = 32.94434060020343
  out_activity[246] = 29.74942694960485
  out_activity[247] = 23.70512598474715
  out_activity[248] = 18.90232641160402
  out_activity[249] = 16.725096436800307
  out_activity[250] = 12.174816136811623
  out_activity[251] = 9.365971763268373
  out_activity[252] = 7.349556068716247
  out_activity[253] = 5.373027982660139
  out_activity[254] = 5.009320981613172
  out_activity[255] = 3.6824328756045484
  out_activity[256] = 3.029286688460835
  out_activity[257] = 2.557017743716465
  out_activity[258] = 2.5206530031887997
  out_activity[259] = 2.1002475669774756
  out_activity[260] = 2.0435547831991006
  out_activity[261] = 1.830908379944822
  out_activity[262] = 1.801238510617468
  out_activity[263] = 1.5561479550009236
  out_activity[264] = 1.1985522196910572
  out_activity[265] = 0.9559742811125235
  out_activity[266] = 0.7125991774594715
  out_activity[267] = 0.5212298792223289
  out_activity[268] = 0.3664700032917146
  out_activity[269] = 4.638361421013168
  out_activity[270] = 62.08926891114278
  out_activity[271] = 65.56283226012559
  out_activity[272] = 73.66484839285846
  out_activity[273] = 73.45997033924515
  out_activity[274] = 78.51266986254291
  out_activity[275] = 72.81997304304902
  out_activity[276] = 74.07918849322408
  out_activity[277] = 63.286526762339165
  out_activity[278] = 46.38410709819278
  out_activity[279] = 46.02080581330331
  out_activity[280] = 41.10107148606808
  out_activity[281] = 50.7877657021897
  out_activity[282] = 53.63659970631064
  out_activity[283] = 45.963338335024794
  out_activity[284] = 40.67852502993525
  out_activity[285] = 32.94434060020343
  out_activity[286] = 29.74942694960485
  out_activity[287] = 23.70512598474715
  out_activity[288] = 18.90232641160402
  out_activity[289] = 16.725096436800307
  out_activity[290] = 12.174816136811623
  out_activity[291] = 9.365971763268373
  out_activity[292] = 7.349556068716247
  out_activity[293] = 5.373027982660139
  out_activity[294] = 5.009320981613172
  out_activity[295] = 3.6824328756045484
  out_activity[296] = 3.029286688460835
  out_activity[297] = 2.557017743716465
  out_activity[298] = 2.5206530031887997
  out_activity[299] = 2.1002475669774756
  out_activity[300] = 2.0435547831991006
  out_activity[301] = 1.830908379944822
  out_activity[302] = 1.801238510617468
  out_activity[303] = 1.5561479550009236
  out_activity[304] = 1.1985522196910572
  out_activity[305] = 0.9559742811125235
  out_activity[306] = 0.7125991774594715
  out_activity[307] = 0.5212298792223289
  out_activity[308] = 0.3664700032917146
  out_activity[309] = 4.638361421013168
  out_activity[310] = 52.01146076890783
  out_activity[311] = 62.08926891114278
  out_activity[312] = 65.56283226012559
  out_activity[313] = 73.66484839285846
  out_activity[314] = 73.45997033924515
  out_activity[315] = 78.51266986254291
  out_activity[316] = 72.81997304304902
  out_activity[317] = 74.07918849322408
  out_activity[318] = 63.286526762339165
  out_activity[319] = 46.38410709819278
  out_activity[320] = 46.02080581330331
  out_activity[321] = 41.10107148606808
  out_activity[322] = 50.7877657021897
  out_activity[323] = 53.63659970631064
  out_activity[324] = 45.963338335024794
  out_activity[325] = 40.67852502993525
  out_activity[326] = 32.94434060020343
  out_activity[327] = 29.74942694960485
  out_activity[328] = 23.70512598474715
  out_activity[329] = 18.90232641160402
  out_activity[330] = 16.725096436800307
  out_activity[331] = 12.174816136811623
  out_activity[332] = 9.365971763268373
  out_activity[333] = 52.01146076890783
  out_activity[334] = 62.08926891114278
  out_activity[335] = 65.56283226012559
  out_activity[336] = 73.66484839285846
  out_activity[337] = 73.45997033924515
  out_activity[338] = 78.51266986254291
  out_activity[339] = 72.81997304304902
  out_activity[340] = 74.07918849322408
  out_activity[341] = 63.286526762339165
  out_activity[342] = 46.38410709819278
  out_activity[343] = 46.02080581330331
  out_activity[344] = 41.10107148606808
  out_activity[345] = 50.7877657021897
  out_activity[346] = 53.63659970631064
  out_activity[347] = 45.963338335024794
  out_activity[348] = 40.67852502993525
  out_activity[349] = 32.94434060020343
  out_activity[350] = 29.74942694960485
  out_activity[351] = 23.70512598474715
  out_activity[352] = 18.90232641160402
  out_activity[353] = 52.01146076890783
  out_activity[354] = 62.08926891114278
  out_activity[355] = 65.56283226012559
  out_activity[356] = 73.66484839285846
  out_activity[357] = 73.45997033924515
  out_activity[358] = 78.51266986254291
  out_activity[359] = 72.81997304304902
  out_activity[360] = 74.07918849322408
  out_activity[361] = 63.286526762339165
  out_activity[362] = 46.38410709819278
  out_activity[363] = 46.02080581330331
  out_activity[364] = 41.10107148606808
  out_activity[365] = 50.7877657021897
  out_activity[366] = 53.63659970631064
  out_activity[367] = 45.963338335024794
  out_activity[368] = 40.67852502993525
  out_activity[369] = 32.94434060020343
  out_activity[370] = 29.74942694960485
  out_activity[371] = 23.70512598474715
  out_activity[372] = 18.90232641160402
  out_activity[373] = 16.725096436800307
  out_activity[374] = 12.174816136811623
  out_activity[375] = 9.365971763268373
  out_activity[376] = 7.349556068716247
  out_activity[377] = 5.373027982660139
  out_activity[378] = 5.009320981613172
  out_activity[379] = 3.6824328756045484
  out_activity[380] = 3.029286688460835
  out_activity[381] = 2.557017743716465
  out_activity[382] = 2.5206530031887997
  out_activity[383] = 2.1002475669774756
  out_activity[384] = 2.0435547831991006
  out_activity[385] = 1.830908379944822
  out_activity[386] = 1.801238510617468
  out_activity[387] = 1.5561479550009236
  out_activity[388] = 1.1985522196910572
  out_activity[389] = 0.9559742811125235
  out_activity[390] = 0.7125991774594715
  out_activity[391] = 0.5212298792223289
  out_activity[392] = 0.3664700032917146
  out_activity[393] = 4.638361421013168
  out_activity[394] = 62.08926891114278
  out_activity[395] = 65.56283226012559
  out_activity[396] = 73.66484839285846
  out_activity[397] = 73.45997033924515
  out_activity[398] = 78.51266986254291
  out_activity[399] = 72.81997304304902
  out_activity[400] = 74.07918849322408
  out_activity[401] = 63.286526762339165
  out_activity[402] = 46.38410709819278
  out_activity[403] = 46.02080581330331
  out_activity[404] = 41.10107148606808
  out_activity[405] = 50.7877657021897
  out_activity[406] = 53.63659970631064
  out_activity[407] = 45.963338335024794
  out_activity[408] = 40.67852502993525
  out_activity[409] = 32.94434060020343
  out_activity[410] = 29.74942694960485
  out_activity[411] = 23.70512598474715
  out_activity[412] = 18.90232641160402
  out_activity[413] = 16.725096436800307
  out_activity[414] = 12.174816136811623
  out_activity[415] = 9.365971763268373
  out_activity[416] = 7.349556068716247
  out_activity[417] = 5.373027982660139
  out_activity[418] = 5.009320981613172
  out_activity[419] = 3.6824328756045484
  out_activity[420] = 3.029286688460835
  out_activity[421] = 2.557017743716465
  out_activity[422] = 2.5206530031887997
  out_activity[423] = 2.1002475669774756
  out_activity[424] = 2.0435547831991006
  out_activity[425] = 1.830908379944822
  out_activity[426] = 1.801238510617468
  out_activity[427] = 1.5561479550009236
  out_activity[428] = 1.1985522196910572
  out_activity[429] = 0.9559742811125235
  out_activity[430] = 0.7125991774594715
  out_activity[431] = 0.5212298792223289
  out_activity[432] = 0.3664700032917146
  out_activity[433] = 4.638361421013168
  out_activity[434] = 52.01146076890783
  out_activity[435] = 62.08926891114278
  out_activity[436] = 65.56283226012559
  out_activity[437] = 73.66484839285846
  out_activity[438] = 73.45997033924515
  out_activity[439] = 78.51266986254291
  out_activity[440] = 72.81997304304902
  out_activity[441] = 74.07918849322408
  out_activity[442] = 63.286526762339165
  out_activity[443] = 46.38410709819278
  out_activity[444] = 46.02080581330331
  out_activity[445] = 41.10107148606808
  out_activity[446] = 50.7877657021897
  out_activity[447] = 53.63659970631064
  out_activity[448] = 45.963338335024794
  out_activity[449] = 40.67852502993525
  out_activity[450] = 32.94434060020343
  out_activity[451] = 29.74942694960485
  out_activity[452] = 23.70512598474715
  out_activity[453] = 18.90232641160402
  out_activity[454] = 16.725096436800307
  out_activity[455] = 12.174816136811623
  out_activity[456] = 9.365971763268373
  out_activity[457] = 52.01146076890783
  out_activity[458] = 62.08926891114278
  out_activity[459] = 65.56283226012559
  out_activity[460] = 73.66484839285846
  out_activity[461] = 73.45997033924515
  out_activity[462] = 78.51266986254291
  out_activity[463] = 72.81997304304902
  out_activity[464] = 74.07918849322408
  out_activity[465] = 63.286526762339165
  out_activity[466] = 46.38410709819278
  out_activity[467] = 46.02080581330331
  out_activity[468] = 41.10107148606808
  out_activity[469] = 50.7877657021897
  out_activity[470] = 53.63659970631064
  out_activity[471] = 45.963338335024794
  out_activity[472] = 40.67852502993525
  out_activity[473] = 32.94434060020343
  out_activity[474] = 29.74942694960485
  out_activity[475] = 23.70512598474715
  out_activity[476] = 18.90232641160402
  out_activity[477] = 16.725096436800307
  out_activity[478] = 12.174816136811623
  out_activity[479] = 9.365971763268373
  out_activity[480] = 7.349556068716247
  out_activity[481] = 5.373027982660139
  out_activity[482] = 5.009320981613172
  out_activity[483] = 3.6824328756045484
  out_activity[484] = 3.029286688460835
  out_activity[485] = 2.557017743716465
  out_activity[486] = 2.5206530031887997
  out_activity[487] = 2.1002475669774756
  out_activity[488] = 2.0435547831991006
  out_activity[489] = 1.830908379944822
  out_activity[490] = 1.801238510617468
  out_activity[491] = 1.5561479550009236
  out_activity[492] = 1.1985522196910572
  out_activity[493] = 0.9559742811125235
  out_activity[494] = 0.7125991774594715
  out_activity[495] = 0.5212298792223289
  out_activity[496] = 0.3664700032917146
  out_activity[497] = 4.638361421013168
  out_activity[498] = 62.08926891114278
  out_activity[499] = 65.56283226012559
  out_activity[500] = 73.66484839285846
  out_activity[501] = 73.45997033924515
  out_activity[502] = 78.51266986254291
  out_activity[503] = 72.81997304304902
  out_activity[504] = 74.07918849322408
  out_activity[505] = 63.286526762339165
  out_activity[506] = 46.38410709819278
  out_activity[507] = 46.02080581330331
  out_activity[508] = 41.10107148606808
  out_activity[509] = 50.7877657021897
  out_activity[510] = 53.63659970631064
  out_activity[511] = 45.963338335024794
  out_activity[512] = 40.67852502993525
  out_activity[513] = 32.94434060020343
  out_activity[514] = 29.74942694960485
  out_activity[515] = 23.70512598474715
  out_activity[516] = 18.90232641160402
  out_activity[517] = 16.725096436800307
  out_activity[518] = 12.174816136811623
  out_activity[519] = 9.365971763268373
  out_activity[520] = 7.349556068716247
  out_activity[521] = 5.373027982660139
  out_activity[522] = 5.009320981613172
  out_activity[523] = 3.6824328756045484
  out_activity[524] = 3.029286688460835
  out_activity[525] = 2.557017743716465
  out_activity[526] = 2.5206530031887997
  out_activity[527] = 2.1002475669774756
  out_activity[528] = 2.0435547831991006
  out_activity[529] = 1.830908379944822
  out_activity[530] = 1.801238510617468
  out_activity[531] = 1.5561479550009236
  out_activity[532] = 1.1985522196910572
  out_activity[533] = 0.9559742811125235
  out_activity[534] = 0.7125991774594715
  out_activity[535] = 0.5212298792223289
  out_activity[536] = 0.3664700032917146
  out_activity[537] = 4.638361421013168
  out_activity[538] = 52.01146076890783
  out_activity[539] = 62.08926891114278
  out_activity[540] = 65.56283226012559
  out_activity[541] = 73.66484839285846
  out_activity[542] = 73.45997033924515
  out_activity[543] = 78.51266986254291
  out_activity[544] = 72.81997304304902
  out_activity[545] = 74.07918849322408
  out_activity[546] = 63.286526762339165
  out_activity[547] = 46.38410709819278
  out_activity[548] = 46.02080581330331
  out_activity[549] = 41.10107148606808
  out_activity[550] = 50.7877657021897
  out_activity[551] = 53.63659970631064
  out_activity[552] = 45.963338335024794
  out_activity[553] = 40.67852502993525
  out_activity[554] = 32.94434060020343
  out_activity[555] = 29.74942694960485
  out_activity[556] = 23.70512598474715
  out_activity[557] = 18.90232641160402
  out_activity[558] = 16.725096436800307
  out_activity[559] = 12.174816136811623
  out_activity[560] = 9.365971763268373
  out_activity[561] = 52.01146076890783
  out_activity[562] = 62.08926891114278
  out_activity[563] = 65.56283226012559
  out_activity[564] = 73.66484839285846
  out_activity[565] = 73.45997033924515
  out_activity[566] = 78.51266986254291
  out_activity[567] = 72.81997304304902
  out_activity[568] = 74.07918849322408
  out_activity[569] = 63.286526762339165
  out_activity[570] = 46.38410709819278
  out_activity[571] = 46.02080581330331
  out_activity[572] = 41.10107148606808
  out_activity[573] = 50.7877657021897
  out_activity[574] = 53.63659970631064
  out_activity[575] = 45.963338335024794
  out_activity[576] = 40.67852502993525
  out_activity[577] = 32.94434060020343
  out_activity[578] = 29.74942694960485
  out_activity[579] = 23.70512598474715
  out_activity[580] = 18.90232641160402
  out_activity[581] = 52.01146076890783
  out_activity[582] = 62.08926891114278
  out_activity[583] = 65.56283226012559
  out_activity[584] = 73.66484839285846
  out_activity[585] = 73.45997033924515
  out_activity[586] = 78.51266986254291
  out_activity[587] = 72.81997304304902
  out_activity[588] = 74.07918849322408
  out_activity[589] = 63.286526762339165
  out_activity[590] = 46.38410709819278
  out_activity[591] = 46.02080581330331
  out_activity[592] = 41.10107148606808
  out_activity[593] = 50.7877657021897
  out_activity[594] = 53.63659970631064
  out_activity[595] = 45.963338335024794
  out_activity[596] = 40.67852502993525
  out_activity[597] = 32.94434060020343
  out_activity[598] = 29.74942694960485
  out_activity[599] = 23.70512598474715
  out_activity[600] = 18.90232641160402
  out_activity[601] = 16.725096436800307
  out_activity[602] = 12.174816136811623
  out_activity[603] = 9.365971763268373
  out_activity[604] = 7.349556068716247
  out_activity[605] = 5.373027982660139
  out_activity[606] = 5.009320981613172
  out_activity[607] = 3.6824328756045484
  out_activity[608] = 3.029286688460835
  out_activity[609] = 2.557017743716465
  out_activity[610] = 2.5206530031887997
  out_activity[611] = 2.1002475669774756
  out_activity[612] = 2.0435547831991006
  out_activity[613] = 1.830908379944822
  out_activity[614] = 1.801238510617468
  out_activity[615] = 1.5561479550009236
  out_activity[616] = 1.1985522196910572
  out_activity[617] = 0.9559742811125235
  out_activity[618] = 0.7125991774594715
  out_activity[619] = 0.5212298792223289
  out_activity[620] = 0.3664700032917146
  out_activity[621] = 4.638361421013168
  out_activity[622] = 62.08926891114278
  out_activity[623] = 65.56283226012559
  out_activity[624] = 73.66484839285846
  out_activity[625] = 73.45997033924515
  out_activity[626] = 78.51266986254291
  out_activity[627] = 72.81997304304902
  out_activity[628] = 74.07918849322408
  out_activity[629] = 63.286526762339165
  out_activity[630] = 46.38410709819278
  out_activity[631] = 46.02080581330331
  out_activity[632] = 41.10107148606808
  out_activity[633] = 50.7877657021897
  out_activity[634] = 53.63659970631064
  out_activity[635] = 45.963338335024794
  out_activity[636] = 40.67852502993525
  out_activity[637] = 32.94434060020343
  out_activity[638] = 29.74942694960485
  out_activity[639] = 23.70512598474715
  out_activity[640] = 18.90232641160402
  out_activity[641] = 16.725096436800307
  out_activity[642] = 12.174816136811623
  out_activity[643] = 9.365971763268373
  out_activity[644] = 7.349556068716247
  out_activity[645] = 5.373027982660139
  out_activity[646] = 5.009320981613172
  out_activity[647] = 3.6824328756045484
  out_activity[648] = 3.029286688460835
  out_activity[649] = 2.557017743716465
  out_activity[650] = 2.5206530031887997
  out_activity[651] = 2.1002475669774756
  out_activity[652] = 2.0435547831991006
  out_activity[653] = 1.830908379944822
  out_activity[654] = 1.801238510617468
  out_activity[655] = 1.5561479550009236
  out_activity[656] = 1.1985522196910572
  out_activity[657] = 0.9559742811125235
  out_activity[658] = 0.7125991774594715
  out_activity[659] = 0.5212298792223289
  out_activity[660] = 0.3664700032917146
  out_activity[661] = 4.638361421013168
  out_activity[662] = 52.01146076890783
  out_activity[663] = 62.08926891114278
  out_activity[664] = 65.56283226012559
  out_activity[665] = 73.66484839285846
  out_activity[666] = 73.45997033924515
  out_activity[667] = 78.51266986254291
  out_activity[668] = 72.81997304304902
  out_activity[669] = 74.07918849322408
  out_activity[670] = 63.286526762339165
  out_activity[671] = 46.38410709819278
  out_activity[672] = 46.02080581330331
  out_activity[673] = 41.10107148606808
  out_activity[674] = 50.7877657021897
  out_activity[675] = 53.63659970631064
  out_activity[676] = 45.963338335024794
  out_activity[677] = 40.67852502993525
  out_activity[678] = 32.94434060020343
  out_activity[679] = 29.74942694960485
  out_activity[680] = 23.70512598474715
  out_activity[681] = 18.90232641160402
  out_activity[682] = 16.725096436800307
  out_activity[683] = 12.174816136811623
  out_activity[684] = 9.365971763268373
  out_yearID[1] = 2020
  out_yearID[2] = 2020
  out_yearID[3] = 2020
  out_yearID[4] = 2020
  out_yearID[5] = 2020
  out_yearID[6] = 2020
  out_yearID[7] = 2020
  out_yearID[8] = 2020
  out_yearID[9] = 2020
  out_yearID[10] = 2020
  out_yearID[11] = 2020
  out_yearID[12] = 2020
  out_yearID[13] = 2020
  out_yearID[14] = 2020
  out_yearID[15] = 2020
  out_yearID[16] = 2020
  out_yearID[17] = 2020
  out_yearID[18] = 2020
  out_yearID[19] = 2020
  out_yearID[20] = 2020
  out_yearID[21] = 2020
  out_yearID[22] = 2020
  out_yearID[23] = 2020
  out_yearID[24] = 2020
  out_yearID[25] = 2020
  out_yearID[26] = 2020
  out_yearID[27] = 2020
  out_yearID[28] = 2020
  out_yearID[29] = 2020
  out_yearID[30] = 2020
  out_yearID[31] = 2020
  out_yearID[32] = 2020
  out_yearID[33] = 2020
  out_yearID[34] = 2020
  out_yearID[35] = 2020
  out_yearID[36] = 2020
  out_yearID[37] = 2020
  out_yearID[38] = 2020
  out_yearID[39] = 2020
  out_yearID[40] = 2020
  out_yearID[41] = 2020
  out_yearID[42] = 2020
  out_yearID[43] = 2020
  out_yearID[44] = 2020
  out_yearID[45] = 2020
  out_yearID[46] = 2020
  out_yearID[47] = 2020
  out_yearID[48] = 2020
  out_yearID[49] = 2020
  out_yearID[50] = 2020
  out_yearID[51] = 2020
  out_yearID[52] = 2020
  out_yearID[53] = 2020
  out_yearID[54] = 2020
  out_yearID[55] = 2020
  out_yearID[56] = 2020
  out_yearID[57] = 2020
  out_yearID[58] = 2020
  out_yearID[59] = 2020
  out_yearID[60] = 2020
  out_yearID[61] = 2020
  out_yearID[62] = 2020
  out_yearID[63] = 2020
  out_yearID[64] = 2020
  out_yearID[65] = 2020
  out_yearID[66] = 2020
  out_yearID[67] = 2020
  out_yearID[68] = 2020
  out_yearID[69] = 2020
  out_yearID[70] = 2020
  out_yearID[71] = 2020
  out_yearID[72] = 2020
  out_yearID[73] = 2020
  out_yearID[74] = 2020
  out_yearID[75] = 2020
  out_yearID[76] = 2020
  out_yearID[77] = 2020
  out_yearID[78] = 2020
  out_yearID[79] = 2020
  out_yearID[80] = 2020
  out_yearID[81] = 2020
  out_yearID[82] = 2020
  out_yearID[83] = 2020
  out_yearID[84] = 2020
  out_yearID[85] = 2020
  out_yearID[86] = 2020
  out_yearID[87] = 2020
  out_yearID[88] = 2020
  out_yearID[89] = 2020
  out_yearID[90] = 2020
  out_yearID[91] = 2020
  out_yearID[92] = 2020
  out_yearID[93] = 2020
  out_yearID[94] = 2020
  out_yearID[95] = 2020
  out_yearID[96] = 2020
  out_yearID[97] = 2020
  out_yearID[98] = 2020
  out_yearID[99] = 2020
  out_yearID[100] = 2020
  out_yearID[101] = 2020
  out_yearID[102] = 2020
  out_yearID[103] = 2020
  out_yearID[104] = 2020
  out_yearID[105] = 2020
  out_yearID[106] = 2020
  out_yearID[107] = 2020
  out_yearID[108] = 2020
  out_yearID[109] = 2020
  out_yearID[110] = 2020
  out_yearID[111] = 2020
  out_yearID[112] = 2020
  out_yearID[113] = 2020
  out_yearID[114] = 2020
  out_yearID[115] = 2020
  out_yearID[116] = 2020
  out_yearID[117] = 2020
  out_yearID[118] = 2020
  out_yearID[119] = 2020
  out_yearID[120] = 2020
  out_yearID[121] = 2020
  out_yearID[122] = 2020
  out_yearID[123] = 2020
  out_yearID[124] = 2020
  out_yearID[125] = 2020
  out_yearID[126] = 2020
  out_yearID[127] = 2020
  out_yearID[128] = 2020
  out_yearID[129] = 2020
  out_yearID[130] = 2020
  out_yearID[131] = 2020
  out_yearID[132] = 2020
  out_yearID[133] = 2020
  out_yearID[134] = 2020
  out_yearID[135] = 2020
  out_yearID[136] = 2020
  out_yearID[137] = 2020
  out_yearID[138] = 2020
  out_yearID[139] = 2020
  out_yearID[140] = 2020
  out_yearID[141] = 2020
  out_yearID[142] = 2020
  out_yearID[143] = 2020
  out_yearID[144] = 2020
  out_yearID[145] = 2020
  out_yearID[146] = 2020
  out_yearID[147] = 2020
  out_yearID[148] = 2020
  out_yearID[149] = 2020
  out_yearID[150] = 2020
  out_yearID[151] = 2020
  out_yearID[152] = 2020
  out_yearID[153] = 2020
  out_yearID[154] = 2020
  out_yearID[155] = 2020
  out_yearID[156] = 2020
  out_yearID[157] = 2020
  out_yearID[158] = 2020
  out_yearID[159] = 2020
  out_yearID[160] = 2020
  out_yearID[161] = 2020
  out_yearID[162] = 2020
  out_yearID[163] = 2020
  out_yearID[164] = 2020
  out_yearID[165] = 2020
  out_yearID[166] = 2020
  out_yearID[167] = 2020
  out_yearID[168] = 2020
  out_yearID[169] = 2020
  out_yearID[170] = 2020
  out_yearID[171] = 2020
  out_yearID[172] = 2020
  out_yearID[173] = 2020
  out_yearID[174] = 2020
  out_yearID[175] = 2020
  out_yearID[176] = 2020
  out_yearID[177] = 2020
  out_yearID[178] = 2020
  out_yearID[179] = 2020
  out_yearID[180] = 2020
  out_yearID[181] = 2020
  out_yearID[182] = 2020
  out_yearID[183] = 2020
  out_yearID[184] = 2020
  out_yearID[185] = 2020
  out_yearID[186] = 2020
  out_yearID[187] = 2020
  out_yearID[188] = 2020
  out_yearID[189] = 2020
  out_yearID[190] = 2020
  out_yearID[191] = 2020
  out_yearID[192] = 2020
  out_yearID[193] = 2020
  out_yearID[194] = 2020
  out_yearID[195] = 2020
  out_yearID[196] = 2020
  out_yearID[197] = 2020
  out_yearID[198] = 2020
  out_yearID[199] = 2020
  out_yearID[200] = 2020
  out_yearID[201] = 2020
  out_yearID[202] = 2020
  out_yearID[203] = 2020
  out_yearID[204] = 2020
  out_yearID[205] = 2020
  out_yearID[206] = 2020
  out_yearID[207] = 2020
  out_yearID[208] = 2020
  out_yearID[209] = 2020
  out_yearID[210] = 2020
  out_yearID[211] = 2020
  out_yearID[212] = 2020
  out_yearID[213] = 2020
  out_yearID[214] = 2020
  out_yearID[215] = 2020
  out_yearID[216] = 2020
  out_yearID[217] = 2020
  out_yearID[218] = 2020
  out_yearID[219] = 2020
  out_yearID[220] = 2020
  out_yearID[221] = 2020
  out_yearID[222] = 2020
  out_yearID[223] = 2020
  out_yearID[224] = 2020
  out_yearID[225] = 2020
  out_yearID[226] = 2020
  out_yearID[227] = 2020
  out_yearID[228] = 2020
  out_yearID[229] = 2020
  out_yearID[230] = 2020
  out_yearID[231] = 2020
  out_yearID[232] = 2020
  out_yearID[233] = 2020
  out_yearID[234] = 2020
  out_yearID[235] = 2020
  out_yearID[236] = 2020
  out_yearID[237] = 2020
  out_yearID[238] = 2020
  out_yearID[239] = 2020
  out_yearID[240] = 2020
  out_yearID[241] = 2020
  out_yearID[242] = 2020
  out_yearID[243] = 2020
  out_yearID[244] = 2020
  out_yearID[245] = 2020
  out_yearID[246] = 2020
  out_yearID[247] = 2020
  out_yearID[248] = 2020
  out_yearID[249] = 2020
  out_yearID[250] = 2020
  out_yearID[251] = 2020
  out_yearID[252] = 2020
  out_yearID[253] = 2020
  out_yearID[254] = 2020
  out_yearID[255] = 2020
  out_yearID[256] = 2020
  out_yearID[257] = 2020
  out_yearID[258] = 2020
  out_yearID[259] = 2020
  out_yearID[260] = 2020
  out_yearID[261] = 2020
  out_yearID[262] = 2020
  out_yearID[263] = 2020
  out_yearID[264] = 2020
  out_yearID[265] = 2020
  out_yearID[266] = 2020
  out_yearID[267] = 2020
  out_yearID[268] = 2020
  out_yearID[269] = 2020
  out_yearID[270] = 2020
  out_yearID[271] = 2020
  out_yearID[272] = 2020
  out_yearID[273] = 2020
  out_yearID[274] = 2020
  out_yearID[275] = 2020
  out_yearID[276] = 2020
  out_yearID[277] = 2020
  out_yearID[278] = 2020
  out_yearID[279] = 2020
  out_yearID[280] = 2020
  out_yearID[281] = 2020
  out_yearID[282] = 2020
  out_yearID[283] = 2020
  out_yearID[284] = 2020
  out_yearID[285] = 2020
  out_yearID[286] = 2020
  out_yearID[287] = 2020
  out_yearID[288] = 2020
  out_yearID[289] = 2020
  out_yearID[290] = 2020
  out_yearID[291] = 2020
  out_yearID[292] = 2020
  out_yearID[293] = 2020
  out_yearID[294] = 2020
  out_yearID[295] = 2020
  out_yearID[296] = 2020
  out_yearID[297] = 2020
  out_yearID[298] = 2020
  out_yearID[299] = 2020
  out_yearID[300] = 2020
  out_yearID[301] = 2020
  out_yearID[302] = 2020
  out_yearID[303] = 2020
  out_yearID[304] = 2020
  out_yearID[305] = 2020
  out_yearID[306] = 2020
  out_yearID[307] = 2020
  out_yearID[308] = 2020
  out_yearID[309] = 2020
  out_yearID[310] = 2020
  out_yearID[311] = 2020
  out_yearID[312] = 2020
  out_yearID[313] = 2020
  out_yearID[314] = 2020
  out_yearID[315] = 2020
  out_yearID[316] = 2020
  out_yearID[317] = 2020
  out_yearID[318] = 2020
  out_yearID[319] = 2020
  out_yearID[320] = 2020
  out_yearID[321] = 2020
  out_yearID[322] = 2020
  out_yearID[323] = 2020
  out_yearID[324] = 2020
  out_yearID[325] = 2020
  out_yearID[326] = 2020
  out_yearID[327] = 2020
  out_yearID[328] = 2020
  out_yearID[329] = 2020
  out_yearID[330] = 2020
  out_yearID[331] = 2020
  out_yearID[332] = 2020
  out_yearID[333] = 2020
  out_yearID[334] = 2020
  out_yearID[335] = 2020
  out_yearID[336] = 2020
  out_yearID[337] = 2020
  out_yearID[338] = 2020
  out_yearID[339] = 2020
  out_yearID[340] = 2020
  out_yearID[341] = 2020
  out_yearID[342] = 2020
  out_yearID[343] = 2020
  out_yearID[344] = 2020
  out_yearID[345] = 2020
  out_yearID[346] = 2020
  out_yearID[347] = 2020
  out_yearID[348] = 2020
  out_yearID[349] = 2020
  out_yearID[350] = 2020
  out_yearID[351] = 2020
  out_yearID[352] = 2020
  out_yearID[353] = 2020
  out_yearID[354] = 2020
  out_yearID[355] = 2020
  out_yearID[356] = 2020
  out_yearID[357] = 2020
  out_yearID[358] = 2020
  out_yearID[359] = 2020
  out_yearID[360] = 2020
  out_yearID[361] = 2020
  out_yearID[362] = 2020
  out_yearID[363] = 2020
  out_yearID[364] = 2020
  out_yearID[365] = 2020
  out_yearID[366] = 2020
  out_yearID[367] = 2020
  out_yearID[368] = 2020
  out_yearID[369] = 2020
  out_yearID[370] = 2020
  out_yearID[371] = 2020
  out_yearID[372] = 2020
  out_yearID[373] = 2020
  out_yearID[374] = 2020
  out_yearID[375] = 2020
  out_yearID[376] = 2020
  out_yearID[377] = 2020
  out_yearID[378] = 2020
  out_yearID[379] = 2020
  out_yearID[380] = 2020
  out_yearID[381] = 2020
  out_yearID[382] = 2020
  out_yearID[383] = 2020
  out_yearID[384] = 2020
  out_yearID[385] = 2020
  out_yearID[386] = 2020
  out_yearID[387] = 2020
  out_yearID[388] = 2020
  out_yearID[389] = 2020
  out_yearID[390] = 2020
  out_yearID[391] = 2020
  out_yearID[392] = 2020
  out_yearID[393] = 2020
  out_yearID[394] = 2020
  out_yearID[395] = 2020
  out_yearID[396] = 2020
  out_yearID[397] = 2020
  out_yearID[398] = 2020
  out_yearID[399] = 2020
  out_yearID[400] = 2020
  out_yearID[401] = 2020
  out_yearID[402] = 2020
  out_yearID[403] = 2020
  out_yearID[404] = 2020
  out_yearID[405] = 2020
  out_yearID[406] = 2020
  out_yearID[407] = 2020
  out_yearID[408] = 2020
  out_yearID[409] = 2020
  out_yearID[410] = 2020
  out_yearID[411] = 2020
  out_yearID[412] = 2020
  out_yearID[413] = 2020
  out_yearID[414] = 2020
  out_yearID[415] = 2020
  out_yearID[416] = 2020
  out_yearID[417] = 2020
  out_yearID[418] = 2020
  out_yearID[419] = 2020
  out_yearID[420] = 2020
  out_yearID[421] = 2020
  out_yearID[422] = 2020
  out_yearID[423] = 2020
  out_yearID[424] = 2020
  out_yearID[425] = 2020
  out_yearID[426] = 2020
  out_yearID[427] = 2020
  out_yearID[428] = 2020
  out_yearID[429] = 2020
  out_yearID[430] = 2020
  out_yearID[431] = 2020
  out_yearID[432] = 2020
  out_yearID[433] = 2020
  out_yearID[434] = 2020
  out_yearID[435] = 2020
  out_yearID[436] = 2020
  out_yearID[437] = 2020
  out_yearID[438] = 2020
  out_yearID[439] = 2020
  out_yearID[440] = 2020
  out_yearID[441] = 2020
  out_yearID[442] = 2020
  out_yearID[443] = 2020
  out_yearID[444] = 2020
  out_yearID[445] = 2020
  out_yearID[446] = 2020
  out_yearID[447] = 2020
  out_yearID[448] = 2020
  out_yearID[449] = 2020
  out_yearID[450] = 2020
  out_yearID[451] = 2020
  out_yearID[452] = 2020
  out_yearID[453] = 2020
  out_yearID[454] = 2020
  out_yearID[455] = 2020
  out_yearID[456] = 2020
  out_yearID[457] = 2020
  out_yearID[458] = 2020
  out_yearID[459] = 2020
  out_yearID[460] = 2020
  out_yearID[461] = 2020
  out_yearID[462] = 2020
  out_yearID[463] = 2020
  out_yearID[464] = 2020
  out_yearID[465] = 2020
  out_yearID[466] = 2020
  out_yearID[467] = 2020
  out_yearID[468] = 2020
  out_yearID[469] = 2020
  out_yearID[470] = 2020
  out_yearID[471] = 2020
  out_yearID[472] = 2020
  out_yearID[473] = 2020
  out_yearID[474] = 2020
  out_yearID[475] = 2020
  out_yearID[476] = 2020
  out_yearID[477] = 2020
  out_yearID[478] = 2020
  out_yearID[479] = 2020
  out_yearID[480] = 2020
  out_yearID[481] = 2020
  out_yearID[482] = 2020
  out_yearID[483] = 2020
  out_yearID[484] = 2020
  out_yearID[485] = 2020
  out_yearID[486] = 2020
  out_yearID[487] = 2020
  out_yearID[488] = 2020
  out_yearID[489] = 2020
  out_yearID[490] = 2020
  out_yearID[491] = 2020
  out_yearID[492] = 2020
  out_yearID[493] = 2020
  out_yearID[494] = 2020
  out_yearID[495] = 2020
  out_yearID[496] = 2020
  out_yearID[497] = 2020
  out_yearID[498] = 2020
  out_yearID[499] = 2020
  out_yearID[500] = 2020
  out_yearID[501] = 2020
  out_yearID[502] = 2020
  out_yearID[503] = 2020
  out_yearID[504] = 2020
  out_yearID[505] = 2020
  out_yearID[506] = 2020
  out_yearID[507] = 2020
  out_yearID[508] = 2020
  out_yearID[509] = 2020
  out_yearID[510] = 2020
  out_yearID[511] = 2020
  out_yearID[512] = 2020
  out_yearID[513] = 2020
  out_yearID[514] = 2020
  out_yearID[515] = 2020
  out_yearID[516] = 2020
  out_yearID[517] = 2020
  out_yearID[518] = 2020
  out_yearID[519] = 2020
  out_yearID[520] = 2020
  out_yearID[521] = 2020
  out_yearID[522] = 2020
  out_yearID[523] = 2020
  out_yearID[524] = 2020
  out_yearID[525] = 2020
  out_yearID[526] = 2020
  out_yearID[527] = 2020
  out_yearID[528] = 2020
  out_yearID[529] = 2020
  out_yearID[530] = 2020
  out_yearID[531] = 2020
  out_yearID[532] = 2020
  out_yearID[533] = 2020
  out_yearID[534] = 2020
  out_yearID[535] = 2020
  out_yearID[536] = 2020
  out_yearID[537] = 2020
  out_yearID[538] = 2020
  out_yearID[539] = 2020
  out_yearID[540] = 2020
  out_yearID[541] = 2020
  out_yearID[542] = 2020
  out_yearID[543] = 2020
  out_yearID[544] = 2020
  out_yearID[545] = 2020
  out_yearID[546] = 2020
  out_yearID[547] = 2020
  out_yearID[548] = 2020
  out_yearID[549] = 2020
  out_yearID[550] = 2020
  out_yearID[551] = 2020
  out_yearID[552] = 2020
  out_yearID[553] = 2020
  out_yearID[554] = 2020
  out_yearID[555] = 2020
  out_yearID[556] = 2020
  out_yearID[557] = 2020
  out_yearID[558] = 2020
  out_yearID[559] = 2020
  out_yearID[560] = 2020
  out_yearID[561] = 2020
  out_yearID[562] = 2020
  out_yearID[563] = 2020
  out_yearID[564] = 2020
  out_yearID[565] = 2020
  out_yearID[566] = 2020
  out_yearID[567] = 2020
  out_yearID[568] = 2020
  out_yearID[569] = 2020
  out_yearID[570] = 2020
  out_yearID[571] = 2020
  out_yearID[572] = 2020
  out_yearID[573] = 2020
  out_yearID[574] = 2020
  out_yearID[575] = 2020
  out_yearID[576] = 2020
  out_yearID[577] = 2020
  out_yearID[578] = 2020
  out_yearID[579] = 2020
  out_yearID[580] = 2020
  out_yearID[581] = 2020
  out_yearID[582] = 2020
  out_yearID[583] = 2020
  out_yearID[584] = 2020
  out_yearID[585] = 2020
  out_yearID[586] = 2020
  out_yearID[587] = 2020
  out_yearID[588] = 2020
  out_yearID[589] = 2020
  out_yearID[590] = 2020
  out_yearID[591] = 2020
  out_yearID[592] = 2020
  out_yearID[593] = 2020
  out_yearID[594] = 2020
  out_yearID[595] = 2020
  out_yearID[596] = 2020
  out_yearID[597] = 2020
  out_yearID[598] = 2020
  out_yearID[599] = 2020
  out_yearID[600] = 2020
  out_yearID[601] = 2020
  out_yearID[602] = 2020
  out_yearID[603] = 2020
  out_yearID[604] = 2020
  out_yearID[605] = 2020
  out_yearID[606] = 2020
  out_yearID[607] = 2020
  out_yearID[608] = 2020
  out_yearID[609] = 2020
  out_yearID[610] = 2020
  out_yearID[611] = 2020
  out_yearID[612] = 2020
  out_yearID[613] = 2020
  out_yearID[614] = 2020
  out_yearID[615] = 2020
  out_yearID[616] = 2020
  out_yearID[617] = 2020
  out_yearID[618] = 2020
  out_yearID[619] = 2020
  out_yearID[620] = 2020
  out_yearID[621] = 2020
  out_yearID[622] = 2020
  out_yearID[623] = 2020
  out_yearID[624] = 2020
  out_yearID[625] = 2020
  out_yearID[626] = 2020
  out_yearID[627] = 2020
  out_yearID[628] = 2020
  out_yearID[629] = 2020
  out_yearID[630] = 2020
  out_yearID[631] = 2020
  out_yearID[632] = 2020
  out_yearID[633] = 2020
  out_yearID[634] = 2020
  out_yearID[635] = 2020
  out_yearID[636] = 2020
  out_yearID[637] = 2020
  out_yearID[638] = 2020
  out_yearID[639] = 2020
  out_yearID[640] = 2020
  out_yearID[641] = 2020
  out_yearID[642] = 2020
  out_yearID[643] = 2020
  out_yearID[644] = 2020
  out_yearID[645] = 2020
  out_yearID[646] = 2020
  out_yearID[647] = 2020
  out_yearID[648] = 2020
  out_yearID[649] = 2020
  out_yearID[650] = 2020
  out_yearID[651] = 2020
  out_yearID[652] = 2020
  out_yearID[653] = 2020
  out_yearID[654] = 2020
  out_yearID[655] = 2020
  out_yearID[656] = 2020
  out_yearID[657] = 2020
  out_yearID[658] = 2020
  out_yearID[659] = 2020
  out_yearID[660] = 2020
  out_yearID[661] = 2020
  out_yearID[662] = 2020
  out_yearID[663] = 2020
  out_yearID[664] = 2020
  out_yearID[665] = 2020
  out_yearID[666] = 2020
  out_yearID[667] = 2020
  out_yearID[668] = 2020
  out_yearID[669] = 2020
  out_yearID[670] = 2020
  out_yearID[671] = 2020
  out_yearID[672] = 2020
  out_yearID[673] = 2020
  out_yearID[674] = 2020
  out_yearID[675] = 2020
  out_yearID[676] = 2020
  out_yearID[677] = 2020
  out_yearID[678] = 2020
  out_yearID[679] = 2020
  out_yearID[680] = 2020
  out_yearID[681] = 2020
  out_yearID[682] = 2020
  out_yearID[683] = 2020
  out_yearID[684] = 2020
  out_monthID[1] = 8
  out_monthID[2] = 8
  out_monthID[3] = 8
  out_monthID[4] = 8
  out_monthID[5] = 8
  out_monthID[6] = 8
  out_monthID[7] = 8
  out_monthID[8] = 8
  out_monthID[9] = 8
  out_monthID[10] = 8
  out_monthID[11] = 8
  out_monthID[12] = 8
  out_monthID[13] = 8
  out_monthID[14] = 8
  out_monthID[15] = 8
  out_monthID[16] = 8
  out_monthID[17] = 8
  out_monthID[18] = 8
  out_monthID[19] = 8
  out_monthID[20] = 8
  out_monthID[21] = 8
  out_monthID[22] = 8
  out_monthID[23] = 8
  out_monthID[24] = 8
  out_monthID[25] = 8
  out_monthID[26] = 8
  out_monthID[27] = 8
  out_monthID[28] = 8
  out_monthID[29] = 8
  out_monthID[30] = 8
  out_monthID[31] = 8
  out_monthID[32] = 8
  out_monthID[33] = 8
  out_monthID[34] = 8
  out_monthID[35] = 8
  out_monthID[36] = 8
  out_monthID[37] = 8
  out_monthID[38] = 8
  out_monthID[39] = 8
  out_monthID[40] = 8
  out_monthID[41] = 8
  out_monthID[42] = 8
  out_monthID[43] = 8
  out_monthID[44] = 8
  out_monthID[45] = 8
  out_monthID[46] = 8
  out_monthID[47] = 8
  out_monthID[48] = 8
  out_monthID[49] = 8
  out_monthID[50] = 8
  out_monthID[51] = 8
  out_monthID[52] = 8
  out_monthID[53] = 8
  out_monthID[54] = 8
  out_monthID[55] = 8
  out_monthID[56] = 8
  out_monthID[57] = 8
  out_monthID[58] = 8
  out_monthID[59] = 8
  out_monthID[60] = 8
  out_monthID[61] = 8
  out_monthID[62] = 8
  out_monthID[63] = 8
  out_monthID[64] = 8
  out_monthID[65] = 8
  out_monthID[66] = 8
  out_monthID[67] = 8
  out_monthID[68] = 8
  out_monthID[69] = 8
  out_monthID[70] = 8
  out_monthID[71] = 8
  out_monthID[72] = 8
  out_monthID[73] = 8
  out_monthID[74] = 8
  out_monthID[75] = 8
  out_monthID[76] = 8
  out_monthID[77] = 8
  out_monthID[78] = 8
  out_monthID[79] = 8
  out_monthID[80] = 8
  out_monthID[81] = 8
  out_monthID[82] = 8
  out_monthID[83] = 8
  out_monthID[84] = 8
  out_monthID[85] = 8
  out_monthID[86] = 8
  out_monthID[87] = 8
  out_monthID[88] = 8
  out_monthID[89] = 8
  out_monthID[90] = 8
  out_monthID[91] = 8
  out_monthID[92] = 8
  out_monthID[93] = 8
  out_monthID[94] = 8
  out_monthID[95] = 8
  out_monthID[96] = 8
  out_monthID[97] = 8
  out_monthID[98] = 8
  out_monthID[99] = 8
  out_monthID[100] = 8
  out_monthID[101] = 8
  out_monthID[102] = 8
  out_monthID[103] = 8
  out_monthID[104] = 8
  out_monthID[105] = 8
  out_monthID[106] = 8
  out_monthID[107] = 8
  out_monthID[108] = 8
  out_monthID[109] = 8
  out_monthID[110] = 8
  out_monthID[111] = 8
  out_monthID[112] = 8
  out_monthID[113] = 8
  out_monthID[114] = 8
  out_monthID[115] = 8
  out_monthID[116] = 8
  out_monthID[117] = 8
  out_monthID[118] = 8
  out_monthID[119] = 8
  out_monthID[120] = 8
  out_monthID[121] = 8
  out_monthID[122] = 8
  out_monthID[123] = 8
  out_monthID[124] = 8
  out_monthID[125] = 8
  out_monthID[126] = 8
  out_monthID[127] = 8
  out_monthID[128] = 8
  out_monthID[129] = 8
  out_monthID[130] = 8
  out_monthID[131] = 8
  out_monthID[132] = 8
  out_monthID[133] = 8
  out_monthID[134] = 8
  out_monthID[135] = 8
  out_monthID[136] = 8
  out_monthID[137] = 8
  out_monthID[138] = 8
  out_monthID[139] = 8
  out_monthID[140] = 8
  out_monthID[141] = 8
  out_monthID[142] = 8
  out_monthID[143] = 8
  out_monthID[144] = 8
  out_monthID[145] = 8
  out_monthID[146] = 8
  out_monthID[147] = 8
  out_monthID[148] = 8
  out_monthID[149] = 8
  out_monthID[150] = 8
  out_monthID[151] = 8
  out_monthID[152] = 8
  out_monthID[153] = 8
  out_monthID[154] = 8
  out_monthID[155] = 8
  out_monthID[156] = 8
  out_monthID[157] = 8
  out_monthID[158] = 8
  out_monthID[159] = 8
  out_monthID[160] = 8
  out_monthID[161] = 8
  out_monthID[162] = 8
  out_monthID[163] = 8
  out_monthID[164] = 8
  out_monthID[165] = 8
  out_monthID[166] = 8
  out_monthID[167] = 8
  out_monthID[168] = 8
  out_monthID[169] = 8
  out_monthID[170] = 8
  out_monthID[171] = 8
  out_monthID[172] = 8
  out_monthID[173] = 8
  out_monthID[174] = 8
  out_monthID[175] = 8
  out_monthID[176] = 8
  out_monthID[177] = 8
  out_monthID[178] = 8
  out_monthID[179] = 8
  out_monthID[180] = 8
  out_monthID[181] = 8
  out_monthID[182] = 8
  out_monthID[183] = 8
  out_monthID[184] = 8
  out_monthID[185] = 8
  out_monthID[186] = 8
  out_monthID[187] = 8
  out_monthID[188] = 8
  out_monthID[189] = 8
  out_monthID[190] = 8
  out_monthID[191] = 8
  out_monthID[192] = 8
  out_monthID[193] = 8
  out_monthID[194] = 8
  out_monthID[195] = 8
  out_monthID[196] = 8
  out_monthID[197] = 8
  out_monthID[198] = 8
  out_monthID[199] = 8
  out_monthID[200] = 8
  out_monthID[201] = 8
  out_monthID[202] = 8
  out_monthID[203] = 8
  out_monthID[204] = 8
  out_monthID[205] = 8
  out_monthID[206] = 8
  out_monthID[207] = 8
  out_monthID[208] = 8
  out_monthID[209] = 8
  out_monthID[210] = 8
  out_monthID[211] = 8
  out_monthID[212] = 8
  out_monthID[213] = 8
  out_monthID[214] = 8
  out_monthID[215] = 8
  out_monthID[216] = 8
  out_monthID[217] = 8
  out_monthID[218] = 8
  out_monthID[219] = 8
  out_monthID[220] = 8
  out_monthID[221] = 8
  out_monthID[222] = 8
  out_monthID[223] = 8
  out_monthID[224] = 8
  out_monthID[225] = 8
  out_monthID[226] = 8
  out_monthID[227] = 8
  out_monthID[228] = 8
  out_monthID[229] = 8
  out_monthID[230] = 8
  out_monthID[231] = 8
  out_monthID[232] = 8
  out_monthID[233] = 8
  out_monthID[234] = 8
  out_monthID[235] = 8
  out_monthID[236] = 8
  out_monthID[237] = 8
  out_monthID[238] = 8
  out_monthID[239] = 8
  out_monthID[240] = 8
  out_monthID[241] = 8
  out_monthID[242] = 8
  out_monthID[243] = 8
  out_monthID[244] = 8
  out_monthID[245] = 8
  out_monthID[246] = 8
  out_monthID[247] = 8
  out_monthID[248] = 8
  out_monthID[249] = 8
  out_monthID[250] = 8
  out_monthID[251] = 8
  out_monthID[252] = 8
  out_monthID[253] = 8
  out_monthID[254] = 8
  out_monthID[255] = 8
  out_monthID[256] = 8
  out_monthID[257] = 8
  out_monthID[258] = 8
  out_monthID[259] = 8
  out_monthID[260] = 8
  out_monthID[261] = 8
  out_monthID[262] = 8
  out_monthID[263] = 8
  out_monthID[264] = 8
  out_monthID[265] = 8
  out_monthID[266] = 8
  out_monthID[267] = 8
  out_monthID[268] = 8
  out_monthID[269] = 8
  out_monthID[270] = 8
  out_monthID[271] = 8
  out_monthID[272] = 8
  out_monthID[273] = 8
  out_monthID[274] = 8
  out_monthID[275] = 8
  out_monthID[276] = 8
  out_monthID[277] = 8
  out_monthID[278] = 8
  out_monthID[279] = 8
  out_monthID[280] = 8
  out_monthID[281] = 8
  out_monthID[282] = 8
  out_monthID[283] = 8
  out_monthID[284] = 8
  out_monthID[285] = 8
  out_monthID[286] = 8
  out_monthID[287] = 8
  out_monthID[288] = 8
  out_monthID[289] = 8
  out_monthID[290] = 8
  out_monthID[291] = 8
  out_monthID[292] = 8
  out_monthID[293] = 8
  out_monthID[294] = 8
  out_monthID[295] = 8
  out_monthID[296] = 8
  out_monthID[297] = 8
  out_monthID[298] = 8
  out_monthID[299] = 8
  out_monthID[300] = 8
  out_monthID[301] = 8
  out_monthID[302] = 8
  out_monthID[303] = 8
  out_monthID[304] = 8
  out_monthID[305] = 8
  out_monthID[306] = 8
  out_monthID[307] = 8
  out_monthID[308] = 8
  out_monthID[309] = 8
  out_monthID[310] = 8
  out_monthID[311] = 8
  out_monthID[312] = 8
  out_monthID[313] = 8
  out_monthID[314] = 8
  out_monthID[315] = 8
  out_monthID[316] = 8
  out_monthID[317] = 8
  out_monthID[318] = 8
  out_monthID[319] = 8
  out_monthID[320] = 8
  out_monthID[321] = 8
  out_monthID[322] = 8
  out_monthID[323] = 8
  out_monthID[324] = 8
  out_monthID[325] = 8
  out_monthID[326] = 8
  out_monthID[327] = 8
  out_monthID[328] = 8
  out_monthID[329] = 8
  out_monthID[330] = 8
  out_monthID[331] = 8
  out_monthID[332] = 8
  out_monthID[333] = 8
  out_monthID[334] = 8
  out_monthID[335] = 8
  out_monthID[336] = 8
  out_monthID[337] = 8
  out_monthID[338] = 8
  out_monthID[339] = 8
  out_monthID[340] = 8
  out_monthID[341] = 8
  out_monthID[342] = 8
  out_monthID[343] = 8
  out_monthID[344] = 8
  out_monthID[345] = 8
  out_monthID[346] = 8
  out_monthID[347] = 8
  out_monthID[348] = 8
  out_monthID[349] = 8
  out_monthID[350] = 8
  out_monthID[351] = 8
  out_monthID[352] = 8
  out_monthID[353] = 8
  out_monthID[354] = 8
  out_monthID[355] = 8
  out_monthID[356] = 8
  out_monthID[357] = 8
  out_monthID[358] = 8
  out_monthID[359] = 8
  out_monthID[360] = 8
  out_monthID[361] = 8
  out_monthID[362] = 8
  out_monthID[363] = 8
  out_monthID[364] = 8
  out_monthID[365] = 8
  out_monthID[366] = 8
  out_monthID[367] = 8
  out_monthID[368] = 8
  out_monthID[369] = 8
  out_monthID[370] = 8
  out_monthID[371] = 8
  out_monthID[372] = 8
  out_monthID[373] = 8
  out_monthID[374] = 8
  out_monthID[375] = 8
  out_monthID[376] = 8
  out_monthID[377] = 8
  out_monthID[378] = 8
  out_monthID[379] = 8
  out_monthID[380] = 8
  out_monthID[381] = 8
  out_monthID[382] = 8
  out_monthID[383] = 8
  out_monthID[384] = 8
  out_monthID[385] = 8
  out_monthID[386] = 8
  out_monthID[387] = 8
  out_monthID[388] = 8
  out_monthID[389] = 8
  out_monthID[390] = 8
  out_monthID[391] = 8
  out_monthID[392] = 8
  out_monthID[393] = 8
  out_monthID[394] = 8
  out_monthID[395] = 8
  out_monthID[396] = 8
  out_monthID[397] = 8
  out_monthID[398] = 8
  out_monthID[399] = 8
  out_monthID[400] = 8
  out_monthID[401] = 8
  out_monthID[402] = 8
  out_monthID[403] = 8
  out_monthID[404] = 8
  out_monthID[405] = 8
  out_monthID[406] = 8
  out_monthID[407] = 8
  out_monthID[408] = 8
  out_monthID[409] = 8
  out_monthID[410] = 8
  out_monthID[411] = 8
  out_monthID[412] = 8
  out_monthID[413] = 8
  out_monthID[414] = 8
  out_monthID[415] = 8
  out_monthID[416] = 8
  out_monthID[417] = 8
  out_monthID[418] = 8
  out_monthID[419] = 8
  out_monthID[420] = 8
  out_monthID[421] = 8
  out_monthID[422] = 8
  out_monthID[423] = 8
  out_monthID[424] = 8
  out_monthID[425] = 8
  out_monthID[426] = 8
  out_monthID[427] = 8
  out_monthID[428] = 8
  out_monthID[429] = 8
  out_monthID[430] = 8
  out_monthID[431] = 8
  out_monthID[432] = 8
  out_monthID[433] = 8
  out_monthID[434] = 8
  out_monthID[435] = 8
  out_monthID[436] = 8
  out_monthID[437] = 8
  out_monthID[438] = 8
  out_monthID[439] = 8
  out_monthID[440] = 8
  out_monthID[441] = 8
  out_monthID[442] = 8
  out_monthID[443] = 8
  out_monthID[444] = 8
  out_monthID[445] = 8
  out_monthID[446] = 8
  out_monthID[447] = 8
  out_monthID[448] = 8
  out_monthID[449] = 8
  out_monthID[450] = 8
  out_monthID[451] = 8
  out_monthID[452] = 8
  out_monthID[453] = 8
  out_monthID[454] = 8
  out_monthID[455] = 8
  out_monthID[456] = 8
  out_monthID[457] = 8
  out_monthID[458] = 8
  out_monthID[459] = 8
  out_monthID[460] = 8
  out_monthID[461] = 8
  out_monthID[462] = 8
  out_monthID[463] = 8
  out_monthID[464] = 8
  out_monthID[465] = 8
  out_monthID[466] = 8
  out_monthID[467] = 8
  out_monthID[468] = 8
  out_monthID[469] = 8
  out_monthID[470] = 8
  out_monthID[471] = 8
  out_monthID[472] = 8
  out_monthID[473] = 8
  out_monthID[474] = 8
  out_monthID[475] = 8
  out_monthID[476] = 8
  out_monthID[477] = 8
  out_monthID[478] = 8
  out_monthID[479] = 8
  out_monthID[480] = 8
  out_monthID[481] = 8
  out_monthID[482] = 8
  out_monthID[483] = 8
  out_monthID[484] = 8
  out_monthID[485] = 8
  out_monthID[486] = 8
  out_monthID[487] = 8
  out_monthID[488] = 8
  out_monthID[489] = 8
  out_monthID[490] = 8
  out_monthID[491] = 8
  out_monthID[492] = 8
  out_monthID[493] = 8
  out_monthID[494] = 8
  out_monthID[495] = 8
  out_monthID[496] = 8
  out_monthID[497] = 8
  out_monthID[498] = 8
  out_monthID[499] = 8
  out_monthID[500] = 8
  out_monthID[501] = 8
  out_monthID[502] = 8
  out_monthID[503] = 8
  out_monthID[504] = 8
  out_monthID[505] = 8
  out_monthID[506] = 8
  out_monthID[507] = 8
  out_monthID[508] = 8
  out_monthID[509] = 8
  out_monthID[510] = 8
  out_monthID[511] = 8
  out_monthID[512] = 8
  out_monthID[513] = 8
  out_monthID[514] = 8
  out_monthID[515] = 8
  out_monthID[516] = 8
  out_monthID[517] = 8
  out_monthID[518] = 8
  out_monthID[519] = 8
  out_monthID[520] = 8
  out_monthID[521] = 8
  out_monthID[522] = 8
  out_monthID[523] = 8
  out_monthID[524] = 8
  out_monthID[525] = 8
  out_monthID[526] = 8
  out_monthID[527] = 8
  out_monthID[528] = 8
  out_monthID[529] = 8
  out_monthID[530] = 8
  out_monthID[531] = 8
  out_monthID[532] = 8
  out_monthID[533] = 8
  out_monthID[534] = 8
  out_monthID[535] = 8
  out_monthID[536] = 8
  out_monthID[537] = 8
  out_monthID[538] = 8
  out_monthID[539] = 8
  out_monthID[540] = 8
  out_monthID[541] = 8
  out_monthID[542] = 8
  out_monthID[543] = 8
  out_monthID[544] = 8
  out_monthID[545] = 8
  out_monthID[546] = 8
  out_monthID[547] = 8
  out_monthID[548] = 8
  out_monthID[549] = 8
  out_monthID[550] = 8
  out_monthID[551] = 8
  out_monthID[552] = 8
  out_monthID[553] = 8
  out_monthID[554] = 8
  out_monthID[555] = 8
  out_monthID[556] = 8
  out_monthID[557] = 8
  out_monthID[558] = 8
  out_monthID[559] = 8
  out_monthID[560] = 8
  out_monthID[561] = 8
  out_monthID[562] = 8
  out_monthID[563] = 8
  out_monthID[564] = 8
  out_monthID[565] = 8
  out_monthID[566] = 8
  out_monthID[567] = 8
  out_monthID[568] = 8
  out_monthID[569] = 8
  out_monthID[570] = 8
  out_monthID[571] = 8
  out_monthID[572] = 8
  out_monthID[573] = 8
  out_monthID[574] = 8
  out_monthID[575] = 8
  out_monthID[576] = 8
  out_monthID[577] = 8
  out_monthID[578] = 8
  out_monthID[579] = 8
  out_monthID[580] = 8
  out_monthID[581] = 8
  out_monthID[582] = 8
  out_monthID[583] = 8
  out_monthID[584] = 8
  out_monthID[585] = 8
  out_monthID[586] = 8
  out_monthID[587] = 8
  out_monthID[588] = 8
  out_monthID[589] = 8
  out_monthID[590] = 8
  out_monthID[591] = 8
  out_monthID[592] = 8
  out_monthID[593] = 8
  out_monthID[594] = 8
  out_monthID[595] = 8
  out_monthID[596] = 8
  out_monthID[597] = 8
  out_monthID[598] = 8
  out_monthID[599] = 8
  out_monthID[600] = 8
  out_monthID[601] = 8
  out_monthID[602] = 8
  out_monthID[603] = 8
  out_monthID[604] = 8
  out_monthID[605] = 8
  out_monthID[606] = 8
  out_monthID[607] = 8
  out_monthID[608] = 8
  out_monthID[609] = 8
  out_monthID[610] = 8
  out_monthID[611] = 8
  out_monthID[612] = 8
  out_monthID[613] = 8
  out_monthID[614] = 8
  out_monthID[615] = 8
  out_monthID[616] = 8
  out_monthID[617] = 8
  out_monthID[618] = 8
  out_monthID[619] = 8
  out_monthID[620] = 8
  out_monthID[621] = 8
  out_monthID[622] = 8
  out_monthID[623] = 8
  out_monthID[624] = 8
  out_monthID[625] = 8
  out_monthID[626] = 8
  out_monthID[627] = 8
  out_monthID[628] = 8
  out_monthID[629] = 8
  out_monthID[630] = 8
  out_monthID[631] = 8
  out_monthID[632] = 8
  out_monthID[633] = 8
  out_monthID[634] = 8
  out_monthID[635] = 8
  out_monthID[636] = 8
  out_monthID[637] = 8
  out_monthID[638] = 8
  out_monthID[639] = 8
  out_monthID[640] = 8
  out_monthID[641] = 8
  out_monthID[642] = 8
  out_monthID[643] = 8
  out_monthID[644] = 8
  out_monthID[645] = 8
  out_monthID[646] = 8
  out_monthID[647] = 8
  out_monthID[648] = 8
  out_monthID[649] = 8
  out_monthID[650] = 8
  out_monthID[651] = 8
  out_monthID[652] = 8
  out_monthID[653] = 8
  out_monthID[654] = 8
  out_monthID[655] = 8
  out_monthID[656] = 8
  out_monthID[657] = 8
  out_monthID[658] = 8
  out_monthID[659] = 8
  out_monthID[660] = 8
  out_monthID[661] = 8
  out_monthID[662] = 8
  out_monthID[663] = 8
  out_monthID[664] = 8
  out_monthID[665] = 8
  out_monthID[666] = 8
  out_monthID[667] = 8
  out_monthID[668] = 8
  out_monthID[669] = 8
  out_monthID[670] = 8
  out_monthID[671] = 8
  out_monthID[672] = 8
  out_monthID[673] = 8
  out_monthID[674] = 8
  out_monthID[675] = 8
  out_monthID[676] = 8
  out_monthID[677] = 8
  out_monthID[678] = 8
  out_monthID[679] = 8
  out_monthID[680] = 8
  out_monthID[681] = 8
  out_monthID[682] = 8
  out_monthID[683] = 8
  out_monthID[684] = 8
  out_hourID[1] = 7
  out_hourID[2] = 7
  out_hourID[3] = 7
  out_hourID[4] = 7
  out_hourID[5] = 7
  out_hourID[6] = 7
  out_hourID[7] = 7
  out_hourID[8] = 7
  out_hourID[9] = 7
  out_hourID[10] = 7
  out_hourID[11] = 7
  out_hourID[12] = 7
  out_hourID[13] = 7
  out_hourID[14] = 7
  out_hourID[15] = 7
  out_hourID[16] = 7
  out_hourID[17] = 7
  out_hourID[18] = 7
  out_hourID[19] = 7
  out_hourID[20] = 7
  out_hourID[21] = 7
  out_hourID[22] = 7
  out_hourID[23] = 7
  out_hourID[24] = 7
  out_hourID[25] = 7
  out_hourID[26] = 7
  out_hourID[27] = 7
  out_hourID[28] = 7
  out_hourID[29] = 7
  out_hourID[30] = 7
  out_hourID[31] = 7
  out_hourID[32] = 7
  out_hourID[33] = 7
  out_hourID[34] = 7
  out_hourID[35] = 7
  out_hourID[36] = 7
  out_hourID[37] = 7
  out_hourID[38] = 7
  out_hourID[39] = 7
  out_hourID[40] = 7
  out_hourID[41] = 7
  out_hourID[42] = 7
  out_hourID[43] = 7
  out_hourID[44] = 7
  out_hourID[45] = 7
  out_hourID[46] = 7
  out_hourID[47] = 7
  out_hourID[48] = 7
  out_hourID[49] = 7
  out_hourID[50] = 7
  out_hourID[51] = 7
  out_hourID[52] = 7
  out_hourID[53] = 7
  out_hourID[54] = 7
  out_hourID[55] = 7
  out_hourID[56] = 7
  out_hourID[57] = 7
  out_hourID[58] = 7
  out_hourID[59] = 7
  out_hourID[60] = 7
  out_hourID[61] = 7
  out_hourID[62] = 7
  out_hourID[63] = 7
  out_hourID[64] = 7
  out_hourID[65] = 7
  out_hourID[66] = 7
  out_hourID[67] = 7
  out_hourID[68] = 7
  out_hourID[69] = 7
  out_hourID[70] = 7
  out_hourID[71] = 7
  out_hourID[72] = 7
  out_hourID[73] = 7
  out_hourID[74] = 7
  out_hourID[75] = 7
  out_hourID[76] = 7
  out_hourID[77] = 7
  out_hourID[78] = 7
  out_hourID[79] = 7
  out_hourID[80] = 7
  out_hourID[81] = 7
  out_hourID[82] = 7
  out_hourID[83] = 7
  out_hourID[84] = 7
  out_hourID[85] = 7
  out_hourID[86] = 7
  out_hourID[87] = 7
  out_hourID[88] = 7
  out_hourID[89] = 7
  out_hourID[90] = 7
  out_hourID[91] = 7
  out_hourID[92] = 7
  out_hourID[93] = 7
  out_hourID[94] = 7
  out_hourID[95] = 7
  out_hourID[96] = 7
  out_hourID[97] = 7
  out_hourID[98] = 7
  out_hourID[99] = 7
  out_hourID[100] = 7
  out_hourID[101] = 7
  out_hourID[102] = 7
  out_hourID[103] = 7
  out_hourID[104] = 7
  out_hourID[105] = 7
  out_hourID[106] = 7
  out_hourID[107] = 7
  out_hourID[108] = 7
  out_hourID[109] = 7
  out_hourID[110] = 7
  out_hourID[111] = 7
  out_hourID[112] = 7
  out_hourID[113] = 7
  out_hourID[114] = 7
  out_hourID[115] = 7
  out_hourID[116] = 7
  out_hourID[117] = 7
  out_hourID[118] = 7
  out_hourID[119] = 7
  out_hourID[120] = 7
  out_hourID[121] = 7
  out_hourID[122] = 7
  out_hourID[123] = 7
  out_hourID[124] = 7
  out_hourID[125] = 7
  out_hourID[126] = 7
  out_hourID[127] = 7
  out_hourID[128] = 7
  out_hourID[129] = 7
  out_hourID[130] = 7
  out_hourID[131] = 7
  out_hourID[132] = 7
  out_hourID[133] = 7
  out_hourID[134] = 7
  out_hourID[135] = 7
  out_hourID[136] = 7
  out_hourID[137] = 7
  out_hourID[138] = 7
  out_hourID[139] = 7
  out_hourID[140] = 7
  out_hourID[141] = 7
  out_hourID[142] = 7
  out_hourID[143] = 7
  out_hourID[144] = 7
  out_hourID[145] = 7
  out_hourID[146] = 7
  out_hourID[147] = 7
  out_hourID[148] = 7
  out_hourID[149] = 7
  out_hourID[150] = 7
  out_hourID[151] = 7
  out_hourID[152] = 7
  out_hourID[153] = 7
  out_hourID[154] = 7
  out_hourID[155] = 7
  out_hourID[156] = 7
  out_hourID[157] = 7
  out_hourID[158] = 7
  out_hourID[159] = 7
  out_hourID[160] = 7
  out_hourID[161] = 7
  out_hourID[162] = 7
  out_hourID[163] = 7
  out_hourID[164] = 7
  out_hourID[165] = 7
  out_hourID[166] = 7
  out_hourID[167] = 7
  out_hourID[168] = 7
  out_hourID[169] = 7
  out_hourID[170] = 7
  out_hourID[171] = 7
  out_hourID[172] = 7
  out_hourID[173] = 7
  out_hourID[174] = 7
  out_hourID[175] = 7
  out_hourID[176] = 7
  out_hourID[177] = 7
  out_hourID[178] = 7
  out_hourID[179] = 7
  out_hourID[180] = 7
  out_hourID[181] = 7
  out_hourID[182] = 7
  out_hourID[183] = 7
  out_hourID[184] = 7
  out_hourID[185] = 7
  out_hourID[186] = 7
  out_hourID[187] = 7
  out_hourID[188] = 7
  out_hourID[189] = 7
  out_hourID[190] = 7
  out_hourID[191] = 7
  out_hourID[192] = 7
  out_hourID[193] = 7
  out_hourID[194] = 7
  out_hourID[195] = 7
  out_hourID[196] = 7
  out_hourID[197] = 7
  out_hourID[198] = 7
  out_hourID[199] = 7
  out_hourID[200] = 7
  out_hourID[201] = 7
  out_hourID[202] = 7
  out_hourID[203] = 7
  out_hourID[204] = 7
  out_hourID[205] = 7
  out_hourID[206] = 7
  out_hourID[207] = 7
  out_hourID[208] = 7
  out_hourID[209] = 7
  out_hourID[210] = 7
  out_hourID[211] = 7
  out_hourID[212] = 7
  out_hourID[213] = 7
  out_hourID[214] = 7
  out_hourID[215] = 7
  out_hourID[216] = 7
  out_hourID[217] = 7
  out_hourID[218] = 7
  out_hourID[219] = 7
  out_hourID[220] = 7
  out_hourID[221] = 7
  out_hourID[222] = 7
  out_hourID[223] = 7
  out_hourID[224] = 7
  out_hourID[225] = 7
  out_hourID[226] = 7
  out_hourID[227] = 7
  out_hourID[228] = 7
  out_hourID[229] = 7
  out_hourID[230] = 7
  out_hourID[231] = 7
  out_hourID[232] = 7
  out_hourID[233] = 7
  out_hourID[234] = 7
  out_hourID[235] = 7
  out_hourID[236] = 7
  out_hourID[237] = 7
  out_hourID[238] = 7
  out_hourID[239] = 7
  out_hourID[240] = 7
  out_hourID[241] = 7
  out_hourID[242] = 7
  out_hourID[243] = 7
  out_hourID[244] = 7
  out_hourID[245] = 7
  out_hourID[246] = 7
  out_hourID[247] = 7
  out_hourID[248] = 7
  out_hourID[249] = 7
  out_hourID[250] = 7
  out_hourID[251] = 7
  out_hourID[252] = 7
  out_hourID[253] = 7
  out_hourID[254] = 7
  out_hourID[255] = 7
  out_hourID[256] = 7
  out_hourID[257] = 7
  out_hourID[258] = 7
  out_hourID[259] = 7
  out_hourID[260] = 7
  out_hourID[261] = 7
  out_hourID[262] = 7
  out_hourID[263] = 7
  out_hourID[264] = 7
  out_hourID[265] = 7
  out_hourID[266] = 7
  out_hourID[267] = 7
  out_hourID[268] = 7
  out_hourID[269] = 7
  out_hourID[270] = 7
  out_hourID[271] = 7
  out_hourID[272] = 7
  out_hourID[273] = 7
  out_hourID[274] = 7
  out_hourID[275] = 7
  out_hourID[276] = 7
  out_hourID[277] = 7
  out_hourID[278] = 7
  out_hourID[279] = 7
  out_hourID[280] = 7
  out_hourID[281] = 7
  out_hourID[282] = 7
  out_hourID[283] = 7
  out_hourID[284] = 7
  out_hourID[285] = 7
  out_hourID[286] = 7
  out_hourID[287] = 7
  out_hourID[288] = 7
  out_hourID[289] = 7
  out_hourID[290] = 7
  out_hourID[291] = 7
  out_hourID[292] = 7
  out_hourID[293] = 7
  out_hourID[294] = 7
  out_hourID[295] = 7
  out_hourID[296] = 7
  out_hourID[297] = 7
  out_hourID[298] = 7
  out_hourID[299] = 7
  out_hourID[300] = 7
  out_hourID[301] = 7
  out_hourID[302] = 7
  out_hourID[303] = 7
  out_hourID[304] = 7
  out_hourID[305] = 7
  out_hourID[306] = 7
  out_hourID[307] = 7
  out_hourID[308] = 7
  out_hourID[309] = 7
  out_hourID[310] = 7
  out_hourID[311] = 7
  out_hourID[312] = 7
  out_hourID[313] = 7
  out_hourID[314] = 7
  out_hourID[315] = 7
  out_hourID[316] = 7
  out_hourID[317] = 7
  out_hourID[318] = 7
  out_hourID[319] = 7
  out_hourID[320] = 7
  out_hourID[321] = 7
  out_hourID[322] = 7
  out_hourID[323] = 7
  out_hourID[324] = 7
  out_hourID[325] = 7
  out_hourID[326] = 7
  out_hourID[327] = 7
  out_hourID[328] = 7
  out_hourID[329] = 7
  out_hourID[330] = 7
  out_hourID[331] = 7
  out_hourID[332] = 7
  out_hourID[333] = 7
  out_hourID[334] = 7
  out_hourID[335] = 7
  out_hourID[336] = 7
  out_hourID[337] = 7
  out_hourID[338] = 7
  out_hourID[339] = 7
  out_hourID[340] = 7
  out_hourID[341] = 7
  out_hourID[342] = 7
  out_hourID[343] = 7
  out_hourID[344] = 7
  out_hourID[345] = 7
  out_hourID[346] = 7
  out_hourID[347] = 7
  out_hourID[348] = 7
  out_hourID[349] = 7
  out_hourID[350] = 7
  out_hourID[351] = 7
  out_hourID[352] = 7
  out_hourID[353] = 7
  out_hourID[354] = 7
  out_hourID[355] = 7
  out_hourID[356] = 7
  out_hourID[357] = 7
  out_hourID[358] = 7
  out_hourID[359] = 7
  out_hourID[360] = 7
  out_hourID[361] = 7
  out_hourID[362] = 7
  out_hourID[363] = 7
  out_hourID[364] = 7
  out_hourID[365] = 7
  out_hourID[366] = 7
  out_hourID[367] = 7
  out_hourID[368] = 7
  out_hourID[369] = 7
  out_hourID[370] = 7
  out_hourID[371] = 7
  out_hourID[372] = 7
  out_hourID[373] = 7
  out_hourID[374] = 7
  out_hourID[375] = 7
  out_hourID[376] = 7
  out_hourID[377] = 7
  out_hourID[378] = 7
  out_hourID[379] = 7
  out_hourID[380] = 7
  out_hourID[381] = 7
  out_hourID[382] = 7
  out_hourID[383] = 7
  out_hourID[384] = 7
  out_hourID[385] = 7
  out_hourID[386] = 7
  out_hourID[387] = 7
  out_hourID[388] = 7
  out_hourID[389] = 7
  out_hourID[390] = 7
  out_hourID[391] = 7
  out_hourID[392] = 7
  out_hourID[393] = 7
  out_hourID[394] = 7
  out_hourID[395] = 7
  out_hourID[396] = 7
  out_hourID[397] = 7
  out_hourID[398] = 7
  out_hourID[399] = 7
  out_hourID[400] = 7
  out_hourID[401] = 7
  out_hourID[402] = 7
  out_hourID[403] = 7
  out_hourID[404] = 7
  out_hourID[405] = 7
  out_hourID[406] = 7
  out_hourID[407] = 7
  out_hourID[408] = 7
  out_hourID[409] = 7
  out_hourID[410] = 7
  out_hourID[411] = 7
  out_hourID[412] = 7
  out_hourID[413] = 7
  out_hourID[414] = 7
  out_hourID[415] = 7
  out_hourID[416] = 7
  out_hourID[417] = 7
  out_hourID[418] = 7
  out_hourID[419] = 7
  out_hourID[420] = 7
  out_hourID[421] = 7
  out_hourID[422] = 7
  out_hourID[423] = 7
  out_hourID[424] = 7
  out_hourID[425] = 7
  out_hourID[426] = 7
  out_hourID[427] = 7
  out_hourID[428] = 7
  out_hourID[429] = 7
  out_hourID[430] = 7
  out_hourID[431] = 7
  out_hourID[432] = 7
  out_hourID[433] = 7
  out_hourID[434] = 7
  out_hourID[435] = 7
  out_hourID[436] = 7
  out_hourID[437] = 7
  out_hourID[438] = 7
  out_hourID[439] = 7
  out_hourID[440] = 7
  out_hourID[441] = 7
  out_hourID[442] = 7
  out_hourID[443] = 7
  out_hourID[444] = 7
  out_hourID[445] = 7
  out_hourID[446] = 7
  out_hourID[447] = 7
  out_hourID[448] = 7
  out_hourID[449] = 7
  out_hourID[450] = 7
  out_hourID[451] = 7
  out_hourID[452] = 7
  out_hourID[453] = 7
  out_hourID[454] = 7
  out_hourID[455] = 7
  out_hourID[456] = 7
  out_hourID[457] = 7
  out_hourID[458] = 7
  out_hourID[459] = 7
  out_hourID[460] = 7
  out_hourID[461] = 7
  out_hourID[462] = 7
  out_hourID[463] = 7
  out_hourID[464] = 7
  out_hourID[465] = 7
  out_hourID[466] = 7
  out_hourID[467] = 7
  out_hourID[468] = 7
  out_hourID[469] = 7
  out_hourID[470] = 7
  out_hourID[471] = 7
  out_hourID[472] = 7
  out_hourID[473] = 7
  out_hourID[474] = 7
  out_hourID[475] = 7
  out_hourID[476] = 7
  out_hourID[477] = 7
  out_hourID[478] = 7
  out_hourID[479] = 7
  out_hourID[480] = 7
  out_hourID[481] = 7
  out_hourID[482] = 7
  out_hourID[483] = 7
  out_hourID[484] = 7
  out_hourID[485] = 7
  out_hourID[486] = 7
  out_hourID[487] = 7
  out_hourID[488] = 7
  out_hourID[489] = 7
  out_hourID[490] = 7
  out_hourID[491] = 7
  out_hourID[492] = 7
  out_hourID[493] = 7
  out_hourID[494] = 7
  out_hourID[495] = 7
  out_hourID[496] = 7
  out_hourID[497] = 7
  out_hourID[498] = 7
  out_hourID[499] = 7
  out_hourID[500] = 7
  out_hourID[501] = 7
  out_hourID[502] = 7
  out_hourID[503] = 7
  out_hourID[504] = 7
  out_hourID[505] = 7
  out_hourID[506] = 7
  out_hourID[507] = 7
  out_hourID[508] = 7
  out_hourID[509] = 7
  out_hourID[510] = 7
  out_hourID[511] = 7
  out_hourID[512] = 7
  out_hourID[513] = 7
  out_hourID[514] = 7
  out_hourID[515] = 7
  out_hourID[516] = 7
  out_hourID[517] = 7
  out_hourID[518] = 7
  out_hourID[519] = 7
  out_hourID[520] = 7
  out_hourID[521] = 7
  out_hourID[522] = 7
  out_hourID[523] = 7
  out_hourID[524] = 7
  out_hourID[525] = 7
  out_hourID[526] = 7
  out_hourID[527] = 7
  out_hourID[528] = 7
  out_hourID[529] = 7
  out_hourID[530] = 7
  out_hourID[531] = 7
  out_hourID[532] = 7
  out_hourID[533] = 7
  out_hourID[534] = 7
  out_hourID[535] = 7
  out_hourID[536] = 7
  out_hourID[537] = 7
  out_hourID[538] = 7
  out_hourID[539] = 7
  out_hourID[540] = 7
  out_hourID[541] = 7
  out_hourID[542] = 7
  out_hourID[543] = 7
  out_hourID[544] = 7
  out_hourID[545] = 7
  out_hourID[546] = 7
  out_hourID[547] = 7
  out_hourID[548] = 7
  out_hourID[549] = 7
  out_hourID[550] = 7
  out_hourID[551] = 7
  out_hourID[552] = 7
  out_hourID[553] = 7
  out_hourID[554] = 7
  out_hourID[555] = 7
  out_hourID[556] = 7
  out_hourID[557] = 7
  out_hourID[558] = 7
  out_hourID[559] = 7
  out_hourID[560] = 7
  out_hourID[561] = 7
  out_hourID[562] = 7
  out_hourID[563] = 7
  out_hourID[564] = 7
  out_hourID[565] = 7
  out_hourID[566] = 7
  out_hourID[567] = 7
  out_hourID[568] = 7
  out_hourID[569] = 7
  out_hourID[570] = 7
  out_hourID[571] = 7
  out_hourID[572] = 7
  out_hourID[573] = 7
  out_hourID[574] = 7
  out_hourID[575] = 7
  out_hourID[576] = 7
  out_hourID[577] = 7
  out_hourID[578] = 7
  out_hourID[579] = 7
  out_hourID[580] = 7
  out_hourID[581] = 7
  out_hourID[582] = 7
  out_hourID[583] = 7
  out_hourID[584] = 7
  out_hourID[585] = 7
  out_hourID[586] = 7
  out_hourID[587] = 7
  out_hourID[588] = 7
  out_hourID[589] = 7
  out_hourID[590] = 7
  out_hourID[591] = 7
  out_hourID[592] = 7
  out_hourID[593] = 7
  out_hourID[594] = 7
  out_hourID[595] = 7
  out_hourID[596] = 7
  out_hourID[597] = 7
  out_hourID[598] = 7
  out_hourID[599] = 7
  out_hourID[600] = 7
  out_hourID[601] = 7
  out_hourID[602] = 7
  out_hourID[603] = 7
  out_hourID[604] = 7
  out_hourID[605] = 7
  out_hourID[606] = 7
  out_hourID[607] = 7
  out_hourID[608] = 7
  out_hourID[609] = 7
  out_hourID[610] = 7
  out_hourID[611] = 7
  out_hourID[612] = 7
  out_hourID[613] = 7
  out_hourID[614] = 7
  out_hourID[615] = 7
  out_hourID[616] = 7
  out_hourID[617] = 7
  out_hourID[618] = 7
  out_hourID[619] = 7
  out_hourID[620] = 7
  out_hourID[621] = 7
  out_hourID[622] = 7
  out_hourID[623] = 7
  out_hourID[624] = 7
  out_hourID[625] = 7
  out_hourID[626] = 7
  out_hourID[627] = 7
  out_hourID[628] = 7
  out_hourID[629] = 7
  out_hourID[630] = 7
  out_hourID[631] = 7
  out_hourID[632] = 7
  out_hourID[633] = 7
  out_hourID[634] = 7
  out_hourID[635] = 7
  out_hourID[636] = 7
  out_hourID[637] = 7
  out_hourID[638] = 7
  out_hourID[639] = 7
  out_hourID[640] = 7
  out_hourID[641] = 7
  out_hourID[642] = 7
  out_hourID[643] = 7
  out_hourID[644] = 7
  out_hourID[645] = 7
  out_hourID[646] = 7
  out_hourID[647] = 7
  out_hourID[648] = 7
  out_hourID[649] = 7
  out_hourID[650] = 7
  out_hourID[651] = 7
  out_hourID[652] = 7
  out_hourID[653] = 7
  out_hourID[654] = 7
  out_hourID[655] = 7
  out_hourID[656] = 7
  out_hourID[657] = 7
  out_hourID[658] = 7
  out_hourID[659] = 7
  out_hourID[660] = 7
  out_hourID[661] = 7
  out_hourID[662] = 7
  out_hourID[663] = 7
  out_hourID[664] = 7
  out_hourID[665] = 7
  out_hourID[666] = 7
  out_hourID[667] = 7
  out_hourID[668] = 7
  out_hourID[669] = 7
  out_hourID[670] = 7
  out_hourID[671] = 7
  out_hourID[672] = 7
  out_hourID[673] = 7
  out_hourID[674] = 7
  out_hourID[675] = 7
  out_hourID[676] = 7
  out_hourID[677] = 7
  out_hourID[678] = 7
  out_hourID[679] = 7
  out_hourID[680] = 7
  out_hourID[681] = 7
  out_hourID[682] = 7
  out_hourID[683] = 7
  out_hourID[684] = 7
  out_stateID[1] = 26
  out_stateID[2] = 26
  out_stateID[3] = 26
  out_stateID[4] = 26
  out_stateID[5] = 26
  out_stateID[6] = 26
  out_stateID[7] = 26
  out_stateID[8] = 26
  out_stateID[9] = 26
  out_stateID[10] = 26
  out_stateID[11] = 26
  out_stateID[12] = 26
  out_stateID[13] = 26
  out_stateID[14] = 26
  out_stateID[15] = 26
  out_stateID[16] = 26
  out_stateID[17] = 26
  out_stateID[18] = 26
  out_stateID[19] = 26
  out_stateID[20] = 26
  out_stateID[21] = 26
  out_stateID[22] = 26
  out_stateID[23] = 26
  out_stateID[24] = 26
  out_stateID[25] = 26
  out_stateID[26] = 26
  out_stateID[27] = 26
  out_stateID[28] = 26
  out_stateID[29] = 26
  out_stateID[30] = 26
  out_stateID[31] = 26
  out_stateID[32] = 26
  out_stateID[33] = 26
  out_stateID[34] = 26
  out_stateID[35] = 26
  out_stateID[36] = 26
  out_stateID[37] = 26
  out_stateID[38] = 26
  out_stateID[39] = 26
  out_stateID[40] = 26
  out_stateID[41] = 26
  out_stateID[42] = 26
  out_stateID[43] = 26
  out_stateID[44] = 26
  out_stateID[45] = 26
  out_stateID[46] = 26
  out_stateID[47] = 26
  out_stateID[48] = 26
  out_stateID[49] = 26
  out_stateID[50] = 26
  out_stateID[51] = 26
  out_stateID[52] = 26
  out_stateID[53] = 26
  out_stateID[54] = 26
  out_stateID[55] = 26
  out_stateID[56] = 26
  out_stateID[57] = 26
  out_stateID[58] = 26
  out_stateID[59] = 26
  out_stateID[60] = 26
  out_stateID[61] = 26
  out_stateID[62] = 26
  out_stateID[63] = 26
  out_stateID[64] = 26
  out_stateID[65] = 26
  out_stateID[66] = 26
  out_stateID[67] = 26
  out_stateID[68] = 26
  out_stateID[69] = 26
  out_stateID[70] = 26
  out_stateID[71] = 26
  out_stateID[72] = 26
  out_stateID[73] = 26
  out_stateID[74] = 26
  out_stateID[75] = 26
  out_stateID[76] = 26
  out_stateID[77] = 26
  out_stateID[78] = 26
  out_stateID[79] = 26
  out_stateID[80] = 26
  out_stateID[81] = 26
  out_stateID[82] = 26
  out_stateID[83] = 26
  out_stateID[84] = 26
  out_stateID[85] = 26
  out_stateID[86] = 26
  out_stateID[87] = 26
  out_stateID[88] = 26
  out_stateID[89] = 26
  out_stateID[90] = 26
  out_stateID[91] = 26
  out_stateID[92] = 26
  out_stateID[93] = 26
  out_stateID[94] = 26
  out_stateID[95] = 26
  out_stateID[96] = 26
  out_stateID[97] = 26
  out_stateID[98] = 26
  out_stateID[99] = 26
  out_stateID[100] = 26
  out_stateID[101] = 26
  out_stateID[102] = 26
  out_stateID[103] = 26
  out_stateID[104] = 26
  out_stateID[105] = 26
  out_stateID[106] = 26
  out_stateID[107] = 26
  out_stateID[108] = 26
  out_stateID[109] = 26
  out_stateID[110] = 26
  out_stateID[111] = 26
  out_stateID[112] = 26
  out_stateID[113] = 26
  out_stateID[114] = 26
  out_stateID[115] = 26
  out_stateID[116] = 26
  out_stateID[117] = 26
  out_stateID[118] = 26
  out_stateID[119] = 26
  out_stateID[120] = 26
  out_stateID[121] = 26
  out_stateID[122] = 26
  out_stateID[123] = 26
  out_stateID[124] = 26
  out_stateID[125] = 26
  out_stateID[126] = 26
  out_stateID[127] = 26
  out_stateID[128] = 26
  out_stateID[129] = 26
  out_stateID[130] = 26
  out_stateID[131] = 26
  out_stateID[132] = 26
  out_stateID[133] = 26
  out_stateID[134] = 26
  out_stateID[135] = 26
  out_stateID[136] = 26
  out_stateID[137] = 26
  out_stateID[138] = 26
  out_stateID[139] = 26
  out_stateID[140] = 26
  out_stateID[141] = 26
  out_stateID[142] = 26
  out_stateID[143] = 26
  out_stateID[144] = 26
  out_stateID[145] = 26
  out_stateID[146] = 26
  out_stateID[147] = 26
  out_stateID[148] = 26
  out_stateID[149] = 26
  out_stateID[150] = 26
  out_stateID[151] = 26
  out_stateID[152] = 26
  out_stateID[153] = 26
  out_stateID[154] = 26
  out_stateID[155] = 26
  out_stateID[156] = 26
  out_stateID[157] = 26
  out_stateID[158] = 26
  out_stateID[159] = 26
  out_stateID[160] = 26
  out_stateID[161] = 26
  out_stateID[162] = 26
  out_stateID[163] = 26
  out_stateID[164] = 26
  out_stateID[165] = 26
  out_stateID[166] = 26
  out_stateID[167] = 26
  out_stateID[168] = 26
  out_stateID[169] = 26
  out_stateID[170] = 26
  out_stateID[171] = 26
  out_stateID[172] = 26
  out_stateID[173] = 26
  out_stateID[174] = 26
  out_stateID[175] = 26
  out_stateID[176] = 26
  out_stateID[177] = 26
  out_stateID[178] = 26
  out_stateID[179] = 26
  out_stateID[180] = 26
  out_stateID[181] = 26
  out_stateID[182] = 26
  out_stateID[183] = 26
  out_stateID[184] = 26
  out_stateID[185] = 26
  out_stateID[186] = 26
  out_stateID[187] = 26
  out_stateID[188] = 26
  out_stateID[189] = 26
  out_stateID[190] = 26
  out_stateID[191] = 26
  out_stateID[192] = 26
  out_stateID[193] = 26
  out_stateID[194] = 26
  out_stateID[195] = 26
  out_stateID[196] = 26
  out_stateID[197] = 26
  out_stateID[198] = 26
  out_stateID[199] = 26
  out_stateID[200] = 26
  out_stateID[201] = 26
  out_stateID[202] = 26
  out_stateID[203] = 26
  out_stateID[204] = 26
  out_stateID[205] = 26
  out_stateID[206] = 26
  out_stateID[207] = 26
  out_stateID[208] = 26
  out_stateID[209] = 26
  out_stateID[210] = 26
  out_stateID[211] = 26
  out_stateID[212] = 26
  out_stateID[213] = 26
  out_stateID[214] = 26
  out_stateID[215] = 26
  out_stateID[216] = 26
  out_stateID[217] = 26
  out_stateID[218] = 26
  out_stateID[219] = 26
  out_stateID[220] = 26
  out_stateID[221] = 26
  out_stateID[222] = 26
  out_stateID[223] = 26
  out_stateID[224] = 26
  out_stateID[225] = 26
  out_stateID[226] = 26
  out_stateID[227] = 26
  out_stateID[228] = 26
  out_stateID[229] = 26
  out_stateID[230] = 26
  out_stateID[231] = 26
  out_stateID[232] = 26
  out_stateID[233] = 26
  out_stateID[234] = 26
  out_stateID[235] = 26
  out_stateID[236] = 26
  out_stateID[237] = 26
  out_stateID[238] = 26
  out_stateID[239] = 26
  out_stateID[240] = 26
  out_stateID[241] = 26
  out_stateID[242] = 26
  out_stateID[243] = 26
  out_stateID[244] = 26
  out_stateID[245] = 26
  out_stateID[246] = 26
  out_stateID[247] = 26
  out_stateID[248] = 26
  out_stateID[249] = 26
  out_stateID[250] = 26
  out_stateID[251] = 26
  out_stateID[252] = 26
  out_stateID[253] = 26
  out_stateID[254] = 26
  out_stateID[255] = 26
  out_stateID[256] = 26
  out_stateID[257] = 26
  out_stateID[258] = 26
  out_stateID[259] = 26
  out_stateID[260] = 26
  out_stateID[261] = 26
  out_stateID[262] = 26
  out_stateID[263] = 26
  out_stateID[264] = 26
  out_stateID[265] = 26
  out_stateID[266] = 26
  out_stateID[267] = 26
  out_stateID[268] = 26
  out_stateID[269] = 26
  out_stateID[270] = 26
  out_stateID[271] = 26
  out_stateID[272] = 26
  out_stateID[273] = 26
  out_stateID[274] = 26
  out_stateID[275] = 26
  out_stateID[276] = 26
  out_stateID[277] = 26
  out_stateID[278] = 26
  out_stateID[279] = 26
  out_stateID[280] = 26
  out_stateID[281] = 26
  out_stateID[282] = 26
  out_stateID[283] = 26
  out_stateID[284] = 26
  out_stateID[285] = 26
  out_stateID[286] = 26
  out_stateID[287] = 26
  out_stateID[288] = 26
  out_stateID[289] = 26
  out_stateID[290] = 26
  out_stateID[291] = 26
  out_stateID[292] = 26
  out_stateID[293] = 26
  out_stateID[294] = 26
  out_stateID[295] = 26
  out_stateID[296] = 26
  out_stateID[297] = 26
  out_stateID[298] = 26
  out_stateID[299] = 26
  out_stateID[300] = 26
  out_stateID[301] = 26
  out_stateID[302] = 26
  out_stateID[303] = 26
  out_stateID[304] = 26
  out_stateID[305] = 26
  out_stateID[306] = 26
  out_stateID[307] = 26
  out_stateID[308] = 26
  out_stateID[309] = 26
  out_stateID[310] = 26
  out_stateID[311] = 26
  out_stateID[312] = 26
  out_stateID[313] = 26
  out_stateID[314] = 26
  out_stateID[315] = 26
  out_stateID[316] = 26
  out_stateID[317] = 26
  out_stateID[318] = 26
  out_stateID[319] = 26
  out_stateID[320] = 26
  out_stateID[321] = 26
  out_stateID[322] = 26
  out_stateID[323] = 26
  out_stateID[324] = 26
  out_stateID[325] = 26
  out_stateID[326] = 26
  out_stateID[327] = 26
  out_stateID[328] = 26
  out_stateID[329] = 26
  out_stateID[330] = 26
  out_stateID[331] = 26
  out_stateID[332] = 26
  out_stateID[333] = 26
  out_stateID[334] = 26
  out_stateID[335] = 26
  out_stateID[336] = 26
  out_stateID[337] = 26
  out_stateID[338] = 26
  out_stateID[339] = 26
  out_stateID[340] = 26
  out_stateID[341] = 26
  out_stateID[342] = 26
  out_stateID[343] = 26
  out_stateID[344] = 26
  out_stateID[345] = 26
  out_stateID[346] = 26
  out_stateID[347] = 26
  out_stateID[348] = 26
  out_stateID[349] = 26
  out_stateID[350] = 26
  out_stateID[351] = 26
  out_stateID[352] = 26
  out_stateID[353] = 26
  out_stateID[354] = 26
  out_stateID[355] = 26
  out_stateID[356] = 26
  out_stateID[357] = 26
  out_stateID[358] = 26
  out_stateID[359] = 26
  out_stateID[360] = 26
  out_stateID[361] = 26
  out_stateID[362] = 26
  out_stateID[363] = 26
  out_stateID[364] = 26
  out_stateID[365] = 26
  out_stateID[366] = 26
  out_stateID[367] = 26
  out_stateID[368] = 26
  out_stateID[369] = 26
  out_stateID[370] = 26
  out_stateID[371] = 26
  out_stateID[372] = 26
  out_stateID[373] = 26
  out_stateID[374] = 26
  out_stateID[375] = 26
  out_stateID[376] = 26
  out_stateID[377] = 26
  out_stateID[378] = 26
  out_stateID[379] = 26
  out_stateID[380] = 26
  out_stateID[381] = 26
  out_stateID[382] = 26
  out_stateID[383] = 26
  out_stateID[384] = 26
  out_stateID[385] = 26
  out_stateID[386] = 26
  out_stateID[387] = 26
  out_stateID[388] = 26
  out_stateID[389] = 26
  out_stateID[390] = 26
  out_stateID[391] = 26
  out_stateID[392] = 26
  out_stateID[393] = 26
  out_stateID[394] = 26
  out_stateID[395] = 26
  out_stateID[396] = 26
  out_stateID[397] = 26
  out_stateID[398] = 26
  out_stateID[399] = 26
  out_stateID[400] = 26
  out_stateID[401] = 26
  out_stateID[402] = 26
  out_stateID[403] = 26
  out_stateID[404] = 26
  out_stateID[405] = 26
  out_stateID[406] = 26
  out_stateID[407] = 26
  out_stateID[408] = 26
  out_stateID[409] = 26
  out_stateID[410] = 26
  out_stateID[411] = 26
  out_stateID[412] = 26
  out_stateID[413] = 26
  out_stateID[414] = 26
  out_stateID[415] = 26
  out_stateID[416] = 26
  out_stateID[417] = 26
  out_stateID[418] = 26
  out_stateID[419] = 26
  out_stateID[420] = 26
  out_stateID[421] = 26
  out_stateID[422] = 26
  out_stateID[423] = 26
  out_stateID[424] = 26
  out_stateID[425] = 26
  out_stateID[426] = 26
  out_stateID[427] = 26
  out_stateID[428] = 26
  out_stateID[429] = 26
  out_stateID[430] = 26
  out_stateID[431] = 26
  out_stateID[432] = 26
  out_stateID[433] = 26
  out_stateID[434] = 26
  out_stateID[435] = 26
  out_stateID[436] = 26
  out_stateID[437] = 26
  out_stateID[438] = 26
  out_stateID[439] = 26
  out_stateID[440] = 26
  out_stateID[441] = 26
  out_stateID[442] = 26
  out_stateID[443] = 26
  out_stateID[444] = 26
  out_stateID[445] = 26
  out_stateID[446] = 26
  out_stateID[447] = 26
  out_stateID[448] = 26
  out_stateID[449] = 26
  out_stateID[450] = 26
  out_stateID[451] = 26
  out_stateID[452] = 26
  out_stateID[453] = 26
  out_stateID[454] = 26
  out_stateID[455] = 26
  out_stateID[456] = 26
  out_stateID[457] = 26
  out_stateID[458] = 26
  out_stateID[459] = 26
  out_stateID[460] = 26
  out_stateID[461] = 26
  out_stateID[462] = 26
  out_stateID[463] = 26
  out_stateID[464] = 26
  out_stateID[465] = 26
  out_stateID[466] = 26
  out_stateID[467] = 26
  out_stateID[468] = 26
  out_stateID[469] = 26
  out_stateID[470] = 26
  out_stateID[471] = 26
  out_stateID[472] = 26
  out_stateID[473] = 26
  out_stateID[474] = 26
  out_stateID[475] = 26
  out_stateID[476] = 26
  out_stateID[477] = 26
  out_stateID[478] = 26
  out_stateID[479] = 26
  out_stateID[480] = 26
  out_stateID[481] = 26
  out_stateID[482] = 26
  out_stateID[483] = 26
  out_stateID[484] = 26
  out_stateID[485] = 26
  out_stateID[486] = 26
  out_stateID[487] = 26
  out_stateID[488] = 26
  out_stateID[489] = 26
  out_stateID[490] = 26
  out_stateID[491] = 26
  out_stateID[492] = 26
  out_stateID[493] = 26
  out_stateID[494] = 26
  out_stateID[495] = 26
  out_stateID[496] = 26
  out_stateID[497] = 26
  out_stateID[498] = 26
  out_stateID[499] = 26
  out_stateID[500] = 26
  out_stateID[501] = 26
  out_stateID[502] = 26
  out_stateID[503] = 26
  out_stateID[504] = 26
  out_stateID[505] = 26
  out_stateID[506] = 26
  out_stateID[507] = 26
  out_stateID[508] = 26
  out_stateID[509] = 26
  out_stateID[510] = 26
  out_stateID[511] = 26
  out_stateID[512] = 26
  out_stateID[513] = 26
  out_stateID[514] = 26
  out_stateID[515] = 26
  out_stateID[516] = 26
  out_stateID[517] = 26
  out_stateID[518] = 26
  out_stateID[519] = 26
  out_stateID[520] = 26
  out_stateID[521] = 26
  out_stateID[522] = 26
  out_stateID[523] = 26
  out_stateID[524] = 26
  out_stateID[525] = 26
  out_stateID[526] = 26
  out_stateID[527] = 26
  out_stateID[528] = 26
  out_stateID[529] = 26
  out_stateID[530] = 26
  out_stateID[531] = 26
  out_stateID[532] = 26
  out_stateID[533] = 26
  out_stateID[534] = 26
  out_stateID[535] = 26
  out_stateID[536] = 26
  out_stateID[537] = 26
  out_stateID[538] = 26
  out_stateID[539] = 26
  out_stateID[540] = 26
  out_stateID[541] = 26
  out_stateID[542] = 26
  out_stateID[543] = 26
  out_stateID[544] = 26
  out_stateID[545] = 26
  out_stateID[546] = 26
  out_stateID[547] = 26
  out_stateID[548] = 26
  out_stateID[549] = 26
  out_stateID[550] = 26
  out_stateID[551] = 26
  out_stateID[552] = 26
  out_stateID[553] = 26
  out_stateID[554] = 26
  out_stateID[555] = 26
  out_stateID[556] = 26
  out_stateID[557] = 26
  out_stateID[558] = 26
  out_stateID[559] = 26
  out_stateID[560] = 26
  out_stateID[561] = 26
  out_stateID[562] = 26
  out_stateID[563] = 26
  out_stateID[564] = 26
  out_stateID[565] = 26
  out_stateID[566] = 26
  out_stateID[567] = 26
  out_stateID[568] = 26
  out_stateID[569] = 26
  out_stateID[570] = 26
  out_stateID[571] = 26
  out_stateID[572] = 26
  out_stateID[573] = 26
  out_stateID[574] = 26
  out_stateID[575] = 26
  out_stateID[576] = 26
  out_stateID[577] = 26
  out_stateID[578] = 26
  out_stateID[579] = 26
  out_stateID[580] = 26
  out_stateID[581] = 26
  out_stateID[582] = 26
  out_stateID[583] = 26
  out_stateID[584] = 26
  out_stateID[585] = 26
  out_stateID[586] = 26
  out_stateID[587] = 26
  out_stateID[588] = 26
  out_stateID[589] = 26
  out_stateID[590] = 26
  out_stateID[591] = 26
  out_stateID[592] = 26
  out_stateID[593] = 26
  out_stateID[594] = 26
  out_stateID[595] = 26
  out_stateID[596] = 26
  out_stateID[597] = 26
  out_stateID[598] = 26
  out_stateID[599] = 26
  out_stateID[600] = 26
  out_stateID[601] = 26
  out_stateID[602] = 26
  out_stateID[603] = 26
  out_stateID[604] = 26
  out_stateID[605] = 26
  out_stateID[606] = 26
  out_stateID[607] = 26
  out_stateID[608] = 26
  out_stateID[609] = 26
  out_stateID[610] = 26
  out_stateID[611] = 26
  out_stateID[612] = 26
  out_stateID[613] = 26
  out_stateID[614] = 26
  out_stateID[615] = 26
  out_stateID[616] = 26
  out_stateID[617] = 26
  out_stateID[618] = 26
  out_stateID[619] = 26
  out_stateID[620] = 26
  out_stateID[621] = 26
  out_stateID[622] = 26
  out_stateID[623] = 26
  out_stateID[624] = 26
  out_stateID[625] = 26
  out_stateID[626] = 26
  out_stateID[627] = 26
  out_stateID[628] = 26
  out_stateID[629] = 26
  out_stateID[630] = 26
  out_stateID[631] = 26
  out_stateID[632] = 26
  out_stateID[633] = 26
  out_stateID[634] = 26
  out_stateID[635] = 26
  out_stateID[636] = 26
  out_stateID[637] = 26
  out_stateID[638] = 26
  out_stateID[639] = 26
  out_stateID[640] = 26
  out_stateID[641] = 26
  out_stateID[642] = 26
  out_stateID[643] = 26
  out_stateID[644] = 26
  out_stateID[645] = 26
  out_stateID[646] = 26
  out_stateID[647] = 26
  out_stateID[648] = 26
  out_stateID[649] = 26
  out_stateID[650] = 26
  out_stateID[651] = 26
  out_stateID[652] = 26
  out_stateID[653] = 26
  out_stateID[654] = 26
  out_stateID[655] = 26
  out_stateID[656] = 26
  out_stateID[657] = 26
  out_stateID[658] = 26
  out_stateID[659] = 26
  out_stateID[660] = 26
  out_stateID[661] = 26
  out_stateID[662] = 26
  out_stateID[663] = 26
  out_stateID[664] = 26
  out_stateID[665] = 26
  out_stateID[666] = 26
  out_stateID[667] = 26
  out_stateID[668] = 26
  out_stateID[669] = 26
  out_stateID[670] = 26
  out_stateID[671] = 26
  out_stateID[672] = 26
  out_stateID[673] = 26
  out_stateID[674] = 26
  out_stateID[675] = 26
  out_stateID[676] = 26
  out_stateID[677] = 26
  out_stateID[678] = 26
  out_stateID[679] = 26
  out_stateID[680] = 26
  out_stateID[681] = 26
  out_stateID[682] = 26
  out_stateID[683] = 26
  out_stateID[684] = 26
  out_countyID[1] = 26161
  out_countyID[2] = 26161
  out_countyID[3] = 26161
  out_countyID[4] = 26161
  out_countyID[5] = 26161
  out_countyID[6] = 26161
  out_countyID[7] = 26161
  out_countyID[8] = 26161
  out_countyID[9] = 26161
  out_countyID[10] = 26161
  out_countyID[11] = 26161
  out_countyID[12] = 26161
  out_countyID[13] = 26161
  out_countyID[14] = 26161
  out_countyID[15] = 26161
  out_countyID[16] = 26161
  out_countyID[17] = 26161
  out_countyID[18] = 26161
  out_countyID[19] = 26161
  out_countyID[20] = 26161
  out_countyID[21] = 26161
  out_countyID[22] = 26161
  out_countyID[23] = 26161
  out_countyID[24] = 26161
  out_countyID[25] = 26161
  out_countyID[26] = 26161
  out_countyID[27] = 26161
  out_countyID[28] = 26161
  out_countyID[29] = 26161
  out_countyID[30] = 26161
  out_countyID[31] = 26161
  out_countyID[32] = 26161
  out_countyID[33] = 26161
  out_countyID[34] = 26161
  out_countyID[35] = 26161
  out_countyID[36] = 26161
  out_countyID[37] = 26161
  out_countyID[38] = 26161
  out_countyID[39] = 26161
  out_countyID[40] = 26161
  out_countyID[41] = 26161
  out_countyID[42] = 26161
  out_countyID[43] = 26161
  out_countyID[44] = 26161
  out_countyID[45] = 26161
  out_countyID[46] = 26161
  out_countyID[47] = 26161
  out_countyID[48] = 26161
  out_countyID[49] = 26161
  out_countyID[50] = 26161
  out_countyID[51] = 26161
  out_countyID[52] = 26161
  out_countyID[53] = 26161
  out_countyID[54] = 26161
  out_countyID[55] = 26161
  out_countyID[56] = 26161
  out_countyID[57] = 26161
  out_countyID[58] = 26161
  out_countyID[59] = 26161
  out_countyID[60] = 26161
  out_countyID[61] = 26161
  out_countyID[62] = 26161
  out_countyID[63] = 26161
  out_countyID[64] = 26161
  out_countyID[65] = 26161
  out_countyID[66] = 26161
  out_countyID[67] = 26161
  out_countyID[68] = 26161
  out_countyID[69] = 26161
  out_countyID[70] = 26161
  out_countyID[71] = 26161
  out_countyID[72] = 26161
  out_countyID[73] = 26161
  out_countyID[74] = 26161
  out_countyID[75] = 26161
  out_countyID[76] = 26161
  out_countyID[77] = 26161
  out_countyID[78] = 26161
  out_countyID[79] = 26161
  out_countyID[80] = 26161
  out_countyID[81] = 26161
  out_countyID[82] = 26161
  out_countyID[83] = 26161
  out_countyID[84] = 26161
  out_countyID[85] = 26161
  out_countyID[86] = 26161
  out_countyID[87] = 26161
  out_countyID[88] = 26161
  out_countyID[89] = 26161
  out_countyID[90] = 26161
  out_countyID[91] = 26161
  out_countyID[92] = 26161
  out_countyID[93] = 26161
  out_countyID[94] = 26161
  out_countyID[95] = 26161
  out_countyID[96] = 26161
  out_countyID[97] = 26161
  out_countyID[98] = 26161
  out_countyID[99] = 26161
  out_countyID[100] = 26161
  out_countyID[101] = 26161
  out_countyID[102] = 26161
  out_countyID[103] = 26161
  out_countyID[104] = 26161
  out_countyID[105] = 26161
  out_countyID[106] = 26161
  out_countyID[107] = 26161
  out_countyID[108] = 26161
  out_countyID[109] = 26161
  out_countyID[110] = 26161
  out_countyID[111] = 26161
  out_countyID[112] = 26161
  out_countyID[113] = 26161
  out_countyID[114] = 26161
  out_countyID[115] = 26161
  out_countyID[116] = 26161
  out_countyID[117] = 26161
  out_countyID[118] = 26161
  out_countyID[119] = 26161
  out_countyID[120] = 26161
  out_countyID[121] = 26161
  out_countyID[122] = 26161
  out_countyID[123] = 26161
  out_countyID[124] = 26161
  out_countyID[125] = 26161
  out_countyID[126] = 26161
  out_countyID[127] = 26161
  out_countyID[128] = 26161
  out_countyID[129] = 26161
  out_countyID[130] = 26161
  out_countyID[131] = 26161
  out_countyID[132] = 26161
  out_countyID[133] = 26161
  out_countyID[134] = 26161
  out_countyID[135] = 26161
  out_countyID[136] = 26161
  out_countyID[137] = 26161
  out_countyID[138] = 26161
  out_countyID[139] = 26161
  out_countyID[140] = 26161
  out_countyID[141] = 26161
  out_countyID[142] = 26161
  out_countyID[143] = 26161
  out_countyID[144] = 26161
  out_countyID[145] = 26161
  out_countyID[146] = 26161
  out_countyID[147] = 26161
  out_countyID[148] = 26161
  out_countyID[149] = 26161
  out_countyID[150] = 26161
  out_countyID[151] = 26161
  out_countyID[152] = 26161
  out_countyID[153] = 26161
  out_countyID[154] = 26161
  out_countyID[155] = 26161
  out_countyID[156] = 26161
  out_countyID[157] = 26161
  out_countyID[158] = 26161
  out_countyID[159] = 26161
  out_countyID[160] = 26161
  out_countyID[161] = 26161
  out_countyID[162] = 26161
  out_countyID[163] = 26161
  out_countyID[164] = 26161
  out_countyID[165] = 26161
  out_countyID[166] = 26161
  out_countyID[167] = 26161
  out_countyID[168] = 26161
  out_countyID[169] = 26161
  out_countyID[170] = 26161
  out_countyID[171] = 26161
  out_countyID[172] = 26161
  out_countyID[173] = 26161
  out_countyID[174] = 26161
  out_countyID[175] = 26161
  out_countyID[176] = 26161
  out_countyID[177] = 26161
  out_countyID[178] = 26161
  out_countyID[179] = 26161
  out_countyID[180] = 26161
  out_countyID[181] = 26161
  out_countyID[182] = 26161
  out_countyID[183] = 26161
  out_countyID[184] = 26161
  out_countyID[185] = 26161
  out_countyID[186] = 26161
  out_countyID[187] = 26161
  out_countyID[188] = 26161
  out_countyID[189] = 26161
  out_countyID[190] = 26161
  out_countyID[191] = 26161
  out_countyID[192] = 26161
  out_countyID[193] = 26161
  out_countyID[194] = 26161
  out_countyID[195] = 26161
  out_countyID[196] = 26161
  out_countyID[197] = 26161
  out_countyID[198] = 26161
  out_countyID[199] = 26161
  out_countyID[200] = 26161
  out_countyID[201] = 26161
  out_countyID[202] = 26161
  out_countyID[203] = 26161
  out_countyID[204] = 26161
  out_countyID[205] = 26161
  out_countyID[206] = 26161
  out_countyID[207] = 26161
  out_countyID[208] = 26161
  out_countyID[209] = 26161
  out_countyID[210] = 26161
  out_countyID[211] = 26161
  out_countyID[212] = 26161
  out_countyID[213] = 26161
  out_countyID[214] = 26161
  out_countyID[215] = 26161
  out_countyID[216] = 26161
  out_countyID[217] = 26161
  out_countyID[218] = 26161
  out_countyID[219] = 26161
  out_countyID[220] = 26161
  out_countyID[221] = 26161
  out_countyID[222] = 26161
  out_countyID[223] = 26161
  out_countyID[224] = 26161
  out_countyID[225] = 26161
  out_countyID[226] = 26161
  out_countyID[227] = 26161
  out_countyID[228] = 26161
  out_countyID[229] = 26161
  out_countyID[230] = 26161
  out_countyID[231] = 26161
  out_countyID[232] = 26161
  out_countyID[233] = 26161
  out_countyID[234] = 26161
  out_countyID[235] = 26161
  out_countyID[236] = 26161
  out_countyID[237] = 26161
  out_countyID[238] = 26161
  out_countyID[239] = 26161
  out_countyID[240] = 26161
  out_countyID[241] = 26161
  out_countyID[242] = 26161
  out_countyID[243] = 26161
  out_countyID[244] = 26161
  out_countyID[245] = 26161
  out_countyID[246] = 26161
  out_countyID[247] = 26161
  out_countyID[248] = 26161
  out_countyID[249] = 26161
  out_countyID[250] = 26161
  out_countyID[251] = 26161
  out_countyID[252] = 26161
  out_countyID[253] = 26161
  out_countyID[254] = 26161
  out_countyID[255] = 26161
  out_countyID[256] = 26161
  out_countyID[257] = 26161
  out_countyID[258] = 26161
  out_countyID[259] = 26161
  out_countyID[260] = 26161
  out_countyID[261] = 26161
  out_countyID[262] = 26161
  out_countyID[263] = 26161
  out_countyID[264] = 26161
  out_countyID[265] = 26161
  out_countyID[266] = 26161
  out_countyID[267] = 26161
  out_countyID[268] = 26161
  out_countyID[269] = 26161
  out_countyID[270] = 26161
  out_countyID[271] = 26161
  out_countyID[272] = 26161
  out_countyID[273] = 26161
  out_countyID[274] = 26161
  out_countyID[275] = 26161
  out_countyID[276] = 26161
  out_countyID[277] = 26161
  out_countyID[278] = 26161
  out_countyID[279] = 26161
  out_countyID[280] = 26161
  out_countyID[281] = 26161
  out_countyID[282] = 26161
  out_countyID[283] = 26161
  out_countyID[284] = 26161
  out_countyID[285] = 26161
  out_countyID[286] = 26161
  out_countyID[287] = 26161
  out_countyID[288] = 26161
  out_countyID[289] = 26161
  out_countyID[290] = 26161
  out_countyID[291] = 26161
  out_countyID[292] = 26161
  out_countyID[293] = 26161
  out_countyID[294] = 26161
  out_countyID[295] = 26161
  out_countyID[296] = 26161
  out_countyID[297] = 26161
  out_countyID[298] = 26161
  out_countyID[299] = 26161
  out_countyID[300] = 26161
  out_countyID[301] = 26161
  out_countyID[302] = 26161
  out_countyID[303] = 26161
  out_countyID[304] = 26161
  out_countyID[305] = 26161
  out_countyID[306] = 26161
  out_countyID[307] = 26161
  out_countyID[308] = 26161
  out_countyID[309] = 26161
  out_countyID[310] = 26161
  out_countyID[311] = 26161
  out_countyID[312] = 26161
  out_countyID[313] = 26161
  out_countyID[314] = 26161
  out_countyID[315] = 26161
  out_countyID[316] = 26161
  out_countyID[317] = 26161
  out_countyID[318] = 26161
  out_countyID[319] = 26161
  out_countyID[320] = 26161
  out_countyID[321] = 26161
  out_countyID[322] = 26161
  out_countyID[323] = 26161
  out_countyID[324] = 26161
  out_countyID[325] = 26161
  out_countyID[326] = 26161
  out_countyID[327] = 26161
  out_countyID[328] = 26161
  out_countyID[329] = 26161
  out_countyID[330] = 26161
  out_countyID[331] = 26161
  out_countyID[332] = 26161
  out_countyID[333] = 26161
  out_countyID[334] = 26161
  out_countyID[335] = 26161
  out_countyID[336] = 26161
  out_countyID[337] = 26161
  out_countyID[338] = 26161
  out_countyID[339] = 26161
  out_countyID[340] = 26161
  out_countyID[341] = 26161
  out_countyID[342] = 26161
  out_countyID[343] = 26161
  out_countyID[344] = 26161
  out_countyID[345] = 26161
  out_countyID[346] = 26161
  out_countyID[347] = 26161
  out_countyID[348] = 26161
  out_countyID[349] = 26161
  out_countyID[350] = 26161
  out_countyID[351] = 26161
  out_countyID[352] = 26161
  out_countyID[353] = 26161
  out_countyID[354] = 26161
  out_countyID[355] = 26161
  out_countyID[356] = 26161
  out_countyID[357] = 26161
  out_countyID[358] = 26161
  out_countyID[359] = 26161
  out_countyID[360] = 26161
  out_countyID[361] = 26161
  out_countyID[362] = 26161
  out_countyID[363] = 26161
  out_countyID[364] = 26161
  out_countyID[365] = 26161
  out_countyID[366] = 26161
  out_countyID[367] = 26161
  out_countyID[368] = 26161
  out_countyID[369] = 26161
  out_countyID[370] = 26161
  out_countyID[371] = 26161
  out_countyID[372] = 26161
  out_countyID[373] = 26161
  out_countyID[374] = 26161
  out_countyID[375] = 26161
  out_countyID[376] = 26161
  out_countyID[377] = 26161
  out_countyID[378] = 26161
  out_countyID[379] = 26161
  out_countyID[380] = 26161
  out_countyID[381] = 26161
  out_countyID[382] = 26161
  out_countyID[383] = 26161
  out_countyID[384] = 26161
  out_countyID[385] = 26161
  out_countyID[386] = 26161
  out_countyID[387] = 26161
  out_countyID[388] = 26161
  out_countyID[389] = 26161
  out_countyID[390] = 26161
  out_countyID[391] = 26161
  out_countyID[392] = 26161
  out_countyID[393] = 26161
  out_countyID[394] = 26161
  out_countyID[395] = 26161
  out_countyID[396] = 26161
  out_countyID[397] = 26161
  out_countyID[398] = 26161
  out_countyID[399] = 26161
  out_countyID[400] = 26161
  out_countyID[401] = 26161
  out_countyID[402] = 26161
  out_countyID[403] = 26161
  out_countyID[404] = 26161
  out_countyID[405] = 26161
  out_countyID[406] = 26161
  out_countyID[407] = 26161
  out_countyID[408] = 26161
  out_countyID[409] = 26161
  out_countyID[410] = 26161
  out_countyID[411] = 26161
  out_countyID[412] = 26161
  out_countyID[413] = 26161
  out_countyID[414] = 26161
  out_countyID[415] = 26161
  out_countyID[416] = 26161
  out_countyID[417] = 26161
  out_countyID[418] = 26161
  out_countyID[419] = 26161
  out_countyID[420] = 26161
  out_countyID[421] = 26161
  out_countyID[422] = 26161
  out_countyID[423] = 26161
  out_countyID[424] = 26161
  out_countyID[425] = 26161
  out_countyID[426] = 26161
  out_countyID[427] = 26161
  out_countyID[428] = 26161
  out_countyID[429] = 26161
  out_countyID[430] = 26161
  out_countyID[431] = 26161
  out_countyID[432] = 26161
  out_countyID[433] = 26161
  out_countyID[434] = 26161
  out_countyID[435] = 26161
  out_countyID[436] = 26161
  out_countyID[437] = 26161
  out_countyID[438] = 26161
  out_countyID[439] = 26161
  out_countyID[440] = 26161
  out_countyID[441] = 26161
  out_countyID[442] = 26161
  out_countyID[443] = 26161
  out_countyID[444] = 26161
  out_countyID[445] = 26161
  out_countyID[446] = 26161
  out_countyID[447] = 26161
  out_countyID[448] = 26161
  out_countyID[449] = 26161
  out_countyID[450] = 26161
  out_countyID[451] = 26161
  out_countyID[452] = 26161
  out_countyID[453] = 26161
  out_countyID[454] = 26161
  out_countyID[455] = 26161
  out_countyID[456] = 26161
  out_countyID[457] = 26161
  out_countyID[458] = 26161
  out_countyID[459] = 26161
  out_countyID[460] = 26161
  out_countyID[461] = 26161
  out_countyID[462] = 26161
  out_countyID[463] = 26161
  out_countyID[464] = 26161
  out_countyID[465] = 26161
  out_countyID[466] = 26161
  out_countyID[467] = 26161
  out_countyID[468] = 26161
  out_countyID[469] = 26161
  out_countyID[470] = 26161
  out_countyID[471] = 26161
  out_countyID[472] = 26161
  out_countyID[473] = 26161
  out_countyID[474] = 26161
  out_countyID[475] = 26161
  out_countyID[476] = 26161
  out_countyID[477] = 26161
  out_countyID[478] = 26161
  out_countyID[479] = 26161
  out_countyID[480] = 26161
  out_countyID[481] = 26161
  out_countyID[482] = 26161
  out_countyID[483] = 26161
  out_countyID[484] = 26161
  out_countyID[485] = 26161
  out_countyID[486] = 26161
  out_countyID[487] = 26161
  out_countyID[488] = 26161
  out_countyID[489] = 26161
  out_countyID[490] = 26161
  out_countyID[491] = 26161
  out_countyID[492] = 26161
  out_countyID[493] = 26161
  out_countyID[494] = 26161
  out_countyID[495] = 26161
  out_countyID[496] = 26161
  out_countyID[497] = 26161
  out_countyID[498] = 26161
  out_countyID[499] = 26161
  out_countyID[500] = 26161
  out_countyID[501] = 26161
  out_countyID[502] = 26161
  out_countyID[503] = 26161
  out_countyID[504] = 26161
  out_countyID[505] = 26161
  out_countyID[506] = 26161
  out_countyID[507] = 26161
  out_countyID[508] = 26161
  out_countyID[509] = 26161
  out_countyID[510] = 26161
  out_countyID[511] = 26161
  out_countyID[512] = 26161
  out_countyID[513] = 26161
  out_countyID[514] = 26161
  out_countyID[515] = 26161
  out_countyID[516] = 26161
  out_countyID[517] = 26161
  out_countyID[518] = 26161
  out_countyID[519] = 26161
  out_countyID[520] = 26161
  out_countyID[521] = 26161
  out_countyID[522] = 26161
  out_countyID[523] = 26161
  out_countyID[524] = 26161
  out_countyID[525] = 26161
  out_countyID[526] = 26161
  out_countyID[527] = 26161
  out_countyID[528] = 26161
  out_countyID[529] = 26161
  out_countyID[530] = 26161
  out_countyID[531] = 26161
  out_countyID[532] = 26161
  out_countyID[533] = 26161
  out_countyID[534] = 26161
  out_countyID[535] = 26161
  out_countyID[536] = 26161
  out_countyID[537] = 26161
  out_countyID[538] = 26161
  out_countyID[539] = 26161
  out_countyID[540] = 26161
  out_countyID[541] = 26161
  out_countyID[542] = 26161
  out_countyID[543] = 26161
  out_countyID[544] = 26161
  out_countyID[545] = 26161
  out_countyID[546] = 26161
  out_countyID[547] = 26161
  out_countyID[548] = 26161
  out_countyID[549] = 26161
  out_countyID[550] = 26161
  out_countyID[551] = 26161
  out_countyID[552] = 26161
  out_countyID[553] = 26161
  out_countyID[554] = 26161
  out_countyID[555] = 26161
  out_countyID[556] = 26161
  out_countyID[557] = 26161
  out_countyID[558] = 26161
  out_countyID[559] = 26161
  out_countyID[560] = 26161
  out_countyID[561] = 26161
  out_countyID[562] = 26161
  out_countyID[563] = 26161
  out_countyID[564] = 26161
  out_countyID[565] = 26161
  out_countyID[566] = 26161
  out_countyID[567] = 26161
  out_countyID[568] = 26161
  out_countyID[569] = 26161
  out_countyID[570] = 26161
  out_countyID[571] = 26161
  out_countyID[572] = 26161
  out_countyID[573] = 26161
  out_countyID[574] = 26161
  out_countyID[575] = 26161
  out_countyID[576] = 26161
  out_countyID[577] = 26161
  out_countyID[578] = 26161
  out_countyID[579] = 26161
  out_countyID[580] = 26161
  out_countyID[581] = 26161
  out_countyID[582] = 26161
  out_countyID[583] = 26161
  out_countyID[584] = 26161
  out_countyID[585] = 26161
  out_countyID[586] = 26161
  out_countyID[587] = 26161
  out_countyID[588] = 26161
  out_countyID[589] = 26161
  out_countyID[590] = 26161
  out_countyID[591] = 26161
  out_countyID[592] = 26161
  out_countyID[593] = 26161
  out_countyID[594] = 26161
  out_countyID[595] = 26161
  out_countyID[596] = 26161
  out_countyID[597] = 26161
  out_countyID[598] = 26161
  out_countyID[599] = 26161
  out_countyID[600] = 26161
  out_countyID[601] = 26161
  out_countyID[602] = 26161
  out_countyID[603] = 26161
  out_countyID[604] = 26161
  out_countyID[605] = 26161
  out_countyID[606] = 26161
  out_countyID[607] = 26161
  out_countyID[608] = 26161
  out_countyID[609] = 26161
  out_countyID[610] = 26161
  out_countyID[611] = 26161
  out_countyID[612] = 26161
  out_countyID[613] = 26161
  out_countyID[614] = 26161
  out_countyID[615] = 26161
  out_countyID[616] = 26161
  out_countyID[617] = 26161
  out_countyID[618] = 26161
  out_countyID[619] = 26161
  out_countyID[620] = 26161
  out_countyID[621] = 26161
  out_countyID[622] = 26161
  out_countyID[623] = 26161
  out_countyID[624] = 26161
  out_countyID[625] = 26161
  out_countyID[626] = 26161
  out_countyID[627] = 26161
  out_countyID[628] = 26161
  out_countyID[629] = 26161
  out_countyID[630] = 26161
  out_countyID[631] = 26161
  out_countyID[632] = 26161
  out_countyID[633] = 26161
  out_countyID[634] = 26161
  out_countyID[635] = 26161
  out_countyID[636] = 26161
  out_countyID[637] = 26161
  out_countyID[638] = 26161
  out_countyID[639] = 26161
  out_countyID[640] = 26161
  out_countyID[641] = 26161
  out_countyID[642] = 26161
  out_countyID[643] = 26161
  out_countyID[644] = 26161
  out_countyID[645] = 26161
  out_countyID[646] = 26161
  out_countyID[647] = 26161
  out_countyID[648] = 26161
  out_countyID[649] = 26161
  out_countyID[650] = 26161
  out_countyID[651] = 26161
  out_countyID[652] = 26161
  out_countyID[653] = 26161
  out_countyID[654] = 26161
  out_countyID[655] = 26161
  out_countyID[656] = 26161
  out_countyID[657] = 26161
  out_countyID[658] = 26161
  out_countyID[659] = 26161
  out_countyID[660] = 26161
  out_countyID[661] = 26161
  out_countyID[662] = 26161
  out_countyID[663] = 26161
  out_countyID[664] = 26161
  out_countyID[665] = 26161
  out_countyID[666] = 26161
  out_countyID[667] = 26161
  out_countyID[668] = 26161
  out_countyID[669] = 26161
  out_countyID[670] = 26161
  out_countyID[671] = 26161
  out_countyID[672] = 26161
  out_countyID[673] = 26161
  out_countyID[674] = 26161
  out_countyID[675] = 26161
  out_countyID[676] = 26161
  out_countyID[677] = 26161
  out_countyID[678] = 26161
  out_countyID[679] = 26161
  out_countyID[680] = 26161
  out_countyID[681] = 26161
  out_countyID[682] = 26161
  out_countyID[683] = 26161
  out_countyID[684] = 26161
  out_sourceTypeID[1] = 21
  out_sourceTypeID[2] = 21
  out_sourceTypeID[3] = 21
  out_sourceTypeID[4] = 21
  out_sourceTypeID[5] = 21
  out_sourceTypeID[6] = 21
  out_sourceTypeID[7] = 21
  out_sourceTypeID[8] = 21
  out_sourceTypeID[9] = 21
  out_sourceTypeID[10] = 21
  out_sourceTypeID[11] = 21
  out_sourceTypeID[12] = 21
  out_sourceTypeID[13] = 21
  out_sourceTypeID[14] = 21
  out_sourceTypeID[15] = 21
  out_sourceTypeID[16] = 21
  out_sourceTypeID[17] = 21
  out_sourceTypeID[18] = 21
  out_sourceTypeID[19] = 21
  out_sourceTypeID[20] = 21
  out_sourceTypeID[21] = 21
  out_sourceTypeID[22] = 21
  out_sourceTypeID[23] = 21
  out_sourceTypeID[24] = 21
  out_sourceTypeID[25] = 21
  out_sourceTypeID[26] = 21
  out_sourceTypeID[27] = 21
  out_sourceTypeID[28] = 21
  out_sourceTypeID[29] = 21
  out_sourceTypeID[30] = 21
  out_sourceTypeID[31] = 21
  out_sourceTypeID[32] = 21
  out_sourceTypeID[33] = 21
  out_sourceTypeID[34] = 21
  out_sourceTypeID[35] = 21
  out_sourceTypeID[36] = 21
  out_sourceTypeID[37] = 21
  out_sourceTypeID[38] = 21
  out_sourceTypeID[39] = 21
  out_sourceTypeID[40] = 21
  out_sourceTypeID[41] = 21
  out_sourceTypeID[42] = 21
  out_sourceTypeID[43] = 21
  out_sourceTypeID[44] = 21
  out_sourceTypeID[45] = 21
  out_sourceTypeID[46] = 21
  out_sourceTypeID[47] = 21
  out_sourceTypeID[48] = 21
  out_sourceTypeID[49] = 21
  out_sourceTypeID[50] = 21
  out_sourceTypeID[51] = 21
  out_sourceTypeID[52] = 21
  out_sourceTypeID[53] = 21
  out_sourceTypeID[54] = 21
  out_sourceTypeID[55] = 21
  out_sourceTypeID[56] = 21
  out_sourceTypeID[57] = 21
  out_sourceTypeID[58] = 21
  out_sourceTypeID[59] = 21
  out_sourceTypeID[60] = 21
  out_sourceTypeID[61] = 21
  out_sourceTypeID[62] = 21
  out_sourceTypeID[63] = 21
  out_sourceTypeID[64] = 21
  out_sourceTypeID[65] = 21
  out_sourceTypeID[66] = 21
  out_sourceTypeID[67] = 21
  out_sourceTypeID[68] = 21
  out_sourceTypeID[69] = 21
  out_sourceTypeID[70] = 21
  out_sourceTypeID[71] = 21
  out_sourceTypeID[72] = 21
  out_sourceTypeID[73] = 21
  out_sourceTypeID[74] = 21
  out_sourceTypeID[75] = 21
  out_sourceTypeID[76] = 21
  out_sourceTypeID[77] = 21
  out_sourceTypeID[78] = 21
  out_sourceTypeID[79] = 21
  out_sourceTypeID[80] = 21
  out_sourceTypeID[81] = 21
  out_sourceTypeID[82] = 21
  out_sourceTypeID[83] = 21
  out_sourceTypeID[84] = 21
  out_sourceTypeID[85] = 21
  out_sourceTypeID[86] = 21
  out_sourceTypeID[87] = 21
  out_sourceTypeID[88] = 21
  out_sourceTypeID[89] = 21
  out_sourceTypeID[90] = 21
  out_sourceTypeID[91] = 21
  out_sourceTypeID[92] = 21
  out_sourceTypeID[93] = 21
  out_sourceTypeID[94] = 21
  out_sourceTypeID[95] = 21
  out_sourceTypeID[96] = 21
  out_sourceTypeID[97] = 21
  out_sourceTypeID[98] = 21
  out_sourceTypeID[99] = 21
  out_sourceTypeID[100] = 21
  out_sourceTypeID[101] = 21
  out_sourceTypeID[102] = 21
  out_sourceTypeID[103] = 21
  out_sourceTypeID[104] = 21
  out_sourceTypeID[105] = 21
  out_sourceTypeID[106] = 21
  out_sourceTypeID[107] = 21
  out_sourceTypeID[108] = 21
  out_sourceTypeID[109] = 21
  out_sourceTypeID[110] = 21
  out_sourceTypeID[111] = 21
  out_sourceTypeID[112] = 21
  out_sourceTypeID[113] = 21
  out_sourceTypeID[114] = 21
  out_sourceTypeID[115] = 21
  out_sourceTypeID[116] = 21
  out_sourceTypeID[117] = 21
  out_sourceTypeID[118] = 21
  out_sourceTypeID[119] = 21
  out_sourceTypeID[120] = 21
  out_sourceTypeID[121] = 21
  out_sourceTypeID[122] = 21
  out_sourceTypeID[123] = 21
  out_sourceTypeID[124] = 21
  out_sourceTypeID[125] = 21
  out_sourceTypeID[126] = 21
  out_sourceTypeID[127] = 21
  out_sourceTypeID[128] = 21
  out_sourceTypeID[129] = 21
  out_sourceTypeID[130] = 21
  out_sourceTypeID[131] = 21
  out_sourceTypeID[132] = 21
  out_sourceTypeID[133] = 21
  out_sourceTypeID[134] = 21
  out_sourceTypeID[135] = 21
  out_sourceTypeID[136] = 21
  out_sourceTypeID[137] = 21
  out_sourceTypeID[138] = 21
  out_sourceTypeID[139] = 21
  out_sourceTypeID[140] = 21
  out_sourceTypeID[141] = 21
  out_sourceTypeID[142] = 21
  out_sourceTypeID[143] = 21
  out_sourceTypeID[144] = 21
  out_sourceTypeID[145] = 21
  out_sourceTypeID[146] = 21
  out_sourceTypeID[147] = 21
  out_sourceTypeID[148] = 21
  out_sourceTypeID[149] = 21
  out_sourceTypeID[150] = 21
  out_sourceTypeID[151] = 21
  out_sourceTypeID[152] = 21
  out_sourceTypeID[153] = 21
  out_sourceTypeID[154] = 21
  out_sourceTypeID[155] = 21
  out_sourceTypeID[156] = 21
  out_sourceTypeID[157] = 21
  out_sourceTypeID[158] = 21
  out_sourceTypeID[159] = 21
  out_sourceTypeID[160] = 21
  out_sourceTypeID[161] = 21
  out_sourceTypeID[162] = 21
  out_sourceTypeID[163] = 21
  out_sourceTypeID[164] = 21
  out_sourceTypeID[165] = 21
  out_sourceTypeID[166] = 21
  out_sourceTypeID[167] = 21
  out_sourceTypeID[168] = 21
  out_sourceTypeID[169] = 21
  out_sourceTypeID[170] = 21
  out_sourceTypeID[171] = 21
  out_sourceTypeID[172] = 21
  out_sourceTypeID[173] = 21
  out_sourceTypeID[174] = 21
  out_sourceTypeID[175] = 21
  out_sourceTypeID[176] = 21
  out_sourceTypeID[177] = 21
  out_sourceTypeID[178] = 21
  out_sourceTypeID[179] = 21
  out_sourceTypeID[180] = 21
  out_sourceTypeID[181] = 21
  out_sourceTypeID[182] = 21
  out_sourceTypeID[183] = 21
  out_sourceTypeID[184] = 21
  out_sourceTypeID[185] = 21
  out_sourceTypeID[186] = 21
  out_sourceTypeID[187] = 21
  out_sourceTypeID[188] = 21
  out_sourceTypeID[189] = 21
  out_sourceTypeID[190] = 21
  out_sourceTypeID[191] = 21
  out_sourceTypeID[192] = 21
  out_sourceTypeID[193] = 21
  out_sourceTypeID[194] = 21
  out_sourceTypeID[195] = 21
  out_sourceTypeID[196] = 21
  out_sourceTypeID[197] = 21
  out_sourceTypeID[198] = 21
  out_sourceTypeID[199] = 21
  out_sourceTypeID[200] = 21
  out_sourceTypeID[201] = 21
  out_sourceTypeID[202] = 21
  out_sourceTypeID[203] = 21
  out_sourceTypeID[204] = 21
  out_sourceTypeID[205] = 21
  out_sourceTypeID[206] = 21
  out_sourceTypeID[207] = 21
  out_sourceTypeID[208] = 21
  out_sourceTypeID[209] = 21
  out_sourceTypeID[210] = 21
  out_sourceTypeID[211] = 21
  out_sourceTypeID[212] = 21
  out_sourceTypeID[213] = 21
  out_sourceTypeID[214] = 21
  out_sourceTypeID[215] = 21
  out_sourceTypeID[216] = 21
  out_sourceTypeID[217] = 21
  out_sourceTypeID[218] = 21
  out_sourceTypeID[219] = 21
  out_sourceTypeID[220] = 21
  out_sourceTypeID[221] = 21
  out_sourceTypeID[222] = 21
  out_sourceTypeID[223] = 21
  out_sourceTypeID[224] = 21
  out_sourceTypeID[225] = 21
  out_sourceTypeID[226] = 21
  out_sourceTypeID[227] = 21
  out_sourceTypeID[228] = 21
  out_sourceTypeID[229] = 21
  out_sourceTypeID[230] = 21
  out_sourceTypeID[231] = 21
  out_sourceTypeID[232] = 21
  out_sourceTypeID[233] = 21
  out_sourceTypeID[234] = 21
  out_sourceTypeID[235] = 21
  out_sourceTypeID[236] = 21
  out_sourceTypeID[237] = 21
  out_sourceTypeID[238] = 21
  out_sourceTypeID[239] = 21
  out_sourceTypeID[240] = 21
  out_sourceTypeID[241] = 21
  out_sourceTypeID[242] = 21
  out_sourceTypeID[243] = 21
  out_sourceTypeID[244] = 21
  out_sourceTypeID[245] = 21
  out_sourceTypeID[246] = 21
  out_sourceTypeID[247] = 21
  out_sourceTypeID[248] = 21
  out_sourceTypeID[249] = 21
  out_sourceTypeID[250] = 21
  out_sourceTypeID[251] = 21
  out_sourceTypeID[252] = 21
  out_sourceTypeID[253] = 21
  out_sourceTypeID[254] = 21
  out_sourceTypeID[255] = 21
  out_sourceTypeID[256] = 21
  out_sourceTypeID[257] = 21
  out_sourceTypeID[258] = 21
  out_sourceTypeID[259] = 21
  out_sourceTypeID[260] = 21
  out_sourceTypeID[261] = 21
  out_sourceTypeID[262] = 21
  out_sourceTypeID[263] = 21
  out_sourceTypeID[264] = 21
  out_sourceTypeID[265] = 21
  out_sourceTypeID[266] = 21
  out_sourceTypeID[267] = 21
  out_sourceTypeID[268] = 21
  out_sourceTypeID[269] = 21
  out_sourceTypeID[270] = 21
  out_sourceTypeID[271] = 21
  out_sourceTypeID[272] = 21
  out_sourceTypeID[273] = 21
  out_sourceTypeID[274] = 21
  out_sourceTypeID[275] = 21
  out_sourceTypeID[276] = 21
  out_sourceTypeID[277] = 21
  out_sourceTypeID[278] = 21
  out_sourceTypeID[279] = 21
  out_sourceTypeID[280] = 21
  out_sourceTypeID[281] = 21
  out_sourceTypeID[282] = 21
  out_sourceTypeID[283] = 21
  out_sourceTypeID[284] = 21
  out_sourceTypeID[285] = 21
  out_sourceTypeID[286] = 21
  out_sourceTypeID[287] = 21
  out_sourceTypeID[288] = 21
  out_sourceTypeID[289] = 21
  out_sourceTypeID[290] = 21
  out_sourceTypeID[291] = 21
  out_sourceTypeID[292] = 21
  out_sourceTypeID[293] = 21
  out_sourceTypeID[294] = 21
  out_sourceTypeID[295] = 21
  out_sourceTypeID[296] = 21
  out_sourceTypeID[297] = 21
  out_sourceTypeID[298] = 21
  out_sourceTypeID[299] = 21
  out_sourceTypeID[300] = 21
  out_sourceTypeID[301] = 21
  out_sourceTypeID[302] = 21
  out_sourceTypeID[303] = 21
  out_sourceTypeID[304] = 21
  out_sourceTypeID[305] = 21
  out_sourceTypeID[306] = 21
  out_sourceTypeID[307] = 21
  out_sourceTypeID[308] = 21
  out_sourceTypeID[309] = 21
  out_sourceTypeID[310] = 21
  out_sourceTypeID[311] = 21
  out_sourceTypeID[312] = 21
  out_sourceTypeID[313] = 21
  out_sourceTypeID[314] = 21
  out_sourceTypeID[315] = 21
  out_sourceTypeID[316] = 21
  out_sourceTypeID[317] = 21
  out_sourceTypeID[318] = 21
  out_sourceTypeID[319] = 21
  out_sourceTypeID[320] = 21
  out_sourceTypeID[321] = 21
  out_sourceTypeID[322] = 21
  out_sourceTypeID[323] = 21
  out_sourceTypeID[324] = 21
  out_sourceTypeID[325] = 21
  out_sourceTypeID[326] = 21
  out_sourceTypeID[327] = 21
  out_sourceTypeID[328] = 21
  out_sourceTypeID[329] = 21
  out_sourceTypeID[330] = 21
  out_sourceTypeID[331] = 21
  out_sourceTypeID[332] = 21
  out_sourceTypeID[333] = 21
  out_sourceTypeID[334] = 21
  out_sourceTypeID[335] = 21
  out_sourceTypeID[336] = 21
  out_sourceTypeID[337] = 21
  out_sourceTypeID[338] = 21
  out_sourceTypeID[339] = 21
  out_sourceTypeID[340] = 21
  out_sourceTypeID[341] = 21
  out_sourceTypeID[342] = 21
  out_sourceTypeID[343] = 21
  out_sourceTypeID[344] = 21
  out_sourceTypeID[345] = 21
  out_sourceTypeID[346] = 21
  out_sourceTypeID[347] = 21
  out_sourceTypeID[348] = 21
  out_sourceTypeID[349] = 21
  out_sourceTypeID[350] = 21
  out_sourceTypeID[351] = 21
  out_sourceTypeID[352] = 21
  out_sourceTypeID[353] = 21
  out_sourceTypeID[354] = 21
  out_sourceTypeID[355] = 21
  out_sourceTypeID[356] = 21
  out_sourceTypeID[357] = 21
  out_sourceTypeID[358] = 21
  out_sourceTypeID[359] = 21
  out_sourceTypeID[360] = 21
  out_sourceTypeID[361] = 21
  out_sourceTypeID[362] = 21
  out_sourceTypeID[363] = 21
  out_sourceTypeID[364] = 21
  out_sourceTypeID[365] = 21
  out_sourceTypeID[366] = 21
  out_sourceTypeID[367] = 21
  out_sourceTypeID[368] = 21
  out_sourceTypeID[369] = 21
  out_sourceTypeID[370] = 21
  out_sourceTypeID[371] = 21
  out_sourceTypeID[372] = 21
  out_sourceTypeID[373] = 21
  out_sourceTypeID[374] = 21
  out_sourceTypeID[375] = 21
  out_sourceTypeID[376] = 21
  out_sourceTypeID[377] = 21
  out_sourceTypeID[378] = 21
  out_sourceTypeID[379] = 21
  out_sourceTypeID[380] = 21
  out_sourceTypeID[381] = 21
  out_sourceTypeID[382] = 21
  out_sourceTypeID[383] = 21
  out_sourceTypeID[384] = 21
  out_sourceTypeID[385] = 21
  out_sourceTypeID[386] = 21
  out_sourceTypeID[387] = 21
  out_sourceTypeID[388] = 21
  out_sourceTypeID[389] = 21
  out_sourceTypeID[390] = 21
  out_sourceTypeID[391] = 21
  out_sourceTypeID[392] = 21
  out_sourceTypeID[393] = 21
  out_sourceTypeID[394] = 21
  out_sourceTypeID[395] = 21
  out_sourceTypeID[396] = 21
  out_sourceTypeID[397] = 21
  out_sourceTypeID[398] = 21
  out_sourceTypeID[399] = 21
  out_sourceTypeID[400] = 21
  out_sourceTypeID[401] = 21
  out_sourceTypeID[402] = 21
  out_sourceTypeID[403] = 21
  out_sourceTypeID[404] = 21
  out_sourceTypeID[405] = 21
  out_sourceTypeID[406] = 21
  out_sourceTypeID[407] = 21
  out_sourceTypeID[408] = 21
  out_sourceTypeID[409] = 21
  out_sourceTypeID[410] = 21
  out_sourceTypeID[411] = 21
  out_sourceTypeID[412] = 21
  out_sourceTypeID[413] = 21
  out_sourceTypeID[414] = 21
  out_sourceTypeID[415] = 21
  out_sourceTypeID[416] = 21
  out_sourceTypeID[417] = 21
  out_sourceTypeID[418] = 21
  out_sourceTypeID[419] = 21
  out_sourceTypeID[420] = 21
  out_sourceTypeID[421] = 21
  out_sourceTypeID[422] = 21
  out_sourceTypeID[423] = 21
  out_sourceTypeID[424] = 21
  out_sourceTypeID[425] = 21
  out_sourceTypeID[426] = 21
  out_sourceTypeID[427] = 21
  out_sourceTypeID[428] = 21
  out_sourceTypeID[429] = 21
  out_sourceTypeID[430] = 21
  out_sourceTypeID[431] = 21
  out_sourceTypeID[432] = 21
  out_sourceTypeID[433] = 21
  out_sourceTypeID[434] = 21
  out_sourceTypeID[435] = 21
  out_sourceTypeID[436] = 21
  out_sourceTypeID[437] = 21
  out_sourceTypeID[438] = 21
  out_sourceTypeID[439] = 21
  out_sourceTypeID[440] = 21
  out_sourceTypeID[441] = 21
  out_sourceTypeID[442] = 21
  out_sourceTypeID[443] = 21
  out_sourceTypeID[444] = 21
  out_sourceTypeID[445] = 21
  out_sourceTypeID[446] = 21
  out_sourceTypeID[447] = 21
  out_sourceTypeID[448] = 21
  out_sourceTypeID[449] = 21
  out_sourceTypeID[450] = 21
  out_sourceTypeID[451] = 21
  out_sourceTypeID[452] = 21
  out_sourceTypeID[453] = 21
  out_sourceTypeID[454] = 21
  out_sourceTypeID[455] = 21
  out_sourceTypeID[456] = 21
  out_sourceTypeID[457] = 21
  out_sourceTypeID[458] = 21
  out_sourceTypeID[459] = 21
  out_sourceTypeID[460] = 21
  out_sourceTypeID[461] = 21
  out_sourceTypeID[462] = 21
  out_sourceTypeID[463] = 21
  out_sourceTypeID[464] = 21
  out_sourceTypeID[465] = 21
  out_sourceTypeID[466] = 21
  out_sourceTypeID[467] = 21
  out_sourceTypeID[468] = 21
  out_sourceTypeID[469] = 21
  out_sourceTypeID[470] = 21
  out_sourceTypeID[471] = 21
  out_sourceTypeID[472] = 21
  out_sourceTypeID[473] = 21
  out_sourceTypeID[474] = 21
  out_sourceTypeID[475] = 21
  out_sourceTypeID[476] = 21
  out_sourceTypeID[477] = 21
  out_sourceTypeID[478] = 21
  out_sourceTypeID[479] = 21
  out_sourceTypeID[480] = 21
  out_sourceTypeID[481] = 21
  out_sourceTypeID[482] = 21
  out_sourceTypeID[483] = 21
  out_sourceTypeID[484] = 21
  out_sourceTypeID[485] = 21
  out_sourceTypeID[486] = 21
  out_sourceTypeID[487] = 21
  out_sourceTypeID[488] = 21
  out_sourceTypeID[489] = 21
  out_sourceTypeID[490] = 21
  out_sourceTypeID[491] = 21
  out_sourceTypeID[492] = 21
  out_sourceTypeID[493] = 21
  out_sourceTypeID[494] = 21
  out_sourceTypeID[495] = 21
  out_sourceTypeID[496] = 21
  out_sourceTypeID[497] = 21
  out_sourceTypeID[498] = 21
  out_sourceTypeID[499] = 21
  out_sourceTypeID[500] = 21
  out_sourceTypeID[501] = 21
  out_sourceTypeID[502] = 21
  out_sourceTypeID[503] = 21
  out_sourceTypeID[504] = 21
  out_sourceTypeID[505] = 21
  out_sourceTypeID[506] = 21
  out_sourceTypeID[507] = 21
  out_sourceTypeID[508] = 21
  out_sourceTypeID[509] = 21
  out_sourceTypeID[510] = 21
  out_sourceTypeID[511] = 21
  out_sourceTypeID[512] = 21
  out_sourceTypeID[513] = 21
  out_sourceTypeID[514] = 21
  out_sourceTypeID[515] = 21
  out_sourceTypeID[516] = 21
  out_sourceTypeID[517] = 21
  out_sourceTypeID[518] = 21
  out_sourceTypeID[519] = 21
  out_sourceTypeID[520] = 21
  out_sourceTypeID[521] = 21
  out_sourceTypeID[522] = 21
  out_sourceTypeID[523] = 21
  out_sourceTypeID[524] = 21
  out_sourceTypeID[525] = 21
  out_sourceTypeID[526] = 21
  out_sourceTypeID[527] = 21
  out_sourceTypeID[528] = 21
  out_sourceTypeID[529] = 21
  out_sourceTypeID[530] = 21
  out_sourceTypeID[531] = 21
  out_sourceTypeID[532] = 21
  out_sourceTypeID[533] = 21
  out_sourceTypeID[534] = 21
  out_sourceTypeID[535] = 21
  out_sourceTypeID[536] = 21
  out_sourceTypeID[537] = 21
  out_sourceTypeID[538] = 21
  out_sourceTypeID[539] = 21
  out_sourceTypeID[540] = 21
  out_sourceTypeID[541] = 21
  out_sourceTypeID[542] = 21
  out_sourceTypeID[543] = 21
  out_sourceTypeID[544] = 21
  out_sourceTypeID[545] = 21
  out_sourceTypeID[546] = 21
  out_sourceTypeID[547] = 21
  out_sourceTypeID[548] = 21
  out_sourceTypeID[549] = 21
  out_sourceTypeID[550] = 21
  out_sourceTypeID[551] = 21
  out_sourceTypeID[552] = 21
  out_sourceTypeID[553] = 21
  out_sourceTypeID[554] = 21
  out_sourceTypeID[555] = 21
  out_sourceTypeID[556] = 21
  out_sourceTypeID[557] = 21
  out_sourceTypeID[558] = 21
  out_sourceTypeID[559] = 21
  out_sourceTypeID[560] = 21
  out_sourceTypeID[561] = 21
  out_sourceTypeID[562] = 21
  out_sourceTypeID[563] = 21
  out_sourceTypeID[564] = 21
  out_sourceTypeID[565] = 21
  out_sourceTypeID[566] = 21
  out_sourceTypeID[567] = 21
  out_sourceTypeID[568] = 21
  out_sourceTypeID[569] = 21
  out_sourceTypeID[570] = 21
  out_sourceTypeID[571] = 21
  out_sourceTypeID[572] = 21
  out_sourceTypeID[573] = 21
  out_sourceTypeID[574] = 21
  out_sourceTypeID[575] = 21
  out_sourceTypeID[576] = 21
  out_sourceTypeID[577] = 21
  out_sourceTypeID[578] = 21
  out_sourceTypeID[579] = 21
  out_sourceTypeID[580] = 21
  out_sourceTypeID[581] = 21
  out_sourceTypeID[582] = 21
  out_sourceTypeID[583] = 21
  out_sourceTypeID[584] = 21
  out_sourceTypeID[585] = 21
  out_sourceTypeID[586] = 21
  out_sourceTypeID[587] = 21
  out_sourceTypeID[588] = 21
  out_sourceTypeID[589] = 21
  out_sourceTypeID[590] = 21
  out_sourceTypeID[591] = 21
  out_sourceTypeID[592] = 21
  out_sourceTypeID[593] = 21
  out_sourceTypeID[594] = 21
  out_sourceTypeID[595] = 21
  out_sourceTypeID[596] = 21
  out_sourceTypeID[597] = 21
  out_sourceTypeID[598] = 21
  out_sourceTypeID[599] = 21
  out_sourceTypeID[600] = 21
  out_sourceTypeID[601] = 21
  out_sourceTypeID[602] = 21
  out_sourceTypeID[603] = 21
  out_sourceTypeID[604] = 21
  out_sourceTypeID[605] = 21
  out_sourceTypeID[606] = 21
  out_sourceTypeID[607] = 21
  out_sourceTypeID[608] = 21
  out_sourceTypeID[609] = 21
  out_sourceTypeID[610] = 21
  out_sourceTypeID[611] = 21
  out_sourceTypeID[612] = 21
  out_sourceTypeID[613] = 21
  out_sourceTypeID[614] = 21
  out_sourceTypeID[615] = 21
  out_sourceTypeID[616] = 21
  out_sourceTypeID[617] = 21
  out_sourceTypeID[618] = 21
  out_sourceTypeID[619] = 21
  out_sourceTypeID[620] = 21
  out_sourceTypeID[621] = 21
  out_sourceTypeID[622] = 21
  out_sourceTypeID[623] = 21
  out_sourceTypeID[624] = 21
  out_sourceTypeID[625] = 21
  out_sourceTypeID[626] = 21
  out_sourceTypeID[627] = 21
  out_sourceTypeID[628] = 21
  out_sourceTypeID[629] = 21
  out_sourceTypeID[630] = 21
  out_sourceTypeID[631] = 21
  out_sourceTypeID[632] = 21
  out_sourceTypeID[633] = 21
  out_sourceTypeID[634] = 21
  out_sourceTypeID[635] = 21
  out_sourceTypeID[636] = 21
  out_sourceTypeID[637] = 21
  out_sourceTypeID[638] = 21
  out_sourceTypeID[639] = 21
  out_sourceTypeID[640] = 21
  out_sourceTypeID[641] = 21
  out_sourceTypeID[642] = 21
  out_sourceTypeID[643] = 21
  out_sourceTypeID[644] = 21
  out_sourceTypeID[645] = 21
  out_sourceTypeID[646] = 21
  out_sourceTypeID[647] = 21
  out_sourceTypeID[648] = 21
  out_sourceTypeID[649] = 21
  out_sourceTypeID[650] = 21
  out_sourceTypeID[651] = 21
  out_sourceTypeID[652] = 21
  out_sourceTypeID[653] = 21
  out_sourceTypeID[654] = 21
  out_sourceTypeID[655] = 21
  out_sourceTypeID[656] = 21
  out_sourceTypeID[657] = 21
  out_sourceTypeID[658] = 21
  out_sourceTypeID[659] = 21
  out_sourceTypeID[660] = 21
  out_sourceTypeID[661] = 21
  out_sourceTypeID[662] = 21
  out_sourceTypeID[663] = 21
  out_sourceTypeID[664] = 21
  out_sourceTypeID[665] = 21
  out_sourceTypeID[666] = 21
  out_sourceTypeID[667] = 21
  out_sourceTypeID[668] = 21
  out_sourceTypeID[669] = 21
  out_sourceTypeID[670] = 21
  out_sourceTypeID[671] = 21
  out_sourceTypeID[672] = 21
  out_sourceTypeID[673] = 21
  out_sourceTypeID[674] = 21
  out_sourceTypeID[675] = 21
  out_sourceTypeID[676] = 21
  out_sourceTypeID[677] = 21
  out_sourceTypeID[678] = 21
  out_sourceTypeID[679] = 21
  out_sourceTypeID[680] = 21
  out_sourceTypeID[681] = 21
  out_sourceTypeID[682] = 21
  out_sourceTypeID[683] = 21
  out_sourceTypeID[684] = 21
  out_roadTypeID[1] = 4
  out_roadTypeID[2] = 4
  out_roadTypeID[3] = 4
  out_roadTypeID[4] = 4
  out_roadTypeID[5] = 4
  out_roadTypeID[6] = 4
  out_roadTypeID[7] = 4
  out_roadTypeID[8] = 4
  out_roadTypeID[9] = 4
  out_roadTypeID[10] = 4
  out_roadTypeID[11] = 4
  out_roadTypeID[12] = 4
  out_roadTypeID[13] = 4
  out_roadTypeID[14] = 4
  out_roadTypeID[15] = 4
  out_roadTypeID[16] = 4
  out_roadTypeID[17] = 4
  out_roadTypeID[18] = 4
  out_roadTypeID[19] = 4
  out_roadTypeID[20] = 4
  out_roadTypeID[21] = 4
  out_roadTypeID[22] = 4
  out_roadTypeID[23] = 4
  out_roadTypeID[24] = 4
  out_roadTypeID[25] = 4
  out_roadTypeID[26] = 4
  out_roadTypeID[27] = 4
  out_roadTypeID[28] = 4
  out_roadTypeID[29] = 4
  out_roadTypeID[30] = 4
  out_roadTypeID[31] = 4
  out_roadTypeID[32] = 4
  out_roadTypeID[33] = 4
  out_roadTypeID[34] = 4
  out_roadTypeID[35] = 4
  out_roadTypeID[36] = 4
  out_roadTypeID[37] = 4
  out_roadTypeID[38] = 4
  out_roadTypeID[39] = 4
  out_roadTypeID[40] = 4
  out_roadTypeID[41] = 4
  out_roadTypeID[42] = 4
  out_roadTypeID[43] = 4
  out_roadTypeID[44] = 4
  out_roadTypeID[45] = 4
  out_roadTypeID[46] = 4
  out_roadTypeID[47] = 4
  out_roadTypeID[48] = 4
  out_roadTypeID[49] = 4
  out_roadTypeID[50] = 4
  out_roadTypeID[51] = 4
  out_roadTypeID[52] = 4
  out_roadTypeID[53] = 4
  out_roadTypeID[54] = 4
  out_roadTypeID[55] = 4
  out_roadTypeID[56] = 4
  out_roadTypeID[57] = 4
  out_roadTypeID[58] = 4
  out_roadTypeID[59] = 4
  out_roadTypeID[60] = 4
  out_roadTypeID[61] = 4
  out_roadTypeID[62] = 4
  out_roadTypeID[63] = 4
  out_roadTypeID[64] = 4
  out_roadTypeID[65] = 4
  out_roadTypeID[66] = 4
  out_roadTypeID[67] = 4
  out_roadTypeID[68] = 4
  out_roadTypeID[69] = 4
  out_roadTypeID[70] = 4
  out_roadTypeID[71] = 4
  out_roadTypeID[72] = 4
  out_roadTypeID[73] = 4
  out_roadTypeID[74] = 4
  out_roadTypeID[75] = 4
  out_roadTypeID[76] = 4
  out_roadTypeID[77] = 4
  out_roadTypeID[78] = 4
  out_roadTypeID[79] = 4
  out_roadTypeID[80] = 4
  out_roadTypeID[81] = 4
  out_roadTypeID[82] = 4
  out_roadTypeID[83] = 4
  out_roadTypeID[84] = 4
  out_roadTypeID[85] = 4
  out_roadTypeID[86] = 4
  out_roadTypeID[87] = 4
  out_roadTypeID[88] = 4
  out_roadTypeID[89] = 4
  out_roadTypeID[90] = 4
  out_roadTypeID[91] = 4
  out_roadTypeID[92] = 4
  out_roadTypeID[93] = 4
  out_roadTypeID[94] = 4
  out_roadTypeID[95] = 4
  out_roadTypeID[96] = 4
  out_roadTypeID[97] = 4
  out_roadTypeID[98] = 4
  out_roadTypeID[99] = 4
  out_roadTypeID[100] = 4
  out_roadTypeID[101] = 4
  out_roadTypeID[102] = 4
  out_roadTypeID[103] = 4
  out_roadTypeID[104] = 4
  out_roadTypeID[105] = 4
  out_roadTypeID[106] = 4
  out_roadTypeID[107] = 4
  out_roadTypeID[108] = 4
  out_roadTypeID[109] = 4
  out_roadTypeID[110] = 4
  out_roadTypeID[111] = 4
  out_roadTypeID[112] = 4
  out_roadTypeID[113] = 4
  out_roadTypeID[114] = 4
  out_roadTypeID[115] = 4
  out_roadTypeID[116] = 4
  out_roadTypeID[117] = 4
  out_roadTypeID[118] = 4
  out_roadTypeID[119] = 4
  out_roadTypeID[120] = 4
  out_roadTypeID[121] = 4
  out_roadTypeID[122] = 4
  out_roadTypeID[123] = 4
  out_roadTypeID[124] = 4
  out_roadTypeID[125] = 4
  out_roadTypeID[126] = 4
  out_roadTypeID[127] = 4
  out_roadTypeID[128] = 4
  out_roadTypeID[129] = 4
  out_roadTypeID[130] = 4
  out_roadTypeID[131] = 4
  out_roadTypeID[132] = 4
  out_roadTypeID[133] = 4
  out_roadTypeID[134] = 4
  out_roadTypeID[135] = 4
  out_roadTypeID[136] = 4
  out_roadTypeID[137] = 4
  out_roadTypeID[138] = 4
  out_roadTypeID[139] = 4
  out_roadTypeID[140] = 4
  out_roadTypeID[141] = 4
  out_roadTypeID[142] = 4
  out_roadTypeID[143] = 4
  out_roadTypeID[144] = 4
  out_roadTypeID[145] = 4
  out_roadTypeID[146] = 4
  out_roadTypeID[147] = 4
  out_roadTypeID[148] = 4
  out_roadTypeID[149] = 4
  out_roadTypeID[150] = 4
  out_roadTypeID[151] = 4
  out_roadTypeID[152] = 4
  out_roadTypeID[153] = 4
  out_roadTypeID[154] = 4
  out_roadTypeID[155] = 4
  out_roadTypeID[156] = 4
  out_roadTypeID[157] = 4
  out_roadTypeID[158] = 4
  out_roadTypeID[159] = 4
  out_roadTypeID[160] = 4
  out_roadTypeID[161] = 4
  out_roadTypeID[162] = 4
  out_roadTypeID[163] = 4
  out_roadTypeID[164] = 4
  out_roadTypeID[165] = 4
  out_roadTypeID[166] = 4
  out_roadTypeID[167] = 4
  out_roadTypeID[168] = 4
  out_roadTypeID[169] = 4
  out_roadTypeID[170] = 4
  out_roadTypeID[171] = 4
  out_roadTypeID[172] = 4
  out_roadTypeID[173] = 4
  out_roadTypeID[174] = 4
  out_roadTypeID[175] = 4
  out_roadTypeID[176] = 4
  out_roadTypeID[177] = 4
  out_roadTypeID[178] = 4
  out_roadTypeID[179] = 4
  out_roadTypeID[180] = 4
  out_roadTypeID[181] = 4
  out_roadTypeID[182] = 4
  out_roadTypeID[183] = 4
  out_roadTypeID[184] = 4
  out_roadTypeID[185] = 4
  out_roadTypeID[186] = 4
  out_roadTypeID[187] = 4
  out_roadTypeID[188] = 4
  out_roadTypeID[189] = 4
  out_roadTypeID[190] = 4
  out_roadTypeID[191] = 4
  out_roadTypeID[192] = 4
  out_roadTypeID[193] = 4
  out_roadTypeID[194] = 4
  out_roadTypeID[195] = 4
  out_roadTypeID[196] = 4
  out_roadTypeID[197] = 4
  out_roadTypeID[198] = 4
  out_roadTypeID[199] = 4
  out_roadTypeID[200] = 4
  out_roadTypeID[201] = 4
  out_roadTypeID[202] = 4
  out_roadTypeID[203] = 4
  out_roadTypeID[204] = 4
  out_roadTypeID[205] = 4
  out_roadTypeID[206] = 4
  out_roadTypeID[207] = 4
  out_roadTypeID[208] = 4
  out_roadTypeID[209] = 4
  out_roadTypeID[210] = 4
  out_roadTypeID[211] = 4
  out_roadTypeID[212] = 4
  out_roadTypeID[213] = 4
  out_roadTypeID[214] = 4
  out_roadTypeID[215] = 4
  out_roadTypeID[216] = 4
  out_roadTypeID[217] = 4
  out_roadTypeID[218] = 4
  out_roadTypeID[219] = 4
  out_roadTypeID[220] = 4
  out_roadTypeID[221] = 4
  out_roadTypeID[222] = 4
  out_roadTypeID[223] = 4
  out_roadTypeID[224] = 4
  out_roadTypeID[225] = 4
  out_roadTypeID[226] = 4
  out_roadTypeID[227] = 4
  out_roadTypeID[228] = 4
  out_roadTypeID[229] = 4
  out_roadTypeID[230] = 4
  out_roadTypeID[231] = 4
  out_roadTypeID[232] = 4
  out_roadTypeID[233] = 4
  out_roadTypeID[234] = 4
  out_roadTypeID[235] = 4
  out_roadTypeID[236] = 4
  out_roadTypeID[237] = 4
  out_roadTypeID[238] = 4
  out_roadTypeID[239] = 4
  out_roadTypeID[240] = 4
  out_roadTypeID[241] = 4
  out_roadTypeID[242] = 4
  out_roadTypeID[243] = 4
  out_roadTypeID[244] = 4
  out_roadTypeID[245] = 4
  out_roadTypeID[246] = 4
  out_roadTypeID[247] = 4
  out_roadTypeID[248] = 4
  out_roadTypeID[249] = 4
  out_roadTypeID[250] = 4
  out_roadTypeID[251] = 4
  out_roadTypeID[252] = 4
  out_roadTypeID[253] = 4
  out_roadTypeID[254] = 4
  out_roadTypeID[255] = 4
  out_roadTypeID[256] = 4
  out_roadTypeID[257] = 4
  out_roadTypeID[258] = 4
  out_roadTypeID[259] = 4
  out_roadTypeID[260] = 4
  out_roadTypeID[261] = 4
  out_roadTypeID[262] = 4
  out_roadTypeID[263] = 4
  out_roadTypeID[264] = 4
  out_roadTypeID[265] = 4
  out_roadTypeID[266] = 4
  out_roadTypeID[267] = 4
  out_roadTypeID[268] = 4
  out_roadTypeID[269] = 4
  out_roadTypeID[270] = 4
  out_roadTypeID[271] = 4
  out_roadTypeID[272] = 4
  out_roadTypeID[273] = 4
  out_roadTypeID[274] = 4
  out_roadTypeID[275] = 4
  out_roadTypeID[276] = 4
  out_roadTypeID[277] = 4
  out_roadTypeID[278] = 4
  out_roadTypeID[279] = 4
  out_roadTypeID[280] = 4
  out_roadTypeID[281] = 4
  out_roadTypeID[282] = 4
  out_roadTypeID[283] = 4
  out_roadTypeID[284] = 4
  out_roadTypeID[285] = 4
  out_roadTypeID[286] = 4
  out_roadTypeID[287] = 4
  out_roadTypeID[288] = 4
  out_roadTypeID[289] = 4
  out_roadTypeID[290] = 4
  out_roadTypeID[291] = 4
  out_roadTypeID[292] = 4
  out_roadTypeID[293] = 4
  out_roadTypeID[294] = 4
  out_roadTypeID[295] = 4
  out_roadTypeID[296] = 4
  out_roadTypeID[297] = 4
  out_roadTypeID[298] = 4
  out_roadTypeID[299] = 4
  out_roadTypeID[300] = 4
  out_roadTypeID[301] = 4
  out_roadTypeID[302] = 4
  out_roadTypeID[303] = 4
  out_roadTypeID[304] = 4
  out_roadTypeID[305] = 4
  out_roadTypeID[306] = 4
  out_roadTypeID[307] = 4
  out_roadTypeID[308] = 4
  out_roadTypeID[309] = 4
  out_roadTypeID[310] = 4
  out_roadTypeID[311] = 4
  out_roadTypeID[312] = 4
  out_roadTypeID[313] = 4
  out_roadTypeID[314] = 4
  out_roadTypeID[315] = 4
  out_roadTypeID[316] = 4
  out_roadTypeID[317] = 4
  out_roadTypeID[318] = 4
  out_roadTypeID[319] = 4
  out_roadTypeID[320] = 4
  out_roadTypeID[321] = 4
  out_roadTypeID[322] = 4
  out_roadTypeID[323] = 4
  out_roadTypeID[324] = 4
  out_roadTypeID[325] = 4
  out_roadTypeID[326] = 4
  out_roadTypeID[327] = 4
  out_roadTypeID[328] = 4
  out_roadTypeID[329] = 4
  out_roadTypeID[330] = 4
  out_roadTypeID[331] = 4
  out_roadTypeID[332] = 4
  out_roadTypeID[333] = 4
  out_roadTypeID[334] = 4
  out_roadTypeID[335] = 4
  out_roadTypeID[336] = 4
  out_roadTypeID[337] = 4
  out_roadTypeID[338] = 4
  out_roadTypeID[339] = 4
  out_roadTypeID[340] = 4
  out_roadTypeID[341] = 4
  out_roadTypeID[342] = 4
  out_roadTypeID[343] = 4
  out_roadTypeID[344] = 4
  out_roadTypeID[345] = 4
  out_roadTypeID[346] = 4
  out_roadTypeID[347] = 4
  out_roadTypeID[348] = 4
  out_roadTypeID[349] = 4
  out_roadTypeID[350] = 4
  out_roadTypeID[351] = 4
  out_roadTypeID[352] = 4
  out_roadTypeID[353] = 4
  out_roadTypeID[354] = 4
  out_roadTypeID[355] = 4
  out_roadTypeID[356] = 4
  out_roadTypeID[357] = 4
  out_roadTypeID[358] = 4
  out_roadTypeID[359] = 4
  out_roadTypeID[360] = 4
  out_roadTypeID[361] = 4
  out_roadTypeID[362] = 4
  out_roadTypeID[363] = 4
  out_roadTypeID[364] = 4
  out_roadTypeID[365] = 4
  out_roadTypeID[366] = 4
  out_roadTypeID[367] = 4
  out_roadTypeID[368] = 4
  out_roadTypeID[369] = 4
  out_roadTypeID[370] = 4
  out_roadTypeID[371] = 4
  out_roadTypeID[372] = 4
  out_roadTypeID[373] = 4
  out_roadTypeID[374] = 4
  out_roadTypeID[375] = 4
  out_roadTypeID[376] = 4
  out_roadTypeID[377] = 4
  out_roadTypeID[378] = 4
  out_roadTypeID[379] = 4
  out_roadTypeID[380] = 4
  out_roadTypeID[381] = 4
  out_roadTypeID[382] = 4
  out_roadTypeID[383] = 4
  out_roadTypeID[384] = 4
  out_roadTypeID[385] = 4
  out_roadTypeID[386] = 4
  out_roadTypeID[387] = 4
  out_roadTypeID[388] = 4
  out_roadTypeID[389] = 4
  out_roadTypeID[390] = 4
  out_roadTypeID[391] = 4
  out_roadTypeID[392] = 4
  out_roadTypeID[393] = 4
  out_roadTypeID[394] = 4
  out_roadTypeID[395] = 4
  out_roadTypeID[396] = 4
  out_roadTypeID[397] = 4
  out_roadTypeID[398] = 4
  out_roadTypeID[399] = 4
  out_roadTypeID[400] = 4
  out_roadTypeID[401] = 4
  out_roadTypeID[402] = 4
  out_roadTypeID[403] = 4
  out_roadTypeID[404] = 4
  out_roadTypeID[405] = 4
  out_roadTypeID[406] = 4
  out_roadTypeID[407] = 4
  out_roadTypeID[408] = 4
  out_roadTypeID[409] = 4
  out_roadTypeID[410] = 4
  out_roadTypeID[411] = 4
  out_roadTypeID[412] = 4
  out_roadTypeID[413] = 4
  out_roadTypeID[414] = 4
  out_roadTypeID[415] = 4
  out_roadTypeID[416] = 4
  out_roadTypeID[417] = 4
  out_roadTypeID[418] = 4
  out_roadTypeID[419] = 4
  out_roadTypeID[420] = 4
  out_roadTypeID[421] = 4
  out_roadTypeID[422] = 4
  out_roadTypeID[423] = 4
  out_roadTypeID[424] = 4
  out_roadTypeID[425] = 4
  out_roadTypeID[426] = 4
  out_roadTypeID[427] = 4
  out_roadTypeID[428] = 4
  out_roadTypeID[429] = 4
  out_roadTypeID[430] = 4
  out_roadTypeID[431] = 4
  out_roadTypeID[432] = 4
  out_roadTypeID[433] = 4
  out_roadTypeID[434] = 4
  out_roadTypeID[435] = 4
  out_roadTypeID[436] = 4
  out_roadTypeID[437] = 4
  out_roadTypeID[438] = 4
  out_roadTypeID[439] = 4
  out_roadTypeID[440] = 4
  out_roadTypeID[441] = 4
  out_roadTypeID[442] = 4
  out_roadTypeID[443] = 4
  out_roadTypeID[444] = 4
  out_roadTypeID[445] = 4
  out_roadTypeID[446] = 4
  out_roadTypeID[447] = 4
  out_roadTypeID[448] = 4
  out_roadTypeID[449] = 4
  out_roadTypeID[450] = 4
  out_roadTypeID[451] = 4
  out_roadTypeID[452] = 4
  out_roadTypeID[453] = 4
  out_roadTypeID[454] = 4
  out_roadTypeID[455] = 4
  out_roadTypeID[456] = 4
  out_roadTypeID[457] = 4
  out_roadTypeID[458] = 4
  out_roadTypeID[459] = 4
  out_roadTypeID[460] = 4
  out_roadTypeID[461] = 4
  out_roadTypeID[462] = 4
  out_roadTypeID[463] = 4
  out_roadTypeID[464] = 4
  out_roadTypeID[465] = 4
  out_roadTypeID[466] = 4
  out_roadTypeID[467] = 4
  out_roadTypeID[468] = 4
  out_roadTypeID[469] = 4
  out_roadTypeID[470] = 4
  out_roadTypeID[471] = 4
  out_roadTypeID[472] = 4
  out_roadTypeID[473] = 4
  out_roadTypeID[474] = 4
  out_roadTypeID[475] = 4
  out_roadTypeID[476] = 4
  out_roadTypeID[477] = 4
  out_roadTypeID[478] = 4
  out_roadTypeID[479] = 4
  out_roadTypeID[480] = 4
  out_roadTypeID[481] = 4
  out_roadTypeID[482] = 4
  out_roadTypeID[483] = 4
  out_roadTypeID[484] = 4
  out_roadTypeID[485] = 4
  out_roadTypeID[486] = 4
  out_roadTypeID[487] = 4
  out_roadTypeID[488] = 4
  out_roadTypeID[489] = 4
  out_roadTypeID[490] = 4
  out_roadTypeID[491] = 4
  out_roadTypeID[492] = 4
  out_roadTypeID[493] = 4
  out_roadTypeID[494] = 4
  out_roadTypeID[495] = 4
  out_roadTypeID[496] = 4
  out_roadTypeID[497] = 4
  out_roadTypeID[498] = 4
  out_roadTypeID[499] = 4
  out_roadTypeID[500] = 4
  out_roadTypeID[501] = 4
  out_roadTypeID[502] = 4
  out_roadTypeID[503] = 4
  out_roadTypeID[504] = 4
  out_roadTypeID[505] = 4
  out_roadTypeID[506] = 4
  out_roadTypeID[507] = 4
  out_roadTypeID[508] = 4
  out_roadTypeID[509] = 4
  out_roadTypeID[510] = 4
  out_roadTypeID[511] = 4
  out_roadTypeID[512] = 4
  out_roadTypeID[513] = 4
  out_roadTypeID[514] = 4
  out_roadTypeID[515] = 4
  out_roadTypeID[516] = 4
  out_roadTypeID[517] = 4
  out_roadTypeID[518] = 4
  out_roadTypeID[519] = 4
  out_roadTypeID[520] = 4
  out_roadTypeID[521] = 4
  out_roadTypeID[522] = 4
  out_roadTypeID[523] = 4
  out_roadTypeID[524] = 4
  out_roadTypeID[525] = 4
  out_roadTypeID[526] = 4
  out_roadTypeID[527] = 4
  out_roadTypeID[528] = 4
  out_roadTypeID[529] = 4
  out_roadTypeID[530] = 4
  out_roadTypeID[531] = 4
  out_roadTypeID[532] = 4
  out_roadTypeID[533] = 4
  out_roadTypeID[534] = 4
  out_roadTypeID[535] = 4
  out_roadTypeID[536] = 4
  out_roadTypeID[537] = 4
  out_roadTypeID[538] = 4
  out_roadTypeID[539] = 4
  out_roadTypeID[540] = 4
  out_roadTypeID[541] = 4
  out_roadTypeID[542] = 4
  out_roadTypeID[543] = 4
  out_roadTypeID[544] = 4
  out_roadTypeID[545] = 4
  out_roadTypeID[546] = 4
  out_roadTypeID[547] = 4
  out_roadTypeID[548] = 4
  out_roadTypeID[549] = 4
  out_roadTypeID[550] = 4
  out_roadTypeID[551] = 4
  out_roadTypeID[552] = 4
  out_roadTypeID[553] = 4
  out_roadTypeID[554] = 4
  out_roadTypeID[555] = 4
  out_roadTypeID[556] = 4
  out_roadTypeID[557] = 4
  out_roadTypeID[558] = 4
  out_roadTypeID[559] = 4
  out_roadTypeID[560] = 4
  out_roadTypeID[561] = 4
  out_roadTypeID[562] = 4
  out_roadTypeID[563] = 4
  out_roadTypeID[564] = 4
  out_roadTypeID[565] = 4
  out_roadTypeID[566] = 4
  out_roadTypeID[567] = 4
  out_roadTypeID[568] = 4
  out_roadTypeID[569] = 4
  out_roadTypeID[570] = 4
  out_roadTypeID[571] = 4
  out_roadTypeID[572] = 4
  out_roadTypeID[573] = 4
  out_roadTypeID[574] = 4
  out_roadTypeID[575] = 4
  out_roadTypeID[576] = 4
  out_roadTypeID[577] = 4
  out_roadTypeID[578] = 4
  out_roadTypeID[579] = 4
  out_roadTypeID[580] = 4
  out_roadTypeID[581] = 4
  out_roadTypeID[582] = 4
  out_roadTypeID[583] = 4
  out_roadTypeID[584] = 4
  out_roadTypeID[585] = 4
  out_roadTypeID[586] = 4
  out_roadTypeID[587] = 4
  out_roadTypeID[588] = 4
  out_roadTypeID[589] = 4
  out_roadTypeID[590] = 4
  out_roadTypeID[591] = 4
  out_roadTypeID[592] = 4
  out_roadTypeID[593] = 4
  out_roadTypeID[594] = 4
  out_roadTypeID[595] = 4
  out_roadTypeID[596] = 4
  out_roadTypeID[597] = 4
  out_roadTypeID[598] = 4
  out_roadTypeID[599] = 4
  out_roadTypeID[600] = 4
  out_roadTypeID[601] = 4
  out_roadTypeID[602] = 4
  out_roadTypeID[603] = 4
  out_roadTypeID[604] = 4
  out_roadTypeID[605] = 4
  out_roadTypeID[606] = 4
  out_roadTypeID[607] = 4
  out_roadTypeID[608] = 4
  out_roadTypeID[609] = 4
  out_roadTypeID[610] = 4
  out_roadTypeID[611] = 4
  out_roadTypeID[612] = 4
  out_roadTypeID[613] = 4
  out_roadTypeID[614] = 4
  out_roadTypeID[615] = 4
  out_roadTypeID[616] = 4
  out_roadTypeID[617] = 4
  out_roadTypeID[618] = 4
  out_roadTypeID[619] = 4
  out_roadTypeID[620] = 4
  out_roadTypeID[621] = 4
  out_roadTypeID[622] = 4
  out_roadTypeID[623] = 4
  out_roadTypeID[624] = 4
  out_roadTypeID[625] = 4
  out_roadTypeID[626] = 4
  out_roadTypeID[627] = 4
  out_roadTypeID[628] = 4
  out_roadTypeID[629] = 4
  out_roadTypeID[630] = 4
  out_roadTypeID[631] = 4
  out_roadTypeID[632] = 4
  out_roadTypeID[633] = 4
  out_roadTypeID[634] = 4
  out_roadTypeID[635] = 4
  out_roadTypeID[636] = 4
  out_roadTypeID[637] = 4
  out_roadTypeID[638] = 4
  out_roadTypeID[639] = 4
  out_roadTypeID[640] = 4
  out_roadTypeID[641] = 4
  out_roadTypeID[642] = 4
  out_roadTypeID[643] = 4
  out_roadTypeID[644] = 4
  out_roadTypeID[645] = 4
  out_roadTypeID[646] = 4
  out_roadTypeID[647] = 4
  out_roadTypeID[648] = 4
  out_roadTypeID[649] = 4
  out_roadTypeID[650] = 4
  out_roadTypeID[651] = 4
  out_roadTypeID[652] = 4
  out_roadTypeID[653] = 4
  out_roadTypeID[654] = 4
  out_roadTypeID[655] = 4
  out_roadTypeID[656] = 4
  out_roadTypeID[657] = 4
  out_roadTypeID[658] = 4
  out_roadTypeID[659] = 4
  out_roadTypeID[660] = 4
  out_roadTypeID[661] = 4
  out_roadTypeID[662] = 4
  out_roadTypeID[663] = 4
  out_roadTypeID[664] = 4
  out_roadTypeID[665] = 4
  out_roadTypeID[666] = 4
  out_roadTypeID[667] = 4
  out_roadTypeID[668] = 4
  out_roadTypeID[669] = 4
  out_roadTypeID[670] = 4
  out_roadTypeID[671] = 4
  out_roadTypeID[672] = 4
  out_roadTypeID[673] = 4
  out_roadTypeID[674] = 4
  out_roadTypeID[675] = 4
  out_roadTypeID[676] = 4
  out_roadTypeID[677] = 4
  out_roadTypeID[678] = 4
  out_roadTypeID[679] = 4
  out_roadTypeID[680] = 4
  out_roadTypeID[681] = 4
  out_roadTypeID[682] = 4
  out_roadTypeID[683] = 4
  out_roadTypeID[684] = 4
  out_SCC[1] = 2201210401
  out_SCC[2] = 2201210401
  out_SCC[3] = 2201210401
  out_SCC[4] = 2201210401
  out_SCC[5] = 2201210401
  out_SCC[6] = 2201210401
  out_SCC[7] = 2201210401
  out_SCC[8] = 2201210401
  out_SCC[9] = 2201210401
  out_SCC[10] = 2201210401
  out_SCC[11] = 2201210401
  out_SCC[12] = 2201210401
  out_SCC[13] = 2201210401
  out_SCC[14] = 2201210401
  out_SCC[15] = 2201210401
  out_SCC[16] = 2201210401
  out_SCC[17] = 2201210401
  out_SCC[18] = 2201210401
  out_SCC[19] = 2201210401
  out_SCC[20] = 2201210401
  out_SCC[21] = 2201210401
  out_SCC[22] = 2201210401
  out_SCC[23] = 2201210401
  out_SCC[24] = 2201210401
  out_SCC[25] = 2201210401
  out_SCC[26] = 2201210401
  out_SCC[27] = 2201210401
  out_SCC[28] = 2201210401
  out_SCC[29] = 2201210401
  out_SCC[30] = 2201210401
  out_SCC[31] = 2201210401
  out_SCC[32] = 2201210401
  out_SCC[33] = 2201210401
  out_SCC[34] = 2201210401
  out_SCC[35] = 2201210401
  out_SCC[36] = 2201210401
  out_SCC[37] = 2201210401
  out_SCC[38] = 2201210401
  out_SCC[39] = 2201210401
  out_SCC[40] = 2201210401
  out_SCC[41] = 2201210401
  out_SCC[42] = 2202210401
  out_SCC[43] = 2202210401
  out_SCC[44] = 2202210401
  out_SCC[45] = 2202210401
  out_SCC[46] = 2202210401
  out_SCC[47] = 2202210401
  out_SCC[48] = 2202210401
  out_SCC[49] = 2202210401
  out_SCC[50] = 2202210401
  out_SCC[51] = 2202210401
  out_SCC[52] = 2202210401
  out_SCC[53] = 2202210401
  out_SCC[54] = 2202210401
  out_SCC[55] = 2202210401
  out_SCC[56] = 2202210401
  out_SCC[57] = 2202210401
  out_SCC[58] = 2202210401
  out_SCC[59] = 2202210401
  out_SCC[60] = 2202210401
  out_SCC[61] = 2202210401
  out_SCC[62] = 2202210401
  out_SCC[63] = 2202210401
  out_SCC[64] = 2202210401
  out_SCC[65] = 2202210401
  out_SCC[66] = 2202210401
  out_SCC[67] = 2202210401
  out_SCC[68] = 2202210401
  out_SCC[69] = 2202210401
  out_SCC[70] = 2202210401
  out_SCC[71] = 2202210401
  out_SCC[72] = 2202210401
  out_SCC[73] = 2202210401
  out_SCC[74] = 2202210401
  out_SCC[75] = 2202210401
  out_SCC[76] = 2202210401
  out_SCC[77] = 2202210401
  out_SCC[78] = 2202210401
  out_SCC[79] = 2202210401
  out_SCC[80] = 2202210401
  out_SCC[81] = 2202210401
  out_SCC[82] = 2205210401
  out_SCC[83] = 2205210401
  out_SCC[84] = 2205210401
  out_SCC[85] = 2205210401
  out_SCC[86] = 2205210401
  out_SCC[87] = 2205210401
  out_SCC[88] = 2205210401
  out_SCC[89] = 2205210401
  out_SCC[90] = 2205210401
  out_SCC[91] = 2205210401
  out_SCC[92] = 2205210401
  out_SCC[93] = 2205210401
  out_SCC[94] = 2205210401
  out_SCC[95] = 2205210401
  out_SCC[96] = 2205210401
  out_SCC[97] = 2205210401
  out_SCC[98] = 2205210401
  out_SCC[99] = 2205210401
  out_SCC[100] = 2205210401
  out_SCC[101] = 2205210401
  out_SCC[102] = 2205210401
  out_SCC[103] = 2205210401
  out_SCC[104] = 2205210401
  out_SCC[105] = 2209210401
  out_SCC[106] = 2209210401
  out_SCC[107] = 2209210401
  out_SCC[108] = 2209210401
  out_SCC[109] = 2209210401
  out_SCC[110] = 2209210401
  out_SCC[111] = 2209210401
  out_SCC[112] = 2209210401
  out_SCC[113] = 2209210401
  out_SCC[114] = 2209210401
  out_SCC[115] = 2209210401
  out_SCC[116] = 2209210401
  out_SCC[117] = 2209210401
  out_SCC[118] = 2209210401
  out_SCC[119] = 2209210401
  out_SCC[120] = 2209210401
  out_SCC[121] = 2209210401
  out_SCC[122] = 2209210401
  out_SCC[123] = 2209210401
  out_SCC[124] = 2209210401
  out_SCC[125] = 2201210415
  out_SCC[126] = 2201210415
  out_SCC[127] = 2201210415
  out_SCC[128] = 2201210415
  out_SCC[129] = 2201210415
  out_SCC[130] = 2201210415
  out_SCC[131] = 2201210415
  out_SCC[132] = 2201210415
  out_SCC[133] = 2201210415
  out_SCC[134] = 2201210415
  out_SCC[135] = 2201210415
  out_SCC[136] = 2201210415
  out_SCC[137] = 2201210415
  out_SCC[138] = 2201210415
  out_SCC[139] = 2201210415
  out_SCC[140] = 2201210415
  out_SCC[141] = 2201210415
  out_SCC[142] = 2201210415
  out_SCC[143] = 2201210415
  out_SCC[144] = 2201210415
  out_SCC[145] = 2201210415
  out_SCC[146] = 2201210415
  out_SCC[147] = 2201210415
  out_SCC[148] = 2201210415
  out_SCC[149] = 2201210415
  out_SCC[150] = 2201210415
  out_SCC[151] = 2201210415
  out_SCC[152] = 2201210415
  out_SCC[153] = 2201210415
  out_SCC[154] = 2201210415
  out_SCC[155] = 2201210415
  out_SCC[156] = 2201210415
  out_SCC[157] = 2201210415
  out_SCC[158] = 2201210415
  out_SCC[159] = 2201210415
  out_SCC[160] = 2201210415
  out_SCC[161] = 2201210415
  out_SCC[162] = 2201210415
  out_SCC[163] = 2201210415
  out_SCC[164] = 2201210415
  out_SCC[165] = 2201210415
  out_SCC[166] = 2202210415
  out_SCC[167] = 2202210415
  out_SCC[168] = 2202210415
  out_SCC[169] = 2202210415
  out_SCC[170] = 2202210415
  out_SCC[171] = 2202210415
  out_SCC[172] = 2202210415
  out_SCC[173] = 2202210415
  out_SCC[174] = 2202210415
  out_SCC[175] = 2202210415
  out_SCC[176] = 2202210415
  out_SCC[177] = 2202210415
  out_SCC[178] = 2202210415
  out_SCC[179] = 2202210415
  out_SCC[180] = 2202210415
  out_SCC[181] = 2202210415
  out_SCC[182] = 2202210415
  out_SCC[183] = 2202210415
  out_SCC[184] = 2202210415
  out_SCC[185] = 2202210415
  out_SCC[186] = 2202210415
  out_SCC[187] = 2202210415
  out_SCC[188] = 2202210415
  out_SCC[189] = 2202210415
  out_SCC[190] = 2202210415
  out_SCC[191] = 2202210415
  out_SCC[192] = 2202210415
  out_SCC[193] = 2202210415
  out_SCC[194] = 2202210415
  out_SCC[195] = 2202210415
  out_SCC[196] = 2202210415
  out_SCC[197] = 2202210415
  out_SCC[198] = 2202210415
  out_SCC[199] = 2202210415
  out_SCC[200] = 2202210415
  out_SCC[201] = 2202210415
  out_SCC[202] = 2202210415
  out_SCC[203] = 2202210415
  out_SCC[204] = 2202210415
  out_SCC[205] = 2202210415
  out_SCC[206] = 2205210415
  out_SCC[207] = 2205210415
  out_SCC[208] = 2205210415
  out_SCC[209] = 2205210415
  out_SCC[210] = 2205210415
  out_SCC[211] = 2205210415
  out_SCC[212] = 2205210415
  out_SCC[213] = 2205210415
  out_SCC[214] = 2205210415
  out_SCC[215] = 2205210415
  out_SCC[216] = 2205210415
  out_SCC[217] = 2205210415
  out_SCC[218] = 2205210415
  out_SCC[219] = 2205210415
  out_SCC[220] = 2205210415
  out_SCC[221] = 2205210415
  out_SCC[222] = 2205210415
  out_SCC[223] = 2205210415
  out_SCC[224] = 2205210415
  out_SCC[225] = 2205210415
  out_SCC[226] = 2205210415
  out_SCC[227] = 2205210415
  out_SCC[228] = 2205210415
  out_SCC[229] = 2201210401
  out_SCC[230] = 2201210401
  out_SCC[231] = 2201210401
  out_SCC[232] = 2201210401
  out_SCC[233] = 2201210401
  out_SCC[234] = 2201210401
  out_SCC[235] = 2201210401
  out_SCC[236] = 2201210401
  out_SCC[237] = 2201210401
  out_SCC[238] = 2201210401
  out_SCC[239] = 2201210401
  out_SCC[240] = 2201210401
  out_SCC[241] = 2201210401
  out_SCC[242] = 2201210401
  out_SCC[243] = 2201210401
  out_SCC[244] = 2201210401
  out_SCC[245] = 2201210401
  out_SCC[246] = 2201210401
  out_SCC[247] = 2201210401
  out_SCC[248] = 2201210401
  out_SCC[249] = 2201210401
  out_SCC[250] = 2201210401
  out_SCC[251] = 2201210401
  out_SCC[252] = 2201210401
  out_SCC[253] = 2201210401
  out_SCC[254] = 2201210401
  out_SCC[255] = 2201210401
  out_SCC[256] = 2201210401
  out_SCC[257] = 2201210401
  out_SCC[258] = 2201210401
  out_SCC[259] = 2201210401
  out_SCC[260] = 2201210401
  out_SCC[261] = 2201210401
  out_SCC[262] = 2201210401
  out_SCC[263] = 2201210401
  out_SCC[264] = 2201210401
  out_SCC[265] = 2201210401
  out_SCC[266] = 2201210401
  out_SCC[267] = 2201210401
  out_SCC[268] = 2201210401
  out_SCC[269] = 2201210401
  out_SCC[270] = 2202210401
  out_SCC[271] = 2202210401
  out_SCC[272] = 2202210401
  out_SCC[273] = 2202210401
  out_SCC[274] = 2202210401
  out_SCC[275] = 2202210401
  out_SCC[276] = 2202210401
  out_SCC[277] = 2202210401
  out_SCC[278] = 2202210401
  out_SCC[279] = 2202210401
  out_SCC[280] = 2202210401
  out_SCC[281] = 2202210401
  out_SCC[282] = 2202210401
  out_SCC[283] = 2202210401
  out_SCC[284] = 2202210401
  out_SCC[285] = 2202210401
  out_SCC[286] = 2202210401
  out_SCC[287] = 2202210401
  out_SCC[288] = 2202210401
  out_SCC[289] = 2202210401
  out_SCC[290] = 2202210401
  out_SCC[291] = 2202210401
  out_SCC[292] = 2202210401
  out_SCC[293] = 2202210401
  out_SCC[294] = 2202210401
  out_SCC[295] = 2202210401
  out_SCC[296] = 2202210401
  out_SCC[297] = 2202210401
  out_SCC[298] = 2202210401
  out_SCC[299] = 2202210401
  out_SCC[300] = 2202210401
  out_SCC[301] = 2202210401
  out_SCC[302] = 2202210401
  out_SCC[303] = 2202210401
  out_SCC[304] = 2202210401
  out_SCC[305] = 2202210401
  out_SCC[306] = 2202210401
  out_SCC[307] = 2202210401
  out_SCC[308] = 2202210401
  out_SCC[309] = 2202210401
  out_SCC[310] = 2205210401
  out_SCC[311] = 2205210401
  out_SCC[312] = 2205210401
  out_SCC[313] = 2205210401
  out_SCC[314] = 2205210401
  out_SCC[315] = 2205210401
  out_SCC[316] = 2205210401
  out_SCC[317] = 2205210401
  out_SCC[318] = 2205210401
  out_SCC[319] = 2205210401
  out_SCC[320] = 2205210401
  out_SCC[321] = 2205210401
  out_SCC[322] = 2205210401
  out_SCC[323] = 2205210401
  out_SCC[324] = 2205210401
  out_SCC[325] = 2205210401
  out_SCC[326] = 2205210401
  out_SCC[327] = 2205210401
  out_SCC[328] = 2205210401
  out_SCC[329] = 2205210401
  out_SCC[330] = 2205210401
  out_SCC[331] = 2205210401
  out_SCC[332] = 2205210401
  out_SCC[333] = 2209210401
  out_SCC[334] = 2209210401
  out_SCC[335] = 2209210401
  out_SCC[336] = 2209210401
  out_SCC[337] = 2209210401
  out_SCC[338] = 2209210401
  out_SCC[339] = 2209210401
  out_SCC[340] = 2209210401
  out_SCC[341] = 2209210401
  out_SCC[342] = 2209210401
  out_SCC[343] = 2209210401
  out_SCC[344] = 2209210401
  out_SCC[345] = 2209210401
  out_SCC[346] = 2209210401
  out_SCC[347] = 2209210401
  out_SCC[348] = 2209210401
  out_SCC[349] = 2209210401
  out_SCC[350] = 2209210401
  out_SCC[351] = 2209210401
  out_SCC[352] = 2209210401
  out_SCC[353] = 2201210415
  out_SCC[354] = 2201210415
  out_SCC[355] = 2201210415
  out_SCC[356] = 2201210415
  out_SCC[357] = 2201210415
  out_SCC[358] = 2201210415
  out_SCC[359] = 2201210415
  out_SCC[360] = 2201210415
  out_SCC[361] = 2201210415
  out_SCC[362] = 2201210415
  out_SCC[363] = 2201210415
  out_SCC[364] = 2201210415
  out_SCC[365] = 2201210415
  out_SCC[366] = 2201210415
  out_SCC[367] = 2201210415
  out_SCC[368] = 2201210415
  out_SCC[369] = 2201210415
  out_SCC[370] = 2201210415
  out_SCC[371] = 2201210415
  out_SCC[372] = 2201210415
  out_SCC[373] = 2201210415
  out_SCC[374] = 2201210415
  out_SCC[375] = 2201210415
  out_SCC[376] = 2201210415
  out_SCC[377] = 2201210415
  out_SCC[378] = 2201210415
  out_SCC[379] = 2201210415
  out_SCC[380] = 2201210415
  out_SCC[381] = 2201210415
  out_SCC[382] = 2201210415
  out_SCC[383] = 2201210415
  out_SCC[384] = 2201210415
  out_SCC[385] = 2201210415
  out_SCC[386] = 2201210415
  out_SCC[387] = 2201210415
  out_SCC[388] = 2201210415
  out_SCC[389] = 2201210415
  out_SCC[390] = 2201210415
  out_SCC[391] = 2201210415
  out_SCC[392] = 2201210415
  out_SCC[393] = 2201210415
  out_SCC[394] = 2202210415
  out_SCC[395] = 2202210415
  out_SCC[396] = 2202210415
  out_SCC[397] = 2202210415
  out_SCC[398] = 2202210415
  out_SCC[399] = 2202210415
  out_SCC[400] = 2202210415
  out_SCC[401] = 2202210415
  out_SCC[402] = 2202210415
  out_SCC[403] = 2202210415
  out_SCC[404] = 2202210415
  out_SCC[405] = 2202210415
  out_SCC[406] = 2202210415
  out_SCC[407] = 2202210415
  out_SCC[408] = 2202210415
  out_SCC[409] = 2202210415
  out_SCC[410] = 2202210415
  out_SCC[411] = 2202210415
  out_SCC[412] = 2202210415
  out_SCC[413] = 2202210415
  out_SCC[414] = 2202210415
  out_SCC[415] = 2202210415
  out_SCC[416] = 2202210415
  out_SCC[417] = 2202210415
  out_SCC[418] = 2202210415
  out_SCC[419] = 2202210415
  out_SCC[420] = 2202210415
  out_SCC[421] = 2202210415
  out_SCC[422] = 2202210415
  out_SCC[423] = 2202210415
  out_SCC[424] = 2202210415
  out_SCC[425] = 2202210415
  out_SCC[426] = 2202210415
  out_SCC[427] = 2202210415
  out_SCC[428] = 2202210415
  out_SCC[429] = 2202210415
  out_SCC[430] = 2202210415
  out_SCC[431] = 2202210415
  out_SCC[432] = 2202210415
  out_SCC[433] = 2202210415
  out_SCC[434] = 2205210415
  out_SCC[435] = 2205210415
  out_SCC[436] = 2205210415
  out_SCC[437] = 2205210415
  out_SCC[438] = 2205210415
  out_SCC[439] = 2205210415
  out_SCC[440] = 2205210415
  out_SCC[441] = 2205210415
  out_SCC[442] = 2205210415
  out_SCC[443] = 2205210415
  out_SCC[444] = 2205210415
  out_SCC[445] = 2205210415
  out_SCC[446] = 2205210415
  out_SCC[447] = 2205210415
  out_SCC[448] = 2205210415
  out_SCC[449] = 2205210415
  out_SCC[450] = 2205210415
  out_SCC[451] = 2205210415
  out_SCC[452] = 2205210415
  out_SCC[453] = 2205210415
  out_SCC[454] = 2205210415
  out_SCC[455] = 2205210415
  out_SCC[456] = 2205210415
  out_SCC[457] = 2201210401
  out_SCC[458] = 2201210401
  out_SCC[459] = 2201210401
  out_SCC[460] = 2201210401
  out_SCC[461] = 2201210401
  out_SCC[462] = 2201210401
  out_SCC[463] = 2201210401
  out_SCC[464] = 2201210401
  out_SCC[465] = 2201210401
  out_SCC[466] = 2201210401
  out_SCC[467] = 2201210401
  out_SCC[468] = 2201210401
  out_SCC[469] = 2201210401
  out_SCC[470] = 2201210401
  out_SCC[471] = 2201210401
  out_SCC[472] = 2201210401
  out_SCC[473] = 2201210401
  out_SCC[474] = 2201210401
  out_SCC[475] = 2201210401
  out_SCC[476] = 2201210401
  out_SCC[477] = 2201210401
  out_SCC[478] = 2201210401
  out_SCC[479] = 2201210401
  out_SCC[480] = 2201210401
  out_SCC[481] = 2201210401
  out_SCC[482] = 2201210401
  out_SCC[483] = 2201210401
  out_SCC[484] = 2201210401
  out_SCC[485] = 2201210401
  out_SCC[486] = 2201210401
  out_SCC[487] = 2201210401
  out_SCC[488] = 2201210401
  out_SCC[489] = 2201210401
  out_SCC[490] = 2201210401
  out_SCC[491] = 2201210401
  out_SCC[492] = 2201210401
  out_SCC[493] = 2201210401
  out_SCC[494] = 2201210401
  out_SCC[495] = 2201210401
  out_SCC[496] = 2201210401
  out_SCC[497] = 2201210401
  out_SCC[498] = 2202210401
  out_SCC[499] = 2202210401
  out_SCC[500] = 2202210401
  out_SCC[501] = 2202210401
  out_SCC[502] = 2202210401
  out_SCC[503] = 2202210401
  out_SCC[504] = 2202210401
  out_SCC[505] = 2202210401
  out_SCC[506] = 2202210401
  out_SCC[507] = 2202210401
  out_SCC[508] = 2202210401
  out_SCC[509] = 2202210401
  out_SCC[510] = 2202210401
  out_SCC[511] = 2202210401
  out_SCC[512] = 2202210401
  out_SCC[513] = 2202210401
  out_SCC[514] = 2202210401
  out_SCC[515] = 2202210401
  out_SCC[516] = 2202210401
  out_SCC[517] = 2202210401
  out_SCC[518] = 2202210401
  out_SCC[519] = 2202210401
  out_SCC[520] = 2202210401
  out_SCC[521] = 2202210401
  out_SCC[522] = 2202210401
  out_SCC[523] = 2202210401
  out_SCC[524] = 2202210401
  out_SCC[525] = 2202210401
  out_SCC[526] = 2202210401
  out_SCC[527] = 2202210401
  out_SCC[528] = 2202210401
  out_SCC[529] = 2202210401
  out_SCC[530] = 2202210401
  out_SCC[531] = 2202210401
  out_SCC[532] = 2202210401
  out_SCC[533] = 2202210401
  out_SCC[534] = 2202210401
  out_SCC[535] = 2202210401
  out_SCC[536] = 2202210401
  out_SCC[537] = 2202210401
  out_SCC[538] = 2205210401
  out_SCC[539] = 2205210401
  out_SCC[540] = 2205210401
  out_SCC[541] = 2205210401
  out_SCC[542] = 2205210401
  out_SCC[543] = 2205210401
  out_SCC[544] = 2205210401
  out_SCC[545] = 2205210401
  out_SCC[546] = 2205210401
  out_SCC[547] = 2205210401
  out_SCC[548] = 2205210401
  out_SCC[549] = 2205210401
  out_SCC[550] = 2205210401
  out_SCC[551] = 2205210401
  out_SCC[552] = 2205210401
  out_SCC[553] = 2205210401
  out_SCC[554] = 2205210401
  out_SCC[555] = 2205210401
  out_SCC[556] = 2205210401
  out_SCC[557] = 2205210401
  out_SCC[558] = 2205210401
  out_SCC[559] = 2205210401
  out_SCC[560] = 2205210401
  out_SCC[561] = 2209210401
  out_SCC[562] = 2209210401
  out_SCC[563] = 2209210401
  out_SCC[564] = 2209210401
  out_SCC[565] = 2209210401
  out_SCC[566] = 2209210401
  out_SCC[567] = 2209210401
  out_SCC[568] = 2209210401
  out_SCC[569] = 2209210401
  out_SCC[570] = 2209210401
  out_SCC[571] = 2209210401
  out_SCC[572] = 2209210401
  out_SCC[573] = 2209210401
  out_SCC[574] = 2209210401
  out_SCC[575] = 2209210401
  out_SCC[576] = 2209210401
  out_SCC[577] = 2209210401
  out_SCC[578] = 2209210401
  out_SCC[579] = 2209210401
  out_SCC[580] = 2209210401
  out_SCC[581] = 2201210415
  out_SCC[582] = 2201210415
  out_SCC[583] = 2201210415
  out_SCC[584] = 2201210415
  out_SCC[585] = 2201210415
  out_SCC[586] = 2201210415
  out_SCC[587] = 2201210415
  out_SCC[588] = 2201210415
  out_SCC[589] = 2201210415
  out_SCC[590] = 2201210415
  out_SCC[591] = 2201210415
  out_SCC[592] = 2201210415
  out_SCC[593] = 2201210415
  out_SCC[594] = 2201210415
  out_SCC[595] = 2201210415
  out_SCC[596] = 2201210415
  out_SCC[597] = 2201210415
  out_SCC[598] = 2201210415
  out_SCC[599] = 2201210415
  out_SCC[600] = 2201210415
  out_SCC[601] = 2201210415
  out_SCC[602] = 2201210415
  out_SCC[603] = 2201210415
  out_SCC[604] = 2201210415
  out_SCC[605] = 2201210415
  out_SCC[606] = 2201210415
  out_SCC[607] = 2201210415
  out_SCC[608] = 2201210415
  out_SCC[609] = 2201210415
  out_SCC[610] = 2201210415
  out_SCC[611] = 2201210415
  out_SCC[612] = 2201210415
  out_SCC[613] = 2201210415
  out_SCC[614] = 2201210415
  out_SCC[615] = 2201210415
  out_SCC[616] = 2201210415
  out_SCC[617] = 2201210415
  out_SCC[618] = 2201210415
  out_SCC[619] = 2201210415
  out_SCC[620] = 2201210415
  out_SCC[621] = 2201210415
  out_SCC[622] = 2202210415
  out_SCC[623] = 2202210415
  out_SCC[624] = 2202210415
  out_SCC[625] = 2202210415
  out_SCC[626] = 2202210415
  out_SCC[627] = 2202210415
  out_SCC[628] = 2202210415
  out_SCC[629] = 2202210415
  out_SCC[630] = 2202210415
  out_SCC[631] = 2202210415
  out_SCC[632] = 2202210415
  out_SCC[633] = 2202210415
  out_SCC[634] = 2202210415
  out_SCC[635] = 2202210415
  out_SCC[636] = 2202210415
  out_SCC[637] = 2202210415
  out_SCC[638] = 2202210415
  out_SCC[639] = 2202210415
  out_SCC[640] = 2202210415
  out_SCC[641] = 2202210415
  out_SCC[642] = 2202210415
  out_SCC[643] = 2202210415
  out_SCC[644] = 2202210415
  out_SCC[645] = 2202210415
  out_SCC[646] = 2202210415
  out_SCC[647] = 2202210415
  out_SCC[648] = 2202210415
  out_SCC[649] = 2202210415
  out_SCC[650] = 2202210415
  out_SCC[651] = 2202210415
  out_SCC[652] = 2202210415
  out_SCC[653] = 2202210415
  out_SCC[654] = 2202210415
  out_SCC[655] = 2202210415
  out_SCC[656] = 2202210415
  out_SCC[657] = 2202210415
  out_SCC[658] = 2202210415
  out_SCC[659] = 2202210415
  out_SCC[660] = 2202210415
  out_SCC[661] = 2202210415
  out_SCC[662] = 2205210415
  out_SCC[663] = 2205210415
  out_SCC[664] = 2205210415
  out_SCC[665] = 2205210415
  out_SCC[666] = 2205210415
  out_SCC[667] = 2205210415
  out_SCC[668] = 2205210415
  out_SCC[669] = 2205210415
  out_SCC[670] = 2205210415
  out_SCC[671] = 2205210415
  out_SCC[672] = 2205210415
  out_SCC[673] = 2205210415
  out_SCC[674] = 2205210415
  out_SCC[675] = 2205210415
  out_SCC[676] = 2205210415
  out_SCC[677] = 2205210415
  out_SCC[678] = 2205210415
  out_SCC[679] = 2205210415
  out_SCC[680] = 2205210415
  out_SCC[681] = 2205210415
  out_SCC[682] = 2205210415
  out_SCC[683] = 2205210415
  out_SCC[684] = 2205210415
  out_zoneID[1] = NaN
  out_zoneID[2] = NaN
  out_zoneID[3] = NaN
  out_zoneID[4] = NaN
  out_zoneID[5] = NaN
  out_zoneID[6] = NaN
  out_zoneID[7] = NaN
  out_zoneID[8] = NaN
  out_zoneID[9] = NaN
  out_zoneID[10] = NaN
  out_zoneID[11] = NaN
  out_zoneID[12] = NaN
  out_zoneID[13] = NaN
  out_zoneID[14] = NaN
  out_zoneID[15] = NaN
  out_zoneID[16] = NaN
  out_zoneID[17] = NaN
  out_zoneID[18] = NaN
  out_zoneID[19] = NaN
  out_zoneID[20] = NaN
  out_zoneID[21] = NaN
  out_zoneID[22] = NaN
  out_zoneID[23] = NaN
  out_zoneID[24] = NaN
  out_zoneID[25] = NaN
  out_zoneID[26] = NaN
  out_zoneID[27] = NaN
  out_zoneID[28] = NaN
  out_zoneID[29] = NaN
  out_zoneID[30] = NaN
  out_zoneID[31] = NaN
  out_zoneID[32] = NaN
  out_zoneID[33] = NaN
  out_zoneID[34] = NaN
  out_zoneID[35] = NaN
  out_zoneID[36] = NaN
  out_zoneID[37] = NaN
  out_zoneID[38] = NaN
  out_zoneID[39] = NaN
  out_zoneID[40] = NaN
  out_zoneID[41] = NaN
  out_zoneID[42] = NaN
  out_zoneID[43] = NaN
  out_zoneID[44] = NaN
  out_zoneID[45] = NaN
  out_zoneID[46] = NaN
  out_zoneID[47] = NaN
  out_zoneID[48] = NaN
  out_zoneID[49] = NaN
  out_zoneID[50] = NaN
  out_zoneID[51] = NaN
  out_zoneID[52] = NaN
  out_zoneID[53] = NaN
  out_zoneID[54] = NaN
  out_zoneID[55] = NaN
  out_zoneID[56] = NaN
  out_zoneID[57] = NaN
  out_zoneID[58] = NaN
  out_zoneID[59] = NaN
  out_zoneID[60] = NaN
  out_zoneID[61] = NaN
  out_zoneID[62] = NaN
  out_zoneID[63] = NaN
  out_zoneID[64] = NaN
  out_zoneID[65] = NaN
  out_zoneID[66] = NaN
  out_zoneID[67] = NaN
  out_zoneID[68] = NaN
  out_zoneID[69] = NaN
  out_zoneID[70] = NaN
  out_zoneID[71] = NaN
  out_zoneID[72] = NaN
  out_zoneID[73] = NaN
  out_zoneID[74] = NaN
  out_zoneID[75] = NaN
  out_zoneID[76] = NaN
  out_zoneID[77] = NaN
  out_zoneID[78] = NaN
  out_zoneID[79] = NaN
  out_zoneID[80] = NaN
  out_zoneID[81] = NaN
  out_zoneID[82] = NaN
  out_zoneID[83] = NaN
  out_zoneID[84] = NaN
  out_zoneID[85] = NaN
  out_zoneID[86] = NaN
  out_zoneID[87] = NaN
  out_zoneID[88] = NaN
  out_zoneID[89] = NaN
  out_zoneID[90] = NaN
  out_zoneID[91] = NaN
  out_zoneID[92] = NaN
  out_zoneID[93] = NaN
  out_zoneID[94] = NaN
  out_zoneID[95] = NaN
  out_zoneID[96] = NaN
  out_zoneID[97] = NaN
  out_zoneID[98] = NaN
  out_zoneID[99] = NaN
  out_zoneID[100] = NaN
  out_zoneID[101] = NaN
  out_zoneID[102] = NaN
  out_zoneID[103] = NaN
  out_zoneID[104] = NaN
  out_zoneID[105] = NaN
  out_zoneID[106] = NaN
  out_zoneID[107] = NaN
  out_zoneID[108] = NaN
  out_zoneID[109] = NaN
  out_zoneID[110] = NaN
  out_zoneID[111] = NaN
  out_zoneID[112] = NaN
  out_zoneID[113] = NaN
  out_zoneID[114] = NaN
  out_zoneID[115] = NaN
  out_zoneID[116] = NaN
  out_zoneID[117] = NaN
  out_zoneID[118] = NaN
  out_zoneID[119] = NaN
  out_zoneID[120] = NaN
  out_zoneID[121] = NaN
  out_zoneID[122] = NaN
  out_zoneID[123] = NaN
  out_zoneID[124] = NaN
  out_zoneID[125] = NaN
  out_zoneID[126] = NaN
  out_zoneID[127] = NaN
  out_zoneID[128] = NaN
  out_zoneID[129] = NaN
  out_zoneID[130] = NaN
  out_zoneID[131] = NaN
  out_zoneID[132] = NaN
  out_zoneID[133] = NaN
  out_zoneID[134] = NaN
  out_zoneID[135] = NaN
  out_zoneID[136] = NaN
  out_zoneID[137] = NaN
  out_zoneID[138] = NaN
  out_zoneID[139] = NaN
  out_zoneID[140] = NaN
  out_zoneID[141] = NaN
  out_zoneID[142] = NaN
  out_zoneID[143] = NaN
  out_zoneID[144] = NaN
  out_zoneID[145] = NaN
  out_zoneID[146] = NaN
  out_zoneID[147] = NaN
  out_zoneID[148] = NaN
  out_zoneID[149] = NaN
  out_zoneID[150] = NaN
  out_zoneID[151] = NaN
  out_zoneID[152] = NaN
  out_zoneID[153] = NaN
  out_zoneID[154] = NaN
  out_zoneID[155] = NaN
  out_zoneID[156] = NaN
  out_zoneID[157] = NaN
  out_zoneID[158] = NaN
  out_zoneID[159] = NaN
  out_zoneID[160] = NaN
  out_zoneID[161] = NaN
  out_zoneID[162] = NaN
  out_zoneID[163] = NaN
  out_zoneID[164] = NaN
  out_zoneID[165] = NaN
  out_zoneID[166] = NaN
  out_zoneID[167] = NaN
  out_zoneID[168] = NaN
  out_zoneID[169] = NaN
  out_zoneID[170] = NaN
  out_zoneID[171] = NaN
  out_zoneID[172] = NaN
  out_zoneID[173] = NaN
  out_zoneID[174] = NaN
  out_zoneID[175] = NaN
  out_zoneID[176] = NaN
  out_zoneID[177] = NaN
  out_zoneID[178] = NaN
  out_zoneID[179] = NaN
  out_zoneID[180] = NaN
  out_zoneID[181] = NaN
  out_zoneID[182] = NaN
  out_zoneID[183] = NaN
  out_zoneID[184] = NaN
  out_zoneID[185] = NaN
  out_zoneID[186] = NaN
  out_zoneID[187] = NaN
  out_zoneID[188] = NaN
  out_zoneID[189] = NaN
  out_zoneID[190] = NaN
  out_zoneID[191] = NaN
  out_zoneID[192] = NaN
  out_zoneID[193] = NaN
  out_zoneID[194] = NaN
  out_zoneID[195] = NaN
  out_zoneID[196] = NaN
  out_zoneID[197] = NaN
  out_zoneID[198] = NaN
  out_zoneID[199] = NaN
  out_zoneID[200] = NaN
  out_zoneID[201] = NaN
  out_zoneID[202] = NaN
  out_zoneID[203] = NaN
  out_zoneID[204] = NaN
  out_zoneID[205] = NaN
  out_zoneID[206] = NaN
  out_zoneID[207] = NaN
  out_zoneID[208] = NaN
  out_zoneID[209] = NaN
  out_zoneID[210] = NaN
  out_zoneID[211] = NaN
  out_zoneID[212] = NaN
  out_zoneID[213] = NaN
  out_zoneID[214] = NaN
  out_zoneID[215] = NaN
  out_zoneID[216] = NaN
  out_zoneID[217] = NaN
  out_zoneID[218] = NaN
  out_zoneID[219] = NaN
  out_zoneID[220] = NaN
  out_zoneID[221] = NaN
  out_zoneID[222] = NaN
  out_zoneID[223] = NaN
  out_zoneID[224] = NaN
  out_zoneID[225] = NaN
  out_zoneID[226] = NaN
  out_zoneID[227] = NaN
  out_zoneID[228] = NaN
  out_zoneID[229] = NaN
  out_zoneID[230] = NaN
  out_zoneID[231] = NaN
  out_zoneID[232] = NaN
  out_zoneID[233] = NaN
  out_zoneID[234] = NaN
  out_zoneID[235] = NaN
  out_zoneID[236] = NaN
  out_zoneID[237] = NaN
  out_zoneID[238] = NaN
  out_zoneID[239] = NaN
  out_zoneID[240] = NaN
  out_zoneID[241] = NaN
  out_zoneID[242] = NaN
  out_zoneID[243] = NaN
  out_zoneID[244] = NaN
  out_zoneID[245] = NaN
  out_zoneID[246] = NaN
  out_zoneID[247] = NaN
  out_zoneID[248] = NaN
  out_zoneID[249] = NaN
  out_zoneID[250] = NaN
  out_zoneID[251] = NaN
  out_zoneID[252] = NaN
  out_zoneID[253] = NaN
  out_zoneID[254] = NaN
  out_zoneID[255] = NaN
  out_zoneID[256] = NaN
  out_zoneID[257] = NaN
  out_zoneID[258] = NaN
  out_zoneID[259] = NaN
  out_zoneID[260] = NaN
  out_zoneID[261] = NaN
  out_zoneID[262] = NaN
  out_zoneID[263] = NaN
  out_zoneID[264] = NaN
  out_zoneID[265] = NaN
  out_zoneID[266] = NaN
  out_zoneID[267] = NaN
  out_zoneID[268] = NaN
  out_zoneID[269] = NaN
  out_zoneID[270] = NaN
  out_zoneID[271] = NaN
  out_zoneID[272] = NaN
  out_zoneID[273] = NaN
  out_zoneID[274] = NaN
  out_zoneID[275] = NaN
  out_zoneID[276] = NaN
  out_zoneID[277] = NaN
  out_zoneID[278] = NaN
  out_zoneID[279] = NaN
  out_zoneID[280] = NaN
  out_zoneID[281] = NaN
  out_zoneID[282] = NaN
  out_zoneID[283] = NaN
  out_zoneID[284] = NaN
  out_zoneID[285] = NaN
  out_zoneID[286] = NaN
  out_zoneID[287] = NaN
  out_zoneID[288] = NaN
  out_zoneID[289] = NaN
  out_zoneID[290] = NaN
  out_zoneID[291] = NaN
  out_zoneID[292] = NaN
  out_zoneID[293] = NaN
  out_zoneID[294] = NaN
  out_zoneID[295] = NaN
  out_zoneID[296] = NaN
  out_zoneID[297] = NaN
  out_zoneID[298] = NaN
  out_zoneID[299] = NaN
  out_zoneID[300] = NaN
  out_zoneID[301] = NaN
  out_zoneID[302] = NaN
  out_zoneID[303] = NaN
  out_zoneID[304] = NaN
  out_zoneID[305] = NaN
  out_zoneID[306] = NaN
  out_zoneID[307] = NaN
  out_zoneID[308] = NaN
  out_zoneID[309] = NaN
  out_zoneID[310] = NaN
  out_zoneID[311] = NaN
  out_zoneID[312] = NaN
  out_zoneID[313] = NaN
  out_zoneID[314] = NaN
  out_zoneID[315] = NaN
  out_zoneID[316] = NaN
  out_zoneID[317] = NaN
  out_zoneID[318] = NaN
  out_zoneID[319] = NaN
  out_zoneID[320] = NaN
  out_zoneID[321] = NaN
  out_zoneID[322] = NaN
  out_zoneID[323] = NaN
  out_zoneID[324] = NaN
  out_zoneID[325] = NaN
  out_zoneID[326] = NaN
  out_zoneID[327] = NaN
  out_zoneID[328] = NaN
  out_zoneID[329] = NaN
  out_zoneID[330] = NaN
  out_zoneID[331] = NaN
  out_zoneID[332] = NaN
  out_zoneID[333] = NaN
  out_zoneID[334] = NaN
  out_zoneID[335] = NaN
  out_zoneID[336] = NaN
  out_zoneID[337] = NaN
  out_zoneID[338] = NaN
  out_zoneID[339] = NaN
  out_zoneID[340] = NaN
  out_zoneID[341] = NaN
  out_zoneID[342] = NaN
  out_zoneID[343] = NaN
  out_zoneID[344] = NaN
  out_zoneID[345] = NaN
  out_zoneID[346] = NaN
  out_zoneID[347] = NaN
  out_zoneID[348] = NaN
  out_zoneID[349] = NaN
  out_zoneID[350] = NaN
  out_zoneID[351] = NaN
  out_zoneID[352] = NaN
  out_zoneID[353] = NaN
  out_zoneID[354] = NaN
  out_zoneID[355] = NaN
  out_zoneID[356] = NaN
  out_zoneID[357] = NaN
  out_zoneID[358] = NaN
  out_zoneID[359] = NaN
  out_zoneID[360] = NaN
  out_zoneID[361] = NaN
  out_zoneID[362] = NaN
  out_zoneID[363] = NaN
  out_zoneID[364] = NaN
  out_zoneID[365] = NaN
  out_zoneID[366] = NaN
  out_zoneID[367] = NaN
  out_zoneID[368] = NaN
  out_zoneID[369] = NaN
  out_zoneID[370] = NaN
  out_zoneID[371] = NaN
  out_zoneID[372] = NaN
  out_zoneID[373] = NaN
  out_zoneID[374] = NaN
  out_zoneID[375] = NaN
  out_zoneID[376] = NaN
  out_zoneID[377] = NaN
  out_zoneID[378] = NaN
  out_zoneID[379] = NaN
  out_zoneID[380] = NaN
  out_zoneID[381] = NaN
  out_zoneID[382] = NaN
  out_zoneID[383] = NaN
  out_zoneID[384] = NaN
  out_zoneID[385] = NaN
  out_zoneID[386] = NaN
  out_zoneID[387] = NaN
  out_zoneID[388] = NaN
  out_zoneID[389] = NaN
  out_zoneID[390] = NaN
  out_zoneID[391] = NaN
  out_zoneID[392] = NaN
  out_zoneID[393] = NaN
  out_zoneID[394] = NaN
  out_zoneID[395] = NaN
  out_zoneID[396] = NaN
  out_zoneID[397] = NaN
  out_zoneID[398] = NaN
  out_zoneID[399] = NaN
  out_zoneID[400] = NaN
  out_zoneID[401] = NaN
  out_zoneID[402] = NaN
  out_zoneID[403] = NaN
  out_zoneID[404] = NaN
  out_zoneID[405] = NaN
  out_zoneID[406] = NaN
  out_zoneID[407] = NaN
  out_zoneID[408] = NaN
  out_zoneID[409] = NaN
  out_zoneID[410] = NaN
  out_zoneID[411] = NaN
  out_zoneID[412] = NaN
  out_zoneID[413] = NaN
  out_zoneID[414] = NaN
  out_zoneID[415] = NaN
  out_zoneID[416] = NaN
  out_zoneID[417] = NaN
  out_zoneID[418] = NaN
  out_zoneID[419] = NaN
  out_zoneID[420] = NaN
  out_zoneID[421] = NaN
  out_zoneID[422] = NaN
  out_zoneID[423] = NaN
  out_zoneID[424] = NaN
  out_zoneID[425] = NaN
  out_zoneID[426] = NaN
  out_zoneID[427] = NaN
  out_zoneID[428] = NaN
  out_zoneID[429] = NaN
  out_zoneID[430] = NaN
  out_zoneID[431] = NaN
  out_zoneID[432] = NaN
  out_zoneID[433] = NaN
  out_zoneID[434] = NaN
  out_zoneID[435] = NaN
  out_zoneID[436] = NaN
  out_zoneID[437] = NaN
  out_zoneID[438] = NaN
  out_zoneID[439] = NaN
  out_zoneID[440] = NaN
  out_zoneID[441] = NaN
  out_zoneID[442] = NaN
  out_zoneID[443] = NaN
  out_zoneID[444] = NaN
  out_zoneID[445] = NaN
  out_zoneID[446] = NaN
  out_zoneID[447] = NaN
  out_zoneID[448] = NaN
  out_zoneID[449] = NaN
  out_zoneID[450] = NaN
  out_zoneID[451] = NaN
  out_zoneID[452] = NaN
  out_zoneID[453] = NaN
  out_zoneID[454] = NaN
  out_zoneID[455] = NaN
  out_zoneID[456] = NaN
  out_zoneID[457] = NaN
  out_zoneID[458] = NaN
  out_zoneID[459] = NaN
  out_zoneID[460] = NaN
  out_zoneID[461] = NaN
  out_zoneID[462] = NaN
  out_zoneID[463] = NaN
  out_zoneID[464] = NaN
  out_zoneID[465] = NaN
  out_zoneID[466] = NaN
  out_zoneID[467] = NaN
  out_zoneID[468] = NaN
  out_zoneID[469] = NaN
  out_zoneID[470] = NaN
  out_zoneID[471] = NaN
  out_zoneID[472] = NaN
  out_zoneID[473] = NaN
  out_zoneID[474] = NaN
  out_zoneID[475] = NaN
  out_zoneID[476] = NaN
  out_zoneID[477] = NaN
  out_zoneID[478] = NaN
  out_zoneID[479] = NaN
  out_zoneID[480] = NaN
  out_zoneID[481] = NaN
  out_zoneID[482] = NaN
  out_zoneID[483] = NaN
  out_zoneID[484] = NaN
  out_zoneID[485] = NaN
  out_zoneID[486] = NaN
  out_zoneID[487] = NaN
  out_zoneID[488] = NaN
  out_zoneID[489] = NaN
  out_zoneID[490] = NaN
  out_zoneID[491] = NaN
  out_zoneID[492] = NaN
  out_zoneID[493] = NaN
  out_zoneID[494] = NaN
  out_zoneID[495] = NaN
  out_zoneID[496] = NaN
  out_zoneID[497] = NaN
  out_zoneID[498] = NaN
  out_zoneID[499] = NaN
  out_zoneID[500] = NaN
  out_zoneID[501] = NaN
  out_zoneID[502] = NaN
  out_zoneID[503] = NaN
  out_zoneID[504] = NaN
  out_zoneID[505] = NaN
  out_zoneID[506] = NaN
  out_zoneID[507] = NaN
  out_zoneID[508] = NaN
  out_zoneID[509] = NaN
  out_zoneID[510] = NaN
  out_zoneID[511] = NaN
  out_zoneID[512] = NaN
  out_zoneID[513] = NaN
  out_zoneID[514] = NaN
  out_zoneID[515] = NaN
  out_zoneID[516] = NaN
  out_zoneID[517] = NaN
  out_zoneID[518] = NaN
  out_zoneID[519] = NaN
  out_zoneID[520] = NaN
  out_zoneID[521] = NaN
  out_zoneID[522] = NaN
  out_zoneID[523] = NaN
  out_zoneID[524] = NaN
  out_zoneID[525] = NaN
  out_zoneID[526] = NaN
  out_zoneID[527] = NaN
  out_zoneID[528] = NaN
  out_zoneID[529] = NaN
  out_zoneID[530] = NaN
  out_zoneID[531] = NaN
  out_zoneID[532] = NaN
  out_zoneID[533] = NaN
  out_zoneID[534] = NaN
  out_zoneID[535] = NaN
  out_zoneID[536] = NaN
  out_zoneID[537] = NaN
  out_zoneID[538] = NaN
  out_zoneID[539] = NaN
  out_zoneID[540] = NaN
  out_zoneID[541] = NaN
  out_zoneID[542] = NaN
  out_zoneID[543] = NaN
  out_zoneID[544] = NaN
  out_zoneID[545] = NaN
  out_zoneID[546] = NaN
  out_zoneID[547] = NaN
  out_zoneID[548] = NaN
  out_zoneID[549] = NaN
  out_zoneID[550] = NaN
  out_zoneID[551] = NaN
  out_zoneID[552] = NaN
  out_zoneID[553] = NaN
  out_zoneID[554] = NaN
  out_zoneID[555] = NaN
  out_zoneID[556] = NaN
  out_zoneID[557] = NaN
  out_zoneID[558] = NaN
  out_zoneID[559] = NaN
  out_zoneID[560] = NaN
  out_zoneID[561] = NaN
  out_zoneID[562] = NaN
  out_zoneID[563] = NaN
  out_zoneID[564] = NaN
  out_zoneID[565] = NaN
  out_zoneID[566] = NaN
  out_zoneID[567] = NaN
  out_zoneID[568] = NaN
  out_zoneID[569] = NaN
  out_zoneID[570] = NaN
  out_zoneID[571] = NaN
  out_zoneID[572] = NaN
  out_zoneID[573] = NaN
  out_zoneID[574] = NaN
  out_zoneID[575] = NaN
  out_zoneID[576] = NaN
  out_zoneID[577] = NaN
  out_zoneID[578] = NaN
  out_zoneID[579] = NaN
  out_zoneID[580] = NaN
  out_zoneID[581] = NaN
  out_zoneID[582] = NaN
  out_zoneID[583] = NaN
  out_zoneID[584] = NaN
  out_zoneID[585] = NaN
  out_zoneID[586] = NaN
  out_zoneID[587] = NaN
  out_zoneID[588] = NaN
  out_zoneID[589] = NaN
  out_zoneID[590] = NaN
  out_zoneID[591] = NaN
  out_zoneID[592] = NaN
  out_zoneID[593] = NaN
  out_zoneID[594] = NaN
  out_zoneID[595] = NaN
  out_zoneID[596] = NaN
  out_zoneID[597] = NaN
  out_zoneID[598] = NaN
  out_zoneID[599] = NaN
  out_zoneID[600] = NaN
  out_zoneID[601] = NaN
  out_zoneID[602] = NaN
  out_zoneID[603] = NaN
  out_zoneID[604] = NaN
  out_zoneID[605] = NaN
  out_zoneID[606] = NaN
  out_zoneID[607] = NaN
  out_zoneID[608] = NaN
  out_zoneID[609] = NaN
  out_zoneID[610] = NaN
  out_zoneID[611] = NaN
  out_zoneID[612] = NaN
  out_zoneID[613] = NaN
  out_zoneID[614] = NaN
  out_zoneID[615] = NaN
  out_zoneID[616] = NaN
  out_zoneID[617] = NaN
  out_zoneID[618] = NaN
  out_zoneID[619] = NaN
  out_zoneID[620] = NaN
  out_zoneID[621] = NaN
  out_zoneID[622] = NaN
  out_zoneID[623] = NaN
  out_zoneID[624] = NaN
  out_zoneID[625] = NaN
  out_zoneID[626] = NaN
  out_zoneID[627] = NaN
  out_zoneID[628] = NaN
  out_zoneID[629] = NaN
  out_zoneID[630] = NaN
  out_zoneID[631] = NaN
  out_zoneID[632] = NaN
  out_zoneID[633] = NaN
  out_zoneID[634] = NaN
  out_zoneID[635] = NaN
  out_zoneID[636] = NaN
  out_zoneID[637] = NaN
  out_zoneID[638] = NaN
  out_zoneID[639] = NaN
  out_zoneID[640] = NaN
  out_zoneID[641] = NaN
  out_zoneID[642] = NaN
  out_zoneID[643] = NaN
  out_zoneID[644] = NaN
  out_zoneID[645] = NaN
  out_zoneID[646] = NaN
  out_zoneID[647] = NaN
  out_zoneID[648] = NaN
  out_zoneID[649] = NaN
  out_zoneID[650] = NaN
  out_zoneID[651] = NaN
  out_zoneID[652] = NaN
  out_zoneID[653] = NaN
  out_zoneID[654] = NaN
  out_zoneID[655] = NaN
  out_zoneID[656] = NaN
  out_zoneID[657] = NaN
  out_zoneID[658] = NaN
  out_zoneID[659] = NaN
  out_zoneID[660] = NaN
  out_zoneID[661] = NaN
  out_zoneID[662] = NaN
  out_zoneID[663] = NaN
  out_zoneID[664] = NaN
  out_zoneID[665] = NaN
  out_zoneID[666] = NaN
  out_zoneID[667] = NaN
  out_zoneID[668] = NaN
  out_zoneID[669] = NaN
  out_zoneID[670] = NaN
  out_zoneID[671] = NaN
  out_zoneID[672] = NaN
  out_zoneID[673] = NaN
  out_zoneID[674] = NaN
  out_zoneID[675] = NaN
  out_zoneID[676] = NaN
  out_zoneID[677] = NaN
  out_zoneID[678] = NaN
  out_zoneID[679] = NaN
  out_zoneID[680] = NaN
  out_zoneID[681] = NaN
  out_zoneID[682] = NaN
  out_zoneID[683] = NaN
  out_zoneID[684] = NaN
  out_linkID[1] = NaN
  out_linkID[2] = NaN
  out_linkID[3] = NaN
  out_linkID[4] = NaN
  out_linkID[5] = NaN
  out_linkID[6] = NaN
  out_linkID[7] = NaN
  out_linkID[8] = NaN
  out_linkID[9] = NaN
  out_linkID[10] = NaN
  out_linkID[11] = NaN
  out_linkID[12] = NaN
  out_linkID[13] = NaN
  out_linkID[14] = NaN
  out_linkID[15] = NaN
  out_linkID[16] = NaN
  out_linkID[17] = NaN
  out_linkID[18] = NaN
  out_linkID[19] = NaN
  out_linkID[20] = NaN
  out_linkID[21] = NaN
  out_linkID[22] = NaN
  out_linkID[23] = NaN
  out_linkID[24] = NaN
  out_linkID[25] = NaN
  out_linkID[26] = NaN
  out_linkID[27] = NaN
  out_linkID[28] = NaN
  out_linkID[29] = NaN
  out_linkID[30] = NaN
  out_linkID[31] = NaN
  out_linkID[32] = NaN
  out_linkID[33] = NaN
  out_linkID[34] = NaN
  out_linkID[35] = NaN
  out_linkID[36] = NaN
  out_linkID[37] = NaN
  out_linkID[38] = NaN
  out_linkID[39] = NaN
  out_linkID[40] = NaN
  out_linkID[41] = NaN
  out_linkID[42] = NaN
  out_linkID[43] = NaN
  out_linkID[44] = NaN
  out_linkID[45] = NaN
  out_linkID[46] = NaN
  out_linkID[47] = NaN
  out_linkID[48] = NaN
  out_linkID[49] = NaN
  out_linkID[50] = NaN
  out_linkID[51] = NaN
  out_linkID[52] = NaN
  out_linkID[53] = NaN
  out_linkID[54] = NaN
  out_linkID[55] = NaN
  out_linkID[56] = NaN
  out_linkID[57] = NaN
  out_linkID[58] = NaN
  out_linkID[59] = NaN
  out_linkID[60] = NaN
  out_linkID[61] = NaN
  out_linkID[62] = NaN
  out_linkID[63] = NaN
  out_linkID[64] = NaN
  out_linkID[65] = NaN
  out_linkID[66] = NaN
  out_linkID[67] = NaN
  out_linkID[68] = NaN
  out_linkID[69] = NaN
  out_linkID[70] = NaN
  out_linkID[71] = NaN
  out_linkID[72] = NaN
  out_linkID[73] = NaN
  out_linkID[74] = NaN
  out_linkID[75] = NaN
  out_linkID[76] = NaN
  out_linkID[77] = NaN
  out_linkID[78] = NaN
  out_linkID[79] = NaN
  out_linkID[80] = NaN
  out_linkID[81] = NaN
  out_linkID[82] = NaN
  out_linkID[83] = NaN
  out_linkID[84] = NaN
  out_linkID[85] = NaN
  out_linkID[86] = NaN
  out_linkID[87] = NaN
  out_linkID[88] = NaN
  out_linkID[89] = NaN
  out_linkID[90] = NaN
  out_linkID[91] = NaN
  out_linkID[92] = NaN
  out_linkID[93] = NaN
  out_linkID[94] = NaN
  out_linkID[95] = NaN
  out_linkID[96] = NaN
  out_linkID[97] = NaN
  out_linkID[98] = NaN
  out_linkID[99] = NaN
  out_linkID[100] = NaN
  out_linkID[101] = NaN
  out_linkID[102] = NaN
  out_linkID[103] = NaN
  out_linkID[104] = NaN
  out_linkID[105] = NaN
  out_linkID[106] = NaN
  out_linkID[107] = NaN
  out_linkID[108] = NaN
  out_linkID[109] = NaN
  out_linkID[110] = NaN
  out_linkID[111] = NaN
  out_linkID[112] = NaN
  out_linkID[113] = NaN
  out_linkID[114] = NaN
  out_linkID[115] = NaN
  out_linkID[116] = NaN
  out_linkID[117] = NaN
  out_linkID[118] = NaN
  out_linkID[119] = NaN
  out_linkID[120] = NaN
  out_linkID[121] = NaN
  out_linkID[122] = NaN
  out_linkID[123] = NaN
  out_linkID[124] = NaN
  out_linkID[125] = NaN
  out_linkID[126] = NaN
  out_linkID[127] = NaN
  out_linkID[128] = NaN
  out_linkID[129] = NaN
  out_linkID[130] = NaN
  out_linkID[131] = NaN
  out_linkID[132] = NaN
  out_linkID[133] = NaN
  out_linkID[134] = NaN
  out_linkID[135] = NaN
  out_linkID[136] = NaN
  out_linkID[137] = NaN
  out_linkID[138] = NaN
  out_linkID[139] = NaN
  out_linkID[140] = NaN
  out_linkID[141] = NaN
  out_linkID[142] = NaN
  out_linkID[143] = NaN
  out_linkID[144] = NaN
  out_linkID[145] = NaN
  out_linkID[146] = NaN
  out_linkID[147] = NaN
  out_linkID[148] = NaN
  out_linkID[149] = NaN
  out_linkID[150] = NaN
  out_linkID[151] = NaN
  out_linkID[152] = NaN
  out_linkID[153] = NaN
  out_linkID[154] = NaN
  out_linkID[155] = NaN
  out_linkID[156] = NaN
  out_linkID[157] = NaN
  out_linkID[158] = NaN
  out_linkID[159] = NaN
  out_linkID[160] = NaN
  out_linkID[161] = NaN
  out_linkID[162] = NaN
  out_linkID[163] = NaN
  out_linkID[164] = NaN
  out_linkID[165] = NaN
  out_linkID[166] = NaN
  out_linkID[167] = NaN
  out_linkID[168] = NaN
  out_linkID[169] = NaN
  out_linkID[170] = NaN
  out_linkID[171] = NaN
  out_linkID[172] = NaN
  out_linkID[173] = NaN
  out_linkID[174] = NaN
  out_linkID[175] = NaN
  out_linkID[176] = NaN
  out_linkID[177] = NaN
  out_linkID[178] = NaN
  out_linkID[179] = NaN
  out_linkID[180] = NaN
  out_linkID[181] = NaN
  out_linkID[182] = NaN
  out_linkID[183] = NaN
  out_linkID[184] = NaN
  out_linkID[185] = NaN
  out_linkID[186] = NaN
  out_linkID[187] = NaN
  out_linkID[188] = NaN
  out_linkID[189] = NaN
  out_linkID[190] = NaN
  out_linkID[191] = NaN
  out_linkID[192] = NaN
  out_linkID[193] = NaN
  out_linkID[194] = NaN
  out_linkID[195] = NaN
  out_linkID[196] = NaN
  out_linkID[197] = NaN
  out_linkID[198] = NaN
  out_linkID[199] = NaN
  out_linkID[200] = NaN
  out_linkID[201] = NaN
  out_linkID[202] = NaN
  out_linkID[203] = NaN
  out_linkID[204] = NaN
  out_linkID[205] = NaN
  out_linkID[206] = NaN
  out_linkID[207] = NaN
  out_linkID[208] = NaN
  out_linkID[209] = NaN
  out_linkID[210] = NaN
  out_linkID[211] = NaN
  out_linkID[212] = NaN
  out_linkID[213] = NaN
  out_linkID[214] = NaN
  out_linkID[215] = NaN
  out_linkID[216] = NaN
  out_linkID[217] = NaN
  out_linkID[218] = NaN
  out_linkID[219] = NaN
  out_linkID[220] = NaN
  out_linkID[221] = NaN
  out_linkID[222] = NaN
  out_linkID[223] = NaN
  out_linkID[224] = NaN
  out_linkID[225] = NaN
  out_linkID[226] = NaN
  out_linkID[227] = NaN
  out_linkID[228] = NaN
  out_linkID[229] = NaN
  out_linkID[230] = NaN
  out_linkID[231] = NaN
  out_linkID[232] = NaN
  out_linkID[233] = NaN
  out_linkID[234] = NaN
  out_linkID[235] = NaN
  out_linkID[236] = NaN
  out_linkID[237] = NaN
  out_linkID[238] = NaN
  out_linkID[239] = NaN
  out_linkID[240] = NaN
  out_linkID[241] = NaN
  out_linkID[242] = NaN
  out_linkID[243] = NaN
  out_linkID[244] = NaN
  out_linkID[245] = NaN
  out_linkID[246] = NaN
  out_linkID[247] = NaN
  out_linkID[248] = NaN
  out_linkID[249] = NaN
  out_linkID[250] = NaN
  out_linkID[251] = NaN
  out_linkID[252] = NaN
  out_linkID[253] = NaN
  out_linkID[254] = NaN
  out_linkID[255] = NaN
  out_linkID[256] = NaN
  out_linkID[257] = NaN
  out_linkID[258] = NaN
  out_linkID[259] = NaN
  out_linkID[260] = NaN
  out_linkID[261] = NaN
  out_linkID[262] = NaN
  out_linkID[263] = NaN
  out_linkID[264] = NaN
  out_linkID[265] = NaN
  out_linkID[266] = NaN
  out_linkID[267] = NaN
  out_linkID[268] = NaN
  out_linkID[269] = NaN
  out_linkID[270] = NaN
  out_linkID[271] = NaN
  out_linkID[272] = NaN
  out_linkID[273] = NaN
  out_linkID[274] = NaN
  out_linkID[275] = NaN
  out_linkID[276] = NaN
  out_linkID[277] = NaN
  out_linkID[278] = NaN
  out_linkID[279] = NaN
  out_linkID[280] = NaN
  out_linkID[281] = NaN
  out_linkID[282] = NaN
  out_linkID[283] = NaN
  out_linkID[284] = NaN
  out_linkID[285] = NaN
  out_linkID[286] = NaN
  out_linkID[287] = NaN
  out_linkID[288] = NaN
  out_linkID[289] = NaN
  out_linkID[290] = NaN
  out_linkID[291] = NaN
  out_linkID[292] = NaN
  out_linkID[293] = NaN
  out_linkID[294] = NaN
  out_linkID[295] = NaN
  out_linkID[296] = NaN
  out_linkID[297] = NaN
  out_linkID[298] = NaN
  out_linkID[299] = NaN
  out_linkID[300] = NaN
  out_linkID[301] = NaN
  out_linkID[302] = NaN
  out_linkID[303] = NaN
  out_linkID[304] = NaN
  out_linkID[305] = NaN
  out_linkID[306] = NaN
  out_linkID[307] = NaN
  out_linkID[308] = NaN
  out_linkID[309] = NaN
  out_linkID[310] = NaN
  out_linkID[311] = NaN
  out_linkID[312] = NaN
  out_linkID[313] = NaN
  out_linkID[314] = NaN
  out_linkID[315] = NaN
  out_linkID[316] = NaN
  out_linkID[317] = NaN
  out_linkID[318] = NaN
  out_linkID[319] = NaN
  out_linkID[320] = NaN
  out_linkID[321] = NaN
  out_linkID[322] = NaN
  out_linkID[323] = NaN
  out_linkID[324] = NaN
  out_linkID[325] = NaN
  out_linkID[326] = NaN
  out_linkID[327] = NaN
  out_linkID[328] = NaN
  out_linkID[329] = NaN
  out_linkID[330] = NaN
  out_linkID[331] = NaN
  out_linkID[332] = NaN
  out_linkID[333] = NaN
  out_linkID[334] = NaN
  out_linkID[335] = NaN
  out_linkID[336] = NaN
  out_linkID[337] = NaN
  out_linkID[338] = NaN
  out_linkID[339] = NaN
  out_linkID[340] = NaN
  out_linkID[341] = NaN
  out_linkID[342] = NaN
  out_linkID[343] = NaN
  out_linkID[344] = NaN
  out_linkID[345] = NaN
  out_linkID[346] = NaN
  out_linkID[347] = NaN
  out_linkID[348] = NaN
  out_linkID[349] = NaN
  out_linkID[350] = NaN
  out_linkID[351] = NaN
  out_linkID[352] = NaN
  out_linkID[353] = NaN
  out_linkID[354] = NaN
  out_linkID[355] = NaN
  out_linkID[356] = NaN
  out_linkID[357] = NaN
  out_linkID[358] = NaN
  out_linkID[359] = NaN
  out_linkID[360] = NaN
  out_linkID[361] = NaN
  out_linkID[362] = NaN
  out_linkID[363] = NaN
  out_linkID[364] = NaN
  out_linkID[365] = NaN
  out_linkID[366] = NaN
  out_linkID[367] = NaN
  out_linkID[368] = NaN
  out_linkID[369] = NaN
  out_linkID[370] = NaN
  out_linkID[371] = NaN
  out_linkID[372] = NaN
  out_linkID[373] = NaN
  out_linkID[374] = NaN
  out_linkID[375] = NaN
  out_linkID[376] = NaN
  out_linkID[377] = NaN
  out_linkID[378] = NaN
  out_linkID[379] = NaN
  out_linkID[380] = NaN
  out_linkID[381] = NaN
  out_linkID[382] = NaN
  out_linkID[383] = NaN
  out_linkID[384] = NaN
  out_linkID[385] = NaN
  out_linkID[386] = NaN
  out_linkID[387] = NaN
  out_linkID[388] = NaN
  out_linkID[389] = NaN
  out_linkID[390] = NaN
  out_linkID[391] = NaN
  out_linkID[392] = NaN
  out_linkID[393] = NaN
  out_linkID[394] = NaN
  out_linkID[395] = NaN
  out_linkID[396] = NaN
  out_linkID[397] = NaN
  out_linkID[398] = NaN
  out_linkID[399] = NaN
  out_linkID[400] = NaN
  out_linkID[401] = NaN
  out_linkID[402] = NaN
  out_linkID[403] = NaN
  out_linkID[404] = NaN
  out_linkID[405] = NaN
  out_linkID[406] = NaN
  out_linkID[407] = NaN
  out_linkID[408] = NaN
  out_linkID[409] = NaN
  out_linkID[410] = NaN
  out_linkID[411] = NaN
  out_linkID[412] = NaN
  out_linkID[413] = NaN
  out_linkID[414] = NaN
  out_linkID[415] = NaN
  out_linkID[416] = NaN
  out_linkID[417] = NaN
  out_linkID[418] = NaN
  out_linkID[419] = NaN
  out_linkID[420] = NaN
  out_linkID[421] = NaN
  out_linkID[422] = NaN
  out_linkID[423] = NaN
  out_linkID[424] = NaN
  out_linkID[425] = NaN
  out_linkID[426] = NaN
  out_linkID[427] = NaN
  out_linkID[428] = NaN
  out_linkID[429] = NaN
  out_linkID[430] = NaN
  out_linkID[431] = NaN
  out_linkID[432] = NaN
  out_linkID[433] = NaN
  out_linkID[434] = NaN
  out_linkID[435] = NaN
  out_linkID[436] = NaN
  out_linkID[437] = NaN
  out_linkID[438] = NaN
  out_linkID[439] = NaN
  out_linkID[440] = NaN
  out_linkID[441] = NaN
  out_linkID[442] = NaN
  out_linkID[443] = NaN
  out_linkID[444] = NaN
  out_linkID[445] = NaN
  out_linkID[446] = NaN
  out_linkID[447] = NaN
  out_linkID[448] = NaN
  out_linkID[449] = NaN
  out_linkID[450] = NaN
  out_linkID[451] = NaN
  out_linkID[452] = NaN
  out_linkID[453] = NaN
  out_linkID[454] = NaN
  out_linkID[455] = NaN
  out_linkID[456] = NaN
  out_linkID[457] = NaN
  out_linkID[458] = NaN
  out_linkID[459] = NaN
  out_linkID[460] = NaN
  out_linkID[461] = NaN
  out_linkID[462] = NaN
  out_linkID[463] = NaN
  out_linkID[464] = NaN
  out_linkID[465] = NaN
  out_linkID[466] = NaN
  out_linkID[467] = NaN
  out_linkID[468] = NaN
  out_linkID[469] = NaN
  out_linkID[470] = NaN
  out_linkID[471] = NaN
  out_linkID[472] = NaN
  out_linkID[473] = NaN
  out_linkID[474] = NaN
  out_linkID[475] = NaN
  out_linkID[476] = NaN
  out_linkID[477] = NaN
  out_linkID[478] = NaN
  out_linkID[479] = NaN
  out_linkID[480] = NaN
  out_linkID[481] = NaN
  out_linkID[482] = NaN
  out_linkID[483] = NaN
  out_linkID[484] = NaN
  out_linkID[485] = NaN
  out_linkID[486] = NaN
  out_linkID[487] = NaN
  out_linkID[488] = NaN
  out_linkID[489] = NaN
  out_linkID[490] = NaN
  out_linkID[491] = NaN
  out_linkID[492] = NaN
  out_linkID[493] = NaN
  out_linkID[494] = NaN
  out_linkID[495] = NaN
  out_linkID[496] = NaN
  out_linkID[497] = NaN
  out_linkID[498] = NaN
  out_linkID[499] = NaN
  out_linkID[500] = NaN
  out_linkID[501] = NaN
  out_linkID[502] = NaN
  out_linkID[503] = NaN
  out_linkID[504] = NaN
  out_linkID[505] = NaN
  out_linkID[506] = NaN
  out_linkID[507] = NaN
  out_linkID[508] = NaN
  out_linkID[509] = NaN
  out_linkID[510] = NaN
  out_linkID[511] = NaN
  out_linkID[512] = NaN
  out_linkID[513] = NaN
  out_linkID[514] = NaN
  out_linkID[515] = NaN
  out_linkID[516] = NaN
  out_linkID[517] = NaN
  out_linkID[518] = NaN
  out_linkID[519] = NaN
  out_linkID[520] = NaN
  out_linkID[521] = NaN
  out_linkID[522] = NaN
  out_linkID[523] = NaN
  out_linkID[524] = NaN
  out_linkID[525] = NaN
  out_linkID[526] = NaN
  out_linkID[527] = NaN
  out_linkID[528] = NaN
  out_linkID[529] = NaN
  out_linkID[530] = NaN
  out_linkID[531] = NaN
  out_linkID[532] = NaN
  out_linkID[533] = NaN
  out_linkID[534] = NaN
  out_linkID[535] = NaN
  out_linkID[536] = NaN
  out_linkID[537] = NaN
  out_linkID[538] = NaN
  out_linkID[539] = NaN
  out_linkID[540] = NaN
  out_linkID[541] = NaN
  out_linkID[542] = NaN
  out_linkID[543] = NaN
  out_linkID[544] = NaN
  out_linkID[545] = NaN
  out_linkID[546] = NaN
  out_linkID[547] = NaN
  out_linkID[548] = NaN
  out_linkID[549] = NaN
  out_linkID[550] = NaN
  out_linkID[551] = NaN
  out_linkID[552] = NaN
  out_linkID[553] = NaN
  out_linkID[554] = NaN
  out_linkID[555] = NaN
  out_linkID[556] = NaN
  out_linkID[557] = NaN
  out_linkID[558] = NaN
  out_linkID[559] = NaN
  out_linkID[560] = NaN
  out_linkID[561] = NaN
  out_linkID[562] = NaN
  out_linkID[563] = NaN
  out_linkID[564] = NaN
  out_linkID[565] = NaN
  out_linkID[566] = NaN
  out_linkID[567] = NaN
  out_linkID[568] = NaN
  out_linkID[569] = NaN
  out_linkID[570] = NaN
  out_linkID[571] = NaN
  out_linkID[572] = NaN
  out_linkID[573] = NaN
  out_linkID[574] = NaN
  out_linkID[575] = NaN
  out_linkID[576] = NaN
  out_linkID[577] = NaN
  out_linkID[578] = NaN
  out_linkID[579] = NaN
  out_linkID[580] = NaN
  out_linkID[581] = NaN
  out_linkID[582] = NaN
  out_linkID[583] = NaN
  out_linkID[584] = NaN
  out_linkID[585] = NaN
  out_linkID[586] = NaN
  out_linkID[587] = NaN
  out_linkID[588] = NaN
  out_linkID[589] = NaN
  out_linkID[590] = NaN
  out_linkID[591] = NaN
  out_linkID[592] = NaN
  out_linkID[593] = NaN
  out_linkID[594] = NaN
  out_linkID[595] = NaN
  out_linkID[596] = NaN
  out_linkID[597] = NaN
  out_linkID[598] = NaN
  out_linkID[599] = NaN
  out_linkID[600] = NaN
  out_linkID[601] = NaN
  out_linkID[602] = NaN
  out_linkID[603] = NaN
  out_linkID[604] = NaN
  out_linkID[605] = NaN
  out_linkID[606] = NaN
  out_linkID[607] = NaN
  out_linkID[608] = NaN
  out_linkID[609] = NaN
  out_linkID[610] = NaN
  out_linkID[611] = NaN
  out_linkID[612] = NaN
  out_linkID[613] = NaN
  out_linkID[614] = NaN
  out_linkID[615] = NaN
  out_linkID[616] = NaN
  out_linkID[617] = NaN
  out_linkID[618] = NaN
  out_linkID[619] = NaN
  out_linkID[620] = NaN
  out_linkID[621] = NaN
  out_linkID[622] = NaN
  out_linkID[623] = NaN
  out_linkID[624] = NaN
  out_linkID[625] = NaN
  out_linkID[626] = NaN
  out_linkID[627] = NaN
  out_linkID[628] = NaN
  out_linkID[629] = NaN
  out_linkID[630] = NaN
  out_linkID[631] = NaN
  out_linkID[632] = NaN
  out_linkID[633] = NaN
  out_linkID[634] = NaN
  out_linkID[635] = NaN
  out_linkID[636] = NaN
  out_linkID[637] = NaN
  out_linkID[638] = NaN
  out_linkID[639] = NaN
  out_linkID[640] = NaN
  out_linkID[641] = NaN
  out_linkID[642] = NaN
  out_linkID[643] = NaN
  out_linkID[644] = NaN
  out_linkID[645] = NaN
  out_linkID[646] = NaN
  out_linkID[647] = NaN
  out_linkID[648] = NaN
  out_linkID[649] = NaN
  out_linkID[650] = NaN
  out_linkID[651] = NaN
  out_linkID[652] = NaN
  out_linkID[653] = NaN
  out_linkID[654] = NaN
  out_linkID[655] = NaN
  out_linkID[656] = NaN
  out_linkID[657] = NaN
  out_linkID[658] = NaN
  out_linkID[659] = NaN
  out_linkID[660] = NaN
  out_linkID[661] = NaN
  out_linkID[662] = NaN
  out_linkID[663] = NaN
  out_linkID[664] = NaN
  out_linkID[665] = NaN
  out_linkID[666] = NaN
  out_linkID[667] = NaN
  out_linkID[668] = NaN
  out_linkID[669] = NaN
  out_linkID[670] = NaN
  out_linkID[671] = NaN
  out_linkID[672] = NaN
  out_linkID[673] = NaN
  out_linkID[674] = NaN
  out_linkID[675] = NaN
  out_linkID[676] = NaN
  out_linkID[677] = NaN
  out_linkID[678] = NaN
  out_linkID[679] = NaN
  out_linkID[680] = NaN
  out_linkID[681] = NaN
  out_linkID[682] = NaN
  out_linkID[683] = NaN
  out_linkID[684] = NaN
  out_regClassID[1] = NaN
  out_regClassID[2] = NaN
  out_regClassID[3] = NaN
  out_regClassID[4] = NaN
  out_regClassID[5] = NaN
  out_regClassID[6] = NaN
  out_regClassID[7] = NaN
  out_regClassID[8] = NaN
  out_regClassID[9] = NaN
  out_regClassID[10] = NaN
  out_regClassID[11] = NaN
  out_regClassID[12] = NaN
  out_regClassID[13] = NaN
  out_regClassID[14] = NaN
  out_regClassID[15] = NaN
  out_regClassID[16] = NaN
  out_regClassID[17] = NaN
  out_regClassID[18] = NaN
  out_regClassID[19] = NaN
  out_regClassID[20] = NaN
  out_regClassID[21] = NaN
  out_regClassID[22] = NaN
  out_regClassID[23] = NaN
  out_regClassID[24] = NaN
  out_regClassID[25] = NaN
  out_regClassID[26] = NaN
  out_regClassID[27] = NaN
  out_regClassID[28] = NaN
  out_regClassID[29] = NaN
  out_regClassID[30] = NaN
  out_regClassID[31] = NaN
  out_regClassID[32] = NaN
  out_regClassID[33] = NaN
  out_regClassID[34] = NaN
  out_regClassID[35] = NaN
  out_regClassID[36] = NaN
  out_regClassID[37] = NaN
  out_regClassID[38] = NaN
  out_regClassID[39] = NaN
  out_regClassID[40] = NaN
  out_regClassID[41] = NaN
  out_regClassID[42] = NaN
  out_regClassID[43] = NaN
  out_regClassID[44] = NaN
  out_regClassID[45] = NaN
  out_regClassID[46] = NaN
  out_regClassID[47] = NaN
  out_regClassID[48] = NaN
  out_regClassID[49] = NaN
  out_regClassID[50] = NaN
  out_regClassID[51] = NaN
  out_regClassID[52] = NaN
  out_regClassID[53] = NaN
  out_regClassID[54] = NaN
  out_regClassID[55] = NaN
  out_regClassID[56] = NaN
  out_regClassID[57] = NaN
  out_regClassID[58] = NaN
  out_regClassID[59] = NaN
  out_regClassID[60] = NaN
  out_regClassID[61] = NaN
  out_regClassID[62] = NaN
  out_regClassID[63] = NaN
  out_regClassID[64] = NaN
  out_regClassID[65] = NaN
  out_regClassID[66] = NaN
  out_regClassID[67] = NaN
  out_regClassID[68] = NaN
  out_regClassID[69] = NaN
  out_regClassID[70] = NaN
  out_regClassID[71] = NaN
  out_regClassID[72] = NaN
  out_regClassID[73] = NaN
  out_regClassID[74] = NaN
  out_regClassID[75] = NaN
  out_regClassID[76] = NaN
  out_regClassID[77] = NaN
  out_regClassID[78] = NaN
  out_regClassID[79] = NaN
  out_regClassID[80] = NaN
  out_regClassID[81] = NaN
  out_regClassID[82] = NaN
  out_regClassID[83] = NaN
  out_regClassID[84] = NaN
  out_regClassID[85] = NaN
  out_regClassID[86] = NaN
  out_regClassID[87] = NaN
  out_regClassID[88] = NaN
  out_regClassID[89] = NaN
  out_regClassID[90] = NaN
  out_regClassID[91] = NaN
  out_regClassID[92] = NaN
  out_regClassID[93] = NaN
  out_regClassID[94] = NaN
  out_regClassID[95] = NaN
  out_regClassID[96] = NaN
  out_regClassID[97] = NaN
  out_regClassID[98] = NaN
  out_regClassID[99] = NaN
  out_regClassID[100] = NaN
  out_regClassID[101] = NaN
  out_regClassID[102] = NaN
  out_regClassID[103] = NaN
  out_regClassID[104] = NaN
  out_regClassID[105] = NaN
  out_regClassID[106] = NaN
  out_regClassID[107] = NaN
  out_regClassID[108] = NaN
  out_regClassID[109] = NaN
  out_regClassID[110] = NaN
  out_regClassID[111] = NaN
  out_regClassID[112] = NaN
  out_regClassID[113] = NaN
  out_regClassID[114] = NaN
  out_regClassID[115] = NaN
  out_regClassID[116] = NaN
  out_regClassID[117] = NaN
  out_regClassID[118] = NaN
  out_regClassID[119] = NaN
  out_regClassID[120] = NaN
  out_regClassID[121] = NaN
  out_regClassID[122] = NaN
  out_regClassID[123] = NaN
  out_regClassID[124] = NaN
  out_regClassID[125] = NaN
  out_regClassID[126] = NaN
  out_regClassID[127] = NaN
  out_regClassID[128] = NaN
  out_regClassID[129] = NaN
  out_regClassID[130] = NaN
  out_regClassID[131] = NaN
  out_regClassID[132] = NaN
  out_regClassID[133] = NaN
  out_regClassID[134] = NaN
  out_regClassID[135] = NaN
  out_regClassID[136] = NaN
  out_regClassID[137] = NaN
  out_regClassID[138] = NaN
  out_regClassID[139] = NaN
  out_regClassID[140] = NaN
  out_regClassID[141] = NaN
  out_regClassID[142] = NaN
  out_regClassID[143] = NaN
  out_regClassID[144] = NaN
  out_regClassID[145] = NaN
  out_regClassID[146] = NaN
  out_regClassID[147] = NaN
  out_regClassID[148] = NaN
  out_regClassID[149] = NaN
  out_regClassID[150] = NaN
  out_regClassID[151] = NaN
  out_regClassID[152] = NaN
  out_regClassID[153] = NaN
  out_regClassID[154] = NaN
  out_regClassID[155] = NaN
  out_regClassID[156] = NaN
  out_regClassID[157] = NaN
  out_regClassID[158] = NaN
  out_regClassID[159] = NaN
  out_regClassID[160] = NaN
  out_regClassID[161] = NaN
  out_regClassID[162] = NaN
  out_regClassID[163] = NaN
  out_regClassID[164] = NaN
  out_regClassID[165] = NaN
  out_regClassID[166] = NaN
  out_regClassID[167] = NaN
  out_regClassID[168] = NaN
  out_regClassID[169] = NaN
  out_regClassID[170] = NaN
  out_regClassID[171] = NaN
  out_regClassID[172] = NaN
  out_regClassID[173] = NaN
  out_regClassID[174] = NaN
  out_regClassID[175] = NaN
  out_regClassID[176] = NaN
  out_regClassID[177] = NaN
  out_regClassID[178] = NaN
  out_regClassID[179] = NaN
  out_regClassID[180] = NaN
  out_regClassID[181] = NaN
  out_regClassID[182] = NaN
  out_regClassID[183] = NaN
  out_regClassID[184] = NaN
  out_regClassID[185] = NaN
  out_regClassID[186] = NaN
  out_regClassID[187] = NaN
  out_regClassID[188] = NaN
  out_regClassID[189] = NaN
  out_regClassID[190] = NaN
  out_regClassID[191] = NaN
  out_regClassID[192] = NaN
  out_regClassID[193] = NaN
  out_regClassID[194] = NaN
  out_regClassID[195] = NaN
  out_regClassID[196] = NaN
  out_regClassID[197] = NaN
  out_regClassID[198] = NaN
  out_regClassID[199] = NaN
  out_regClassID[200] = NaN
  out_regClassID[201] = NaN
  out_regClassID[202] = NaN
  out_regClassID[203] = NaN
  out_regClassID[204] = NaN
  out_regClassID[205] = NaN
  out_regClassID[206] = NaN
  out_regClassID[207] = NaN
  out_regClassID[208] = NaN
  out_regClassID[209] = NaN
  out_regClassID[210] = NaN
  out_regClassID[211] = NaN
  out_regClassID[212] = NaN
  out_regClassID[213] = NaN
  out_regClassID[214] = NaN
  out_regClassID[215] = NaN
  out_regClassID[216] = NaN
  out_regClassID[217] = NaN
  out_regClassID[218] = NaN
  out_regClassID[219] = NaN
  out_regClassID[220] = NaN
  out_regClassID[221] = NaN
  out_regClassID[222] = NaN
  out_regClassID[223] = NaN
  out_regClassID[224] = NaN
  out_regClassID[225] = NaN
  out_regClassID[226] = NaN
  out_regClassID[227] = NaN
  out_regClassID[228] = NaN
  out_regClassID[229] = NaN
  out_regClassID[230] = NaN
  out_regClassID[231] = NaN
  out_regClassID[232] = NaN
  out_regClassID[233] = NaN
  out_regClassID[234] = NaN
  out_regClassID[235] = NaN
  out_regClassID[236] = NaN
  out_regClassID[237] = NaN
  out_regClassID[238] = NaN
  out_regClassID[239] = NaN
  out_regClassID[240] = NaN
  out_regClassID[241] = NaN
  out_regClassID[242] = NaN
  out_regClassID[243] = NaN
  out_regClassID[244] = NaN
  out_regClassID[245] = NaN
  out_regClassID[246] = NaN
  out_regClassID[247] = NaN
  out_regClassID[248] = NaN
  out_regClassID[249] = NaN
  out_regClassID[250] = NaN
  out_regClassID[251] = NaN
  out_regClassID[252] = NaN
  out_regClassID[253] = NaN
  out_regClassID[254] = NaN
  out_regClassID[255] = NaN
  out_regClassID[256] = NaN
  out_regClassID[257] = NaN
  out_regClassID[258] = NaN
  out_regClassID[259] = NaN
  out_regClassID[260] = NaN
  out_regClassID[261] = NaN
  out_regClassID[262] = NaN
  out_regClassID[263] = NaN
  out_regClassID[264] = NaN
  out_regClassID[265] = NaN
  out_regClassID[266] = NaN
  out_regClassID[267] = NaN
  out_regClassID[268] = NaN
  out_regClassID[269] = NaN
  out_regClassID[270] = NaN
  out_regClassID[271] = NaN
  out_regClassID[272] = NaN
  out_regClassID[273] = NaN
  out_regClassID[274] = NaN
  out_regClassID[275] = NaN
  out_regClassID[276] = NaN
  out_regClassID[277] = NaN
  out_regClassID[278] = NaN
  out_regClassID[279] = NaN
  out_regClassID[280] = NaN
  out_regClassID[281] = NaN
  out_regClassID[282] = NaN
  out_regClassID[283] = NaN
  out_regClassID[284] = NaN
  out_regClassID[285] = NaN
  out_regClassID[286] = NaN
  out_regClassID[287] = NaN
  out_regClassID[288] = NaN
  out_regClassID[289] = NaN
  out_regClassID[290] = NaN
  out_regClassID[291] = NaN
  out_regClassID[292] = NaN
  out_regClassID[293] = NaN
  out_regClassID[294] = NaN
  out_regClassID[295] = NaN
  out_regClassID[296] = NaN
  out_regClassID[297] = NaN
  out_regClassID[298] = NaN
  out_regClassID[299] = NaN
  out_regClassID[300] = NaN
  out_regClassID[301] = NaN
  out_regClassID[302] = NaN
  out_regClassID[303] = NaN
  out_regClassID[304] = NaN
  out_regClassID[305] = NaN
  out_regClassID[306] = NaN
  out_regClassID[307] = NaN
  out_regClassID[308] = NaN
  out_regClassID[309] = NaN
  out_regClassID[310] = NaN
  out_regClassID[311] = NaN
  out_regClassID[312] = NaN
  out_regClassID[313] = NaN
  out_regClassID[314] = NaN
  out_regClassID[315] = NaN
  out_regClassID[316] = NaN
  out_regClassID[317] = NaN
  out_regClassID[318] = NaN
  out_regClassID[319] = NaN
  out_regClassID[320] = NaN
  out_regClassID[321] = NaN
  out_regClassID[322] = NaN
  out_regClassID[323] = NaN
  out_regClassID[324] = NaN
  out_regClassID[325] = NaN
  out_regClassID[326] = NaN
  out_regClassID[327] = NaN
  out_regClassID[328] = NaN
  out_regClassID[329] = NaN
  out_regClassID[330] = NaN
  out_regClassID[331] = NaN
  out_regClassID[332] = NaN
  out_regClassID[333] = NaN
  out_regClassID[334] = NaN
  out_regClassID[335] = NaN
  out_regClassID[336] = NaN
  out_regClassID[337] = NaN
  out_regClassID[338] = NaN
  out_regClassID[339] = NaN
  out_regClassID[340] = NaN
  out_regClassID[341] = NaN
  out_regClassID[342] = NaN
  out_regClassID[343] = NaN
  out_regClassID[344] = NaN
  out_regClassID[345] = NaN
  out_regClassID[346] = NaN
  out_regClassID[347] = NaN
  out_regClassID[348] = NaN
  out_regClassID[349] = NaN
  out_regClassID[350] = NaN
  out_regClassID[351] = NaN
  out_regClassID[352] = NaN
  out_regClassID[353] = NaN
  out_regClassID[354] = NaN
  out_regClassID[355] = NaN
  out_regClassID[356] = NaN
  out_regClassID[357] = NaN
  out_regClassID[358] = NaN
  out_regClassID[359] = NaN
  out_regClassID[360] = NaN
  out_regClassID[361] = NaN
  out_regClassID[362] = NaN
  out_regClassID[363] = NaN
  out_regClassID[364] = NaN
  out_regClassID[365] = NaN
  out_regClassID[366] = NaN
  out_regClassID[367] = NaN
  out_regClassID[368] = NaN
  out_regClassID[369] = NaN
  out_regClassID[370] = NaN
  out_regClassID[371] = NaN
  out_regClassID[372] = NaN
  out_regClassID[373] = NaN
  out_regClassID[374] = NaN
  out_regClassID[375] = NaN
  out_regClassID[376] = NaN
  out_regClassID[377] = NaN
  out_regClassID[378] = NaN
  out_regClassID[379] = NaN
  out_regClassID[380] = NaN
  out_regClassID[381] = NaN
  out_regClassID[382] = NaN
  out_regClassID[383] = NaN
  out_regClassID[384] = NaN
  out_regClassID[385] = NaN
  out_regClassID[386] = NaN
  out_regClassID[387] = NaN
  out_regClassID[388] = NaN
  out_regClassID[389] = NaN
  out_regClassID[390] = NaN
  out_regClassID[391] = NaN
  out_regClassID[392] = NaN
  out_regClassID[393] = NaN
  out_regClassID[394] = NaN
  out_regClassID[395] = NaN
  out_regClassID[396] = NaN
  out_regClassID[397] = NaN
  out_regClassID[398] = NaN
  out_regClassID[399] = NaN
  out_regClassID[400] = NaN
  out_regClassID[401] = NaN
  out_regClassID[402] = NaN
  out_regClassID[403] = NaN
  out_regClassID[404] = NaN
  out_regClassID[405] = NaN
  out_regClassID[406] = NaN
  out_regClassID[407] = NaN
  out_regClassID[408] = NaN
  out_regClassID[409] = NaN
  out_regClassID[410] = NaN
  out_regClassID[411] = NaN
  out_regClassID[412] = NaN
  out_regClassID[413] = NaN
  out_regClassID[414] = NaN
  out_regClassID[415] = NaN
  out_regClassID[416] = NaN
  out_regClassID[417] = NaN
  out_regClassID[418] = NaN
  out_regClassID[419] = NaN
  out_regClassID[420] = NaN
  out_regClassID[421] = NaN
  out_regClassID[422] = NaN
  out_regClassID[423] = NaN
  out_regClassID[424] = NaN
  out_regClassID[425] = NaN
  out_regClassID[426] = NaN
  out_regClassID[427] = NaN
  out_regClassID[428] = NaN
  out_regClassID[429] = NaN
  out_regClassID[430] = NaN
  out_regClassID[431] = NaN
  out_regClassID[432] = NaN
  out_regClassID[433] = NaN
  out_regClassID[434] = NaN
  out_regClassID[435] = NaN
  out_regClassID[436] = NaN
  out_regClassID[437] = NaN
  out_regClassID[438] = NaN
  out_regClassID[439] = NaN
  out_regClassID[440] = NaN
  out_regClassID[441] = NaN
  out_regClassID[442] = NaN
  out_regClassID[443] = NaN
  out_regClassID[444] = NaN
  out_regClassID[445] = NaN
  out_regClassID[446] = NaN
  out_regClassID[447] = NaN
  out_regClassID[448] = NaN
  out_regClassID[449] = NaN
  out_regClassID[450] = NaN
  out_regClassID[451] = NaN
  out_regClassID[452] = NaN
  out_regClassID[453] = NaN
  out_regClassID[454] = NaN
  out_regClassID[455] = NaN
  out_regClassID[456] = NaN
  out_regClassID[457] = NaN
  out_regClassID[458] = NaN
  out_regClassID[459] = NaN
  out_regClassID[460] = NaN
  out_regClassID[461] = NaN
  out_regClassID[462] = NaN
  out_regClassID[463] = NaN
  out_regClassID[464] = NaN
  out_regClassID[465] = NaN
  out_regClassID[466] = NaN
  out_regClassID[467] = NaN
  out_regClassID[468] = NaN
  out_regClassID[469] = NaN
  out_regClassID[470] = NaN
  out_regClassID[471] = NaN
  out_regClassID[472] = NaN
  out_regClassID[473] = NaN
  out_regClassID[474] = NaN
  out_regClassID[475] = NaN
  out_regClassID[476] = NaN
  out_regClassID[477] = NaN
  out_regClassID[478] = NaN
  out_regClassID[479] = NaN
  out_regClassID[480] = NaN
  out_regClassID[481] = NaN
  out_regClassID[482] = NaN
  out_regClassID[483] = NaN
  out_regClassID[484] = NaN
  out_regClassID[485] = NaN
  out_regClassID[486] = NaN
  out_regClassID[487] = NaN
  out_regClassID[488] = NaN
  out_regClassID[489] = NaN
  out_regClassID[490] = NaN
  out_regClassID[491] = NaN
  out_regClassID[492] = NaN
  out_regClassID[493] = NaN
  out_regClassID[494] = NaN
  out_regClassID[495] = NaN
  out_regClassID[496] = NaN
  out_regClassID[497] = NaN
  out_regClassID[498] = NaN
  out_regClassID[499] = NaN
  out_regClassID[500] = NaN
  out_regClassID[501] = NaN
  out_regClassID[502] = NaN
  out_regClassID[503] = NaN
  out_regClassID[504] = NaN
  out_regClassID[505] = NaN
  out_regClassID[506] = NaN
  out_regClassID[507] = NaN
  out_regClassID[508] = NaN
  out_regClassID[509] = NaN
  out_regClassID[510] = NaN
  out_regClassID[511] = NaN
  out_regClassID[512] = NaN
  out_regClassID[513] = NaN
  out_regClassID[514] = NaN
  out_regClassID[515] = NaN
  out_regClassID[516] = NaN
  out_regClassID[517] = NaN
  out_regClassID[518] = NaN
  out_regClassID[519] = NaN
  out_regClassID[520] = NaN
  out_regClassID[521] = NaN
  out_regClassID[522] = NaN
  out_regClassID[523] = NaN
  out_regClassID[524] = NaN
  out_regClassID[525] = NaN
  out_regClassID[526] = NaN
  out_regClassID[527] = NaN
  out_regClassID[528] = NaN
  out_regClassID[529] = NaN
  out_regClassID[530] = NaN
  out_regClassID[531] = NaN
  out_regClassID[532] = NaN
  out_regClassID[533] = NaN
  out_regClassID[534] = NaN
  out_regClassID[535] = NaN
  out_regClassID[536] = NaN
  out_regClassID[537] = NaN
  out_regClassID[538] = NaN
  out_regClassID[539] = NaN
  out_regClassID[540] = NaN
  out_regClassID[541] = NaN
  out_regClassID[542] = NaN
  out_regClassID[543] = NaN
  out_regClassID[544] = NaN
  out_regClassID[545] = NaN
  out_regClassID[546] = NaN
  out_regClassID[547] = NaN
  out_regClassID[548] = NaN
  out_regClassID[549] = NaN
  out_regClassID[550] = NaN
  out_regClassID[551] = NaN
  out_regClassID[552] = NaN
  out_regClassID[553] = NaN
  out_regClassID[554] = NaN
  out_regClassID[555] = NaN
  out_regClassID[556] = NaN
  out_regClassID[557] = NaN
  out_regClassID[558] = NaN
  out_regClassID[559] = NaN
  out_regClassID[560] = NaN
  out_regClassID[561] = NaN
  out_regClassID[562] = NaN
  out_regClassID[563] = NaN
  out_regClassID[564] = NaN
  out_regClassID[565] = NaN
  out_regClassID[566] = NaN
  out_regClassID[567] = NaN
  out_regClassID[568] = NaN
  out_regClassID[569] = NaN
  out_regClassID[570] = NaN
  out_regClassID[571] = NaN
  out_regClassID[572] = NaN
  out_regClassID[573] = NaN
  out_regClassID[574] = NaN
  out_regClassID[575] = NaN
  out_regClassID[576] = NaN
  out_regClassID[577] = NaN
  out_regClassID[578] = NaN
  out_regClassID[579] = NaN
  out_regClassID[580] = NaN
  out_regClassID[581] = NaN
  out_regClassID[582] = NaN
  out_regClassID[583] = NaN
  out_regClassID[584] = NaN
  out_regClassID[585] = NaN
  out_regClassID[586] = NaN
  out_regClassID[587] = NaN
  out_regClassID[588] = NaN
  out_regClassID[589] = NaN
  out_regClassID[590] = NaN
  out_regClassID[591] = NaN
  out_regClassID[592] = NaN
  out_regClassID[593] = NaN
  out_regClassID[594] = NaN
  out_regClassID[595] = NaN
  out_regClassID[596] = NaN
  out_regClassID[597] = NaN
  out_regClassID[598] = NaN
  out_regClassID[599] = NaN
  out_regClassID[600] = NaN
  out_regClassID[601] = NaN
  out_regClassID[602] = NaN
  out_regClassID[603] = NaN
  out_regClassID[604] = NaN
  out_regClassID[605] = NaN
  out_regClassID[606] = NaN
  out_regClassID[607] = NaN
  out_regClassID[608] = NaN
  out_regClassID[609] = NaN
  out_regClassID[610] = NaN
  out_regClassID[611] = NaN
  out_regClassID[612] = NaN
  out_regClassID[613] = NaN
  out_regClassID[614] = NaN
  out_regClassID[615] = NaN
  out_regClassID[616] = NaN
  out_regClassID[617] = NaN
  out_regClassID[618] = NaN
  out_regClassID[619] = NaN
  out_regClassID[620] = NaN
  out_regClassID[621] = NaN
  out_regClassID[622] = NaN
  out_regClassID[623] = NaN
  out_regClassID[624] = NaN
  out_regClassID[625] = NaN
  out_regClassID[626] = NaN
  out_regClassID[627] = NaN
  out_regClassID[628] = NaN
  out_regClassID[629] = NaN
  out_regClassID[630] = NaN
  out_regClassID[631] = NaN
  out_regClassID[632] = NaN
  out_regClassID[633] = NaN
  out_regClassID[634] = NaN
  out_regClassID[635] = NaN
  out_regClassID[636] = NaN
  out_regClassID[637] = NaN
  out_regClassID[638] = NaN
  out_regClassID[639] = NaN
  out_regClassID[640] = NaN
  out_regClassID[641] = NaN
  out_regClassID[642] = NaN
  out_regClassID[643] = NaN
  out_regClassID[644] = NaN
  out_regClassID[645] = NaN
  out_regClassID[646] = NaN
  out_regClassID[647] = NaN
  out_regClassID[648] = NaN
  out_regClassID[649] = NaN
  out_regClassID[650] = NaN
  out_regClassID[651] = NaN
  out_regClassID[652] = NaN
  out_regClassID[653] = NaN
  out_regClassID[654] = NaN
  out_regClassID[655] = NaN
  out_regClassID[656] = NaN
  out_regClassID[657] = NaN
  out_regClassID[658] = NaN
  out_regClassID[659] = NaN
  out_regClassID[660] = NaN
  out_regClassID[661] = NaN
  out_regClassID[662] = NaN
  out_regClassID[663] = NaN
  out_regClassID[664] = NaN
  out_regClassID[665] = NaN
  out_regClassID[666] = NaN
  out_regClassID[667] = NaN
  out_regClassID[668] = NaN
  out_regClassID[669] = NaN
  out_regClassID[670] = NaN
  out_regClassID[671] = NaN
  out_regClassID[672] = NaN
  out_regClassID[673] = NaN
  out_regClassID[674] = NaN
  out_regClassID[675] = NaN
  out_regClassID[676] = NaN
  out_regClassID[677] = NaN
  out_regClassID[678] = NaN
  out_regClassID[679] = NaN
  out_regClassID[680] = NaN
  out_regClassID[681] = NaN
  out_regClassID[682] = NaN
  out_regClassID[683] = NaN
  out_regClassID[684] = NaN
  out_fuelSubTypeID[1] = NaN
  out_fuelSubTypeID[2] = NaN
  out_fuelSubTypeID[3] = NaN
  out_fuelSubTypeID[4] = NaN
  out_fuelSubTypeID[5] = NaN
  out_fuelSubTypeID[6] = NaN
  out_fuelSubTypeID[7] = NaN
  out_fuelSubTypeID[8] = NaN
  out_fuelSubTypeID[9] = NaN
  out_fuelSubTypeID[10] = NaN
  out_fuelSubTypeID[11] = NaN
  out_fuelSubTypeID[12] = NaN
  out_fuelSubTypeID[13] = NaN
  out_fuelSubTypeID[14] = NaN
  out_fuelSubTypeID[15] = NaN
  out_fuelSubTypeID[16] = NaN
  out_fuelSubTypeID[17] = NaN
  out_fuelSubTypeID[18] = NaN
  out_fuelSubTypeID[19] = NaN
  out_fuelSubTypeID[20] = NaN
  out_fuelSubTypeID[21] = NaN
  out_fuelSubTypeID[22] = NaN
  out_fuelSubTypeID[23] = NaN
  out_fuelSubTypeID[24] = NaN
  out_fuelSubTypeID[25] = NaN
  out_fuelSubTypeID[26] = NaN
  out_fuelSubTypeID[27] = NaN
  out_fuelSubTypeID[28] = NaN
  out_fuelSubTypeID[29] = NaN
  out_fuelSubTypeID[30] = NaN
  out_fuelSubTypeID[31] = NaN
  out_fuelSubTypeID[32] = NaN
  out_fuelSubTypeID[33] = NaN
  out_fuelSubTypeID[34] = NaN
  out_fuelSubTypeID[35] = NaN
  out_fuelSubTypeID[36] = NaN
  out_fuelSubTypeID[37] = NaN
  out_fuelSubTypeID[38] = NaN
  out_fuelSubTypeID[39] = NaN
  out_fuelSubTypeID[40] = NaN
  out_fuelSubTypeID[41] = NaN
  out_fuelSubTypeID[42] = NaN
  out_fuelSubTypeID[43] = NaN
  out_fuelSubTypeID[44] = NaN
  out_fuelSubTypeID[45] = NaN
  out_fuelSubTypeID[46] = NaN
  out_fuelSubTypeID[47] = NaN
  out_fuelSubTypeID[48] = NaN
  out_fuelSubTypeID[49] = NaN
  out_fuelSubTypeID[50] = NaN
  out_fuelSubTypeID[51] = NaN
  out_fuelSubTypeID[52] = NaN
  out_fuelSubTypeID[53] = NaN
  out_fuelSubTypeID[54] = NaN
  out_fuelSubTypeID[55] = NaN
  out_fuelSubTypeID[56] = NaN
  out_fuelSubTypeID[57] = NaN
  out_fuelSubTypeID[58] = NaN
  out_fuelSubTypeID[59] = NaN
  out_fuelSubTypeID[60] = NaN
  out_fuelSubTypeID[61] = NaN
  out_fuelSubTypeID[62] = NaN
  out_fuelSubTypeID[63] = NaN
  out_fuelSubTypeID[64] = NaN
  out_fuelSubTypeID[65] = NaN
  out_fuelSubTypeID[66] = NaN
  out_fuelSubTypeID[67] = NaN
  out_fuelSubTypeID[68] = NaN
  out_fuelSubTypeID[69] = NaN
  out_fuelSubTypeID[70] = NaN
  out_fuelSubTypeID[71] = NaN
  out_fuelSubTypeID[72] = NaN
  out_fuelSubTypeID[73] = NaN
  out_fuelSubTypeID[74] = NaN
  out_fuelSubTypeID[75] = NaN
  out_fuelSubTypeID[76] = NaN
  out_fuelSubTypeID[77] = NaN
  out_fuelSubTypeID[78] = NaN
  out_fuelSubTypeID[79] = NaN
  out_fuelSubTypeID[80] = NaN
  out_fuelSubTypeID[81] = NaN
  out_fuelSubTypeID[82] = NaN
  out_fuelSubTypeID[83] = NaN
  out_fuelSubTypeID[84] = NaN
  out_fuelSubTypeID[85] = NaN
  out_fuelSubTypeID[86] = NaN
  out_fuelSubTypeID[87] = NaN
  out_fuelSubTypeID[88] = NaN
  out_fuelSubTypeID[89] = NaN
  out_fuelSubTypeID[90] = NaN
  out_fuelSubTypeID[91] = NaN
  out_fuelSubTypeID[92] = NaN
  out_fuelSubTypeID[93] = NaN
  out_fuelSubTypeID[94] = NaN
  out_fuelSubTypeID[95] = NaN
  out_fuelSubTypeID[96] = NaN
  out_fuelSubTypeID[97] = NaN
  out_fuelSubTypeID[98] = NaN
  out_fuelSubTypeID[99] = NaN
  out_fuelSubTypeID[100] = NaN
  out_fuelSubTypeID[101] = NaN
  out_fuelSubTypeID[102] = NaN
  out_fuelSubTypeID[103] = NaN
  out_fuelSubTypeID[104] = NaN
  out_fuelSubTypeID[105] = NaN
  out_fuelSubTypeID[106] = NaN
  out_fuelSubTypeID[107] = NaN
  out_fuelSubTypeID[108] = NaN
  out_fuelSubTypeID[109] = NaN
  out_fuelSubTypeID[110] = NaN
  out_fuelSubTypeID[111] = NaN
  out_fuelSubTypeID[112] = NaN
  out_fuelSubTypeID[113] = NaN
  out_fuelSubTypeID[114] = NaN
  out_fuelSubTypeID[115] = NaN
  out_fuelSubTypeID[116] = NaN
  out_fuelSubTypeID[117] = NaN
  out_fuelSubTypeID[118] = NaN
  out_fuelSubTypeID[119] = NaN
  out_fuelSubTypeID[120] = NaN
  out_fuelSubTypeID[121] = NaN
  out_fuelSubTypeID[122] = NaN
  out_fuelSubTypeID[123] = NaN
  out_fuelSubTypeID[124] = NaN
  out_fuelSubTypeID[125] = NaN
  out_fuelSubTypeID[126] = NaN
  out_fuelSubTypeID[127] = NaN
  out_fuelSubTypeID[128] = NaN
  out_fuelSubTypeID[129] = NaN
  out_fuelSubTypeID[130] = NaN
  out_fuelSubTypeID[131] = NaN
  out_fuelSubTypeID[132] = NaN
  out_fuelSubTypeID[133] = NaN
  out_fuelSubTypeID[134] = NaN
  out_fuelSubTypeID[135] = NaN
  out_fuelSubTypeID[136] = NaN
  out_fuelSubTypeID[137] = NaN
  out_fuelSubTypeID[138] = NaN
  out_fuelSubTypeID[139] = NaN
  out_fuelSubTypeID[140] = NaN
  out_fuelSubTypeID[141] = NaN
  out_fuelSubTypeID[142] = NaN
  out_fuelSubTypeID[143] = NaN
  out_fuelSubTypeID[144] = NaN
  out_fuelSubTypeID[145] = NaN
  out_fuelSubTypeID[146] = NaN
  out_fuelSubTypeID[147] = NaN
  out_fuelSubTypeID[148] = NaN
  out_fuelSubTypeID[149] = NaN
  out_fuelSubTypeID[150] = NaN
  out_fuelSubTypeID[151] = NaN
  out_fuelSubTypeID[152] = NaN
  out_fuelSubTypeID[153] = NaN
  out_fuelSubTypeID[154] = NaN
  out_fuelSubTypeID[155] = NaN
  out_fuelSubTypeID[156] = NaN
  out_fuelSubTypeID[157] = NaN
  out_fuelSubTypeID[158] = NaN
  out_fuelSubTypeID[159] = NaN
  out_fuelSubTypeID[160] = NaN
  out_fuelSubTypeID[161] = NaN
  out_fuelSubTypeID[162] = NaN
  out_fuelSubTypeID[163] = NaN
  out_fuelSubTypeID[164] = NaN
  out_fuelSubTypeID[165] = NaN
  out_fuelSubTypeID[166] = NaN
  out_fuelSubTypeID[167] = NaN
  out_fuelSubTypeID[168] = NaN
  out_fuelSubTypeID[169] = NaN
  out_fuelSubTypeID[170] = NaN
  out_fuelSubTypeID[171] = NaN
  out_fuelSubTypeID[172] = NaN
  out_fuelSubTypeID[173] = NaN
  out_fuelSubTypeID[174] = NaN
  out_fuelSubTypeID[175] = NaN
  out_fuelSubTypeID[176] = NaN
  out_fuelSubTypeID[177] = NaN
  out_fuelSubTypeID[178] = NaN
  out_fuelSubTypeID[179] = NaN
  out_fuelSubTypeID[180] = NaN
  out_fuelSubTypeID[181] = NaN
  out_fuelSubTypeID[182] = NaN
  out_fuelSubTypeID[183] = NaN
  out_fuelSubTypeID[184] = NaN
  out_fuelSubTypeID[185] = NaN
  out_fuelSubTypeID[186] = NaN
  out_fuelSubTypeID[187] = NaN
  out_fuelSubTypeID[188] = NaN
  out_fuelSubTypeID[189] = NaN
  out_fuelSubTypeID[190] = NaN
  out_fuelSubTypeID[191] = NaN
  out_fuelSubTypeID[192] = NaN
  out_fuelSubTypeID[193] = NaN
  out_fuelSubTypeID[194] = NaN
  out_fuelSubTypeID[195] = NaN
  out_fuelSubTypeID[196] = NaN
  out_fuelSubTypeID[197] = NaN
  out_fuelSubTypeID[198] = NaN
  out_fuelSubTypeID[199] = NaN
  out_fuelSubTypeID[200] = NaN
  out_fuelSubTypeID[201] = NaN
  out_fuelSubTypeID[202] = NaN
  out_fuelSubTypeID[203] = NaN
  out_fuelSubTypeID[204] = NaN
  out_fuelSubTypeID[205] = NaN
  out_fuelSubTypeID[206] = NaN
  out_fuelSubTypeID[207] = NaN
  out_fuelSubTypeID[208] = NaN
  out_fuelSubTypeID[209] = NaN
  out_fuelSubTypeID[210] = NaN
  out_fuelSubTypeID[211] = NaN
  out_fuelSubTypeID[212] = NaN
  out_fuelSubTypeID[213] = NaN
  out_fuelSubTypeID[214] = NaN
  out_fuelSubTypeID[215] = NaN
  out_fuelSubTypeID[216] = NaN
  out_fuelSubTypeID[217] = NaN
  out_fuelSubTypeID[218] = NaN
  out_fuelSubTypeID[219] = NaN
  out_fuelSubTypeID[220] = NaN
  out_fuelSubTypeID[221] = NaN
  out_fuelSubTypeID[222] = NaN
  out_fuelSubTypeID[223] = NaN
  out_fuelSubTypeID[224] = NaN
  out_fuelSubTypeID[225] = NaN
  out_fuelSubTypeID[226] = NaN
  out_fuelSubTypeID[227] = NaN
  out_fuelSubTypeID[228] = NaN
  out_fuelSubTypeID[229] = NaN
  out_fuelSubTypeID[230] = NaN
  out_fuelSubTypeID[231] = NaN
  out_fuelSubTypeID[232] = NaN
  out_fuelSubTypeID[233] = NaN
  out_fuelSubTypeID[234] = NaN
  out_fuelSubTypeID[235] = NaN
  out_fuelSubTypeID[236] = NaN
  out_fuelSubTypeID[237] = NaN
  out_fuelSubTypeID[238] = NaN
  out_fuelSubTypeID[239] = NaN
  out_fuelSubTypeID[240] = NaN
  out_fuelSubTypeID[241] = NaN
  out_fuelSubTypeID[242] = NaN
  out_fuelSubTypeID[243] = NaN
  out_fuelSubTypeID[244] = NaN
  out_fuelSubTypeID[245] = NaN
  out_fuelSubTypeID[246] = NaN
  out_fuelSubTypeID[247] = NaN
  out_fuelSubTypeID[248] = NaN
  out_fuelSubTypeID[249] = NaN
  out_fuelSubTypeID[250] = NaN
  out_fuelSubTypeID[251] = NaN
  out_fuelSubTypeID[252] = NaN
  out_fuelSubTypeID[253] = NaN
  out_fuelSubTypeID[254] = NaN
  out_fuelSubTypeID[255] = NaN
  out_fuelSubTypeID[256] = NaN
  out_fuelSubTypeID[257] = NaN
  out_fuelSubTypeID[258] = NaN
  out_fuelSubTypeID[259] = NaN
  out_fuelSubTypeID[260] = NaN
  out_fuelSubTypeID[261] = NaN
  out_fuelSubTypeID[262] = NaN
  out_fuelSubTypeID[263] = NaN
  out_fuelSubTypeID[264] = NaN
  out_fuelSubTypeID[265] = NaN
  out_fuelSubTypeID[266] = NaN
  out_fuelSubTypeID[267] = NaN
  out_fuelSubTypeID[268] = NaN
  out_fuelSubTypeID[269] = NaN
  out_fuelSubTypeID[270] = NaN
  out_fuelSubTypeID[271] = NaN
  out_fuelSubTypeID[272] = NaN
  out_fuelSubTypeID[273] = NaN
  out_fuelSubTypeID[274] = NaN
  out_fuelSubTypeID[275] = NaN
  out_fuelSubTypeID[276] = NaN
  out_fuelSubTypeID[277] = NaN
  out_fuelSubTypeID[278] = NaN
  out_fuelSubTypeID[279] = NaN
  out_fuelSubTypeID[280] = NaN
  out_fuelSubTypeID[281] = NaN
  out_fuelSubTypeID[282] = NaN
  out_fuelSubTypeID[283] = NaN
  out_fuelSubTypeID[284] = NaN
  out_fuelSubTypeID[285] = NaN
  out_fuelSubTypeID[286] = NaN
  out_fuelSubTypeID[287] = NaN
  out_fuelSubTypeID[288] = NaN
  out_fuelSubTypeID[289] = NaN
  out_fuelSubTypeID[290] = NaN
  out_fuelSubTypeID[291] = NaN
  out_fuelSubTypeID[292] = NaN
  out_fuelSubTypeID[293] = NaN
  out_fuelSubTypeID[294] = NaN
  out_fuelSubTypeID[295] = NaN
  out_fuelSubTypeID[296] = NaN
  out_fuelSubTypeID[297] = NaN
  out_fuelSubTypeID[298] = NaN
  out_fuelSubTypeID[299] = NaN
  out_fuelSubTypeID[300] = NaN
  out_fuelSubTypeID[301] = NaN
  out_fuelSubTypeID[302] = NaN
  out_fuelSubTypeID[303] = NaN
  out_fuelSubTypeID[304] = NaN
  out_fuelSubTypeID[305] = NaN
  out_fuelSubTypeID[306] = NaN
  out_fuelSubTypeID[307] = NaN
  out_fuelSubTypeID[308] = NaN
  out_fuelSubTypeID[309] = NaN
  out_fuelSubTypeID[310] = NaN
  out_fuelSubTypeID[311] = NaN
  out_fuelSubTypeID[312] = NaN
  out_fuelSubTypeID[313] = NaN
  out_fuelSubTypeID[314] = NaN
  out_fuelSubTypeID[315] = NaN
  out_fuelSubTypeID[316] = NaN
  out_fuelSubTypeID[317] = NaN
  out_fuelSubTypeID[318] = NaN
  out_fuelSubTypeID[319] = NaN
  out_fuelSubTypeID[320] = NaN
  out_fuelSubTypeID[321] = NaN
  out_fuelSubTypeID[322] = NaN
  out_fuelSubTypeID[323] = NaN
  out_fuelSubTypeID[324] = NaN
  out_fuelSubTypeID[325] = NaN
  out_fuelSubTypeID[326] = NaN
  out_fuelSubTypeID[327] = NaN
  out_fuelSubTypeID[328] = NaN
  out_fuelSubTypeID[329] = NaN
  out_fuelSubTypeID[330] = NaN
  out_fuelSubTypeID[331] = NaN
  out_fuelSubTypeID[332] = NaN
  out_fuelSubTypeID[333] = NaN
  out_fuelSubTypeID[334] = NaN
  out_fuelSubTypeID[335] = NaN
  out_fuelSubTypeID[336] = NaN
  out_fuelSubTypeID[337] = NaN
  out_fuelSubTypeID[338] = NaN
  out_fuelSubTypeID[339] = NaN
  out_fuelSubTypeID[340] = NaN
  out_fuelSubTypeID[341] = NaN
  out_fuelSubTypeID[342] = NaN
  out_fuelSubTypeID[343] = NaN
  out_fuelSubTypeID[344] = NaN
  out_fuelSubTypeID[345] = NaN
  out_fuelSubTypeID[346] = NaN
  out_fuelSubTypeID[347] = NaN
  out_fuelSubTypeID[348] = NaN
  out_fuelSubTypeID[349] = NaN
  out_fuelSubTypeID[350] = NaN
  out_fuelSubTypeID[351] = NaN
  out_fuelSubTypeID[352] = NaN
  out_fuelSubTypeID[353] = NaN
  out_fuelSubTypeID[354] = NaN
  out_fuelSubTypeID[355] = NaN
  out_fuelSubTypeID[356] = NaN
  out_fuelSubTypeID[357] = NaN
  out_fuelSubTypeID[358] = NaN
  out_fuelSubTypeID[359] = NaN
  out_fuelSubTypeID[360] = NaN
  out_fuelSubTypeID[361] = NaN
  out_fuelSubTypeID[362] = NaN
  out_fuelSubTypeID[363] = NaN
  out_fuelSubTypeID[364] = NaN
  out_fuelSubTypeID[365] = NaN
  out_fuelSubTypeID[366] = NaN
  out_fuelSubTypeID[367] = NaN
  out_fuelSubTypeID[368] = NaN
  out_fuelSubTypeID[369] = NaN
  out_fuelSubTypeID[370] = NaN
  out_fuelSubTypeID[371] = NaN
  out_fuelSubTypeID[372] = NaN
  out_fuelSubTypeID[373] = NaN
  out_fuelSubTypeID[374] = NaN
  out_fuelSubTypeID[375] = NaN
  out_fuelSubTypeID[376] = NaN
  out_fuelSubTypeID[377] = NaN
  out_fuelSubTypeID[378] = NaN
  out_fuelSubTypeID[379] = NaN
  out_fuelSubTypeID[380] = NaN
  out_fuelSubTypeID[381] = NaN
  out_fuelSubTypeID[382] = NaN
  out_fuelSubTypeID[383] = NaN
  out_fuelSubTypeID[384] = NaN
  out_fuelSubTypeID[385] = NaN
  out_fuelSubTypeID[386] = NaN
  out_fuelSubTypeID[387] = NaN
  out_fuelSubTypeID[388] = NaN
  out_fuelSubTypeID[389] = NaN
  out_fuelSubTypeID[390] = NaN
  out_fuelSubTypeID[391] = NaN
  out_fuelSubTypeID[392] = NaN
  out_fuelSubTypeID[393] = NaN
  out_fuelSubTypeID[394] = NaN
  out_fuelSubTypeID[395] = NaN
  out_fuelSubTypeID[396] = NaN
  out_fuelSubTypeID[397] = NaN
  out_fuelSubTypeID[398] = NaN
  out_fuelSubTypeID[399] = NaN
  out_fuelSubTypeID[400] = NaN
  out_fuelSubTypeID[401] = NaN
  out_fuelSubTypeID[402] = NaN
  out_fuelSubTypeID[403] = NaN
  out_fuelSubTypeID[404] = NaN
  out_fuelSubTypeID[405] = NaN
  out_fuelSubTypeID[406] = NaN
  out_fuelSubTypeID[407] = NaN
  out_fuelSubTypeID[408] = NaN
  out_fuelSubTypeID[409] = NaN
  out_fuelSubTypeID[410] = NaN
  out_fuelSubTypeID[411] = NaN
  out_fuelSubTypeID[412] = NaN
  out_fuelSubTypeID[413] = NaN
  out_fuelSubTypeID[414] = NaN
  out_fuelSubTypeID[415] = NaN
  out_fuelSubTypeID[416] = NaN
  out_fuelSubTypeID[417] = NaN
  out_fuelSubTypeID[418] = NaN
  out_fuelSubTypeID[419] = NaN
  out_fuelSubTypeID[420] = NaN
  out_fuelSubTypeID[421] = NaN
  out_fuelSubTypeID[422] = NaN
  out_fuelSubTypeID[423] = NaN
  out_fuelSubTypeID[424] = NaN
  out_fuelSubTypeID[425] = NaN
  out_fuelSubTypeID[426] = NaN
  out_fuelSubTypeID[427] = NaN
  out_fuelSubTypeID[428] = NaN
  out_fuelSubTypeID[429] = NaN
  out_fuelSubTypeID[430] = NaN
  out_fuelSubTypeID[431] = NaN
  out_fuelSubTypeID[432] = NaN
  out_fuelSubTypeID[433] = NaN
  out_fuelSubTypeID[434] = NaN
  out_fuelSubTypeID[435] = NaN
  out_fuelSubTypeID[436] = NaN
  out_fuelSubTypeID[437] = NaN
  out_fuelSubTypeID[438] = NaN
  out_fuelSubTypeID[439] = NaN
  out_fuelSubTypeID[440] = NaN
  out_fuelSubTypeID[441] = NaN
  out_fuelSubTypeID[442] = NaN
  out_fuelSubTypeID[443] = NaN
  out_fuelSubTypeID[444] = NaN
  out_fuelSubTypeID[445] = NaN
  out_fuelSubTypeID[446] = NaN
  out_fuelSubTypeID[447] = NaN
  out_fuelSubTypeID[448] = NaN
  out_fuelSubTypeID[449] = NaN
  out_fuelSubTypeID[450] = NaN
  out_fuelSubTypeID[451] = NaN
  out_fuelSubTypeID[452] = NaN
  out_fuelSubTypeID[453] = NaN
  out_fuelSubTypeID[454] = NaN
  out_fuelSubTypeID[455] = NaN
  out_fuelSubTypeID[456] = NaN
  out_fuelSubTypeID[457] = NaN
  out_fuelSubTypeID[458] = NaN
  out_fuelSubTypeID[459] = NaN
  out_fuelSubTypeID[460] = NaN
  out_fuelSubTypeID[461] = NaN
  out_fuelSubTypeID[462] = NaN
  out_fuelSubTypeID[463] = NaN
  out_fuelSubTypeID[464] = NaN
  out_fuelSubTypeID[465] = NaN
  out_fuelSubTypeID[466] = NaN
  out_fuelSubTypeID[467] = NaN
  out_fuelSubTypeID[468] = NaN
  out_fuelSubTypeID[469] = NaN
  out_fuelSubTypeID[470] = NaN
  out_fuelSubTypeID[471] = NaN
  out_fuelSubTypeID[472] = NaN
  out_fuelSubTypeID[473] = NaN
  out_fuelSubTypeID[474] = NaN
  out_fuelSubTypeID[475] = NaN
  out_fuelSubTypeID[476] = NaN
  out_fuelSubTypeID[477] = NaN
  out_fuelSubTypeID[478] = NaN
  out_fuelSubTypeID[479] = NaN
  out_fuelSubTypeID[480] = NaN
  out_fuelSubTypeID[481] = NaN
  out_fuelSubTypeID[482] = NaN
  out_fuelSubTypeID[483] = NaN
  out_fuelSubTypeID[484] = NaN
  out_fuelSubTypeID[485] = NaN
  out_fuelSubTypeID[486] = NaN
  out_fuelSubTypeID[487] = NaN
  out_fuelSubTypeID[488] = NaN
  out_fuelSubTypeID[489] = NaN
  out_fuelSubTypeID[490] = NaN
  out_fuelSubTypeID[491] = NaN
  out_fuelSubTypeID[492] = NaN
  out_fuelSubTypeID[493] = NaN
  out_fuelSubTypeID[494] = NaN
  out_fuelSubTypeID[495] = NaN
  out_fuelSubTypeID[496] = NaN
  out_fuelSubTypeID[497] = NaN
  out_fuelSubTypeID[498] = NaN
  out_fuelSubTypeID[499] = NaN
  out_fuelSubTypeID[500] = NaN
  out_fuelSubTypeID[501] = NaN
  out_fuelSubTypeID[502] = NaN
  out_fuelSubTypeID[503] = NaN
  out_fuelSubTypeID[504] = NaN
  out_fuelSubTypeID[505] = NaN
  out_fuelSubTypeID[506] = NaN
  out_fuelSubTypeID[507] = NaN
  out_fuelSubTypeID[508] = NaN
  out_fuelSubTypeID[509] = NaN
  out_fuelSubTypeID[510] = NaN
  out_fuelSubTypeID[511] = NaN
  out_fuelSubTypeID[512] = NaN
  out_fuelSubTypeID[513] = NaN
  out_fuelSubTypeID[514] = NaN
  out_fuelSubTypeID[515] = NaN
  out_fuelSubTypeID[516] = NaN
  out_fuelSubTypeID[517] = NaN
  out_fuelSubTypeID[518] = NaN
  out_fuelSubTypeID[519] = NaN
  out_fuelSubTypeID[520] = NaN
  out_fuelSubTypeID[521] = NaN
  out_fuelSubTypeID[522] = NaN
  out_fuelSubTypeID[523] = NaN
  out_fuelSubTypeID[524] = NaN
  out_fuelSubTypeID[525] = NaN
  out_fuelSubTypeID[526] = NaN
  out_fuelSubTypeID[527] = NaN
  out_fuelSubTypeID[528] = NaN
  out_fuelSubTypeID[529] = NaN
  out_fuelSubTypeID[530] = NaN
  out_fuelSubTypeID[531] = NaN
  out_fuelSubTypeID[532] = NaN
  out_fuelSubTypeID[533] = NaN
  out_fuelSubTypeID[534] = NaN
  out_fuelSubTypeID[535] = NaN
  out_fuelSubTypeID[536] = NaN
  out_fuelSubTypeID[537] = NaN
  out_fuelSubTypeID[538] = NaN
  out_fuelSubTypeID[539] = NaN
  out_fuelSubTypeID[540] = NaN
  out_fuelSubTypeID[541] = NaN
  out_fuelSubTypeID[542] = NaN
  out_fuelSubTypeID[543] = NaN
  out_fuelSubTypeID[544] = NaN
  out_fuelSubTypeID[545] = NaN
  out_fuelSubTypeID[546] = NaN
  out_fuelSubTypeID[547] = NaN
  out_fuelSubTypeID[548] = NaN
  out_fuelSubTypeID[549] = NaN
  out_fuelSubTypeID[550] = NaN
  out_fuelSubTypeID[551] = NaN
  out_fuelSubTypeID[552] = NaN
  out_fuelSubTypeID[553] = NaN
  out_fuelSubTypeID[554] = NaN
  out_fuelSubTypeID[555] = NaN
  out_fuelSubTypeID[556] = NaN
  out_fuelSubTypeID[557] = NaN
  out_fuelSubTypeID[558] = NaN
  out_fuelSubTypeID[559] = NaN
  out_fuelSubTypeID[560] = NaN
  out_fuelSubTypeID[561] = NaN
  out_fuelSubTypeID[562] = NaN
  out_fuelSubTypeID[563] = NaN
  out_fuelSubTypeID[564] = NaN
  out_fuelSubTypeID[565] = NaN
  out_fuelSubTypeID[566] = NaN
  out_fuelSubTypeID[567] = NaN
  out_fuelSubTypeID[568] = NaN
  out_fuelSubTypeID[569] = NaN
  out_fuelSubTypeID[570] = NaN
  out_fuelSubTypeID[571] = NaN
  out_fuelSubTypeID[572] = NaN
  out_fuelSubTypeID[573] = NaN
  out_fuelSubTypeID[574] = NaN
  out_fuelSubTypeID[575] = NaN
  out_fuelSubTypeID[576] = NaN
  out_fuelSubTypeID[577] = NaN
  out_fuelSubTypeID[578] = NaN
  out_fuelSubTypeID[579] = NaN
  out_fuelSubTypeID[580] = NaN
  out_fuelSubTypeID[581] = NaN
  out_fuelSubTypeID[582] = NaN
  out_fuelSubTypeID[583] = NaN
  out_fuelSubTypeID[584] = NaN
  out_fuelSubTypeID[585] = NaN
  out_fuelSubTypeID[586] = NaN
  out_fuelSubTypeID[587] = NaN
  out_fuelSubTypeID[588] = NaN
  out_fuelSubTypeID[589] = NaN
  out_fuelSubTypeID[590] = NaN
  out_fuelSubTypeID[591] = NaN
  out_fuelSubTypeID[592] = NaN
  out_fuelSubTypeID[593] = NaN
  out_fuelSubTypeID[594] = NaN
  out_fuelSubTypeID[595] = NaN
  out_fuelSubTypeID[596] = NaN
  out_fuelSubTypeID[597] = NaN
  out_fuelSubTypeID[598] = NaN
  out_fuelSubTypeID[599] = NaN
  out_fuelSubTypeID[600] = NaN
  out_fuelSubTypeID[601] = NaN
  out_fuelSubTypeID[602] = NaN
  out_fuelSubTypeID[603] = NaN
  out_fuelSubTypeID[604] = NaN
  out_fuelSubTypeID[605] = NaN
  out_fuelSubTypeID[606] = NaN
  out_fuelSubTypeID[607] = NaN
  out_fuelSubTypeID[608] = NaN
  out_fuelSubTypeID[609] = NaN
  out_fuelSubTypeID[610] = NaN
  out_fuelSubTypeID[611] = NaN
  out_fuelSubTypeID[612] = NaN
  out_fuelSubTypeID[613] = NaN
  out_fuelSubTypeID[614] = NaN
  out_fuelSubTypeID[615] = NaN
  out_fuelSubTypeID[616] = NaN
  out_fuelSubTypeID[617] = NaN
  out_fuelSubTypeID[618] = NaN
  out_fuelSubTypeID[619] = NaN
  out_fuelSubTypeID[620] = NaN
  out_fuelSubTypeID[621] = NaN
  out_fuelSubTypeID[622] = NaN
  out_fuelSubTypeID[623] = NaN
  out_fuelSubTypeID[624] = NaN
  out_fuelSubTypeID[625] = NaN
  out_fuelSubTypeID[626] = NaN
  out_fuelSubTypeID[627] = NaN
  out_fuelSubTypeID[628] = NaN
  out_fuelSubTypeID[629] = NaN
  out_fuelSubTypeID[630] = NaN
  out_fuelSubTypeID[631] = NaN
  out_fuelSubTypeID[632] = NaN
  out_fuelSubTypeID[633] = NaN
  out_fuelSubTypeID[634] = NaN
  out_fuelSubTypeID[635] = NaN
  out_fuelSubTypeID[636] = NaN
  out_fuelSubTypeID[637] = NaN
  out_fuelSubTypeID[638] = NaN
  out_fuelSubTypeID[639] = NaN
  out_fuelSubTypeID[640] = NaN
  out_fuelSubTypeID[641] = NaN
  out_fuelSubTypeID[642] = NaN
  out_fuelSubTypeID[643] = NaN
  out_fuelSubTypeID[644] = NaN
  out_fuelSubTypeID[645] = NaN
  out_fuelSubTypeID[646] = NaN
  out_fuelSubTypeID[647] = NaN
  out_fuelSubTypeID[648] = NaN
  out_fuelSubTypeID[649] = NaN
  out_fuelSubTypeID[650] = NaN
  out_fuelSubTypeID[651] = NaN
  out_fuelSubTypeID[652] = NaN
  out_fuelSubTypeID[653] = NaN
  out_fuelSubTypeID[654] = NaN
  out_fuelSubTypeID[655] = NaN
  out_fuelSubTypeID[656] = NaN
  out_fuelSubTypeID[657] = NaN
  out_fuelSubTypeID[658] = NaN
  out_fuelSubTypeID[659] = NaN
  out_fuelSubTypeID[660] = NaN
  out_fuelSubTypeID[661] = NaN
  out_fuelSubTypeID[662] = NaN
  out_fuelSubTypeID[663] = NaN
  out_fuelSubTypeID[664] = NaN
  out_fuelSubTypeID[665] = NaN
  out_fuelSubTypeID[666] = NaN
  out_fuelSubTypeID[667] = NaN
  out_fuelSubTypeID[668] = NaN
  out_fuelSubTypeID[669] = NaN
  out_fuelSubTypeID[670] = NaN
  out_fuelSubTypeID[671] = NaN
  out_fuelSubTypeID[672] = NaN
  out_fuelSubTypeID[673] = NaN
  out_fuelSubTypeID[674] = NaN
  out_fuelSubTypeID[675] = NaN
  out_fuelSubTypeID[676] = NaN
  out_fuelSubTypeID[677] = NaN
  out_fuelSubTypeID[678] = NaN
  out_fuelSubTypeID[679] = NaN
  out_fuelSubTypeID[680] = NaN
  out_fuelSubTypeID[681] = NaN
  out_fuelSubTypeID[682] = NaN
  out_fuelSubTypeID[683] = NaN
  out_fuelSubTypeID[684] = NaN
  out_engTechID[1] = NaN
  out_engTechID[2] = NaN
  out_engTechID[3] = NaN
  out_engTechID[4] = NaN
  out_engTechID[5] = NaN
  out_engTechID[6] = NaN
  out_engTechID[7] = NaN
  out_engTechID[8] = NaN
  out_engTechID[9] = NaN
  out_engTechID[10] = NaN
  out_engTechID[11] = NaN
  out_engTechID[12] = NaN
  out_engTechID[13] = NaN
  out_engTechID[14] = NaN
  out_engTechID[15] = NaN
  out_engTechID[16] = NaN
  out_engTechID[17] = NaN
  out_engTechID[18] = NaN
  out_engTechID[19] = NaN
  out_engTechID[20] = NaN
  out_engTechID[21] = NaN
  out_engTechID[22] = NaN
  out_engTechID[23] = NaN
  out_engTechID[24] = NaN
  out_engTechID[25] = NaN
  out_engTechID[26] = NaN
  out_engTechID[27] = NaN
  out_engTechID[28] = NaN
  out_engTechID[29] = NaN
  out_engTechID[30] = NaN
  out_engTechID[31] = NaN
  out_engTechID[32] = NaN
  out_engTechID[33] = NaN
  out_engTechID[34] = NaN
  out_engTechID[35] = NaN
  out_engTechID[36] = NaN
  out_engTechID[37] = NaN
  out_engTechID[38] = NaN
  out_engTechID[39] = NaN
  out_engTechID[40] = NaN
  out_engTechID[41] = NaN
  out_engTechID[42] = NaN
  out_engTechID[43] = NaN
  out_engTechID[44] = NaN
  out_engTechID[45] = NaN
  out_engTechID[46] = NaN
  out_engTechID[47] = NaN
  out_engTechID[48] = NaN
  out_engTechID[49] = NaN
  out_engTechID[50] = NaN
  out_engTechID[51] = NaN
  out_engTechID[52] = NaN
  out_engTechID[53] = NaN
  out_engTechID[54] = NaN
  out_engTechID[55] = NaN
  out_engTechID[56] = NaN
  out_engTechID[57] = NaN
  out_engTechID[58] = NaN
  out_engTechID[59] = NaN
  out_engTechID[60] = NaN
  out_engTechID[61] = NaN
  out_engTechID[62] = NaN
  out_engTechID[63] = NaN
  out_engTechID[64] = NaN
  out_engTechID[65] = NaN
  out_engTechID[66] = NaN
  out_engTechID[67] = NaN
  out_engTechID[68] = NaN
  out_engTechID[69] = NaN
  out_engTechID[70] = NaN
  out_engTechID[71] = NaN
  out_engTechID[72] = NaN
  out_engTechID[73] = NaN
  out_engTechID[74] = NaN
  out_engTechID[75] = NaN
  out_engTechID[76] = NaN
  out_engTechID[77] = NaN
  out_engTechID[78] = NaN
  out_engTechID[79] = NaN
  out_engTechID[80] = NaN
  out_engTechID[81] = NaN
  out_engTechID[82] = NaN
  out_engTechID[83] = NaN
  out_engTechID[84] = NaN
  out_engTechID[85] = NaN
  out_engTechID[86] = NaN
  out_engTechID[87] = NaN
  out_engTechID[88] = NaN
  out_engTechID[89] = NaN
  out_engTechID[90] = NaN
  out_engTechID[91] = NaN
  out_engTechID[92] = NaN
  out_engTechID[93] = NaN
  out_engTechID[94] = NaN
  out_engTechID[95] = NaN
  out_engTechID[96] = NaN
  out_engTechID[97] = NaN
  out_engTechID[98] = NaN
  out_engTechID[99] = NaN
  out_engTechID[100] = NaN
  out_engTechID[101] = NaN
  out_engTechID[102] = NaN
  out_engTechID[103] = NaN
  out_engTechID[104] = NaN
  out_engTechID[105] = NaN
  out_engTechID[106] = NaN
  out_engTechID[107] = NaN
  out_engTechID[108] = NaN
  out_engTechID[109] = NaN
  out_engTechID[110] = NaN
  out_engTechID[111] = NaN
  out_engTechID[112] = NaN
  out_engTechID[113] = NaN
  out_engTechID[114] = NaN
  out_engTechID[115] = NaN
  out_engTechID[116] = NaN
  out_engTechID[117] = NaN
  out_engTechID[118] = NaN
  out_engTechID[119] = NaN
  out_engTechID[120] = NaN
  out_engTechID[121] = NaN
  out_engTechID[122] = NaN
  out_engTechID[123] = NaN
  out_engTechID[124] = NaN
  out_engTechID[125] = NaN
  out_engTechID[126] = NaN
  out_engTechID[127] = NaN
  out_engTechID[128] = NaN
  out_engTechID[129] = NaN
  out_engTechID[130] = NaN
  out_engTechID[131] = NaN
  out_engTechID[132] = NaN
  out_engTechID[133] = NaN
  out_engTechID[134] = NaN
  out_engTechID[135] = NaN
  out_engTechID[136] = NaN
  out_engTechID[137] = NaN
  out_engTechID[138] = NaN
  out_engTechID[139] = NaN
  out_engTechID[140] = NaN
  out_engTechID[141] = NaN
  out_engTechID[142] = NaN
  out_engTechID[143] = NaN
  out_engTechID[144] = NaN
  out_engTechID[145] = NaN
  out_engTechID[146] = NaN
  out_engTechID[147] = NaN
  out_engTechID[148] = NaN
  out_engTechID[149] = NaN
  out_engTechID[150] = NaN
  out_engTechID[151] = NaN
  out_engTechID[152] = NaN
  out_engTechID[153] = NaN
  out_engTechID[154] = NaN
  out_engTechID[155] = NaN
  out_engTechID[156] = NaN
  out_engTechID[157] = NaN
  out_engTechID[158] = NaN
  out_engTechID[159] = NaN
  out_engTechID[160] = NaN
  out_engTechID[161] = NaN
  out_engTechID[162] = NaN
  out_engTechID[163] = NaN
  out_engTechID[164] = NaN
  out_engTechID[165] = NaN
  out_engTechID[166] = NaN
  out_engTechID[167] = NaN
  out_engTechID[168] = NaN
  out_engTechID[169] = NaN
  out_engTechID[170] = NaN
  out_engTechID[171] = NaN
  out_engTechID[172] = NaN
  out_engTechID[173] = NaN
  out_engTechID[174] = NaN
  out_engTechID[175] = NaN
  out_engTechID[176] = NaN
  out_engTechID[177] = NaN
  out_engTechID[178] = NaN
  out_engTechID[179] = NaN
  out_engTechID[180] = NaN
  out_engTechID[181] = NaN
  out_engTechID[182] = NaN
  out_engTechID[183] = NaN
  out_engTechID[184] = NaN
  out_engTechID[185] = NaN
  out_engTechID[186] = NaN
  out_engTechID[187] = NaN
  out_engTechID[188] = NaN
  out_engTechID[189] = NaN
  out_engTechID[190] = NaN
  out_engTechID[191] = NaN
  out_engTechID[192] = NaN
  out_engTechID[193] = NaN
  out_engTechID[194] = NaN
  out_engTechID[195] = NaN
  out_engTechID[196] = NaN
  out_engTechID[197] = NaN
  out_engTechID[198] = NaN
  out_engTechID[199] = NaN
  out_engTechID[200] = NaN
  out_engTechID[201] = NaN
  out_engTechID[202] = NaN
  out_engTechID[203] = NaN
  out_engTechID[204] = NaN
  out_engTechID[205] = NaN
  out_engTechID[206] = NaN
  out_engTechID[207] = NaN
  out_engTechID[208] = NaN
  out_engTechID[209] = NaN
  out_engTechID[210] = NaN
  out_engTechID[211] = NaN
  out_engTechID[212] = NaN
  out_engTechID[213] = NaN
  out_engTechID[214] = NaN
  out_engTechID[215] = NaN
  out_engTechID[216] = NaN
  out_engTechID[217] = NaN
  out_engTechID[218] = NaN
  out_engTechID[219] = NaN
  out_engTechID[220] = NaN
  out_engTechID[221] = NaN
  out_engTechID[222] = NaN
  out_engTechID[223] = NaN
  out_engTechID[224] = NaN
  out_engTechID[225] = NaN
  out_engTechID[226] = NaN
  out_engTechID[227] = NaN
  out_engTechID[228] = NaN
  out_engTechID[229] = NaN
  out_engTechID[230] = NaN
  out_engTechID[231] = NaN
  out_engTechID[232] = NaN
  out_engTechID[233] = NaN
  out_engTechID[234] = NaN
  out_engTechID[235] = NaN
  out_engTechID[236] = NaN
  out_engTechID[237] = NaN
  out_engTechID[238] = NaN
  out_engTechID[239] = NaN
  out_engTechID[240] = NaN
  out_engTechID[241] = NaN
  out_engTechID[242] = NaN
  out_engTechID[243] = NaN
  out_engTechID[244] = NaN
  out_engTechID[245] = NaN
  out_engTechID[246] = NaN
  out_engTechID[247] = NaN
  out_engTechID[248] = NaN
  out_engTechID[249] = NaN
  out_engTechID[250] = NaN
  out_engTechID[251] = NaN
  out_engTechID[252] = NaN
  out_engTechID[253] = NaN
  out_engTechID[254] = NaN
  out_engTechID[255] = NaN
  out_engTechID[256] = NaN
  out_engTechID[257] = NaN
  out_engTechID[258] = NaN
  out_engTechID[259] = NaN
  out_engTechID[260] = NaN
  out_engTechID[261] = NaN
  out_engTechID[262] = NaN
  out_engTechID[263] = NaN
  out_engTechID[264] = NaN
  out_engTechID[265] = NaN
  out_engTechID[266] = NaN
  out_engTechID[267] = NaN
  out_engTechID[268] = NaN
  out_engTechID[269] = NaN
  out_engTechID[270] = NaN
  out_engTechID[271] = NaN
  out_engTechID[272] = NaN
  out_engTechID[273] = NaN
  out_engTechID[274] = NaN
  out_engTechID[275] = NaN
  out_engTechID[276] = NaN
  out_engTechID[277] = NaN
  out_engTechID[278] = NaN
  out_engTechID[279] = NaN
  out_engTechID[280] = NaN
  out_engTechID[281] = NaN
  out_engTechID[282] = NaN
  out_engTechID[283] = NaN
  out_engTechID[284] = NaN
  out_engTechID[285] = NaN
  out_engTechID[286] = NaN
  out_engTechID[287] = NaN
  out_engTechID[288] = NaN
  out_engTechID[289] = NaN
  out_engTechID[290] = NaN
  out_engTechID[291] = NaN
  out_engTechID[292] = NaN
  out_engTechID[293] = NaN
  out_engTechID[294] = NaN
  out_engTechID[295] = NaN
  out_engTechID[296] = NaN
  out_engTechID[297] = NaN
  out_engTechID[298] = NaN
  out_engTechID[299] = NaN
  out_engTechID[300] = NaN
  out_engTechID[301] = NaN
  out_engTechID[302] = NaN
  out_engTechID[303] = NaN
  out_engTechID[304] = NaN
  out_engTechID[305] = NaN
  out_engTechID[306] = NaN
  out_engTechID[307] = NaN
  out_engTechID[308] = NaN
  out_engTechID[309] = NaN
  out_engTechID[310] = NaN
  out_engTechID[311] = NaN
  out_engTechID[312] = NaN
  out_engTechID[313] = NaN
  out_engTechID[314] = NaN
  out_engTechID[315] = NaN
  out_engTechID[316] = NaN
  out_engTechID[317] = NaN
  out_engTechID[318] = NaN
  out_engTechID[319] = NaN
  out_engTechID[320] = NaN
  out_engTechID[321] = NaN
  out_engTechID[322] = NaN
  out_engTechID[323] = NaN
  out_engTechID[324] = NaN
  out_engTechID[325] = NaN
  out_engTechID[326] = NaN
  out_engTechID[327] = NaN
  out_engTechID[328] = NaN
  out_engTechID[329] = NaN
  out_engTechID[330] = NaN
  out_engTechID[331] = NaN
  out_engTechID[332] = NaN
  out_engTechID[333] = NaN
  out_engTechID[334] = NaN
  out_engTechID[335] = NaN
  out_engTechID[336] = NaN
  out_engTechID[337] = NaN
  out_engTechID[338] = NaN
  out_engTechID[339] = NaN
  out_engTechID[340] = NaN
  out_engTechID[341] = NaN
  out_engTechID[342] = NaN
  out_engTechID[343] = NaN
  out_engTechID[344] = NaN
  out_engTechID[345] = NaN
  out_engTechID[346] = NaN
  out_engTechID[347] = NaN
  out_engTechID[348] = NaN
  out_engTechID[349] = NaN
  out_engTechID[350] = NaN
  out_engTechID[351] = NaN
  out_engTechID[352] = NaN
  out_engTechID[353] = NaN
  out_engTechID[354] = NaN
  out_engTechID[355] = NaN
  out_engTechID[356] = NaN
  out_engTechID[357] = NaN
  out_engTechID[358] = NaN
  out_engTechID[359] = NaN
  out_engTechID[360] = NaN
  out_engTechID[361] = NaN
  out_engTechID[362] = NaN
  out_engTechID[363] = NaN
  out_engTechID[364] = NaN
  out_engTechID[365] = NaN
  out_engTechID[366] = NaN
  out_engTechID[367] = NaN
  out_engTechID[368] = NaN
  out_engTechID[369] = NaN
  out_engTechID[370] = NaN
  out_engTechID[371] = NaN
  out_engTechID[372] = NaN
  out_engTechID[373] = NaN
  out_engTechID[374] = NaN
  out_engTechID[375] = NaN
  out_engTechID[376] = NaN
  out_engTechID[377] = NaN
  out_engTechID[378] = NaN
  out_engTechID[379] = NaN
  out_engTechID[380] = NaN
  out_engTechID[381] = NaN
  out_engTechID[382] = NaN
  out_engTechID[383] = NaN
  out_engTechID[384] = NaN
  out_engTechID[385] = NaN
  out_engTechID[386] = NaN
  out_engTechID[387] = NaN
  out_engTechID[388] = NaN
  out_engTechID[389] = NaN
  out_engTechID[390] = NaN
  out_engTechID[391] = NaN
  out_engTechID[392] = NaN
  out_engTechID[393] = NaN
  out_engTechID[394] = NaN
  out_engTechID[395] = NaN
  out_engTechID[396] = NaN
  out_engTechID[397] = NaN
  out_engTechID[398] = NaN
  out_engTechID[399] = NaN
  out_engTechID[400] = NaN
  out_engTechID[401] = NaN
  out_engTechID[402] = NaN
  out_engTechID[403] = NaN
  out_engTechID[404] = NaN
  out_engTechID[405] = NaN
  out_engTechID[406] = NaN
  out_engTechID[407] = NaN
  out_engTechID[408] = NaN
  out_engTechID[409] = NaN
  out_engTechID[410] = NaN
  out_engTechID[411] = NaN
  out_engTechID[412] = NaN
  out_engTechID[413] = NaN
  out_engTechID[414] = NaN
  out_engTechID[415] = NaN
  out_engTechID[416] = NaN
  out_engTechID[417] = NaN
  out_engTechID[418] = NaN
  out_engTechID[419] = NaN
  out_engTechID[420] = NaN
  out_engTechID[421] = NaN
  out_engTechID[422] = NaN
  out_engTechID[423] = NaN
  out_engTechID[424] = NaN
  out_engTechID[425] = NaN
  out_engTechID[426] = NaN
  out_engTechID[427] = NaN
  out_engTechID[428] = NaN
  out_engTechID[429] = NaN
  out_engTechID[430] = NaN
  out_engTechID[431] = NaN
  out_engTechID[432] = NaN
  out_engTechID[433] = NaN
  out_engTechID[434] = NaN
  out_engTechID[435] = NaN
  out_engTechID[436] = NaN
  out_engTechID[437] = NaN
  out_engTechID[438] = NaN
  out_engTechID[439] = NaN
  out_engTechID[440] = NaN
  out_engTechID[441] = NaN
  out_engTechID[442] = NaN
  out_engTechID[443] = NaN
  out_engTechID[444] = NaN
  out_engTechID[445] = NaN
  out_engTechID[446] = NaN
  out_engTechID[447] = NaN
  out_engTechID[448] = NaN
  out_engTechID[449] = NaN
  out_engTechID[450] = NaN
  out_engTechID[451] = NaN
  out_engTechID[452] = NaN
  out_engTechID[453] = NaN
  out_engTechID[454] = NaN
  out_engTechID[455] = NaN
  out_engTechID[456] = NaN
  out_engTechID[457] = NaN
  out_engTechID[458] = NaN
  out_engTechID[459] = NaN
  out_engTechID[460] = NaN
  out_engTechID[461] = NaN
  out_engTechID[462] = NaN
  out_engTechID[463] = NaN
  out_engTechID[464] = NaN
  out_engTechID[465] = NaN
  out_engTechID[466] = NaN
  out_engTechID[467] = NaN
  out_engTechID[468] = NaN
  out_engTechID[469] = NaN
  out_engTechID[470] = NaN
  out_engTechID[471] = NaN
  out_engTechID[472] = NaN
  out_engTechID[473] = NaN
  out_engTechID[474] = NaN
  out_engTechID[475] = NaN
  out_engTechID[476] = NaN
  out_engTechID[477] = NaN
  out_engTechID[478] = NaN
  out_engTechID[479] = NaN
  out_engTechID[480] = NaN
  out_engTechID[481] = NaN
  out_engTechID[482] = NaN
  out_engTechID[483] = NaN
  out_engTechID[484] = NaN
  out_engTechID[485] = NaN
  out_engTechID[486] = NaN
  out_engTechID[487] = NaN
  out_engTechID[488] = NaN
  out_engTechID[489] = NaN
  out_engTechID[490] = NaN
  out_engTechID[491] = NaN
  out_engTechID[492] = NaN
  out_engTechID[493] = NaN
  out_engTechID[494] = NaN
  out_engTechID[495] = NaN
  out_engTechID[496] = NaN
  out_engTechID[497] = NaN
  out_engTechID[498] = NaN
  out_engTechID[499] = NaN
  out_engTechID[500] = NaN
  out_engTechID[501] = NaN
  out_engTechID[502] = NaN
  out_engTechID[503] = NaN
  out_engTechID[504] = NaN
  out_engTechID[505] = NaN
  out_engTechID[506] = NaN
  out_engTechID[507] = NaN
  out_engTechID[508] = NaN
  out_engTechID[509] = NaN
  out_engTechID[510] = NaN
  out_engTechID[511] = NaN
  out_engTechID[512] = NaN
  out_engTechID[513] = NaN
  out_engTechID[514] = NaN
  out_engTechID[515] = NaN
  out_engTechID[516] = NaN
  out_engTechID[517] = NaN
  out_engTechID[518] = NaN
  out_engTechID[519] = NaN
  out_engTechID[520] = NaN
  out_engTechID[521] = NaN
  out_engTechID[522] = NaN
  out_engTechID[523] = NaN
  out_engTechID[524] = NaN
  out_engTechID[525] = NaN
  out_engTechID[526] = NaN
  out_engTechID[527] = NaN
  out_engTechID[528] = NaN
  out_engTechID[529] = NaN
  out_engTechID[530] = NaN
  out_engTechID[531] = NaN
  out_engTechID[532] = NaN
  out_engTechID[533] = NaN
  out_engTechID[534] = NaN
  out_engTechID[535] = NaN
  out_engTechID[536] = NaN
  out_engTechID[537] = NaN
  out_engTechID[538] = NaN
  out_engTechID[539] = NaN
  out_engTechID[540] = NaN
  out_engTechID[541] = NaN
  out_engTechID[542] = NaN
  out_engTechID[543] = NaN
  out_engTechID[544] = NaN
  out_engTechID[545] = NaN
  out_engTechID[546] = NaN
  out_engTechID[547] = NaN
  out_engTechID[548] = NaN
  out_engTechID[549] = NaN
  out_engTechID[550] = NaN
  out_engTechID[551] = NaN
  out_engTechID[552] = NaN
  out_engTechID[553] = NaN
  out_engTechID[554] = NaN
  out_engTechID[555] = NaN
  out_engTechID[556] = NaN
  out_engTechID[557] = NaN
  out_engTechID[558] = NaN
  out_engTechID[559] = NaN
  out_engTechID[560] = NaN
  out_engTechID[561] = NaN
  out_engTechID[562] = NaN
  out_engTechID[563] = NaN
  out_engTechID[564] = NaN
  out_engTechID[565] = NaN
  out_engTechID[566] = NaN
  out_engTechID[567] = NaN
  out_engTechID[568] = NaN
  out_engTechID[569] = NaN
  out_engTechID[570] = NaN
  out_engTechID[571] = NaN
  out_engTechID[572] = NaN
  out_engTechID[573] = NaN
  out_engTechID[574] = NaN
  out_engTechID[575] = NaN
  out_engTechID[576] = NaN
  out_engTechID[577] = NaN
  out_engTechID[578] = NaN
  out_engTechID[579] = NaN
  out_engTechID[580] = NaN
  out_engTechID[581] = NaN
  out_engTechID[582] = NaN
  out_engTechID[583] = NaN
  out_engTechID[584] = NaN
  out_engTechID[585] = NaN
  out_engTechID[586] = NaN
  out_engTechID[587] = NaN
  out_engTechID[588] = NaN
  out_engTechID[589] = NaN
  out_engTechID[590] = NaN
  out_engTechID[591] = NaN
  out_engTechID[592] = NaN
  out_engTechID[593] = NaN
  out_engTechID[594] = NaN
  out_engTechID[595] = NaN
  out_engTechID[596] = NaN
  out_engTechID[597] = NaN
  out_engTechID[598] = NaN
  out_engTechID[599] = NaN
  out_engTechID[600] = NaN
  out_engTechID[601] = NaN
  out_engTechID[602] = NaN
  out_engTechID[603] = NaN
  out_engTechID[604] = NaN
  out_engTechID[605] = NaN
  out_engTechID[606] = NaN
  out_engTechID[607] = NaN
  out_engTechID[608] = NaN
  out_engTechID[609] = NaN
  out_engTechID[610] = NaN
  out_engTechID[611] = NaN
  out_engTechID[612] = NaN
  out_engTechID[613] = NaN
  out_engTechID[614] = NaN
  out_engTechID[615] = NaN
  out_engTechID[616] = NaN
  out_engTechID[617] = NaN
  out_engTechID[618] = NaN
  out_engTechID[619] = NaN
  out_engTechID[620] = NaN
  out_engTechID[621] = NaN
  out_engTechID[622] = NaN
  out_engTechID[623] = NaN
  out_engTechID[624] = NaN
  out_engTechID[625] = NaN
  out_engTechID[626] = NaN
  out_engTechID[627] = NaN
  out_engTechID[628] = NaN
  out_engTechID[629] = NaN
  out_engTechID[630] = NaN
  out_engTechID[631] = NaN
  out_engTechID[632] = NaN
  out_engTechID[633] = NaN
  out_engTechID[634] = NaN
  out_engTechID[635] = NaN
  out_engTechID[636] = NaN
  out_engTechID[637] = NaN
  out_engTechID[638] = NaN
  out_engTechID[639] = NaN
  out_engTechID[640] = NaN
  out_engTechID[641] = NaN
  out_engTechID[642] = NaN
  out_engTechID[643] = NaN
  out_engTechID[644] = NaN
  out_engTechID[645] = NaN
  out_engTechID[646] = NaN
  out_engTechID[647] = NaN
  out_engTechID[648] = NaN
  out_engTechID[649] = NaN
  out_engTechID[650] = NaN
  out_engTechID[651] = NaN
  out_engTechID[652] = NaN
  out_engTechID[653] = NaN
  out_engTechID[654] = NaN
  out_engTechID[655] = NaN
  out_engTechID[656] = NaN
  out_engTechID[657] = NaN
  out_engTechID[658] = NaN
  out_engTechID[659] = NaN
  out_engTechID[660] = NaN
  out_engTechID[661] = NaN
  out_engTechID[662] = NaN
  out_engTechID[663] = NaN
  out_engTechID[664] = NaN
  out_engTechID[665] = NaN
  out_engTechID[666] = NaN
  out_engTechID[667] = NaN
  out_engTechID[668] = NaN
  out_engTechID[669] = NaN
  out_engTechID[670] = NaN
  out_engTechID[671] = NaN
  out_engTechID[672] = NaN
  out_engTechID[673] = NaN
  out_engTechID[674] = NaN
  out_engTechID[675] = NaN
  out_engTechID[676] = NaN
  out_engTechID[677] = NaN
  out_engTechID[678] = NaN
  out_engTechID[679] = NaN
  out_engTechID[680] = NaN
  out_engTechID[681] = NaN
  out_engTechID[682] = NaN
  out_engTechID[683] = NaN
  out_engTechID[684] = NaN
  out_sectorID[1] = NaN
  out_sectorID[2] = NaN
  out_sectorID[3] = NaN
  out_sectorID[4] = NaN
  out_sectorID[5] = NaN
  out_sectorID[6] = NaN
  out_sectorID[7] = NaN
  out_sectorID[8] = NaN
  out_sectorID[9] = NaN
  out_sectorID[10] = NaN
  out_sectorID[11] = NaN
  out_sectorID[12] = NaN
  out_sectorID[13] = NaN
  out_sectorID[14] = NaN
  out_sectorID[15] = NaN
  out_sectorID[16] = NaN
  out_sectorID[17] = NaN
  out_sectorID[18] = NaN
  out_sectorID[19] = NaN
  out_sectorID[20] = NaN
  out_sectorID[21] = NaN
  out_sectorID[22] = NaN
  out_sectorID[23] = NaN
  out_sectorID[24] = NaN
  out_sectorID[25] = NaN
  out_sectorID[26] = NaN
  out_sectorID[27] = NaN
  out_sectorID[28] = NaN
  out_sectorID[29] = NaN
  out_sectorID[30] = NaN
  out_sectorID[31] = NaN
  out_sectorID[32] = NaN
  out_sectorID[33] = NaN
  out_sectorID[34] = NaN
  out_sectorID[35] = NaN
  out_sectorID[36] = NaN
  out_sectorID[37] = NaN
  out_sectorID[38] = NaN
  out_sectorID[39] = NaN
  out_sectorID[40] = NaN
  out_sectorID[41] = NaN
  out_sectorID[42] = NaN
  out_sectorID[43] = NaN
  out_sectorID[44] = NaN
  out_sectorID[45] = NaN
  out_sectorID[46] = NaN
  out_sectorID[47] = NaN
  out_sectorID[48] = NaN
  out_sectorID[49] = NaN
  out_sectorID[50] = NaN
  out_sectorID[51] = NaN
  out_sectorID[52] = NaN
  out_sectorID[53] = NaN
  out_sectorID[54] = NaN
  out_sectorID[55] = NaN
  out_sectorID[56] = NaN
  out_sectorID[57] = NaN
  out_sectorID[58] = NaN
  out_sectorID[59] = NaN
  out_sectorID[60] = NaN
  out_sectorID[61] = NaN
  out_sectorID[62] = NaN
  out_sectorID[63] = NaN
  out_sectorID[64] = NaN
  out_sectorID[65] = NaN
  out_sectorID[66] = NaN
  out_sectorID[67] = NaN
  out_sectorID[68] = NaN
  out_sectorID[69] = NaN
  out_sectorID[70] = NaN
  out_sectorID[71] = NaN
  out_sectorID[72] = NaN
  out_sectorID[73] = NaN
  out_sectorID[74] = NaN
  out_sectorID[75] = NaN
  out_sectorID[76] = NaN
  out_sectorID[77] = NaN
  out_sectorID[78] = NaN
  out_sectorID[79] = NaN
  out_sectorID[80] = NaN
  out_sectorID[81] = NaN
  out_sectorID[82] = NaN
  out_sectorID[83] = NaN
  out_sectorID[84] = NaN
  out_sectorID[85] = NaN
  out_sectorID[86] = NaN
  out_sectorID[87] = NaN
  out_sectorID[88] = NaN
  out_sectorID[89] = NaN
  out_sectorID[90] = NaN
  out_sectorID[91] = NaN
  out_sectorID[92] = NaN
  out_sectorID[93] = NaN
  out_sectorID[94] = NaN
  out_sectorID[95] = NaN
  out_sectorID[96] = NaN
  out_sectorID[97] = NaN
  out_sectorID[98] = NaN
  out_sectorID[99] = NaN
  out_sectorID[100] = NaN
  out_sectorID[101] = NaN
  out_sectorID[102] = NaN
  out_sectorID[103] = NaN
  out_sectorID[104] = NaN
  out_sectorID[105] = NaN
  out_sectorID[106] = NaN
  out_sectorID[107] = NaN
  out_sectorID[108] = NaN
  out_sectorID[109] = NaN
  out_sectorID[110] = NaN
  out_sectorID[111] = NaN
  out_sectorID[112] = NaN
  out_sectorID[113] = NaN
  out_sectorID[114] = NaN
  out_sectorID[115] = NaN
  out_sectorID[116] = NaN
  out_sectorID[117] = NaN
  out_sectorID[118] = NaN
  out_sectorID[119] = NaN
  out_sectorID[120] = NaN
  out_sectorID[121] = NaN
  out_sectorID[122] = NaN
  out_sectorID[123] = NaN
  out_sectorID[124] = NaN
  out_sectorID[125] = NaN
  out_sectorID[126] = NaN
  out_sectorID[127] = NaN
  out_sectorID[128] = NaN
  out_sectorID[129] = NaN
  out_sectorID[130] = NaN
  out_sectorID[131] = NaN
  out_sectorID[132] = NaN
  out_sectorID[133] = NaN
  out_sectorID[134] = NaN
  out_sectorID[135] = NaN
  out_sectorID[136] = NaN
  out_sectorID[137] = NaN
  out_sectorID[138] = NaN
  out_sectorID[139] = NaN
  out_sectorID[140] = NaN
  out_sectorID[141] = NaN
  out_sectorID[142] = NaN
  out_sectorID[143] = NaN
  out_sectorID[144] = NaN
  out_sectorID[145] = NaN
  out_sectorID[146] = NaN
  out_sectorID[147] = NaN
  out_sectorID[148] = NaN
  out_sectorID[149] = NaN
  out_sectorID[150] = NaN
  out_sectorID[151] = NaN
  out_sectorID[152] = NaN
  out_sectorID[153] = NaN
  out_sectorID[154] = NaN
  out_sectorID[155] = NaN
  out_sectorID[156] = NaN
  out_sectorID[157] = NaN
  out_sectorID[158] = NaN
  out_sectorID[159] = NaN
  out_sectorID[160] = NaN
  out_sectorID[161] = NaN
  out_sectorID[162] = NaN
  out_sectorID[163] = NaN
  out_sectorID[164] = NaN
  out_sectorID[165] = NaN
  out_sectorID[166] = NaN
  out_sectorID[167] = NaN
  out_sectorID[168] = NaN
  out_sectorID[169] = NaN
  out_sectorID[170] = NaN
  out_sectorID[171] = NaN
  out_sectorID[172] = NaN
  out_sectorID[173] = NaN
  out_sectorID[174] = NaN
  out_sectorID[175] = NaN
  out_sectorID[176] = NaN
  out_sectorID[177] = NaN
  out_sectorID[178] = NaN
  out_sectorID[179] = NaN
  out_sectorID[180] = NaN
  out_sectorID[181] = NaN
  out_sectorID[182] = NaN
  out_sectorID[183] = NaN
  out_sectorID[184] = NaN
  out_sectorID[185] = NaN
  out_sectorID[186] = NaN
  out_sectorID[187] = NaN
  out_sectorID[188] = NaN
  out_sectorID[189] = NaN
  out_sectorID[190] = NaN
  out_sectorID[191] = NaN
  out_sectorID[192] = NaN
  out_sectorID[193] = NaN
  out_sectorID[194] = NaN
  out_sectorID[195] = NaN
  out_sectorID[196] = NaN
  out_sectorID[197] = NaN
  out_sectorID[198] = NaN
  out_sectorID[199] = NaN
  out_sectorID[200] = NaN
  out_sectorID[201] = NaN
  out_sectorID[202] = NaN
  out_sectorID[203] = NaN
  out_sectorID[204] = NaN
  out_sectorID[205] = NaN
  out_sectorID[206] = NaN
  out_sectorID[207] = NaN
  out_sectorID[208] = NaN
  out_sectorID[209] = NaN
  out_sectorID[210] = NaN
  out_sectorID[211] = NaN
  out_sectorID[212] = NaN
  out_sectorID[213] = NaN
  out_sectorID[214] = NaN
  out_sectorID[215] = NaN
  out_sectorID[216] = NaN
  out_sectorID[217] = NaN
  out_sectorID[218] = NaN
  out_sectorID[219] = NaN
  out_sectorID[220] = NaN
  out_sectorID[221] = NaN
  out_sectorID[222] = NaN
  out_sectorID[223] = NaN
  out_sectorID[224] = NaN
  out_sectorID[225] = NaN
  out_sectorID[226] = NaN
  out_sectorID[227] = NaN
  out_sectorID[228] = NaN
  out_sectorID[229] = NaN
  out_sectorID[230] = NaN
  out_sectorID[231] = NaN
  out_sectorID[232] = NaN
  out_sectorID[233] = NaN
  out_sectorID[234] = NaN
  out_sectorID[235] = NaN
  out_sectorID[236] = NaN
  out_sectorID[237] = NaN
  out_sectorID[238] = NaN
  out_sectorID[239] = NaN
  out_sectorID[240] = NaN
  out_sectorID[241] = NaN
  out_sectorID[242] = NaN
  out_sectorID[243] = NaN
  out_sectorID[244] = NaN
  out_sectorID[245] = NaN
  out_sectorID[246] = NaN
  out_sectorID[247] = NaN
  out_sectorID[248] = NaN
  out_sectorID[249] = NaN
  out_sectorID[250] = NaN
  out_sectorID[251] = NaN
  out_sectorID[252] = NaN
  out_sectorID[253] = NaN
  out_sectorID[254] = NaN
  out_sectorID[255] = NaN
  out_sectorID[256] = NaN
  out_sectorID[257] = NaN
  out_sectorID[258] = NaN
  out_sectorID[259] = NaN
  out_sectorID[260] = NaN
  out_sectorID[261] = NaN
  out_sectorID[262] = NaN
  out_sectorID[263] = NaN
  out_sectorID[264] = NaN
  out_sectorID[265] = NaN
  out_sectorID[266] = NaN
  out_sectorID[267] = NaN
  out_sectorID[268] = NaN
  out_sectorID[269] = NaN
  out_sectorID[270] = NaN
  out_sectorID[271] = NaN
  out_sectorID[272] = NaN
  out_sectorID[273] = NaN
  out_sectorID[274] = NaN
  out_sectorID[275] = NaN
  out_sectorID[276] = NaN
  out_sectorID[277] = NaN
  out_sectorID[278] = NaN
  out_sectorID[279] = NaN
  out_sectorID[280] = NaN
  out_sectorID[281] = NaN
  out_sectorID[282] = NaN
  out_sectorID[283] = NaN
  out_sectorID[284] = NaN
  out_sectorID[285] = NaN
  out_sectorID[286] = NaN
  out_sectorID[287] = NaN
  out_sectorID[288] = NaN
  out_sectorID[289] = NaN
  out_sectorID[290] = NaN
  out_sectorID[291] = NaN
  out_sectorID[292] = NaN
  out_sectorID[293] = NaN
  out_sectorID[294] = NaN
  out_sectorID[295] = NaN
  out_sectorID[296] = NaN
  out_sectorID[297] = NaN
  out_sectorID[298] = NaN
  out_sectorID[299] = NaN
  out_sectorID[300] = NaN
  out_sectorID[301] = NaN
  out_sectorID[302] = NaN
  out_sectorID[303] = NaN
  out_sectorID[304] = NaN
  out_sectorID[305] = NaN
  out_sectorID[306] = NaN
  out_sectorID[307] = NaN
  out_sectorID[308] = NaN
  out_sectorID[309] = NaN
  out_sectorID[310] = NaN
  out_sectorID[311] = NaN
  out_sectorID[312] = NaN
  out_sectorID[313] = NaN
  out_sectorID[314] = NaN
  out_sectorID[315] = NaN
  out_sectorID[316] = NaN
  out_sectorID[317] = NaN
  out_sectorID[318] = NaN
  out_sectorID[319] = NaN
  out_sectorID[320] = NaN
  out_sectorID[321] = NaN
  out_sectorID[322] = NaN
  out_sectorID[323] = NaN
  out_sectorID[324] = NaN
  out_sectorID[325] = NaN
  out_sectorID[326] = NaN
  out_sectorID[327] = NaN
  out_sectorID[328] = NaN
  out_sectorID[329] = NaN
  out_sectorID[330] = NaN
  out_sectorID[331] = NaN
  out_sectorID[332] = NaN
  out_sectorID[333] = NaN
  out_sectorID[334] = NaN
  out_sectorID[335] = NaN
  out_sectorID[336] = NaN
  out_sectorID[337] = NaN
  out_sectorID[338] = NaN
  out_sectorID[339] = NaN
  out_sectorID[340] = NaN
  out_sectorID[341] = NaN
  out_sectorID[342] = NaN
  out_sectorID[343] = NaN
  out_sectorID[344] = NaN
  out_sectorID[345] = NaN
  out_sectorID[346] = NaN
  out_sectorID[347] = NaN
  out_sectorID[348] = NaN
  out_sectorID[349] = NaN
  out_sectorID[350] = NaN
  out_sectorID[351] = NaN
  out_sectorID[352] = NaN
  out_sectorID[353] = NaN
  out_sectorID[354] = NaN
  out_sectorID[355] = NaN
  out_sectorID[356] = NaN
  out_sectorID[357] = NaN
  out_sectorID[358] = NaN
  out_sectorID[359] = NaN
  out_sectorID[360] = NaN
  out_sectorID[361] = NaN
  out_sectorID[362] = NaN
  out_sectorID[363] = NaN
  out_sectorID[364] = NaN
  out_sectorID[365] = NaN
  out_sectorID[366] = NaN
  out_sectorID[367] = NaN
  out_sectorID[368] = NaN
  out_sectorID[369] = NaN
  out_sectorID[370] = NaN
  out_sectorID[371] = NaN
  out_sectorID[372] = NaN
  out_sectorID[373] = NaN
  out_sectorID[374] = NaN
  out_sectorID[375] = NaN
  out_sectorID[376] = NaN
  out_sectorID[377] = NaN
  out_sectorID[378] = NaN
  out_sectorID[379] = NaN
  out_sectorID[380] = NaN
  out_sectorID[381] = NaN
  out_sectorID[382] = NaN
  out_sectorID[383] = NaN
  out_sectorID[384] = NaN
  out_sectorID[385] = NaN
  out_sectorID[386] = NaN
  out_sectorID[387] = NaN
  out_sectorID[388] = NaN
  out_sectorID[389] = NaN
  out_sectorID[390] = NaN
  out_sectorID[391] = NaN
  out_sectorID[392] = NaN
  out_sectorID[393] = NaN
  out_sectorID[394] = NaN
  out_sectorID[395] = NaN
  out_sectorID[396] = NaN
  out_sectorID[397] = NaN
  out_sectorID[398] = NaN
  out_sectorID[399] = NaN
  out_sectorID[400] = NaN
  out_sectorID[401] = NaN
  out_sectorID[402] = NaN
  out_sectorID[403] = NaN
  out_sectorID[404] = NaN
  out_sectorID[405] = NaN
  out_sectorID[406] = NaN
  out_sectorID[407] = NaN
  out_sectorID[408] = NaN
  out_sectorID[409] = NaN
  out_sectorID[410] = NaN
  out_sectorID[411] = NaN
  out_sectorID[412] = NaN
  out_sectorID[413] = NaN
  out_sectorID[414] = NaN
  out_sectorID[415] = NaN
  out_sectorID[416] = NaN
  out_sectorID[417] = NaN
  out_sectorID[418] = NaN
  out_sectorID[419] = NaN
  out_sectorID[420] = NaN
  out_sectorID[421] = NaN
  out_sectorID[422] = NaN
  out_sectorID[423] = NaN
  out_sectorID[424] = NaN
  out_sectorID[425] = NaN
  out_sectorID[426] = NaN
  out_sectorID[427] = NaN
  out_sectorID[428] = NaN
  out_sectorID[429] = NaN
  out_sectorID[430] = NaN
  out_sectorID[431] = NaN
  out_sectorID[432] = NaN
  out_sectorID[433] = NaN
  out_sectorID[434] = NaN
  out_sectorID[435] = NaN
  out_sectorID[436] = NaN
  out_sectorID[437] = NaN
  out_sectorID[438] = NaN
  out_sectorID[439] = NaN
  out_sectorID[440] = NaN
  out_sectorID[441] = NaN
  out_sectorID[442] = NaN
  out_sectorID[443] = NaN
  out_sectorID[444] = NaN
  out_sectorID[445] = NaN
  out_sectorID[446] = NaN
  out_sectorID[447] = NaN
  out_sectorID[448] = NaN
  out_sectorID[449] = NaN
  out_sectorID[450] = NaN
  out_sectorID[451] = NaN
  out_sectorID[452] = NaN
  out_sectorID[453] = NaN
  out_sectorID[454] = NaN
  out_sectorID[455] = NaN
  out_sectorID[456] = NaN
  out_sectorID[457] = NaN
  out_sectorID[458] = NaN
  out_sectorID[459] = NaN
  out_sectorID[460] = NaN
  out_sectorID[461] = NaN
  out_sectorID[462] = NaN
  out_sectorID[463] = NaN
  out_sectorID[464] = NaN
  out_sectorID[465] = NaN
  out_sectorID[466] = NaN
  out_sectorID[467] = NaN
  out_sectorID[468] = NaN
  out_sectorID[469] = NaN
  out_sectorID[470] = NaN
  out_sectorID[471] = NaN
  out_sectorID[472] = NaN
  out_sectorID[473] = NaN
  out_sectorID[474] = NaN
  out_sectorID[475] = NaN
  out_sectorID[476] = NaN
  out_sectorID[477] = NaN
  out_sectorID[478] = NaN
  out_sectorID[479] = NaN
  out_sectorID[480] = NaN
  out_sectorID[481] = NaN
  out_sectorID[482] = NaN
  out_sectorID[483] = NaN
  out_sectorID[484] = NaN
  out_sectorID[485] = NaN
  out_sectorID[486] = NaN
  out_sectorID[487] = NaN
  out_sectorID[488] = NaN
  out_sectorID[489] = NaN
  out_sectorID[490] = NaN
  out_sectorID[491] = NaN
  out_sectorID[492] = NaN
  out_sectorID[493] = NaN
  out_sectorID[494] = NaN
  out_sectorID[495] = NaN
  out_sectorID[496] = NaN
  out_sectorID[497] = NaN
  out_sectorID[498] = NaN
  out_sectorID[499] = NaN
  out_sectorID[500] = NaN
  out_sectorID[501] = NaN
  out_sectorID[502] = NaN
  out_sectorID[503] = NaN
  out_sectorID[504] = NaN
  out_sectorID[505] = NaN
  out_sectorID[506] = NaN
  out_sectorID[507] = NaN
  out_sectorID[508] = NaN
  out_sectorID[509] = NaN
  out_sectorID[510] = NaN
  out_sectorID[511] = NaN
  out_sectorID[512] = NaN
  out_sectorID[513] = NaN
  out_sectorID[514] = NaN
  out_sectorID[515] = NaN
  out_sectorID[516] = NaN
  out_sectorID[517] = NaN
  out_sectorID[518] = NaN
  out_sectorID[519] = NaN
  out_sectorID[520] = NaN
  out_sectorID[521] = NaN
  out_sectorID[522] = NaN
  out_sectorID[523] = NaN
  out_sectorID[524] = NaN
  out_sectorID[525] = NaN
  out_sectorID[526] = NaN
  out_sectorID[527] = NaN
  out_sectorID[528] = NaN
  out_sectorID[529] = NaN
  out_sectorID[530] = NaN
  out_sectorID[531] = NaN
  out_sectorID[532] = NaN
  out_sectorID[533] = NaN
  out_sectorID[534] = NaN
  out_sectorID[535] = NaN
  out_sectorID[536] = NaN
  out_sectorID[537] = NaN
  out_sectorID[538] = NaN
  out_sectorID[539] = NaN
  out_sectorID[540] = NaN
  out_sectorID[541] = NaN
  out_sectorID[542] = NaN
  out_sectorID[543] = NaN
  out_sectorID[544] = NaN
  out_sectorID[545] = NaN
  out_sectorID[546] = NaN
  out_sectorID[547] = NaN
  out_sectorID[548] = NaN
  out_sectorID[549] = NaN
  out_sectorID[550] = NaN
  out_sectorID[551] = NaN
  out_sectorID[552] = NaN
  out_sectorID[553] = NaN
  out_sectorID[554] = NaN
  out_sectorID[555] = NaN
  out_sectorID[556] = NaN
  out_sectorID[557] = NaN
  out_sectorID[558] = NaN
  out_sectorID[559] = NaN
  out_sectorID[560] = NaN
  out_sectorID[561] = NaN
  out_sectorID[562] = NaN
  out_sectorID[563] = NaN
  out_sectorID[564] = NaN
  out_sectorID[565] = NaN
  out_sectorID[566] = NaN
  out_sectorID[567] = NaN
  out_sectorID[568] = NaN
  out_sectorID[569] = NaN
  out_sectorID[570] = NaN
  out_sectorID[571] = NaN
  out_sectorID[572] = NaN
  out_sectorID[573] = NaN
  out_sectorID[574] = NaN
  out_sectorID[575] = NaN
  out_sectorID[576] = NaN
  out_sectorID[577] = NaN
  out_sectorID[578] = NaN
  out_sectorID[579] = NaN
  out_sectorID[580] = NaN
  out_sectorID[581] = NaN
  out_sectorID[582] = NaN
  out_sectorID[583] = NaN
  out_sectorID[584] = NaN
  out_sectorID[585] = NaN
  out_sectorID[586] = NaN
  out_sectorID[587] = NaN
  out_sectorID[588] = NaN
  out_sectorID[589] = NaN
  out_sectorID[590] = NaN
  out_sectorID[591] = NaN
  out_sectorID[592] = NaN
  out_sectorID[593] = NaN
  out_sectorID[594] = NaN
  out_sectorID[595] = NaN
  out_sectorID[596] = NaN
  out_sectorID[597] = NaN
  out_sectorID[598] = NaN
  out_sectorID[599] = NaN
  out_sectorID[600] = NaN
  out_sectorID[601] = NaN
  out_sectorID[602] = NaN
  out_sectorID[603] = NaN
  out_sectorID[604] = NaN
  out_sectorID[605] = NaN
  out_sectorID[606] = NaN
  out_sectorID[607] = NaN
  out_sectorID[608] = NaN
  out_sectorID[609] = NaN
  out_sectorID[610] = NaN
  out_sectorID[611] = NaN
  out_sectorID[612] = NaN
  out_sectorID[613] = NaN
  out_sectorID[614] = NaN
  out_sectorID[615] = NaN
  out_sectorID[616] = NaN
  out_sectorID[617] = NaN
  out_sectorID[618] = NaN
  out_sectorID[619] = NaN
  out_sectorID[620] = NaN
  out_sectorID[621] = NaN
  out_sectorID[622] = NaN
  out_sectorID[623] = NaN
  out_sectorID[624] = NaN
  out_sectorID[625] = NaN
  out_sectorID[626] = NaN
  out_sectorID[627] = NaN
  out_sectorID[628] = NaN
  out_sectorID[629] = NaN
  out_sectorID[630] = NaN
  out_sectorID[631] = NaN
  out_sectorID[632] = NaN
  out_sectorID[633] = NaN
  out_sectorID[634] = NaN
  out_sectorID[635] = NaN
  out_sectorID[636] = NaN
  out_sectorID[637] = NaN
  out_sectorID[638] = NaN
  out_sectorID[639] = NaN
  out_sectorID[640] = NaN
  out_sectorID[641] = NaN
  out_sectorID[642] = NaN
  out_sectorID[643] = NaN
  out_sectorID[644] = NaN
  out_sectorID[645] = NaN
  out_sectorID[646] = NaN
  out_sectorID[647] = NaN
  out_sectorID[648] = NaN
  out_sectorID[649] = NaN
  out_sectorID[650] = NaN
  out_sectorID[651] = NaN
  out_sectorID[652] = NaN
  out_sectorID[653] = NaN
  out_sectorID[654] = NaN
  out_sectorID[655] = NaN
  out_sectorID[656] = NaN
  out_sectorID[657] = NaN
  out_sectorID[658] = NaN
  out_sectorID[659] = NaN
  out_sectorID[660] = NaN
  out_sectorID[661] = NaN
  out_sectorID[662] = NaN
  out_sectorID[663] = NaN
  out_sectorID[664] = NaN
  out_sectorID[665] = NaN
  out_sectorID[666] = NaN
  out_sectorID[667] = NaN
  out_sectorID[668] = NaN
  out_sectorID[669] = NaN
  out_sectorID[670] = NaN
  out_sectorID[671] = NaN
  out_sectorID[672] = NaN
  out_sectorID[673] = NaN
  out_sectorID[674] = NaN
  out_sectorID[675] = NaN
  out_sectorID[676] = NaN
  out_sectorID[677] = NaN
  out_sectorID[678] = NaN
  out_sectorID[679] = NaN
  out_sectorID[680] = NaN
  out_sectorID[681] = NaN
  out_sectorID[682] = NaN
  out_sectorID[683] = NaN
  out_sectorID[684] = NaN
  out_hpID[1] = NaN
  out_hpID[2] = NaN
  out_hpID[3] = NaN
  out_hpID[4] = NaN
  out_hpID[5] = NaN
  out_hpID[6] = NaN
  out_hpID[7] = NaN
  out_hpID[8] = NaN
  out_hpID[9] = NaN
  out_hpID[10] = NaN
  out_hpID[11] = NaN
  out_hpID[12] = NaN
  out_hpID[13] = NaN
  out_hpID[14] = NaN
  out_hpID[15] = NaN
  out_hpID[16] = NaN
  out_hpID[17] = NaN
  out_hpID[18] = NaN
  out_hpID[19] = NaN
  out_hpID[20] = NaN
  out_hpID[21] = NaN
  out_hpID[22] = NaN
  out_hpID[23] = NaN
  out_hpID[24] = NaN
  out_hpID[25] = NaN
  out_hpID[26] = NaN
  out_hpID[27] = NaN
  out_hpID[28] = NaN
  out_hpID[29] = NaN
  out_hpID[30] = NaN
  out_hpID[31] = NaN
  out_hpID[32] = NaN
  out_hpID[33] = NaN
  out_hpID[34] = NaN
  out_hpID[35] = NaN
  out_hpID[36] = NaN
  out_hpID[37] = NaN
  out_hpID[38] = NaN
  out_hpID[39] = NaN
  out_hpID[40] = NaN
  out_hpID[41] = NaN
  out_hpID[42] = NaN
  out_hpID[43] = NaN
  out_hpID[44] = NaN
  out_hpID[45] = NaN
  out_hpID[46] = NaN
  out_hpID[47] = NaN
  out_hpID[48] = NaN
  out_hpID[49] = NaN
  out_hpID[50] = NaN
  out_hpID[51] = NaN
  out_hpID[52] = NaN
  out_hpID[53] = NaN
  out_hpID[54] = NaN
  out_hpID[55] = NaN
  out_hpID[56] = NaN
  out_hpID[57] = NaN
  out_hpID[58] = NaN
  out_hpID[59] = NaN
  out_hpID[60] = NaN
  out_hpID[61] = NaN
  out_hpID[62] = NaN
  out_hpID[63] = NaN
  out_hpID[64] = NaN
  out_hpID[65] = NaN
  out_hpID[66] = NaN
  out_hpID[67] = NaN
  out_hpID[68] = NaN
  out_hpID[69] = NaN
  out_hpID[70] = NaN
  out_hpID[71] = NaN
  out_hpID[72] = NaN
  out_hpID[73] = NaN
  out_hpID[74] = NaN
  out_hpID[75] = NaN
  out_hpID[76] = NaN
  out_hpID[77] = NaN
  out_hpID[78] = NaN
  out_hpID[79] = NaN
  out_hpID[80] = NaN
  out_hpID[81] = NaN
  out_hpID[82] = NaN
  out_hpID[83] = NaN
  out_hpID[84] = NaN
  out_hpID[85] = NaN
  out_hpID[86] = NaN
  out_hpID[87] = NaN
  out_hpID[88] = NaN
  out_hpID[89] = NaN
  out_hpID[90] = NaN
  out_hpID[91] = NaN
  out_hpID[92] = NaN
  out_hpID[93] = NaN
  out_hpID[94] = NaN
  out_hpID[95] = NaN
  out_hpID[96] = NaN
  out_hpID[97] = NaN
  out_hpID[98] = NaN
  out_hpID[99] = NaN
  out_hpID[100] = NaN
  out_hpID[101] = NaN
  out_hpID[102] = NaN
  out_hpID[103] = NaN
  out_hpID[104] = NaN
  out_hpID[105] = NaN
  out_hpID[106] = NaN
  out_hpID[107] = NaN
  out_hpID[108] = NaN
  out_hpID[109] = NaN
  out_hpID[110] = NaN
  out_hpID[111] = NaN
  out_hpID[112] = NaN
  out_hpID[113] = NaN
  out_hpID[114] = NaN
  out_hpID[115] = NaN
  out_hpID[116] = NaN
  out_hpID[117] = NaN
  out_hpID[118] = NaN
  out_hpID[119] = NaN
  out_hpID[120] = NaN
  out_hpID[121] = NaN
  out_hpID[122] = NaN
  out_hpID[123] = NaN
  out_hpID[124] = NaN
  out_hpID[125] = NaN
  out_hpID[126] = NaN
  out_hpID[127] = NaN
  out_hpID[128] = NaN
  out_hpID[129] = NaN
  out_hpID[130] = NaN
  out_hpID[131] = NaN
  out_hpID[132] = NaN
  out_hpID[133] = NaN
  out_hpID[134] = NaN
  out_hpID[135] = NaN
  out_hpID[136] = NaN
  out_hpID[137] = NaN
  out_hpID[138] = NaN
  out_hpID[139] = NaN
  out_hpID[140] = NaN
  out_hpID[141] = NaN
  out_hpID[142] = NaN
  out_hpID[143] = NaN
  out_hpID[144] = NaN
  out_hpID[145] = NaN
  out_hpID[146] = NaN
  out_hpID[147] = NaN
  out_hpID[148] = NaN
  out_hpID[149] = NaN
  out_hpID[150] = NaN
  out_hpID[151] = NaN
  out_hpID[152] = NaN
  out_hpID[153] = NaN
  out_hpID[154] = NaN
  out_hpID[155] = NaN
  out_hpID[156] = NaN
  out_hpID[157] = NaN
  out_hpID[158] = NaN
  out_hpID[159] = NaN
  out_hpID[160] = NaN
  out_hpID[161] = NaN
  out_hpID[162] = NaN
  out_hpID[163] = NaN
  out_hpID[164] = NaN
  out_hpID[165] = NaN
  out_hpID[166] = NaN
  out_hpID[167] = NaN
  out_hpID[168] = NaN
  out_hpID[169] = NaN
  out_hpID[170] = NaN
  out_hpID[171] = NaN
  out_hpID[172] = NaN
  out_hpID[173] = NaN
  out_hpID[174] = NaN
  out_hpID[175] = NaN
  out_hpID[176] = NaN
  out_hpID[177] = NaN
  out_hpID[178] = NaN
  out_hpID[179] = NaN
  out_hpID[180] = NaN
  out_hpID[181] = NaN
  out_hpID[182] = NaN
  out_hpID[183] = NaN
  out_hpID[184] = NaN
  out_hpID[185] = NaN
  out_hpID[186] = NaN
  out_hpID[187] = NaN
  out_hpID[188] = NaN
  out_hpID[189] = NaN
  out_hpID[190] = NaN
  out_hpID[191] = NaN
  out_hpID[192] = NaN
  out_hpID[193] = NaN
  out_hpID[194] = NaN
  out_hpID[195] = NaN
  out_hpID[196] = NaN
  out_hpID[197] = NaN
  out_hpID[198] = NaN
  out_hpID[199] = NaN
  out_hpID[200] = NaN
  out_hpID[201] = NaN
  out_hpID[202] = NaN
  out_hpID[203] = NaN
  out_hpID[204] = NaN
  out_hpID[205] = NaN
  out_hpID[206] = NaN
  out_hpID[207] = NaN
  out_hpID[208] = NaN
  out_hpID[209] = NaN
  out_hpID[210] = NaN
  out_hpID[211] = NaN
  out_hpID[212] = NaN
  out_hpID[213] = NaN
  out_hpID[214] = NaN
  out_hpID[215] = NaN
  out_hpID[216] = NaN
  out_hpID[217] = NaN
  out_hpID[218] = NaN
  out_hpID[219] = NaN
  out_hpID[220] = NaN
  out_hpID[221] = NaN
  out_hpID[222] = NaN
  out_hpID[223] = NaN
  out_hpID[224] = NaN
  out_hpID[225] = NaN
  out_hpID[226] = NaN
  out_hpID[227] = NaN
  out_hpID[228] = NaN
  out_hpID[229] = NaN
  out_hpID[230] = NaN
  out_hpID[231] = NaN
  out_hpID[232] = NaN
  out_hpID[233] = NaN
  out_hpID[234] = NaN
  out_hpID[235] = NaN
  out_hpID[236] = NaN
  out_hpID[237] = NaN
  out_hpID[238] = NaN
  out_hpID[239] = NaN
  out_hpID[240] = NaN
  out_hpID[241] = NaN
  out_hpID[242] = NaN
  out_hpID[243] = NaN
  out_hpID[244] = NaN
  out_hpID[245] = NaN
  out_hpID[246] = NaN
  out_hpID[247] = NaN
  out_hpID[248] = NaN
  out_hpID[249] = NaN
  out_hpID[250] = NaN
  out_hpID[251] = NaN
  out_hpID[252] = NaN
  out_hpID[253] = NaN
  out_hpID[254] = NaN
  out_hpID[255] = NaN
  out_hpID[256] = NaN
  out_hpID[257] = NaN
  out_hpID[258] = NaN
  out_hpID[259] = NaN
  out_hpID[260] = NaN
  out_hpID[261] = NaN
  out_hpID[262] = NaN
  out_hpID[263] = NaN
  out_hpID[264] = NaN
  out_hpID[265] = NaN
  out_hpID[266] = NaN
  out_hpID[267] = NaN
  out_hpID[268] = NaN
  out_hpID[269] = NaN
  out_hpID[270] = NaN
  out_hpID[271] = NaN
  out_hpID[272] = NaN
  out_hpID[273] = NaN
  out_hpID[274] = NaN
  out_hpID[275] = NaN
  out_hpID[276] = NaN
  out_hpID[277] = NaN
  out_hpID[278] = NaN
  out_hpID[279] = NaN
  out_hpID[280] = NaN
  out_hpID[281] = NaN
  out_hpID[282] = NaN
  out_hpID[283] = NaN
  out_hpID[284] = NaN
  out_hpID[285] = NaN
  out_hpID[286] = NaN
  out_hpID[287] = NaN
  out_hpID[288] = NaN
  out_hpID[289] = NaN
  out_hpID[290] = NaN
  out_hpID[291] = NaN
  out_hpID[292] = NaN
  out_hpID[293] = NaN
  out_hpID[294] = NaN
  out_hpID[295] = NaN
  out_hpID[296] = NaN
  out_hpID[297] = NaN
  out_hpID[298] = NaN
  out_hpID[299] = NaN
  out_hpID[300] = NaN
  out_hpID[301] = NaN
  out_hpID[302] = NaN
  out_hpID[303] = NaN
  out_hpID[304] = NaN
  out_hpID[305] = NaN
  out_hpID[306] = NaN
  out_hpID[307] = NaN
  out_hpID[308] = NaN
  out_hpID[309] = NaN
  out_hpID[310] = NaN
  out_hpID[311] = NaN
  out_hpID[312] = NaN
  out_hpID[313] = NaN
  out_hpID[314] = NaN
  out_hpID[315] = NaN
  out_hpID[316] = NaN
  out_hpID[317] = NaN
  out_hpID[318] = NaN
  out_hpID[319] = NaN
  out_hpID[320] = NaN
  out_hpID[321] = NaN
  out_hpID[322] = NaN
  out_hpID[323] = NaN
  out_hpID[324] = NaN
  out_hpID[325] = NaN
  out_hpID[326] = NaN
  out_hpID[327] = NaN
  out_hpID[328] = NaN
  out_hpID[329] = NaN
  out_hpID[330] = NaN
  out_hpID[331] = NaN
  out_hpID[332] = NaN
  out_hpID[333] = NaN
  out_hpID[334] = NaN
  out_hpID[335] = NaN
  out_hpID[336] = NaN
  out_hpID[337] = NaN
  out_hpID[338] = NaN
  out_hpID[339] = NaN
  out_hpID[340] = NaN
  out_hpID[341] = NaN
  out_hpID[342] = NaN
  out_hpID[343] = NaN
  out_hpID[344] = NaN
  out_hpID[345] = NaN
  out_hpID[346] = NaN
  out_hpID[347] = NaN
  out_hpID[348] = NaN
  out_hpID[349] = NaN
  out_hpID[350] = NaN
  out_hpID[351] = NaN
  out_hpID[352] = NaN
  out_hpID[353] = NaN
  out_hpID[354] = NaN
  out_hpID[355] = NaN
  out_hpID[356] = NaN
  out_hpID[357] = NaN
  out_hpID[358] = NaN
  out_hpID[359] = NaN
  out_hpID[360] = NaN
  out_hpID[361] = NaN
  out_hpID[362] = NaN
  out_hpID[363] = NaN
  out_hpID[364] = NaN
  out_hpID[365] = NaN
  out_hpID[366] = NaN
  out_hpID[367] = NaN
  out_hpID[368] = NaN
  out_hpID[369] = NaN
  out_hpID[370] = NaN
  out_hpID[371] = NaN
  out_hpID[372] = NaN
  out_hpID[373] = NaN
  out_hpID[374] = NaN
  out_hpID[375] = NaN
  out_hpID[376] = NaN
  out_hpID[377] = NaN
  out_hpID[378] = NaN
  out_hpID[379] = NaN
  out_hpID[380] = NaN
  out_hpID[381] = NaN
  out_hpID[382] = NaN
  out_hpID[383] = NaN
  out_hpID[384] = NaN
  out_hpID[385] = NaN
  out_hpID[386] = NaN
  out_hpID[387] = NaN
  out_hpID[388] = NaN
  out_hpID[389] = NaN
  out_hpID[390] = NaN
  out_hpID[391] = NaN
  out_hpID[392] = NaN
  out_hpID[393] = NaN
  out_hpID[394] = NaN
  out_hpID[395] = NaN
  out_hpID[396] = NaN
  out_hpID[397] = NaN
  out_hpID[398] = NaN
  out_hpID[399] = NaN
  out_hpID[400] = NaN
  out_hpID[401] = NaN
  out_hpID[402] = NaN
  out_hpID[403] = NaN
  out_hpID[404] = NaN
  out_hpID[405] = NaN
  out_hpID[406] = NaN
  out_hpID[407] = NaN
  out_hpID[408] = NaN
  out_hpID[409] = NaN
  out_hpID[410] = NaN
  out_hpID[411] = NaN
  out_hpID[412] = NaN
  out_hpID[413] = NaN
  out_hpID[414] = NaN
  out_hpID[415] = NaN
  out_hpID[416] = NaN
  out_hpID[417] = NaN
  out_hpID[418] = NaN
  out_hpID[419] = NaN
  out_hpID[420] = NaN
  out_hpID[421] = NaN
  out_hpID[422] = NaN
  out_hpID[423] = NaN
  out_hpID[424] = NaN
  out_hpID[425] = NaN
  out_hpID[426] = NaN
  out_hpID[427] = NaN
  out_hpID[428] = NaN
  out_hpID[429] = NaN
  out_hpID[430] = NaN
  out_hpID[431] = NaN
  out_hpID[432] = NaN
  out_hpID[433] = NaN
  out_hpID[434] = NaN
  out_hpID[435] = NaN
  out_hpID[436] = NaN
  out_hpID[437] = NaN
  out_hpID[438] = NaN
  out_hpID[439] = NaN
  out_hpID[440] = NaN
  out_hpID[441] = NaN
  out_hpID[442] = NaN
  out_hpID[443] = NaN
  out_hpID[444] = NaN
  out_hpID[445] = NaN
  out_hpID[446] = NaN
  out_hpID[447] = NaN
  out_hpID[448] = NaN
  out_hpID[449] = NaN
  out_hpID[450] = NaN
  out_hpID[451] = NaN
  out_hpID[452] = NaN
  out_hpID[453] = NaN
  out_hpID[454] = NaN
  out_hpID[455] = NaN
  out_hpID[456] = NaN
  out_hpID[457] = NaN
  out_hpID[458] = NaN
  out_hpID[459] = NaN
  out_hpID[460] = NaN
  out_hpID[461] = NaN
  out_hpID[462] = NaN
  out_hpID[463] = NaN
  out_hpID[464] = NaN
  out_hpID[465] = NaN
  out_hpID[466] = NaN
  out_hpID[467] = NaN
  out_hpID[468] = NaN
  out_hpID[469] = NaN
  out_hpID[470] = NaN
  out_hpID[471] = NaN
  out_hpID[472] = NaN
  out_hpID[473] = NaN
  out_hpID[474] = NaN
  out_hpID[475] = NaN
  out_hpID[476] = NaN
  out_hpID[477] = NaN
  out_hpID[478] = NaN
  out_hpID[479] = NaN
  out_hpID[480] = NaN
  out_hpID[481] = NaN
  out_hpID[482] = NaN
  out_hpID[483] = NaN
  out_hpID[484] = NaN
  out_hpID[485] = NaN
  out_hpID[486] = NaN
  out_hpID[487] = NaN
  out_hpID[488] = NaN
  out_hpID[489] = NaN
  out_hpID[490] = NaN
  out_hpID[491] = NaN
  out_hpID[492] = NaN
  out_hpID[493] = NaN
  out_hpID[494] = NaN
  out_hpID[495] = NaN
  out_hpID[496] = NaN
  out_hpID[497] = NaN
  out_hpID[498] = NaN
  out_hpID[499] = NaN
  out_hpID[500] = NaN
  out_hpID[501] = NaN
  out_hpID[502] = NaN
  out_hpID[503] = NaN
  out_hpID[504] = NaN
  out_hpID[505] = NaN
  out_hpID[506] = NaN
  out_hpID[507] = NaN
  out_hpID[508] = NaN
  out_hpID[509] = NaN
  out_hpID[510] = NaN
  out_hpID[511] = NaN
  out_hpID[512] = NaN
  out_hpID[513] = NaN
  out_hpID[514] = NaN
  out_hpID[515] = NaN
  out_hpID[516] = NaN
  out_hpID[517] = NaN
  out_hpID[518] = NaN
  out_hpID[519] = NaN
  out_hpID[520] = NaN
  out_hpID[521] = NaN
  out_hpID[522] = NaN
  out_hpID[523] = NaN
  out_hpID[524] = NaN
  out_hpID[525] = NaN
  out_hpID[526] = NaN
  out_hpID[527] = NaN
  out_hpID[528] = NaN
  out_hpID[529] = NaN
  out_hpID[530] = NaN
  out_hpID[531] = NaN
  out_hpID[532] = NaN
  out_hpID[533] = NaN
  out_hpID[534] = NaN
  out_hpID[535] = NaN
  out_hpID[536] = NaN
  out_hpID[537] = NaN
  out_hpID[538] = NaN
  out_hpID[539] = NaN
  out_hpID[540] = NaN
  out_hpID[541] = NaN
  out_hpID[542] = NaN
  out_hpID[543] = NaN
  out_hpID[544] = NaN
  out_hpID[545] = NaN
  out_hpID[546] = NaN
  out_hpID[547] = NaN
  out_hpID[548] = NaN
  out_hpID[549] = NaN
  out_hpID[550] = NaN
  out_hpID[551] = NaN
  out_hpID[552] = NaN
  out_hpID[553] = NaN
  out_hpID[554] = NaN
  out_hpID[555] = NaN
  out_hpID[556] = NaN
  out_hpID[557] = NaN
  out_hpID[558] = NaN
  out_hpID[559] = NaN
  out_hpID[560] = NaN
  out_hpID[561] = NaN
  out_hpID[562] = NaN
  out_hpID[563] = NaN
  out_hpID[564] = NaN
  out_hpID[565] = NaN
  out_hpID[566] = NaN
  out_hpID[567] = NaN
  out_hpID[568] = NaN
  out_hpID[569] = NaN
  out_hpID[570] = NaN
  out_hpID[571] = NaN
  out_hpID[572] = NaN
  out_hpID[573] = NaN
  out_hpID[574] = NaN
  out_hpID[575] = NaN
  out_hpID[576] = NaN
  out_hpID[577] = NaN
  out_hpID[578] = NaN
  out_hpID[579] = NaN
  out_hpID[580] = NaN
  out_hpID[581] = NaN
  out_hpID[582] = NaN
  out_hpID[583] = NaN
  out_hpID[584] = NaN
  out_hpID[585] = NaN
  out_hpID[586] = NaN
  out_hpID[587] = NaN
  out_hpID[588] = NaN
  out_hpID[589] = NaN
  out_hpID[590] = NaN
  out_hpID[591] = NaN
  out_hpID[592] = NaN
  out_hpID[593] = NaN
  out_hpID[594] = NaN
  out_hpID[595] = NaN
  out_hpID[596] = NaN
  out_hpID[597] = NaN
  out_hpID[598] = NaN
  out_hpID[599] = NaN
  out_hpID[600] = NaN
  out_hpID[601] = NaN
  out_hpID[602] = NaN
  out_hpID[603] = NaN
  out_hpID[604] = NaN
  out_hpID[605] = NaN
  out_hpID[606] = NaN
  out_hpID[607] = NaN
  out_hpID[608] = NaN
  out_hpID[609] = NaN
  out_hpID[610] = NaN
  out_hpID[611] = NaN
  out_hpID[612] = NaN
  out_hpID[613] = NaN
  out_hpID[614] = NaN
  out_hpID[615] = NaN
  out_hpID[616] = NaN
  out_hpID[617] = NaN
  out_hpID[618] = NaN
  out_hpID[619] = NaN
  out_hpID[620] = NaN
  out_hpID[621] = NaN
  out_hpID[622] = NaN
  out_hpID[623] = NaN
  out_hpID[624] = NaN
  out_hpID[625] = NaN
  out_hpID[626] = NaN
  out_hpID[627] = NaN
  out_hpID[628] = NaN
  out_hpID[629] = NaN
  out_hpID[630] = NaN
  out_hpID[631] = NaN
  out_hpID[632] = NaN
  out_hpID[633] = NaN
  out_hpID[634] = NaN
  out_hpID[635] = NaN
  out_hpID[636] = NaN
  out_hpID[637] = NaN
  out_hpID[638] = NaN
  out_hpID[639] = NaN
  out_hpID[640] = NaN
  out_hpID[641] = NaN
  out_hpID[642] = NaN
  out_hpID[643] = NaN
  out_hpID[644] = NaN
  out_hpID[645] = NaN
  out_hpID[646] = NaN
  out_hpID[647] = NaN
  out_hpID[648] = NaN
  out_hpID[649] = NaN
  out_hpID[650] = NaN
  out_hpID[651] = NaN
  out_hpID[652] = NaN
  out_hpID[653] = NaN
  out_hpID[654] = NaN
  out_hpID[655] = NaN
  out_hpID[656] = NaN
  out_hpID[657] = NaN
  out_hpID[658] = NaN
  out_hpID[659] = NaN
  out_hpID[660] = NaN
  out_hpID[661] = NaN
  out_hpID[662] = NaN
  out_hpID[663] = NaN
  out_hpID[664] = NaN
  out_hpID[665] = NaN
  out_hpID[666] = NaN
  out_hpID[667] = NaN
  out_hpID[668] = NaN
  out_hpID[669] = NaN
  out_hpID[670] = NaN
  out_hpID[671] = NaN
  out_hpID[672] = NaN
  out_hpID[673] = NaN
  out_hpID[674] = NaN
  out_hpID[675] = NaN
  out_hpID[676] = NaN
  out_hpID[677] = NaN
  out_hpID[678] = NaN
  out_hpID[679] = NaN
  out_hpID[680] = NaN
  out_hpID[681] = NaN
  out_hpID[682] = NaN
  out_hpID[683] = NaN
  out_hpID[684] = NaN
  out_modelYearID[1] = 2020
  out_modelYearID[2] = 2019
  out_modelYearID[3] = 2018
  out_modelYearID[4] = 2017
  out_modelYearID[5] = 2016
  out_modelYearID[6] = 2015
  out_modelYearID[7] = 2014
  out_modelYearID[8] = 2013
  out_modelYearID[9] = 2012
  out_modelYearID[10] = 2011
  out_modelYearID[11] = 2010
  out_modelYearID[12] = 2009
  out_modelYearID[13] = 2008
  out_modelYearID[14] = 2007
  out_modelYearID[15] = 2006
  out_modelYearID[16] = 2005
  out_modelYearID[17] = 2004
  out_modelYearID[18] = 2003
  out_modelYearID[19] = 2002
  out_modelYearID[20] = 2001
  out_modelYearID[21] = 2000
  out_modelYearID[22] = 1999
  out_modelYearID[23] = 1998
  out_modelYearID[24] = 1997
  out_modelYearID[25] = 1996
  out_modelYearID[26] = 1995
  out_modelYearID[27] = 1994
  out_modelYearID[28] = 1993
  out_modelYearID[29] = 1992
  out_modelYearID[30] = 1991
  out_modelYearID[31] = 1990
  out_modelYearID[32] = 1989
  out_modelYearID[33] = 1988
  out_modelYearID[34] = 1987
  out_modelYearID[35] = 1986
  out_modelYearID[36] = 1985
  out_modelYearID[37] = 1984
  out_modelYearID[38] = 1983
  out_modelYearID[39] = 1982
  out_modelYearID[40] = 1981
  out_modelYearID[41] = 1980
  out_modelYearID[42] = 2019
  out_modelYearID[43] = 2018
  out_modelYearID[44] = 2017
  out_modelYearID[45] = 2016
  out_modelYearID[46] = 2015
  out_modelYearID[47] = 2014
  out_modelYearID[48] = 2013
  out_modelYearID[49] = 2012
  out_modelYearID[50] = 2011
  out_modelYearID[51] = 2010
  out_modelYearID[52] = 2009
  out_modelYearID[53] = 2008
  out_modelYearID[54] = 2007
  out_modelYearID[55] = 2006
  out_modelYearID[56] = 2005
  out_modelYearID[57] = 2004
  out_modelYearID[58] = 2003
  out_modelYearID[59] = 2002
  out_modelYearID[60] = 2001
  out_modelYearID[61] = 2000
  out_modelYearID[62] = 1999
  out_modelYearID[63] = 1998
  out_modelYearID[64] = 1997
  out_modelYearID[65] = 1996
  out_modelYearID[66] = 1995
  out_modelYearID[67] = 1994
  out_modelYearID[68] = 1993
  out_modelYearID[69] = 1992
  out_modelYearID[70] = 1991
  out_modelYearID[71] = 1990
  out_modelYearID[72] = 1989
  out_modelYearID[73] = 1988
  out_modelYearID[74] = 1987
  out_modelYearID[75] = 1986
  out_modelYearID[76] = 1985
  out_modelYearID[77] = 1984
  out_modelYearID[78] = 1983
  out_modelYearID[79] = 1982
  out_modelYearID[80] = 1981
  out_modelYearID[81] = 1980
  out_modelYearID[82] = 2020
  out_modelYearID[83] = 2019
  out_modelYearID[84] = 2018
  out_modelYearID[85] = 2017
  out_modelYearID[86] = 2016
  out_modelYearID[87] = 2015
  out_modelYearID[88] = 2014
  out_modelYearID[89] = 2013
  out_modelYearID[90] = 2012
  out_modelYearID[91] = 2011
  out_modelYearID[92] = 2010
  out_modelYearID[93] = 2009
  out_modelYearID[94] = 2008
  out_modelYearID[95] = 2007
  out_modelYearID[96] = 2006
  out_modelYearID[97] = 2005
  out_modelYearID[98] = 2004
  out_modelYearID[99] = 2003
  out_modelYearID[100] = 2002
  out_modelYearID[101] = 2001
  out_modelYearID[102] = 2000
  out_modelYearID[103] = 1999
  out_modelYearID[104] = 1998
  out_modelYearID[105] = 2020
  out_modelYearID[106] = 2019
  out_modelYearID[107] = 2018
  out_modelYearID[108] = 2017
  out_modelYearID[109] = 2016
  out_modelYearID[110] = 2015
  out_modelYearID[111] = 2014
  out_modelYearID[112] = 2013
  out_modelYearID[113] = 2012
  out_modelYearID[114] = 2011
  out_modelYearID[115] = 2010
  out_modelYearID[116] = 2009
  out_modelYearID[117] = 2008
  out_modelYearID[118] = 2007
  out_modelYearID[119] = 2006
  out_modelYearID[120] = 2005
  out_modelYearID[121] = 2004
  out_modelYearID[122] = 2003
  out_modelYearID[123] = 2002
  out_modelYearID[124] = 2001
  out_modelYearID[125] = 2020
  out_modelYearID[126] = 2019
  out_modelYearID[127] = 2018
  out_modelYearID[128] = 2017
  out_modelYearID[129] = 2016
  out_modelYearID[130] = 2015
  out_modelYearID[131] = 2014
  out_modelYearID[132] = 2013
  out_modelYearID[133] = 2012
  out_modelYearID[134] = 2011
  out_modelYearID[135] = 2010
  out_modelYearID[136] = 2009
  out_modelYearID[137] = 2008
  out_modelYearID[138] = 2007
  out_modelYearID[139] = 2006
  out_modelYearID[140] = 2005
  out_modelYearID[141] = 2004
  out_modelYearID[142] = 2003
  out_modelYearID[143] = 2002
  out_modelYearID[144] = 2001
  out_modelYearID[145] = 2000
  out_modelYearID[146] = 1999
  out_modelYearID[147] = 1998
  out_modelYearID[148] = 1997
  out_modelYearID[149] = 1996
  out_modelYearID[150] = 1995
  out_modelYearID[151] = 1994
  out_modelYearID[152] = 1993
  out_modelYearID[153] = 1992
  out_modelYearID[154] = 1991
  out_modelYearID[155] = 1990
  out_modelYearID[156] = 1989
  out_modelYearID[157] = 1988
  out_modelYearID[158] = 1987
  out_modelYearID[159] = 1986
  out_modelYearID[160] = 1985
  out_modelYearID[161] = 1984
  out_modelYearID[162] = 1983
  out_modelYearID[163] = 1982
  out_modelYearID[164] = 1981
  out_modelYearID[165] = 1980
  out_modelYearID[166] = 2019
  out_modelYearID[167] = 2018
  out_modelYearID[168] = 2017
  out_modelYearID[169] = 2016
  out_modelYearID[170] = 2015
  out_modelYearID[171] = 2014
  out_modelYearID[172] = 2013
  out_modelYearID[173] = 2012
  out_modelYearID[174] = 2011
  out_modelYearID[175] = 2010
  out_modelYearID[176] = 2009
  out_modelYearID[177] = 2008
  out_modelYearID[178] = 2007
  out_modelYearID[179] = 2006
  out_modelYearID[180] = 2005
  out_modelYearID[181] = 2004
  out_modelYearID[182] = 2003
  out_modelYearID[183] = 2002
  out_modelYearID[184] = 2001
  out_modelYearID[185] = 2000
  out_modelYearID[186] = 1999
  out_modelYearID[187] = 1998
  out_modelYearID[188] = 1997
  out_modelYearID[189] = 1996
  out_modelYearID[190] = 1995
  out_modelYearID[191] = 1994
  out_modelYearID[192] = 1993
  out_modelYearID[193] = 1992
  out_modelYearID[194] = 1991
  out_modelYearID[195] = 1990
  out_modelYearID[196] = 1989
  out_modelYearID[197] = 1988
  out_modelYearID[198] = 1987
  out_modelYearID[199] = 1986
  out_modelYearID[200] = 1985
  out_modelYearID[201] = 1984
  out_modelYearID[202] = 1983
  out_modelYearID[203] = 1982
  out_modelYearID[204] = 1981
  out_modelYearID[205] = 1980
  out_modelYearID[206] = 2020
  out_modelYearID[207] = 2019
  out_modelYearID[208] = 2018
  out_modelYearID[209] = 2017
  out_modelYearID[210] = 2016
  out_modelYearID[211] = 2015
  out_modelYearID[212] = 2014
  out_modelYearID[213] = 2013
  out_modelYearID[214] = 2012
  out_modelYearID[215] = 2011
  out_modelYearID[216] = 2010
  out_modelYearID[217] = 2009
  out_modelYearID[218] = 2008
  out_modelYearID[219] = 2007
  out_modelYearID[220] = 2006
  out_modelYearID[221] = 2005
  out_modelYearID[222] = 2004
  out_modelYearID[223] = 2003
  out_modelYearID[224] = 2002
  out_modelYearID[225] = 2001
  out_modelYearID[226] = 2000
  out_modelYearID[227] = 1999
  out_modelYearID[228] = 1998
  out_modelYearID[229] = 2020
  out_modelYearID[230] = 2019
  out_modelYearID[231] = 2018
  out_modelYearID[232] = 2017
  out_modelYearID[233] = 2016
  out_modelYearID[234] = 2015
  out_modelYearID[235] = 2014
  out_modelYearID[236] = 2013
  out_modelYearID[237] = 2012
  out_modelYearID[238] = 2011
  out_modelYearID[239] = 2010
  out_modelYearID[240] = 2009
  out_modelYearID[241] = 2008
  out_modelYearID[242] = 2007
  out_modelYearID[243] = 2006
  out_modelYearID[244] = 2005
  out_modelYearID[245] = 2004
  out_modelYearID[246] = 2003
  out_modelYearID[247] = 2002
  out_modelYearID[248] = 2001
  out_modelYearID[249] = 2000
  out_modelYearID[250] = 1999
  out_modelYearID[251] = 1998
  out_modelYearID[252] = 1997
  out_modelYearID[253] = 1996
  out_modelYearID[254] = 1995
  out_modelYearID[255] = 1994
  out_modelYearID[256] = 1993
  out_modelYearID[257] = 1992
  out_modelYearID[258] = 1991
  out_modelYearID[259] = 1990
  out_modelYearID[260] = 1989
  out_modelYearID[261] = 1988
  out_modelYearID[262] = 1987
  out_modelYearID[263] = 1986
  out_modelYearID[264] = 1985
  out_modelYearID[265] = 1984
  out_modelYearID[266] = 1983
  out_modelYearID[267] = 1982
  out_modelYearID[268] = 1981
  out_modelYearID[269] = 1980
  out_modelYearID[270] = 2019
  out_modelYearID[271] = 2018
  out_modelYearID[272] = 2017
  out_modelYearID[273] = 2016
  out_modelYearID[274] = 2015
  out_modelYearID[275] = 2014
  out_modelYearID[276] = 2013
  out_modelYearID[277] = 2012
  out_modelYearID[278] = 2011
  out_modelYearID[279] = 2010
  out_modelYearID[280] = 2009
  out_modelYearID[281] = 2008
  out_modelYearID[282] = 2007
  out_modelYearID[283] = 2006
  out_modelYearID[284] = 2005
  out_modelYearID[285] = 2004
  out_modelYearID[286] = 2003
  out_modelYearID[287] = 2002
  out_modelYearID[288] = 2001
  out_modelYearID[289] = 2000
  out_modelYearID[290] = 1999
  out_modelYearID[291] = 1998
  out_modelYearID[292] = 1997
  out_modelYearID[293] = 1996
  out_modelYearID[294] = 1995
  out_modelYearID[295] = 1994
  out_modelYearID[296] = 1993
  out_modelYearID[297] = 1992
  out_modelYearID[298] = 1991
  out_modelYearID[299] = 1990
  out_modelYearID[300] = 1989
  out_modelYearID[301] = 1988
  out_modelYearID[302] = 1987
  out_modelYearID[303] = 1986
  out_modelYearID[304] = 1985
  out_modelYearID[305] = 1984
  out_modelYearID[306] = 1983
  out_modelYearID[307] = 1982
  out_modelYearID[308] = 1981
  out_modelYearID[309] = 1980
  out_modelYearID[310] = 2020
  out_modelYearID[311] = 2019
  out_modelYearID[312] = 2018
  out_modelYearID[313] = 2017
  out_modelYearID[314] = 2016
  out_modelYearID[315] = 2015
  out_modelYearID[316] = 2014
  out_modelYearID[317] = 2013
  out_modelYearID[318] = 2012
  out_modelYearID[319] = 2011
  out_modelYearID[320] = 2010
  out_modelYearID[321] = 2009
  out_modelYearID[322] = 2008
  out_modelYearID[323] = 2007
  out_modelYearID[324] = 2006
  out_modelYearID[325] = 2005
  out_modelYearID[326] = 2004
  out_modelYearID[327] = 2003
  out_modelYearID[328] = 2002
  out_modelYearID[329] = 2001
  out_modelYearID[330] = 2000
  out_modelYearID[331] = 1999
  out_modelYearID[332] = 1998
  out_modelYearID[333] = 2020
  out_modelYearID[334] = 2019
  out_modelYearID[335] = 2018
  out_modelYearID[336] = 2017
  out_modelYearID[337] = 2016
  out_modelYearID[338] = 2015
  out_modelYearID[339] = 2014
  out_modelYearID[340] = 2013
  out_modelYearID[341] = 2012
  out_modelYearID[342] = 2011
  out_modelYearID[343] = 2010
  out_modelYearID[344] = 2009
  out_modelYearID[345] = 2008
  out_modelYearID[346] = 2007
  out_modelYearID[347] = 2006
  out_modelYearID[348] = 2005
  out_modelYearID[349] = 2004
  out_modelYearID[350] = 2003
  out_modelYearID[351] = 2002
  out_modelYearID[352] = 2001
  out_modelYearID[353] = 2020
  out_modelYearID[354] = 2019
  out_modelYearID[355] = 2018
  out_modelYearID[356] = 2017
  out_modelYearID[357] = 2016
  out_modelYearID[358] = 2015
  out_modelYearID[359] = 2014
  out_modelYearID[360] = 2013
  out_modelYearID[361] = 2012
  out_modelYearID[362] = 2011
  out_modelYearID[363] = 2010
  out_modelYearID[364] = 2009
  out_modelYearID[365] = 2008
  out_modelYearID[366] = 2007
  out_modelYearID[367] = 2006
  out_modelYearID[368] = 2005
  out_modelYearID[369] = 2004
  out_modelYearID[370] = 2003
  out_modelYearID[371] = 2002
  out_modelYearID[372] = 2001
  out_modelYearID[373] = 2000
  out_modelYearID[374] = 1999
  out_modelYearID[375] = 1998
  out_modelYearID[376] = 1997
  out_modelYearID[377] = 1996
  out_modelYearID[378] = 1995
  out_modelYearID[379] = 1994
  out_modelYearID[380] = 1993
  out_modelYearID[381] = 1992
  out_modelYearID[382] = 1991
  out_modelYearID[383] = 1990
  out_modelYearID[384] = 1989
  out_modelYearID[385] = 1988
  out_modelYearID[386] = 1987
  out_modelYearID[387] = 1986
  out_modelYearID[388] = 1985
  out_modelYearID[389] = 1984
  out_modelYearID[390] = 1983
  out_modelYearID[391] = 1982
  out_modelYearID[392] = 1981
  out_modelYearID[393] = 1980
  out_modelYearID[394] = 2019
  out_modelYearID[395] = 2018
  out_modelYearID[396] = 2017
  out_modelYearID[397] = 2016
  out_modelYearID[398] = 2015
  out_modelYearID[399] = 2014
  out_modelYearID[400] = 2013
  out_modelYearID[401] = 2012
  out_modelYearID[402] = 2011
  out_modelYearID[403] = 2010
  out_modelYearID[404] = 2009
  out_modelYearID[405] = 2008
  out_modelYearID[406] = 2007
  out_modelYearID[407] = 2006
  out_modelYearID[408] = 2005
  out_modelYearID[409] = 2004
  out_modelYearID[410] = 2003
  out_modelYearID[411] = 2002
  out_modelYearID[412] = 2001
  out_modelYearID[413] = 2000
  out_modelYearID[414] = 1999
  out_modelYearID[415] = 1998
  out_modelYearID[416] = 1997
  out_modelYearID[417] = 1996
  out_modelYearID[418] = 1995
  out_modelYearID[419] = 1994
  out_modelYearID[420] = 1993
  out_modelYearID[421] = 1992
  out_modelYearID[422] = 1991
  out_modelYearID[423] = 1990
  out_modelYearID[424] = 1989
  out_modelYearID[425] = 1988
  out_modelYearID[426] = 1987
  out_modelYearID[427] = 1986
  out_modelYearID[428] = 1985
  out_modelYearID[429] = 1984
  out_modelYearID[430] = 1983
  out_modelYearID[431] = 1982
  out_modelYearID[432] = 1981
  out_modelYearID[433] = 1980
  out_modelYearID[434] = 2020
  out_modelYearID[435] = 2019
  out_modelYearID[436] = 2018
  out_modelYearID[437] = 2017
  out_modelYearID[438] = 2016
  out_modelYearID[439] = 2015
  out_modelYearID[440] = 2014
  out_modelYearID[441] = 2013
  out_modelYearID[442] = 2012
  out_modelYearID[443] = 2011
  out_modelYearID[444] = 2010
  out_modelYearID[445] = 2009
  out_modelYearID[446] = 2008
  out_modelYearID[447] = 2007
  out_modelYearID[448] = 2006
  out_modelYearID[449] = 2005
  out_modelYearID[450] = 2004
  out_modelYearID[451] = 2003
  out_modelYearID[452] = 2002
  out_modelYearID[453] = 2001
  out_modelYearID[454] = 2000
  out_modelYearID[455] = 1999
  out_modelYearID[456] = 1998
  out_modelYearID[457] = 2020
  out_modelYearID[458] = 2019
  out_modelYearID[459] = 2018
  out_modelYearID[460] = 2017
  out_modelYearID[461] = 2016
  out_modelYearID[462] = 2015
  out_modelYearID[463] = 2014
  out_modelYearID[464] = 2013
  out_modelYearID[465] = 2012
  out_modelYearID[466] = 2011
  out_modelYearID[467] = 2010
  out_modelYearID[468] = 2009
  out_modelYearID[469] = 2008
  out_modelYearID[470] = 2007
  out_modelYearID[471] = 2006
  out_modelYearID[472] = 2005
  out_modelYearID[473] = 2004
  out_modelYearID[474] = 2003
  out_modelYearID[475] = 2002
  out_modelYearID[476] = 2001
  out_modelYearID[477] = 2000
  out_modelYearID[478] = 1999
  out_modelYearID[479] = 1998
  out_modelYearID[480] = 1997
  out_modelYearID[481] = 1996
  out_modelYearID[482] = 1995
  out_modelYearID[483] = 1994
  out_modelYearID[484] = 1993
  out_modelYearID[485] = 1992
  out_modelYearID[486] = 1991
  out_modelYearID[487] = 1990
  out_modelYearID[488] = 1989
  out_modelYearID[489] = 1988
  out_modelYearID[490] = 1987
  out_modelYearID[491] = 1986
  out_modelYearID[492] = 1985
  out_modelYearID[493] = 1984
  out_modelYearID[494] = 1983
  out_modelYearID[495] = 1982
  out_modelYearID[496] = 1981
  out_modelYearID[497] = 1980
  out_modelYearID[498] = 2019
  out_modelYearID[499] = 2018
  out_modelYearID[500] = 2017
  out_modelYearID[501] = 2016
  out_modelYearID[502] = 2015
  out_modelYearID[503] = 2014
  out_modelYearID[504] = 2013
  out_modelYearID[505] = 2012
  out_modelYearID[506] = 2011
  out_modelYearID[507] = 2010
  out_modelYearID[508] = 2009
  out_modelYearID[509] = 2008
  out_modelYearID[510] = 2007
  out_modelYearID[511] = 2006
  out_modelYearID[512] = 2005
  out_modelYearID[513] = 2004
  out_modelYearID[514] = 2003
  out_modelYearID[515] = 2002
  out_modelYearID[516] = 2001
  out_modelYearID[517] = 2000
  out_modelYearID[518] = 1999
  out_modelYearID[519] = 1998
  out_modelYearID[520] = 1997
  out_modelYearID[521] = 1996
  out_modelYearID[522] = 1995
  out_modelYearID[523] = 1994
  out_modelYearID[524] = 1993
  out_modelYearID[525] = 1992
  out_modelYearID[526] = 1991
  out_modelYearID[527] = 1990
  out_modelYearID[528] = 1989
  out_modelYearID[529] = 1988
  out_modelYearID[530] = 1987
  out_modelYearID[531] = 1986
  out_modelYearID[532] = 1985
  out_modelYearID[533] = 1984
  out_modelYearID[534] = 1983
  out_modelYearID[535] = 1982
  out_modelYearID[536] = 1981
  out_modelYearID[537] = 1980
  out_modelYearID[538] = 2020
  out_modelYearID[539] = 2019
  out_modelYearID[540] = 2018
  out_modelYearID[541] = 2017
  out_modelYearID[542] = 2016
  out_modelYearID[543] = 2015
  out_modelYearID[544] = 2014
  out_modelYearID[545] = 2013
  out_modelYearID[546] = 2012
  out_modelYearID[547] = 2011
  out_modelYearID[548] = 2010
  out_modelYearID[549] = 2009
  out_modelYearID[550] = 2008
  out_modelYearID[551] = 2007
  out_modelYearID[552] = 2006
  out_modelYearID[553] = 2005
  out_modelYearID[554] = 2004
  out_modelYearID[555] = 2003
  out_modelYearID[556] = 2002
  out_modelYearID[557] = 2001
  out_modelYearID[558] = 2000
  out_modelYearID[559] = 1999
  out_modelYearID[560] = 1998
  out_modelYearID[561] = 2020
  out_modelYearID[562] = 2019
  out_modelYearID[563] = 2018
  out_modelYearID[564] = 2017
  out_modelYearID[565] = 2016
  out_modelYearID[566] = 2015
  out_modelYearID[567] = 2014
  out_modelYearID[568] = 2013
  out_modelYearID[569] = 2012
  out_modelYearID[570] = 2011
  out_modelYearID[571] = 2010
  out_modelYearID[572] = 2009
  out_modelYearID[573] = 2008
  out_modelYearID[574] = 2007
  out_modelYearID[575] = 2006
  out_modelYearID[576] = 2005
  out_modelYearID[577] = 2004
  out_modelYearID[578] = 2003
  out_modelYearID[579] = 2002
  out_modelYearID[580] = 2001
  out_modelYearID[581] = 2020
  out_modelYearID[582] = 2019
  out_modelYearID[583] = 2018
  out_modelYearID[584] = 2017
  out_modelYearID[585] = 2016
  out_modelYearID[586] = 2015
  out_modelYearID[587] = 2014
  out_modelYearID[588] = 2013
  out_modelYearID[589] = 2012
  out_modelYearID[590] = 2011
  out_modelYearID[591] = 2010
  out_modelYearID[592] = 2009
  out_modelYearID[593] = 2008
  out_modelYearID[594] = 2007
  out_modelYearID[595] = 2006
  out_modelYearID[596] = 2005
  out_modelYearID[597] = 2004
  out_modelYearID[598] = 2003
  out_modelYearID[599] = 2002
  out_modelYearID[600] = 2001
  out_modelYearID[601] = 2000
  out_modelYearID[602] = 1999
  out_modelYearID[603] = 1998
  out_modelYearID[604] = 1997
  out_modelYearID[605] = 1996
  out_modelYearID[606] = 1995
  out_modelYearID[607] = 1994
  out_modelYearID[608] = 1993
  out_modelYearID[609] = 1992
  out_modelYearID[610] = 1991
  out_modelYearID[611] = 1990
  out_modelYearID[612] = 1989
  out_modelYearID[613] = 1988
  out_modelYearID[614] = 1987
  out_modelYearID[615] = 1986
  out_modelYearID[616] = 1985
  out_modelYearID[617] = 1984
  out_modelYearID[618] = 1983
  out_modelYearID[619] = 1982
  out_modelYearID[620] = 1981
  out_modelYearID[621] = 1980
  out_modelYearID[622] = 2019
  out_modelYearID[623] = 2018
  out_modelYearID[624] = 2017
  out_modelYearID[625] = 2016
  out_modelYearID[626] = 2015
  out_modelYearID[627] = 2014
  out_modelYearID[628] = 2013
  out_modelYearID[629] = 2012
  out_modelYearID[630] = 2011
  out_modelYearID[631] = 2010
  out_modelYearID[632] = 2009
  out_modelYearID[633] = 2008
  out_modelYearID[634] = 2007
  out_modelYearID[635] = 2006
  out_modelYearID[636] = 2005
  out_modelYearID[637] = 2004
  out_modelYearID[638] = 2003
  out_modelYearID[639] = 2002
  out_modelYearID[640] = 2001
  out_modelYearID[641] = 2000
  out_modelYearID[642] = 1999
  out_modelYearID[643] = 1998
  out_modelYearID[644] = 1997
  out_modelYearID[645] = 1996
  out_modelYearID[646] = 1995
  out_modelYearID[647] = 1994
  out_modelYearID[648] = 1993
  out_modelYearID[649] = 1992
  out_modelYearID[650] = 1991
  out_modelYearID[651] = 1990
  out_modelYearID[652] = 1989
  out_modelYearID[653] = 1988
  out_modelYearID[654] = 1987
  out_modelYearID[655] = 1986
  out_modelYearID[656] = 1985
  out_modelYearID[657] = 1984
  out_modelYearID[658] = 1983
  out_modelYearID[659] = 1982
  out_modelYearID[660] = 1981
  out_modelYearID[661] = 1980
  out_modelYearID[662] = 2020
  out_modelYearID[663] = 2019
  out_modelYearID[664] = 2018
  out_modelYearID[665] = 2017
  out_modelYearID[666] = 2016
  out_modelYearID[667] = 2015
  out_modelYearID[668] = 2014
  out_modelYearID[669] = 2013
  out_modelYearID[670] = 2012
  out_modelYearID[671] = 2011
  out_modelYearID[672] = 2010
  out_modelYearID[673] = 2009
  out_modelYearID[674] = 2008
  out_modelYearID[675] = 2007
  out_modelYearID[676] = 2006
  out_modelYearID[677] = 2005
  out_modelYearID[678] = 2004
  out_modelYearID[679] = 2003
  out_modelYearID[680] = 2002
  out_modelYearID[681] = 2001
  out_modelYearID[682] = 2000
  out_modelYearID[683] = 1999
  out_modelYearID[684] = 1998
  out_fuelTypeID[1] = 1
  out_fuelTypeID[2] = 1
  out_fuelTypeID[3] = 1
  out_fuelTypeID[4] = 1
  out_fuelTypeID[5] = 1
  out_fuelTypeID[6] = 1
  out_fuelTypeID[7] = 1
  out_fuelTypeID[8] = 1
  out_fuelTypeID[9] = 1
  out_fuelTypeID[10] = 1
  out_fuelTypeID[11] = 1
  out_fuelTypeID[12] = 1
  out_fuelTypeID[13] = 1
  out_fuelTypeID[14] = 1
  out_fuelTypeID[15] = 1
  out_fuelTypeID[16] = 1
  out_fuelTypeID[17] = 1
  out_fuelTypeID[18] = 1
  out_fuelTypeID[19] = 1
  out_fuelTypeID[20] = 1
  out_fuelTypeID[21] = 1
  out_fuelTypeID[22] = 1
  out_fuelTypeID[23] = 1
  out_fuelTypeID[24] = 1
  out_fuelTypeID[25] = 1
  out_fuelTypeID[26] = 1
  out_fuelTypeID[27] = 1
  out_fuelTypeID[28] = 1
  out_fuelTypeID[29] = 1
  out_fuelTypeID[30] = 1
  out_fuelTypeID[31] = 1
  out_fuelTypeID[32] = 1
  out_fuelTypeID[33] = 1
  out_fuelTypeID[34] = 1
  out_fuelTypeID[35] = 1
  out_fuelTypeID[36] = 1
  out_fuelTypeID[37] = 1
  out_fuelTypeID[38] = 1
  out_fuelTypeID[39] = 1
  out_fuelTypeID[40] = 1
  out_fuelTypeID[41] = 1
  out_fuelTypeID[42] = 2
  out_fuelTypeID[43] = 2
  out_fuelTypeID[44] = 2
  out_fuelTypeID[45] = 2
  out_fuelTypeID[46] = 2
  out_fuelTypeID[47] = 2
  out_fuelTypeID[48] = 2
  out_fuelTypeID[49] = 2
  out_fuelTypeID[50] = 2
  out_fuelTypeID[51] = 2
  out_fuelTypeID[52] = 2
  out_fuelTypeID[53] = 2
  out_fuelTypeID[54] = 2
  out_fuelTypeID[55] = 2
  out_fuelTypeID[56] = 2
  out_fuelTypeID[57] = 2
  out_fuelTypeID[58] = 2
  out_fuelTypeID[59] = 2
  out_fuelTypeID[60] = 2
  out_fuelTypeID[61] = 2
  out_fuelTypeID[62] = 2
  out_fuelTypeID[63] = 2
  out_fuelTypeID[64] = 2
  out_fuelTypeID[65] = 2
  out_fuelTypeID[66] = 2
  out_fuelTypeID[67] = 2
  out_fuelTypeID[68] = 2
  out_fuelTypeID[69] = 2
  out_fuelTypeID[70] = 2
  out_fuelTypeID[71] = 2
  out_fuelTypeID[72] = 2
  out_fuelTypeID[73] = 2
  out_fuelTypeID[74] = 2
  out_fuelTypeID[75] = 2
  out_fuelTypeID[76] = 2
  out_fuelTypeID[77] = 2
  out_fuelTypeID[78] = 2
  out_fuelTypeID[79] = 2
  out_fuelTypeID[80] = 2
  out_fuelTypeID[81] = 2
  out_fuelTypeID[82] = 5
  out_fuelTypeID[83] = 5
  out_fuelTypeID[84] = 5
  out_fuelTypeID[85] = 5
  out_fuelTypeID[86] = 5
  out_fuelTypeID[87] = 5
  out_fuelTypeID[88] = 5
  out_fuelTypeID[89] = 5
  out_fuelTypeID[90] = 5
  out_fuelTypeID[91] = 5
  out_fuelTypeID[92] = 5
  out_fuelTypeID[93] = 5
  out_fuelTypeID[94] = 5
  out_fuelTypeID[95] = 5
  out_fuelTypeID[96] = 5
  out_fuelTypeID[97] = 5
  out_fuelTypeID[98] = 5
  out_fuelTypeID[99] = 5
  out_fuelTypeID[100] = 5
  out_fuelTypeID[101] = 5
  out_fuelTypeID[102] = 5
  out_fuelTypeID[103] = 5
  out_fuelTypeID[104] = 5
  out_fuelTypeID[105] = 9
  out_fuelTypeID[106] = 9
  out_fuelTypeID[107] = 9
  out_fuelTypeID[108] = 9
  out_fuelTypeID[109] = 9
  out_fuelTypeID[110] = 9
  out_fuelTypeID[111] = 9
  out_fuelTypeID[112] = 9
  out_fuelTypeID[113] = 9
  out_fuelTypeID[114] = 9
  out_fuelTypeID[115] = 9
  out_fuelTypeID[116] = 9
  out_fuelTypeID[117] = 9
  out_fuelTypeID[118] = 9
  out_fuelTypeID[119] = 9
  out_fuelTypeID[120] = 9
  out_fuelTypeID[121] = 9
  out_fuelTypeID[122] = 9
  out_fuelTypeID[123] = 9
  out_fuelTypeID[124] = 9
  out_fuelTypeID[125] = 1
  out_fuelTypeID[126] = 1
  out_fuelTypeID[127] = 1
  out_fuelTypeID[128] = 1
  out_fuelTypeID[129] = 1
  out_fuelTypeID[130] = 1
  out_fuelTypeID[131] = 1
  out_fuelTypeID[132] = 1
  out_fuelTypeID[133] = 1
  out_fuelTypeID[134] = 1
  out_fuelTypeID[135] = 1
  out_fuelTypeID[136] = 1
  out_fuelTypeID[137] = 1
  out_fuelTypeID[138] = 1
  out_fuelTypeID[139] = 1
  out_fuelTypeID[140] = 1
  out_fuelTypeID[141] = 1
  out_fuelTypeID[142] = 1
  out_fuelTypeID[143] = 1
  out_fuelTypeID[144] = 1
  out_fuelTypeID[145] = 1
  out_fuelTypeID[146] = 1
  out_fuelTypeID[147] = 1
  out_fuelTypeID[148] = 1
  out_fuelTypeID[149] = 1
  out_fuelTypeID[150] = 1
  out_fuelTypeID[151] = 1
  out_fuelTypeID[152] = 1
  out_fuelTypeID[153] = 1
  out_fuelTypeID[154] = 1
  out_fuelTypeID[155] = 1
  out_fuelTypeID[156] = 1
  out_fuelTypeID[157] = 1
  out_fuelTypeID[158] = 1
  out_fuelTypeID[159] = 1
  out_fuelTypeID[160] = 1
  out_fuelTypeID[161] = 1
  out_fuelTypeID[162] = 1
  out_fuelTypeID[163] = 1
  out_fuelTypeID[164] = 1
  out_fuelTypeID[165] = 1
  out_fuelTypeID[166] = 2
  out_fuelTypeID[167] = 2
  out_fuelTypeID[168] = 2
  out_fuelTypeID[169] = 2
  out_fuelTypeID[170] = 2
  out_fuelTypeID[171] = 2
  out_fuelTypeID[172] = 2
  out_fuelTypeID[173] = 2
  out_fuelTypeID[174] = 2
  out_fuelTypeID[175] = 2
  out_fuelTypeID[176] = 2
  out_fuelTypeID[177] = 2
  out_fuelTypeID[178] = 2
  out_fuelTypeID[179] = 2
  out_fuelTypeID[180] = 2
  out_fuelTypeID[181] = 2
  out_fuelTypeID[182] = 2
  out_fuelTypeID[183] = 2
  out_fuelTypeID[184] = 2
  out_fuelTypeID[185] = 2
  out_fuelTypeID[186] = 2
  out_fuelTypeID[187] = 2
  out_fuelTypeID[188] = 2
  out_fuelTypeID[189] = 2
  out_fuelTypeID[190] = 2
  out_fuelTypeID[191] = 2
  out_fuelTypeID[192] = 2
  out_fuelTypeID[193] = 2
  out_fuelTypeID[194] = 2
  out_fuelTypeID[195] = 2
  out_fuelTypeID[196] = 2
  out_fuelTypeID[197] = 2
  out_fuelTypeID[198] = 2
  out_fuelTypeID[199] = 2
  out_fuelTypeID[200] = 2
  out_fuelTypeID[201] = 2
  out_fuelTypeID[202] = 2
  out_fuelTypeID[203] = 2
  out_fuelTypeID[204] = 2
  out_fuelTypeID[205] = 2
  out_fuelTypeID[206] = 5
  out_fuelTypeID[207] = 5
  out_fuelTypeID[208] = 5
  out_fuelTypeID[209] = 5
  out_fuelTypeID[210] = 5
  out_fuelTypeID[211] = 5
  out_fuelTypeID[212] = 5
  out_fuelTypeID[213] = 5
  out_fuelTypeID[214] = 5
  out_fuelTypeID[215] = 5
  out_fuelTypeID[216] = 5
  out_fuelTypeID[217] = 5
  out_fuelTypeID[218] = 5
  out_fuelTypeID[219] = 5
  out_fuelTypeID[220] = 5
  out_fuelTypeID[221] = 5
  out_fuelTypeID[222] = 5
  out_fuelTypeID[223] = 5
  out_fuelTypeID[224] = 5
  out_fuelTypeID[225] = 5
  out_fuelTypeID[226] = 5
  out_fuelTypeID[227] = 5
  out_fuelTypeID[228] = 5
  out_fuelTypeID[229] = 1
  out_fuelTypeID[230] = 1
  out_fuelTypeID[231] = 1
  out_fuelTypeID[232] = 1
  out_fuelTypeID[233] = 1
  out_fuelTypeID[234] = 1
  out_fuelTypeID[235] = 1
  out_fuelTypeID[236] = 1
  out_fuelTypeID[237] = 1
  out_fuelTypeID[238] = 1
  out_fuelTypeID[239] = 1
  out_fuelTypeID[240] = 1
  out_fuelTypeID[241] = 1
  out_fuelTypeID[242] = 1
  out_fuelTypeID[243] = 1
  out_fuelTypeID[244] = 1
  out_fuelTypeID[245] = 1
  out_fuelTypeID[246] = 1
  out_fuelTypeID[247] = 1
  out_fuelTypeID[248] = 1
  out_fuelTypeID[249] = 1
  out_fuelTypeID[250] = 1
  out_fuelTypeID[251] = 1
  out_fuelTypeID[252] = 1
  out_fuelTypeID[253] = 1
  out_fuelTypeID[254] = 1
  out_fuelTypeID[255] = 1
  out_fuelTypeID[256] = 1
  out_fuelTypeID[257] = 1
  out_fuelTypeID[258] = 1
  out_fuelTypeID[259] = 1
  out_fuelTypeID[260] = 1
  out_fuelTypeID[261] = 1
  out_fuelTypeID[262] = 1
  out_fuelTypeID[263] = 1
  out_fuelTypeID[264] = 1
  out_fuelTypeID[265] = 1
  out_fuelTypeID[266] = 1
  out_fuelTypeID[267] = 1
  out_fuelTypeID[268] = 1
  out_fuelTypeID[269] = 1
  out_fuelTypeID[270] = 2
  out_fuelTypeID[271] = 2
  out_fuelTypeID[272] = 2
  out_fuelTypeID[273] = 2
  out_fuelTypeID[274] = 2
  out_fuelTypeID[275] = 2
  out_fuelTypeID[276] = 2
  out_fuelTypeID[277] = 2
  out_fuelTypeID[278] = 2
  out_fuelTypeID[279] = 2
  out_fuelTypeID[280] = 2
  out_fuelTypeID[281] = 2
  out_fuelTypeID[282] = 2
  out_fuelTypeID[283] = 2
  out_fuelTypeID[284] = 2
  out_fuelTypeID[285] = 2
  out_fuelTypeID[286] = 2
  out_fuelTypeID[287] = 2
  out_fuelTypeID[288] = 2
  out_fuelTypeID[289] = 2
  out_fuelTypeID[290] = 2
  out_fuelTypeID[291] = 2
  out_fuelTypeID[292] = 2
  out_fuelTypeID[293] = 2
  out_fuelTypeID[294] = 2
  out_fuelTypeID[295] = 2
  out_fuelTypeID[296] = 2
  out_fuelTypeID[297] = 2
  out_fuelTypeID[298] = 2
  out_fuelTypeID[299] = 2
  out_fuelTypeID[300] = 2
  out_fuelTypeID[301] = 2
  out_fuelTypeID[302] = 2
  out_fuelTypeID[303] = 2
  out_fuelTypeID[304] = 2
  out_fuelTypeID[305] = 2
  out_fuelTypeID[306] = 2
  out_fuelTypeID[307] = 2
  out_fuelTypeID[308] = 2
  out_fuelTypeID[309] = 2
  out_fuelTypeID[310] = 5
  out_fuelTypeID[311] = 5
  out_fuelTypeID[312] = 5
  out_fuelTypeID[313] = 5
  out_fuelTypeID[314] = 5
  out_fuelTypeID[315] = 5
  out_fuelTypeID[316] = 5
  out_fuelTypeID[317] = 5
  out_fuelTypeID[318] = 5
  out_fuelTypeID[319] = 5
  out_fuelTypeID[320] = 5
  out_fuelTypeID[321] = 5
  out_fuelTypeID[322] = 5
  out_fuelTypeID[323] = 5
  out_fuelTypeID[324] = 5
  out_fuelTypeID[325] = 5
  out_fuelTypeID[326] = 5
  out_fuelTypeID[327] = 5
  out_fuelTypeID[328] = 5
  out_fuelTypeID[329] = 5
  out_fuelTypeID[330] = 5
  out_fuelTypeID[331] = 5
  out_fuelTypeID[332] = 5
  out_fuelTypeID[333] = 9
  out_fuelTypeID[334] = 9
  out_fuelTypeID[335] = 9
  out_fuelTypeID[336] = 9
  out_fuelTypeID[337] = 9
  out_fuelTypeID[338] = 9
  out_fuelTypeID[339] = 9
  out_fuelTypeID[340] = 9
  out_fuelTypeID[341] = 9
  out_fuelTypeID[342] = 9
  out_fuelTypeID[343] = 9
  out_fuelTypeID[344] = 9
  out_fuelTypeID[345] = 9
  out_fuelTypeID[346] = 9
  out_fuelTypeID[347] = 9
  out_fuelTypeID[348] = 9
  out_fuelTypeID[349] = 9
  out_fuelTypeID[350] = 9
  out_fuelTypeID[351] = 9
  out_fuelTypeID[352] = 9
  out_fuelTypeID[353] = 1
  out_fuelTypeID[354] = 1
  out_fuelTypeID[355] = 1
  out_fuelTypeID[356] = 1
  out_fuelTypeID[357] = 1
  out_fuelTypeID[358] = 1
  out_fuelTypeID[359] = 1
  out_fuelTypeID[360] = 1
  out_fuelTypeID[361] = 1
  out_fuelTypeID[362] = 1
  out_fuelTypeID[363] = 1
  out_fuelTypeID[364] = 1
  out_fuelTypeID[365] = 1
  out_fuelTypeID[366] = 1
  out_fuelTypeID[367] = 1
  out_fuelTypeID[368] = 1
  out_fuelTypeID[369] = 1
  out_fuelTypeID[370] = 1
  out_fuelTypeID[371] = 1
  out_fuelTypeID[372] = 1
  out_fuelTypeID[373] = 1
  out_fuelTypeID[374] = 1
  out_fuelTypeID[375] = 1
  out_fuelTypeID[376] = 1
  out_fuelTypeID[377] = 1
  out_fuelTypeID[378] = 1
  out_fuelTypeID[379] = 1
  out_fuelTypeID[380] = 1
  out_fuelTypeID[381] = 1
  out_fuelTypeID[382] = 1
  out_fuelTypeID[383] = 1
  out_fuelTypeID[384] = 1
  out_fuelTypeID[385] = 1
  out_fuelTypeID[386] = 1
  out_fuelTypeID[387] = 1
  out_fuelTypeID[388] = 1
  out_fuelTypeID[389] = 1
  out_fuelTypeID[390] = 1
  out_fuelTypeID[391] = 1
  out_fuelTypeID[392] = 1
  out_fuelTypeID[393] = 1
  out_fuelTypeID[394] = 2
  out_fuelTypeID[395] = 2
  out_fuelTypeID[396] = 2
  out_fuelTypeID[397] = 2
  out_fuelTypeID[398] = 2
  out_fuelTypeID[399] = 2
  out_fuelTypeID[400] = 2
  out_fuelTypeID[401] = 2
  out_fuelTypeID[402] = 2
  out_fuelTypeID[403] = 2
  out_fuelTypeID[404] = 2
  out_fuelTypeID[405] = 2
  out_fuelTypeID[406] = 2
  out_fuelTypeID[407] = 2
  out_fuelTypeID[408] = 2
  out_fuelTypeID[409] = 2
  out_fuelTypeID[410] = 2
  out_fuelTypeID[411] = 2
  out_fuelTypeID[412] = 2
  out_fuelTypeID[413] = 2
  out_fuelTypeID[414] = 2
  out_fuelTypeID[415] = 2
  out_fuelTypeID[416] = 2
  out_fuelTypeID[417] = 2
  out_fuelTypeID[418] = 2
  out_fuelTypeID[419] = 2
  out_fuelTypeID[420] = 2
  out_fuelTypeID[421] = 2
  out_fuelTypeID[422] = 2
  out_fuelTypeID[423] = 2
  out_fuelTypeID[424] = 2
  out_fuelTypeID[425] = 2
  out_fuelTypeID[426] = 2
  out_fuelTypeID[427] = 2
  out_fuelTypeID[428] = 2
  out_fuelTypeID[429] = 2
  out_fuelTypeID[430] = 2
  out_fuelTypeID[431] = 2
  out_fuelTypeID[432] = 2
  out_fuelTypeID[433] = 2
  out_fuelTypeID[434] = 5
  out_fuelTypeID[435] = 5
  out_fuelTypeID[436] = 5
  out_fuelTypeID[437] = 5
  out_fuelTypeID[438] = 5
  out_fuelTypeID[439] = 5
  out_fuelTypeID[440] = 5
  out_fuelTypeID[441] = 5
  out_fuelTypeID[442] = 5
  out_fuelTypeID[443] = 5
  out_fuelTypeID[444] = 5
  out_fuelTypeID[445] = 5
  out_fuelTypeID[446] = 5
  out_fuelTypeID[447] = 5
  out_fuelTypeID[448] = 5
  out_fuelTypeID[449] = 5
  out_fuelTypeID[450] = 5
  out_fuelTypeID[451] = 5
  out_fuelTypeID[452] = 5
  out_fuelTypeID[453] = 5
  out_fuelTypeID[454] = 5
  out_fuelTypeID[455] = 5
  out_fuelTypeID[456] = 5
  out_fuelTypeID[457] = 1
  out_fuelTypeID[458] = 1
  out_fuelTypeID[459] = 1
  out_fuelTypeID[460] = 1
  out_fuelTypeID[461] = 1
  out_fuelTypeID[462] = 1
  out_fuelTypeID[463] = 1
  out_fuelTypeID[464] = 1
  out_fuelTypeID[465] = 1
  out_fuelTypeID[466] = 1
  out_fuelTypeID[467] = 1
  out_fuelTypeID[468] = 1
  out_fuelTypeID[469] = 1
  out_fuelTypeID[470] = 1
  out_fuelTypeID[471] = 1
  out_fuelTypeID[472] = 1
  out_fuelTypeID[473] = 1
  out_fuelTypeID[474] = 1
  out_fuelTypeID[475] = 1
  out_fuelTypeID[476] = 1
  out_fuelTypeID[477] = 1
  out_fuelTypeID[478] = 1
  out_fuelTypeID[479] = 1
  out_fuelTypeID[480] = 1
  out_fuelTypeID[481] = 1
  out_fuelTypeID[482] = 1
  out_fuelTypeID[483] = 1
  out_fuelTypeID[484] = 1
  out_fuelTypeID[485] = 1
  out_fuelTypeID[486] = 1
  out_fuelTypeID[487] = 1
  out_fuelTypeID[488] = 1
  out_fuelTypeID[489] = 1
  out_fuelTypeID[490] = 1
  out_fuelTypeID[491] = 1
  out_fuelTypeID[492] = 1
  out_fuelTypeID[493] = 1
  out_fuelTypeID[494] = 1
  out_fuelTypeID[495] = 1
  out_fuelTypeID[496] = 1
  out_fuelTypeID[497] = 1
  out_fuelTypeID[498] = 2
  out_fuelTypeID[499] = 2
  out_fuelTypeID[500] = 2
  out_fuelTypeID[501] = 2
  out_fuelTypeID[502] = 2
  out_fuelTypeID[503] = 2
  out_fuelTypeID[504] = 2
  out_fuelTypeID[505] = 2
  out_fuelTypeID[506] = 2
  out_fuelTypeID[507] = 2
  out_fuelTypeID[508] = 2
  out_fuelTypeID[509] = 2
  out_fuelTypeID[510] = 2
  out_fuelTypeID[511] = 2
  out_fuelTypeID[512] = 2
  out_fuelTypeID[513] = 2
  out_fuelTypeID[514] = 2
  out_fuelTypeID[515] = 2
  out_fuelTypeID[516] = 2
  out_fuelTypeID[517] = 2
  out_fuelTypeID[518] = 2
  out_fuelTypeID[519] = 2
  out_fuelTypeID[520] = 2
  out_fuelTypeID[521] = 2
  out_fuelTypeID[522] = 2
  out_fuelTypeID[523] = 2
  out_fuelTypeID[524] = 2
  out_fuelTypeID[525] = 2
  out_fuelTypeID[526] = 2
  out_fuelTypeID[527] = 2
  out_fuelTypeID[528] = 2
  out_fuelTypeID[529] = 2
  out_fuelTypeID[530] = 2
  out_fuelTypeID[531] = 2
  out_fuelTypeID[532] = 2
  out_fuelTypeID[533] = 2
  out_fuelTypeID[534] = 2
  out_fuelTypeID[535] = 2
  out_fuelTypeID[536] = 2
  out_fuelTypeID[537] = 2
  out_fuelTypeID[538] = 5
  out_fuelTypeID[539] = 5
  out_fuelTypeID[540] = 5
  out_fuelTypeID[541] = 5
  out_fuelTypeID[542] = 5
  out_fuelTypeID[543] = 5
  out_fuelTypeID[544] = 5
  out_fuelTypeID[545] = 5
  out_fuelTypeID[546] = 5
  out_fuelTypeID[547] = 5
  out_fuelTypeID[548] = 5
  out_fuelTypeID[549] = 5
  out_fuelTypeID[550] = 5
  out_fuelTypeID[551] = 5
  out_fuelTypeID[552] = 5
  out_fuelTypeID[553] = 5
  out_fuelTypeID[554] = 5
  out_fuelTypeID[555] = 5
  out_fuelTypeID[556] = 5
  out_fuelTypeID[557] = 5
  out_fuelTypeID[558] = 5
  out_fuelTypeID[559] = 5
  out_fuelTypeID[560] = 5
  out_fuelTypeID[561] = 9
  out_fuelTypeID[562] = 9
  out_fuelTypeID[563] = 9
  out_fuelTypeID[564] = 9
  out_fuelTypeID[565] = 9
  out_fuelTypeID[566] = 9
  out_fuelTypeID[567] = 9
  out_fuelTypeID[568] = 9
  out_fuelTypeID[569] = 9
  out_fuelTypeID[570] = 9
  out_fuelTypeID[571] = 9
  out_fuelTypeID[572] = 9
  out_fuelTypeID[573] = 9
  out_fuelTypeID[574] = 9
  out_fuelTypeID[575] = 9
  out_fuelTypeID[576] = 9
  out_fuelTypeID[577] = 9
  out_fuelTypeID[578] = 9
  out_fuelTypeID[579] = 9
  out_fuelTypeID[580] = 9
  out_fuelTypeID[581] = 1
  out_fuelTypeID[582] = 1
  out_fuelTypeID[583] = 1
  out_fuelTypeID[584] = 1
  out_fuelTypeID[585] = 1
  out_fuelTypeID[586] = 1
  out_fuelTypeID[587] = 1
  out_fuelTypeID[588] = 1
  out_fuelTypeID[589] = 1
  out_fuelTypeID[590] = 1
  out_fuelTypeID[591] = 1
  out_fuelTypeID[592] = 1
  out_fuelTypeID[593] = 1
  out_fuelTypeID[594] = 1
  out_fuelTypeID[595] = 1
  out_fuelTypeID[596] = 1
  out_fuelTypeID[597] = 1
  out_fuelTypeID[598] = 1
  out_fuelTypeID[599] = 1
  out_fuelTypeID[600] = 1
  out_fuelTypeID[601] = 1
  out_fuelTypeID[602] = 1
  out_fuelTypeID[603] = 1
  out_fuelTypeID[604] = 1
  out_fuelTypeID[605] = 1
  out_fuelTypeID[606] = 1
  out_fuelTypeID[607] = 1
  out_fuelTypeID[608] = 1
  out_fuelTypeID[609] = 1
  out_fuelTypeID[610] = 1
  out_fuelTypeID[611] = 1
  out_fuelTypeID[612] = 1
  out_fuelTypeID[613] = 1
  out_fuelTypeID[614] = 1
  out_fuelTypeID[615] = 1
  out_fuelTypeID[616] = 1
  out_fuelTypeID[617] = 1
  out_fuelTypeID[618] = 1
  out_fuelTypeID[619] = 1
  out_fuelTypeID[620] = 1
  out_fuelTypeID[621] = 1
  out_fuelTypeID[622] = 2
  out_fuelTypeID[623] = 2
  out_fuelTypeID[624] = 2
  out_fuelTypeID[625] = 2
  out_fuelTypeID[626] = 2
  out_fuelTypeID[627] = 2
  out_fuelTypeID[628] = 2
  out_fuelTypeID[629] = 2
  out_fuelTypeID[630] = 2
  out_fuelTypeID[631] = 2
  out_fuelTypeID[632] = 2
  out_fuelTypeID[633] = 2
  out_fuelTypeID[634] = 2
  out_fuelTypeID[635] = 2
  out_fuelTypeID[636] = 2
  out_fuelTypeID[637] = 2
  out_fuelTypeID[638] = 2
  out_fuelTypeID[639] = 2
  out_fuelTypeID[640] = 2
  out_fuelTypeID[641] = 2
  out_fuelTypeID[642] = 2
  out_fuelTypeID[643] = 2
  out_fuelTypeID[644] = 2
  out_fuelTypeID[645] = 2
  out_fuelTypeID[646] = 2
  out_fuelTypeID[647] = 2
  out_fuelTypeID[648] = 2
  out_fuelTypeID[649] = 2
  out_fuelTypeID[650] = 2
  out_fuelTypeID[651] = 2
  out_fuelTypeID[652] = 2
  out_fuelTypeID[653] = 2
  out_fuelTypeID[654] = 2
  out_fuelTypeID[655] = 2
  out_fuelTypeID[656] = 2
  out_fuelTypeID[657] = 2
  out_fuelTypeID[658] = 2
  out_fuelTypeID[659] = 2
  out_fuelTypeID[660] = 2
  out_fuelTypeID[661] = 2
  out_fuelTypeID[662] = 5
  out_fuelTypeID[663] = 5
  out_fuelTypeID[664] = 5
  out_fuelTypeID[665] = 5
  out_fuelTypeID[666] = 5
  out_fuelTypeID[667] = 5
  out_fuelTypeID[668] = 5
  out_fuelTypeID[669] = 5
  out_fuelTypeID[670] = 5
  out_fuelTypeID[671] = 5
  out_fuelTypeID[672] = 5
  out_fuelTypeID[673] = 5
  out_fuelTypeID[674] = 5
  out_fuelTypeID[675] = 5
  out_fuelTypeID[676] = 5
  out_fuelTypeID[677] = 5
  out_fuelTypeID[678] = 5
  out_fuelTypeID[679] = 5
  out_fuelTypeID[680] = 5
  out_fuelTypeID[681] = 5
  out_fuelTypeID[682] = 5
  out_fuelTypeID[683] = 5
  out_fuelTypeID[684] = 5
  out_pollutantID[1] = 1
  out_pollutantID[2] = 1
  out_pollutantID[3] = 1
  out_pollutantID[4] = 1
  out_pollutantID[5] = 1
  out_pollutantID[6] = 1
  out_pollutantID[7] = 1
  out_pollutantID[8] = 1
  out_pollutantID[9] = 1
  out_pollutantID[10] = 1
  out_pollutantID[11] = 1
  out_pollutantID[12] = 1
  out_pollutantID[13] = 1
  out_pollutantID[14] = 1
  out_pollutantID[15] = 1
  out_pollutantID[16] = 1
  out_pollutantID[17] = 1
  out_pollutantID[18] = 1
  out_pollutantID[19] = 1
  out_pollutantID[20] = 1
  out_pollutantID[21] = 1
  out_pollutantID[22] = 1
  out_pollutantID[23] = 1
  out_pollutantID[24] = 1
  out_pollutantID[25] = 1
  out_pollutantID[26] = 1
  out_pollutantID[27] = 1
  out_pollutantID[28] = 1
  out_pollutantID[29] = 1
  out_pollutantID[30] = 1
  out_pollutantID[31] = 1
  out_pollutantID[32] = 1
  out_pollutantID[33] = 1
  out_pollutantID[34] = 1
  out_pollutantID[35] = 1
  out_pollutantID[36] = 1
  out_pollutantID[37] = 1
  out_pollutantID[38] = 1
  out_pollutantID[39] = 1
  out_pollutantID[40] = 1
  out_pollutantID[41] = 1
  out_pollutantID[42] = 1
  out_pollutantID[43] = 1
  out_pollutantID[44] = 1
  out_pollutantID[45] = 1
  out_pollutantID[46] = 1
  out_pollutantID[47] = 1
  out_pollutantID[48] = 1
  out_pollutantID[49] = 1
  out_pollutantID[50] = 1
  out_pollutantID[51] = 1
  out_pollutantID[52] = 1
  out_pollutantID[53] = 1
  out_pollutantID[54] = 1
  out_pollutantID[55] = 1
  out_pollutantID[56] = 1
  out_pollutantID[57] = 1
  out_pollutantID[58] = 1
  out_pollutantID[59] = 1
  out_pollutantID[60] = 1
  out_pollutantID[61] = 1
  out_pollutantID[62] = 1
  out_pollutantID[63] = 1
  out_pollutantID[64] = 1
  out_pollutantID[65] = 1
  out_pollutantID[66] = 1
  out_pollutantID[67] = 1
  out_pollutantID[68] = 1
  out_pollutantID[69] = 1
  out_pollutantID[70] = 1
  out_pollutantID[71] = 1
  out_pollutantID[72] = 1
  out_pollutantID[73] = 1
  out_pollutantID[74] = 1
  out_pollutantID[75] = 1
  out_pollutantID[76] = 1
  out_pollutantID[77] = 1
  out_pollutantID[78] = 1
  out_pollutantID[79] = 1
  out_pollutantID[80] = 1
  out_pollutantID[81] = 1
  out_pollutantID[82] = 1
  out_pollutantID[83] = 1
  out_pollutantID[84] = 1
  out_pollutantID[85] = 1
  out_pollutantID[86] = 1
  out_pollutantID[87] = 1
  out_pollutantID[88] = 1
  out_pollutantID[89] = 1
  out_pollutantID[90] = 1
  out_pollutantID[91] = 1
  out_pollutantID[92] = 1
  out_pollutantID[93] = 1
  out_pollutantID[94] = 1
  out_pollutantID[95] = 1
  out_pollutantID[96] = 1
  out_pollutantID[97] = 1
  out_pollutantID[98] = 1
  out_pollutantID[99] = 1
  out_pollutantID[100] = 1
  out_pollutantID[101] = 1
  out_pollutantID[102] = 1
  out_pollutantID[103] = 1
  out_pollutantID[104] = 1
  out_pollutantID[105] = 1
  out_pollutantID[106] = 1
  out_pollutantID[107] = 1
  out_pollutantID[108] = 1
  out_pollutantID[109] = 1
  out_pollutantID[110] = 1
  out_pollutantID[111] = 1
  out_pollutantID[112] = 1
  out_pollutantID[113] = 1
  out_pollutantID[114] = 1
  out_pollutantID[115] = 1
  out_pollutantID[116] = 1
  out_pollutantID[117] = 1
  out_pollutantID[118] = 1
  out_pollutantID[119] = 1
  out_pollutantID[120] = 1
  out_pollutantID[121] = 1
  out_pollutantID[122] = 1
  out_pollutantID[123] = 1
  out_pollutantID[124] = 1
  out_pollutantID[125] = 1
  out_pollutantID[126] = 1
  out_pollutantID[127] = 1
  out_pollutantID[128] = 1
  out_pollutantID[129] = 1
  out_pollutantID[130] = 1
  out_pollutantID[131] = 1
  out_pollutantID[132] = 1
  out_pollutantID[133] = 1
  out_pollutantID[134] = 1
  out_pollutantID[135] = 1
  out_pollutantID[136] = 1
  out_pollutantID[137] = 1
  out_pollutantID[138] = 1
  out_pollutantID[139] = 1
  out_pollutantID[140] = 1
  out_pollutantID[141] = 1
  out_pollutantID[142] = 1
  out_pollutantID[143] = 1
  out_pollutantID[144] = 1
  out_pollutantID[145] = 1
  out_pollutantID[146] = 1
  out_pollutantID[147] = 1
  out_pollutantID[148] = 1
  out_pollutantID[149] = 1
  out_pollutantID[150] = 1
  out_pollutantID[151] = 1
  out_pollutantID[152] = 1
  out_pollutantID[153] = 1
  out_pollutantID[154] = 1
  out_pollutantID[155] = 1
  out_pollutantID[156] = 1
  out_pollutantID[157] = 1
  out_pollutantID[158] = 1
  out_pollutantID[159] = 1
  out_pollutantID[160] = 1
  out_pollutantID[161] = 1
  out_pollutantID[162] = 1
  out_pollutantID[163] = 1
  out_pollutantID[164] = 1
  out_pollutantID[165] = 1
  out_pollutantID[166] = 1
  out_pollutantID[167] = 1
  out_pollutantID[168] = 1
  out_pollutantID[169] = 1
  out_pollutantID[170] = 1
  out_pollutantID[171] = 1
  out_pollutantID[172] = 1
  out_pollutantID[173] = 1
  out_pollutantID[174] = 1
  out_pollutantID[175] = 1
  out_pollutantID[176] = 1
  out_pollutantID[177] = 1
  out_pollutantID[178] = 1
  out_pollutantID[179] = 1
  out_pollutantID[180] = 1
  out_pollutantID[181] = 1
  out_pollutantID[182] = 1
  out_pollutantID[183] = 1
  out_pollutantID[184] = 1
  out_pollutantID[185] = 1
  out_pollutantID[186] = 1
  out_pollutantID[187] = 1
  out_pollutantID[188] = 1
  out_pollutantID[189] = 1
  out_pollutantID[190] = 1
  out_pollutantID[191] = 1
  out_pollutantID[192] = 1
  out_pollutantID[193] = 1
  out_pollutantID[194] = 1
  out_pollutantID[195] = 1
  out_pollutantID[196] = 1
  out_pollutantID[197] = 1
  out_pollutantID[198] = 1
  out_pollutantID[199] = 1
  out_pollutantID[200] = 1
  out_pollutantID[201] = 1
  out_pollutantID[202] = 1
  out_pollutantID[203] = 1
  out_pollutantID[204] = 1
  out_pollutantID[205] = 1
  out_pollutantID[206] = 1
  out_pollutantID[207] = 1
  out_pollutantID[208] = 1
  out_pollutantID[209] = 1
  out_pollutantID[210] = 1
  out_pollutantID[211] = 1
  out_pollutantID[212] = 1
  out_pollutantID[213] = 1
  out_pollutantID[214] = 1
  out_pollutantID[215] = 1
  out_pollutantID[216] = 1
  out_pollutantID[217] = 1
  out_pollutantID[218] = 1
  out_pollutantID[219] = 1
  out_pollutantID[220] = 1
  out_pollutantID[221] = 1
  out_pollutantID[222] = 1
  out_pollutantID[223] = 1
  out_pollutantID[224] = 1
  out_pollutantID[225] = 1
  out_pollutantID[226] = 1
  out_pollutantID[227] = 1
  out_pollutantID[228] = 1
  out_pollutantID[229] = 2
  out_pollutantID[230] = 2
  out_pollutantID[231] = 2
  out_pollutantID[232] = 2
  out_pollutantID[233] = 2
  out_pollutantID[234] = 2
  out_pollutantID[235] = 2
  out_pollutantID[236] = 2
  out_pollutantID[237] = 2
  out_pollutantID[238] = 2
  out_pollutantID[239] = 2
  out_pollutantID[240] = 2
  out_pollutantID[241] = 2
  out_pollutantID[242] = 2
  out_pollutantID[243] = 2
  out_pollutantID[244] = 2
  out_pollutantID[245] = 2
  out_pollutantID[246] = 2
  out_pollutantID[247] = 2
  out_pollutantID[248] = 2
  out_pollutantID[249] = 2
  out_pollutantID[250] = 2
  out_pollutantID[251] = 2
  out_pollutantID[252] = 2
  out_pollutantID[253] = 2
  out_pollutantID[254] = 2
  out_pollutantID[255] = 2
  out_pollutantID[256] = 2
  out_pollutantID[257] = 2
  out_pollutantID[258] = 2
  out_pollutantID[259] = 2
  out_pollutantID[260] = 2
  out_pollutantID[261] = 2
  out_pollutantID[262] = 2
  out_pollutantID[263] = 2
  out_pollutantID[264] = 2
  out_pollutantID[265] = 2
  out_pollutantID[266] = 2
  out_pollutantID[267] = 2
  out_pollutantID[268] = 2
  out_pollutantID[269] = 2
  out_pollutantID[270] = 2
  out_pollutantID[271] = 2
  out_pollutantID[272] = 2
  out_pollutantID[273] = 2
  out_pollutantID[274] = 2
  out_pollutantID[275] = 2
  out_pollutantID[276] = 2
  out_pollutantID[277] = 2
  out_pollutantID[278] = 2
  out_pollutantID[279] = 2
  out_pollutantID[280] = 2
  out_pollutantID[281] = 2
  out_pollutantID[282] = 2
  out_pollutantID[283] = 2
  out_pollutantID[284] = 2
  out_pollutantID[285] = 2
  out_pollutantID[286] = 2
  out_pollutantID[287] = 2
  out_pollutantID[288] = 2
  out_pollutantID[289] = 2
  out_pollutantID[290] = 2
  out_pollutantID[291] = 2
  out_pollutantID[292] = 2
  out_pollutantID[293] = 2
  out_pollutantID[294] = 2
  out_pollutantID[295] = 2
  out_pollutantID[296] = 2
  out_pollutantID[297] = 2
  out_pollutantID[298] = 2
  out_pollutantID[299] = 2
  out_pollutantID[300] = 2
  out_pollutantID[301] = 2
  out_pollutantID[302] = 2
  out_pollutantID[303] = 2
  out_pollutantID[304] = 2
  out_pollutantID[305] = 2
  out_pollutantID[306] = 2
  out_pollutantID[307] = 2
  out_pollutantID[308] = 2
  out_pollutantID[309] = 2
  out_pollutantID[310] = 2
  out_pollutantID[311] = 2
  out_pollutantID[312] = 2
  out_pollutantID[313] = 2
  out_pollutantID[314] = 2
  out_pollutantID[315] = 2
  out_pollutantID[316] = 2
  out_pollutantID[317] = 2
  out_pollutantID[318] = 2
  out_pollutantID[319] = 2
  out_pollutantID[320] = 2
  out_pollutantID[321] = 2
  out_pollutantID[322] = 2
  out_pollutantID[323] = 2
  out_pollutantID[324] = 2
  out_pollutantID[325] = 2
  out_pollutantID[326] = 2
  out_pollutantID[327] = 2
  out_pollutantID[328] = 2
  out_pollutantID[329] = 2
  out_pollutantID[330] = 2
  out_pollutantID[331] = 2
  out_pollutantID[332] = 2
  out_pollutantID[333] = 2
  out_pollutantID[334] = 2
  out_pollutantID[335] = 2
  out_pollutantID[336] = 2
  out_pollutantID[337] = 2
  out_pollutantID[338] = 2
  out_pollutantID[339] = 2
  out_pollutantID[340] = 2
  out_pollutantID[341] = 2
  out_pollutantID[342] = 2
  out_pollutantID[343] = 2
  out_pollutantID[344] = 2
  out_pollutantID[345] = 2
  out_pollutantID[346] = 2
  out_pollutantID[347] = 2
  out_pollutantID[348] = 2
  out_pollutantID[349] = 2
  out_pollutantID[350] = 2
  out_pollutantID[351] = 2
  out_pollutantID[352] = 2
  out_pollutantID[353] = 2
  out_pollutantID[354] = 2
  out_pollutantID[355] = 2
  out_pollutantID[356] = 2
  out_pollutantID[357] = 2
  out_pollutantID[358] = 2
  out_pollutantID[359] = 2
  out_pollutantID[360] = 2
  out_pollutantID[361] = 2
  out_pollutantID[362] = 2
  out_pollutantID[363] = 2
  out_pollutantID[364] = 2
  out_pollutantID[365] = 2
  out_pollutantID[366] = 2
  out_pollutantID[367] = 2
  out_pollutantID[368] = 2
  out_pollutantID[369] = 2
  out_pollutantID[370] = 2
  out_pollutantID[371] = 2
  out_pollutantID[372] = 2
  out_pollutantID[373] = 2
  out_pollutantID[374] = 2
  out_pollutantID[375] = 2
  out_pollutantID[376] = 2
  out_pollutantID[377] = 2
  out_pollutantID[378] = 2
  out_pollutantID[379] = 2
  out_pollutantID[380] = 2
  out_pollutantID[381] = 2
  out_pollutantID[382] = 2
  out_pollutantID[383] = 2
  out_pollutantID[384] = 2
  out_pollutantID[385] = 2
  out_pollutantID[386] = 2
  out_pollutantID[387] = 2
  out_pollutantID[388] = 2
  out_pollutantID[389] = 2
  out_pollutantID[390] = 2
  out_pollutantID[391] = 2
  out_pollutantID[392] = 2
  out_pollutantID[393] = 2
  out_pollutantID[394] = 2
  out_pollutantID[395] = 2
  out_pollutantID[396] = 2
  out_pollutantID[397] = 2
  out_pollutantID[398] = 2
  out_pollutantID[399] = 2
  out_pollutantID[400] = 2
  out_pollutantID[401] = 2
  out_pollutantID[402] = 2
  out_pollutantID[403] = 2
  out_pollutantID[404] = 2
  out_pollutantID[405] = 2
  out_pollutantID[406] = 2
  out_pollutantID[407] = 2
  out_pollutantID[408] = 2
  out_pollutantID[409] = 2
  out_pollutantID[410] = 2
  out_pollutantID[411] = 2
  out_pollutantID[412] = 2
  out_pollutantID[413] = 2
  out_pollutantID[414] = 2
  out_pollutantID[415] = 2
  out_pollutantID[416] = 2
  out_pollutantID[417] = 2
  out_pollutantID[418] = 2
  out_pollutantID[419] = 2
  out_pollutantID[420] = 2
  out_pollutantID[421] = 2
  out_pollutantID[422] = 2
  out_pollutantID[423] = 2
  out_pollutantID[424] = 2
  out_pollutantID[425] = 2
  out_pollutantID[426] = 2
  out_pollutantID[427] = 2
  out_pollutantID[428] = 2
  out_pollutantID[429] = 2
  out_pollutantID[430] = 2
  out_pollutantID[431] = 2
  out_pollutantID[432] = 2
  out_pollutantID[433] = 2
  out_pollutantID[434] = 2
  out_pollutantID[435] = 2
  out_pollutantID[436] = 2
  out_pollutantID[437] = 2
  out_pollutantID[438] = 2
  out_pollutantID[439] = 2
  out_pollutantID[440] = 2
  out_pollutantID[441] = 2
  out_pollutantID[442] = 2
  out_pollutantID[443] = 2
  out_pollutantID[444] = 2
  out_pollutantID[445] = 2
  out_pollutantID[446] = 2
  out_pollutantID[447] = 2
  out_pollutantID[448] = 2
  out_pollutantID[449] = 2
  out_pollutantID[450] = 2
  out_pollutantID[451] = 2
  out_pollutantID[452] = 2
  out_pollutantID[453] = 2
  out_pollutantID[454] = 2
  out_pollutantID[455] = 2
  out_pollutantID[456] = 2
  out_pollutantID[457] = 3
  out_pollutantID[458] = 3
  out_pollutantID[459] = 3
  out_pollutantID[460] = 3
  out_pollutantID[461] = 3
  out_pollutantID[462] = 3
  out_pollutantID[463] = 3
  out_pollutantID[464] = 3
  out_pollutantID[465] = 3
  out_pollutantID[466] = 3
  out_pollutantID[467] = 3
  out_pollutantID[468] = 3
  out_pollutantID[469] = 3
  out_pollutantID[470] = 3
  out_pollutantID[471] = 3
  out_pollutantID[472] = 3
  out_pollutantID[473] = 3
  out_pollutantID[474] = 3
  out_pollutantID[475] = 3
  out_pollutantID[476] = 3
  out_pollutantID[477] = 3
  out_pollutantID[478] = 3
  out_pollutantID[479] = 3
  out_pollutantID[480] = 3
  out_pollutantID[481] = 3
  out_pollutantID[482] = 3
  out_pollutantID[483] = 3
  out_pollutantID[484] = 3
  out_pollutantID[485] = 3
  out_pollutantID[486] = 3
  out_pollutantID[487] = 3
  out_pollutantID[488] = 3
  out_pollutantID[489] = 3
  out_pollutantID[490] = 3
  out_pollutantID[491] = 3
  out_pollutantID[492] = 3
  out_pollutantID[493] = 3
  out_pollutantID[494] = 3
  out_pollutantID[495] = 3
  out_pollutantID[496] = 3
  out_pollutantID[497] = 3
  out_pollutantID[498] = 3
  out_pollutantID[499] = 3
  out_pollutantID[500] = 3
  out_pollutantID[501] = 3
  out_pollutantID[502] = 3
  out_pollutantID[503] = 3
  out_pollutantID[504] = 3
  out_pollutantID[505] = 3
  out_pollutantID[506] = 3
  out_pollutantID[507] = 3
  out_pollutantID[508] = 3
  out_pollutantID[509] = 3
  out_pollutantID[510] = 3
  out_pollutantID[511] = 3
  out_pollutantID[512] = 3
  out_pollutantID[513] = 3
  out_pollutantID[514] = 3
  out_pollutantID[515] = 3
  out_pollutantID[516] = 3
  out_pollutantID[517] = 3
  out_pollutantID[518] = 3
  out_pollutantID[519] = 3
  out_pollutantID[520] = 3
  out_pollutantID[521] = 3
  out_pollutantID[522] = 3
  out_pollutantID[523] = 3
  out_pollutantID[524] = 3
  out_pollutantID[525] = 3
  out_pollutantID[526] = 3
  out_pollutantID[527] = 3
  out_pollutantID[528] = 3
  out_pollutantID[529] = 3
  out_pollutantID[530] = 3
  out_pollutantID[531] = 3
  out_pollutantID[532] = 3
  out_pollutantID[533] = 3
  out_pollutantID[534] = 3
  out_pollutantID[535] = 3
  out_pollutantID[536] = 3
  out_pollutantID[537] = 3
  out_pollutantID[538] = 3
  out_pollutantID[539] = 3
  out_pollutantID[540] = 3
  out_pollutantID[541] = 3
  out_pollutantID[542] = 3
  out_pollutantID[543] = 3
  out_pollutantID[544] = 3
  out_pollutantID[545] = 3
  out_pollutantID[546] = 3
  out_pollutantID[547] = 3
  out_pollutantID[548] = 3
  out_pollutantID[549] = 3
  out_pollutantID[550] = 3
  out_pollutantID[551] = 3
  out_pollutantID[552] = 3
  out_pollutantID[553] = 3
  out_pollutantID[554] = 3
  out_pollutantID[555] = 3
  out_pollutantID[556] = 3
  out_pollutantID[557] = 3
  out_pollutantID[558] = 3
  out_pollutantID[559] = 3
  out_pollutantID[560] = 3
  out_pollutantID[561] = 3
  out_pollutantID[562] = 3
  out_pollutantID[563] = 3
  out_pollutantID[564] = 3
  out_pollutantID[565] = 3
  out_pollutantID[566] = 3
  out_pollutantID[567] = 3
  out_pollutantID[568] = 3
  out_pollutantID[569] = 3
  out_pollutantID[570] = 3
  out_pollutantID[571] = 3
  out_pollutantID[572] = 3
  out_pollutantID[573] = 3
  out_pollutantID[574] = 3
  out_pollutantID[575] = 3
  out_pollutantID[576] = 3
  out_pollutantID[577] = 3
  out_pollutantID[578] = 3
  out_pollutantID[579] = 3
  out_pollutantID[580] = 3
  out_pollutantID[581] = 3
  out_pollutantID[582] = 3
  out_pollutantID[583] = 3
  out_pollutantID[584] = 3
  out_pollutantID[585] = 3
  out_pollutantID[586] = 3
  out_pollutantID[587] = 3
  out_pollutantID[588] = 3
  out_pollutantID[589] = 3
  out_pollutantID[590] = 3
  out_pollutantID[591] = 3
  out_pollutantID[592] = 3
  out_pollutantID[593] = 3
  out_pollutantID[594] = 3
  out_pollutantID[595] = 3
  out_pollutantID[596] = 3
  out_pollutantID[597] = 3
  out_pollutantID[598] = 3
  out_pollutantID[599] = 3
  out_pollutantID[600] = 3
  out_pollutantID[601] = 3
  out_pollutantID[602] = 3
  out_pollutantID[603] = 3
  out_pollutantID[604] = 3
  out_pollutantID[605] = 3
  out_pollutantID[606] = 3
  out_pollutantID[607] = 3
  out_pollutantID[608] = 3
  out_pollutantID[609] = 3
  out_pollutantID[610] = 3
  out_pollutantID[611] = 3
  out_pollutantID[612] = 3
  out_pollutantID[613] = 3
  out_pollutantID[614] = 3
  out_pollutantID[615] = 3
  out_pollutantID[616] = 3
  out_pollutantID[617] = 3
  out_pollutantID[618] = 3
  out_pollutantID[619] = 3
  out_pollutantID[620] = 3
  out_pollutantID[621] = 3
  out_pollutantID[622] = 3
  out_pollutantID[623] = 3
  out_pollutantID[624] = 3
  out_pollutantID[625] = 3
  out_pollutantID[626] = 3
  out_pollutantID[627] = 3
  out_pollutantID[628] = 3
  out_pollutantID[629] = 3
  out_pollutantID[630] = 3
  out_pollutantID[631] = 3
  out_pollutantID[632] = 3
  out_pollutantID[633] = 3
  out_pollutantID[634] = 3
  out_pollutantID[635] = 3
  out_pollutantID[636] = 3
  out_pollutantID[637] = 3
  out_pollutantID[638] = 3
  out_pollutantID[639] = 3
  out_pollutantID[640] = 3
  out_pollutantID[641] = 3
  out_pollutantID[642] = 3
  out_pollutantID[643] = 3
  out_pollutantID[644] = 3
  out_pollutantID[645] = 3
  out_pollutantID[646] = 3
  out_pollutantID[647] = 3
  out_pollutantID[648] = 3
  out_pollutantID[649] = 3
  out_pollutantID[650] = 3
  out_pollutantID[651] = 3
  out_pollutantID[652] = 3
  out_pollutantID[653] = 3
  out_pollutantID[654] = 3
  out_pollutantID[655] = 3
  out_pollutantID[656] = 3
  out_pollutantID[657] = 3
  out_pollutantID[658] = 3
  out_pollutantID[659] = 3
  out_pollutantID[660] = 3
  out_pollutantID[661] = 3
  out_pollutantID[662] = 3
  out_pollutantID[663] = 3
  out_pollutantID[664] = 3
  out_pollutantID[665] = 3
  out_pollutantID[666] = 3
  out_pollutantID[667] = 3
  out_pollutantID[668] = 3
  out_pollutantID[669] = 3
  out_pollutantID[670] = 3
  out_pollutantID[671] = 3
  out_pollutantID[672] = 3
  out_pollutantID[673] = 3
  out_pollutantID[674] = 3
  out_pollutantID[675] = 3
  out_pollutantID[676] = 3
  out_pollutantID[677] = 3
  out_pollutantID[678] = 3
  out_pollutantID[679] = 3
  out_pollutantID[680] = 3
  out_pollutantID[681] = 3
  out_pollutantID[682] = 3
  out_pollutantID[683] = 3
  out_pollutantID[684] = 3
  out_processID[1] = 1
  out_processID[2] = 1
  out_processID[3] = 1
  out_processID[4] = 1
  out_processID[5] = 1
  out_processID[6] = 1
  out_processID[7] = 1
  out_processID[8] = 1
  out_processID[9] = 1
  out_processID[10] = 1
  out_processID[11] = 1
  out_processID[12] = 1
  out_processID[13] = 1
  out_processID[14] = 1
  out_processID[15] = 1
  out_processID[16] = 1
  out_processID[17] = 1
  out_processID[18] = 1
  out_processID[19] = 1
  out_processID[20] = 1
  out_processID[21] = 1
  out_processID[22] = 1
  out_processID[23] = 1
  out_processID[24] = 1
  out_processID[25] = 1
  out_processID[26] = 1
  out_processID[27] = 1
  out_processID[28] = 1
  out_processID[29] = 1
  out_processID[30] = 1
  out_processID[31] = 1
  out_processID[32] = 1
  out_processID[33] = 1
  out_processID[34] = 1
  out_processID[35] = 1
  out_processID[36] = 1
  out_processID[37] = 1
  out_processID[38] = 1
  out_processID[39] = 1
  out_processID[40] = 1
  out_processID[41] = 1
  out_processID[42] = 1
  out_processID[43] = 1
  out_processID[44] = 1
  out_processID[45] = 1
  out_processID[46] = 1
  out_processID[47] = 1
  out_processID[48] = 1
  out_processID[49] = 1
  out_processID[50] = 1
  out_processID[51] = 1
  out_processID[52] = 1
  out_processID[53] = 1
  out_processID[54] = 1
  out_processID[55] = 1
  out_processID[56] = 1
  out_processID[57] = 1
  out_processID[58] = 1
  out_processID[59] = 1
  out_processID[60] = 1
  out_processID[61] = 1
  out_processID[62] = 1
  out_processID[63] = 1
  out_processID[64] = 1
  out_processID[65] = 1
  out_processID[66] = 1
  out_processID[67] = 1
  out_processID[68] = 1
  out_processID[69] = 1
  out_processID[70] = 1
  out_processID[71] = 1
  out_processID[72] = 1
  out_processID[73] = 1
  out_processID[74] = 1
  out_processID[75] = 1
  out_processID[76] = 1
  out_processID[77] = 1
  out_processID[78] = 1
  out_processID[79] = 1
  out_processID[80] = 1
  out_processID[81] = 1
  out_processID[82] = 1
  out_processID[83] = 1
  out_processID[84] = 1
  out_processID[85] = 1
  out_processID[86] = 1
  out_processID[87] = 1
  out_processID[88] = 1
  out_processID[89] = 1
  out_processID[90] = 1
  out_processID[91] = 1
  out_processID[92] = 1
  out_processID[93] = 1
  out_processID[94] = 1
  out_processID[95] = 1
  out_processID[96] = 1
  out_processID[97] = 1
  out_processID[98] = 1
  out_processID[99] = 1
  out_processID[100] = 1
  out_processID[101] = 1
  out_processID[102] = 1
  out_processID[103] = 1
  out_processID[104] = 1
  out_processID[105] = 1
  out_processID[106] = 1
  out_processID[107] = 1
  out_processID[108] = 1
  out_processID[109] = 1
  out_processID[110] = 1
  out_processID[111] = 1
  out_processID[112] = 1
  out_processID[113] = 1
  out_processID[114] = 1
  out_processID[115] = 1
  out_processID[116] = 1
  out_processID[117] = 1
  out_processID[118] = 1
  out_processID[119] = 1
  out_processID[120] = 1
  out_processID[121] = 1
  out_processID[122] = 1
  out_processID[123] = 1
  out_processID[124] = 1
  out_processID[125] = 15
  out_processID[126] = 15
  out_processID[127] = 15
  out_processID[128] = 15
  out_processID[129] = 15
  out_processID[130] = 15
  out_processID[131] = 15
  out_processID[132] = 15
  out_processID[133] = 15
  out_processID[134] = 15
  out_processID[135] = 15
  out_processID[136] = 15
  out_processID[137] = 15
  out_processID[138] = 15
  out_processID[139] = 15
  out_processID[140] = 15
  out_processID[141] = 15
  out_processID[142] = 15
  out_processID[143] = 15
  out_processID[144] = 15
  out_processID[145] = 15
  out_processID[146] = 15
  out_processID[147] = 15
  out_processID[148] = 15
  out_processID[149] = 15
  out_processID[150] = 15
  out_processID[151] = 15
  out_processID[152] = 15
  out_processID[153] = 15
  out_processID[154] = 15
  out_processID[155] = 15
  out_processID[156] = 15
  out_processID[157] = 15
  out_processID[158] = 15
  out_processID[159] = 15
  out_processID[160] = 15
  out_processID[161] = 15
  out_processID[162] = 15
  out_processID[163] = 15
  out_processID[164] = 15
  out_processID[165] = 15
  out_processID[166] = 15
  out_processID[167] = 15
  out_processID[168] = 15
  out_processID[169] = 15
  out_processID[170] = 15
  out_processID[171] = 15
  out_processID[172] = 15
  out_processID[173] = 15
  out_processID[174] = 15
  out_processID[175] = 15
  out_processID[176] = 15
  out_processID[177] = 15
  out_processID[178] = 15
  out_processID[179] = 15
  out_processID[180] = 15
  out_processID[181] = 15
  out_processID[182] = 15
  out_processID[183] = 15
  out_processID[184] = 15
  out_processID[185] = 15
  out_processID[186] = 15
  out_processID[187] = 15
  out_processID[188] = 15
  out_processID[189] = 15
  out_processID[190] = 15
  out_processID[191] = 15
  out_processID[192] = 15
  out_processID[193] = 15
  out_processID[194] = 15
  out_processID[195] = 15
  out_processID[196] = 15
  out_processID[197] = 15
  out_processID[198] = 15
  out_processID[199] = 15
  out_processID[200] = 15
  out_processID[201] = 15
  out_processID[202] = 15
  out_processID[203] = 15
  out_processID[204] = 15
  out_processID[205] = 15
  out_processID[206] = 15
  out_processID[207] = 15
  out_processID[208] = 15
  out_processID[209] = 15
  out_processID[210] = 15
  out_processID[211] = 15
  out_processID[212] = 15
  out_processID[213] = 15
  out_processID[214] = 15
  out_processID[215] = 15
  out_processID[216] = 15
  out_processID[217] = 15
  out_processID[218] = 15
  out_processID[219] = 15
  out_processID[220] = 15
  out_processID[221] = 15
  out_processID[222] = 15
  out_processID[223] = 15
  out_processID[224] = 15
  out_processID[225] = 15
  out_processID[226] = 15
  out_processID[227] = 15
  out_processID[228] = 15
  out_processID[229] = 1
  out_processID[230] = 1
  out_processID[231] = 1
  out_processID[232] = 1
  out_processID[233] = 1
  out_processID[234] = 1
  out_processID[235] = 1
  out_processID[236] = 1
  out_processID[237] = 1
  out_processID[238] = 1
  out_processID[239] = 1
  out_processID[240] = 1
  out_processID[241] = 1
  out_processID[242] = 1
  out_processID[243] = 1
  out_processID[244] = 1
  out_processID[245] = 1
  out_processID[246] = 1
  out_processID[247] = 1
  out_processID[248] = 1
  out_processID[249] = 1
  out_processID[250] = 1
  out_processID[251] = 1
  out_processID[252] = 1
  out_processID[253] = 1
  out_processID[254] = 1
  out_processID[255] = 1
  out_processID[256] = 1
  out_processID[257] = 1
  out_processID[258] = 1
  out_processID[259] = 1
  out_processID[260] = 1
  out_processID[261] = 1
  out_processID[262] = 1
  out_processID[263] = 1
  out_processID[264] = 1
  out_processID[265] = 1
  out_processID[266] = 1
  out_processID[267] = 1
  out_processID[268] = 1
  out_processID[269] = 1
  out_processID[270] = 1
  out_processID[271] = 1
  out_processID[272] = 1
  out_processID[273] = 1
  out_processID[274] = 1
  out_processID[275] = 1
  out_processID[276] = 1
  out_processID[277] = 1
  out_processID[278] = 1
  out_processID[279] = 1
  out_processID[280] = 1
  out_processID[281] = 1
  out_processID[282] = 1
  out_processID[283] = 1
  out_processID[284] = 1
  out_processID[285] = 1
  out_processID[286] = 1
  out_processID[287] = 1
  out_processID[288] = 1
  out_processID[289] = 1
  out_processID[290] = 1
  out_processID[291] = 1
  out_processID[292] = 1
  out_processID[293] = 1
  out_processID[294] = 1
  out_processID[295] = 1
  out_processID[296] = 1
  out_processID[297] = 1
  out_processID[298] = 1
  out_processID[299] = 1
  out_processID[300] = 1
  out_processID[301] = 1
  out_processID[302] = 1
  out_processID[303] = 1
  out_processID[304] = 1
  out_processID[305] = 1
  out_processID[306] = 1
  out_processID[307] = 1
  out_processID[308] = 1
  out_processID[309] = 1
  out_processID[310] = 1
  out_processID[311] = 1
  out_processID[312] = 1
  out_processID[313] = 1
  out_processID[314] = 1
  out_processID[315] = 1
  out_processID[316] = 1
  out_processID[317] = 1
  out_processID[318] = 1
  out_processID[319] = 1
  out_processID[320] = 1
  out_processID[321] = 1
  out_processID[322] = 1
  out_processID[323] = 1
  out_processID[324] = 1
  out_processID[325] = 1
  out_processID[326] = 1
  out_processID[327] = 1
  out_processID[328] = 1
  out_processID[329] = 1
  out_processID[330] = 1
  out_processID[331] = 1
  out_processID[332] = 1
  out_processID[333] = 1
  out_processID[334] = 1
  out_processID[335] = 1
  out_processID[336] = 1
  out_processID[337] = 1
  out_processID[338] = 1
  out_processID[339] = 1
  out_processID[340] = 1
  out_processID[341] = 1
  out_processID[342] = 1
  out_processID[343] = 1
  out_processID[344] = 1
  out_processID[345] = 1
  out_processID[346] = 1
  out_processID[347] = 1
  out_processID[348] = 1
  out_processID[349] = 1
  out_processID[350] = 1
  out_processID[351] = 1
  out_processID[352] = 1
  out_processID[353] = 15
  out_processID[354] = 15
  out_processID[355] = 15
  out_processID[356] = 15
  out_processID[357] = 15
  out_processID[358] = 15
  out_processID[359] = 15
  out_processID[360] = 15
  out_processID[361] = 15
  out_processID[362] = 15
  out_processID[363] = 15
  out_processID[364] = 15
  out_processID[365] = 15
  out_processID[366] = 15
  out_processID[367] = 15
  out_processID[368] = 15
  out_processID[369] = 15
  out_processID[370] = 15
  out_processID[371] = 15
  out_processID[372] = 15
  out_processID[373] = 15
  out_processID[374] = 15
  out_processID[375] = 15
  out_processID[376] = 15
  out_processID[377] = 15
  out_processID[378] = 15
  out_processID[379] = 15
  out_processID[380] = 15
  out_processID[381] = 15
  out_processID[382] = 15
  out_processID[383] = 15
  out_processID[384] = 15
  out_processID[385] = 15
  out_processID[386] = 15
  out_processID[387] = 15
  out_processID[388] = 15
  out_processID[389] = 15
  out_processID[390] = 15
  out_processID[391] = 15
  out_processID[392] = 15
  out_processID[393] = 15
  out_processID[394] = 15
  out_processID[395] = 15
  out_processID[396] = 15
  out_processID[397] = 15
  out_processID[398] = 15
  out_processID[399] = 15
  out_processID[400] = 15
  out_processID[401] = 15
  out_processID[402] = 15
  out_processID[403] = 15
  out_processID[404] = 15
  out_processID[405] = 15
  out_processID[406] = 15
  out_processID[407] = 15
  out_processID[408] = 15
  out_processID[409] = 15
  out_processID[410] = 15
  out_processID[411] = 15
  out_processID[412] = 15
  out_processID[413] = 15
  out_processID[414] = 15
  out_processID[415] = 15
  out_processID[416] = 15
  out_processID[417] = 15
  out_processID[418] = 15
  out_processID[419] = 15
  out_processID[420] = 15
  out_processID[421] = 15
  out_processID[422] = 15
  out_processID[423] = 15
  out_processID[424] = 15
  out_processID[425] = 15
  out_processID[426] = 15
  out_processID[427] = 15
  out_processID[428] = 15
  out_processID[429] = 15
  out_processID[430] = 15
  out_processID[431] = 15
  out_processID[432] = 15
  out_processID[433] = 15
  out_processID[434] = 15
  out_processID[435] = 15
  out_processID[436] = 15
  out_processID[437] = 15
  out_processID[438] = 15
  out_processID[439] = 15
  out_processID[440] = 15
  out_processID[441] = 15
  out_processID[442] = 15
  out_processID[443] = 15
  out_processID[444] = 15
  out_processID[445] = 15
  out_processID[446] = 15
  out_processID[447] = 15
  out_processID[448] = 15
  out_processID[449] = 15
  out_processID[450] = 15
  out_processID[451] = 15
  out_processID[452] = 15
  out_processID[453] = 15
  out_processID[454] = 15
  out_processID[455] = 15
  out_processID[456] = 15
  out_processID[457] = 1
  out_processID[458] = 1
  out_processID[459] = 1
  out_processID[460] = 1
  out_processID[461] = 1
  out_processID[462] = 1
  out_processID[463] = 1
  out_processID[464] = 1
  out_processID[465] = 1
  out_processID[466] = 1
  out_processID[467] = 1
  out_processID[468] = 1
  out_processID[469] = 1
  out_processID[470] = 1
  out_processID[471] = 1
  out_processID[472] = 1
  out_processID[473] = 1
  out_processID[474] = 1
  out_processID[475] = 1
  out_processID[476] = 1
  out_processID[477] = 1
  out_processID[478] = 1
  out_processID[479] = 1
  out_processID[480] = 1
  out_processID[481] = 1
  out_processID[482] = 1
  out_processID[483] = 1
  out_processID[484] = 1
  out_processID[485] = 1
  out_processID[486] = 1
  out_processID[487] = 1
  out_processID[488] = 1
  out_processID[489] = 1
  out_processID[490] = 1
  out_processID[491] = 1
  out_processID[492] = 1
  out_processID[493] = 1
  out_processID[494] = 1
  out_processID[495] = 1
  out_processID[496] = 1
  out_processID[497] = 1
  out_processID[498] = 1
  out_processID[499] = 1
  out_processID[500] = 1
  out_processID[501] = 1
  out_processID[502] = 1
  out_processID[503] = 1
  out_processID[504] = 1
  out_processID[505] = 1
  out_processID[506] = 1
  out_processID[507] = 1
  out_processID[508] = 1
  out_processID[509] = 1
  out_processID[510] = 1
  out_processID[511] = 1
  out_processID[512] = 1
  out_processID[513] = 1
  out_processID[514] = 1
  out_processID[515] = 1
  out_processID[516] = 1
  out_processID[517] = 1
  out_processID[518] = 1
  out_processID[519] = 1
  out_processID[520] = 1
  out_processID[521] = 1
  out_processID[522] = 1
  out_processID[523] = 1
  out_processID[524] = 1
  out_processID[525] = 1
  out_processID[526] = 1
  out_processID[527] = 1
  out_processID[528] = 1
  out_processID[529] = 1
  out_processID[530] = 1
  out_processID[531] = 1
  out_processID[532] = 1
  out_processID[533] = 1
  out_processID[534] = 1
  out_processID[535] = 1
  out_processID[536] = 1
  out_processID[537] = 1
  out_processID[538] = 1
  out_processID[539] = 1
  out_processID[540] = 1
  out_processID[541] = 1
  out_processID[542] = 1
  out_processID[543] = 1
  out_processID[544] = 1
  out_processID[545] = 1
  out_processID[546] = 1
  out_processID[547] = 1
  out_processID[548] = 1
  out_processID[549] = 1
  out_processID[550] = 1
  out_processID[551] = 1
  out_processID[552] = 1
  out_processID[553] = 1
  out_processID[554] = 1
  out_processID[555] = 1
  out_processID[556] = 1
  out_processID[557] = 1
  out_processID[558] = 1
  out_processID[559] = 1
  out_processID[560] = 1
  out_processID[561] = 1
  out_processID[562] = 1
  out_processID[563] = 1
  out_processID[564] = 1
  out_processID[565] = 1
  out_processID[566] = 1
  out_processID[567] = 1
  out_processID[568] = 1
  out_processID[569] = 1
  out_processID[570] = 1
  out_processID[571] = 1
  out_processID[572] = 1
  out_processID[573] = 1
  out_processID[574] = 1
  out_processID[575] = 1
  out_processID[576] = 1
  out_processID[577] = 1
  out_processID[578] = 1
  out_processID[579] = 1
  out_processID[580] = 1
  out_processID[581] = 15
  out_processID[582] = 15
  out_processID[583] = 15
  out_processID[584] = 15
  out_processID[585] = 15
  out_processID[586] = 15
  out_processID[587] = 15
  out_processID[588] = 15
  out_processID[589] = 15
  out_processID[590] = 15
  out_processID[591] = 15
  out_processID[592] = 15
  out_processID[593] = 15
  out_processID[594] = 15
  out_processID[595] = 15
  out_processID[596] = 15
  out_processID[597] = 15
  out_processID[598] = 15
  out_processID[599] = 15
  out_processID[600] = 15
  out_processID[601] = 15
  out_processID[602] = 15
  out_processID[603] = 15
  out_processID[604] = 15
  out_processID[605] = 15
  out_processID[606] = 15
  out_processID[607] = 15
  out_processID[608] = 15
  out_processID[609] = 15
  out_processID[610] = 15
  out_processID[611] = 15
  out_processID[612] = 15
  out_processID[613] = 15
  out_processID[614] = 15
  out_processID[615] = 15
  out_processID[616] = 15
  out_processID[617] = 15
  out_processID[618] = 15
  out_processID[619] = 15
  out_processID[620] = 15
  out_processID[621] = 15
  out_processID[622] = 15
  out_processID[623] = 15
  out_processID[624] = 15
  out_processID[625] = 15
  out_processID[626] = 15
  out_processID[627] = 15
  out_processID[628] = 15
  out_processID[629] = 15
  out_processID[630] = 15
  out_processID[631] = 15
  out_processID[632] = 15
  out_processID[633] = 15
  out_processID[634] = 15
  out_processID[635] = 15
  out_processID[636] = 15
  out_processID[637] = 15
  out_processID[638] = 15
  out_processID[639] = 15
  out_processID[640] = 15
  out_processID[641] = 15
  out_processID[642] = 15
  out_processID[643] = 15
  out_processID[644] = 15
  out_processID[645] = 15
  out_processID[646] = 15
  out_processID[647] = 15
  out_processID[648] = 15
  out_processID[649] = 15
  out_processID[650] = 15
  out_processID[651] = 15
  out_processID[652] = 15
  out_processID[653] = 15
  out_processID[654] = 15
  out_processID[655] = 15
  out_processID[656] = 15
  out_processID[657] = 15
  out_processID[658] = 15
  out_processID[659] = 15
  out_processID[660] = 15
  out_processID[661] = 15
  out_processID[662] = 15
  out_processID[663] = 15
  out_processID[664] = 15
  out_processID[665] = 15
  out_processID[666] = 15
  out_processID[667] = 15
  out_processID[668] = 15
  out_processID[669] = 15
  out_processID[670] = 15
  out_processID[671] = 15
  out_processID[672] = 15
  out_processID[673] = 15
  out_processID[674] = 15
  out_processID[675] = 15
  out_processID[676] = 15
  out_processID[677] = 15
  out_processID[678] = 15
  out_processID[679] = 15
  out_processID[680] = 15
  out_processID[681] = 15
  out_processID[682] = 15
  out_processID[683] = 15
  out_processID[684] = 15
  out_meanBaseRate[1] = 0.48671633989381435
  out_meanBaseRate[2] = 0.5293499119407491
  out_meanBaseRate[3] = 0.5686418395826014
  out_meanBaseRate[4] = 0.6197439077925053
  out_meanBaseRate[5] = 1.2943457833735494
  out_meanBaseRate[6] = 1.2822013315537797
  out_meanBaseRate[7] = 1.4573742881088616
  out_meanBaseRate[8] = 1.4555754271038512
  out_meanBaseRate[9] = 1.5876787459706314
  out_meanBaseRate[10] = 1.5886293740020634
  out_meanBaseRate[11] = 2.0607284233786243
  out_meanBaseRate[12] = 2.1046911230812193
  out_meanBaseRate[13] = 2.226881873400623
  out_meanBaseRate[14] = 2.253159134659043
  out_meanBaseRate[15] = 2.378198245326143
  out_meanBaseRate[16] = 2.5001713446597953
  out_meanBaseRate[17] = 2.679816643193529
  out_meanBaseRate[18] = 2.7476342758529246
  out_meanBaseRate[19] = 3.4484134426392234
  out_meanBaseRate[20] = 4.281768209237503
  out_meanBaseRate[21] = 6.8157846288737
  out_meanBaseRate[22] = 9.57282483120352
  out_meanBaseRate[23] = 12.517339740660915
  out_meanBaseRate[24] = 16.346469654077826
  out_meanBaseRate[25] = 18.059551492828387
  out_meanBaseRate[26] = 24.227682412201233
  out_meanBaseRate[27] = 27.493284607101835
  out_meanBaseRate[28] = 41.053206947944325
  out_meanBaseRate[29] = 41.033751793001635
  out_meanBaseRate[30] = 40.96563727414941
  out_meanBaseRate[31] = 49.8436514754192
  out_meanBaseRate[32] = 46.338128067526085
  out_meanBaseRate[33] = 46.36830534328145
  out_meanBaseRate[34] = 45.788228687046434
  out_meanBaseRate[35] = 45.9683989923526
  out_meanBaseRate[36] = 58.23880190695482
  out_meanBaseRate[37] = 57.59962330212423
  out_meanBaseRate[38] = 55.61286404613501
  out_meanBaseRate[39] = 74.27879269274956
  out_meanBaseRate[40] = 76.80000436767341
  out_meanBaseRate[41] = 76.7493290371135
  out_meanBaseRate[42] = 0.00004304488944766078
  out_meanBaseRate[43] = 0.00051410467212033
  out_meanBaseRate[44] = 0.0005824612417525544
  out_meanBaseRate[45] = 0.0011418125815206048
  out_meanBaseRate[46] = 0.01338053334170313
  out_meanBaseRate[47] = 0.01982146539336082
  out_meanBaseRate[48] = 0.019994430493517876
  out_meanBaseRate[49] = 0.02028667161310218
  out_meanBaseRate[50] = 0.018948388901611487
  out_meanBaseRate[51] = 0.022122155256979165
  out_meanBaseRate[52] = 0.016547877593376274
  out_meanBaseRate[53] = 0.0015408466494175126
  out_meanBaseRate[54] = 0.0010572596785868437
  out_meanBaseRate[55] = 0.016644566633866674
  out_meanBaseRate[56] = 0.012337579187772441
  out_meanBaseRate[57] = 0.009090703715769475
  out_meanBaseRate[58] = 0.01147633842564279
  out_meanBaseRate[59] = 0.016090971876418978
  out_meanBaseRate[60] = 0.014407986889834303
  out_meanBaseRate[61] = 0.021135556261693986
  out_meanBaseRate[62] = 0.01802345994447472
  out_meanBaseRate[63] = 0.027696500815721788
  out_meanBaseRate[64] = 0.014846049233249725
  out_meanBaseRate[65] = 0.02248000852721579
  out_meanBaseRate[66] = 0.02285953900287892
  out_meanBaseRate[67] = 0.004127502212354888
  out_meanBaseRate[68] = 0.02841713721153816
  out_meanBaseRate[69] = 0.04787229215423475
  out_meanBaseRate[70] = 0.11598681100647565
  out_meanBaseRate[71] = 0.05309195011601053
  out_meanBaseRate[72] = 0.042235751190976445
  out_meanBaseRate[73] = 0.012058475435637215
  out_meanBaseRate[74] = 0.5921351316706254
  out_meanBaseRate[75] = 0.411964826364498
  out_meanBaseRate[76] = 2.034157298799842
  out_meanBaseRate[77] = 2.6733359036304565
  out_meanBaseRate[78] = 4.660095159619661
  out_meanBaseRate[79] = 8.874247432959622
  out_meanBaseRate[80] = 6.353035758035761
  out_meanBaseRate[81] = 3.75730190484949
  out_meanBaseRate[82] = 0.0001623075354551031
  out_meanBaseRate[83] = 0.0002780315001868539
  out_meanBaseRate[84] = 0.0002525307105825644
  out_meanBaseRate[85] = 0.00017635498029420569
  out_meanBaseRate[86] = 0.0007125722529125198
  out_meanBaseRate[87] = 0.0007446722574150436
  out_meanBaseRate[88] = 0.0010881821958856476
  out_meanBaseRate[89] = 0.0012206002158099776
  out_meanBaseRate[90] = 0.0013726721529198121
  out_meanBaseRate[91] = 0.0024498196790429406
  out_meanBaseRate[92] = 0.0019996864409691584
  out_meanBaseRate[93] = 0.0017279160384538268
  out_meanBaseRate[94] = 0.002051092218762899
  out_meanBaseRate[95] = 0.0012206629187829531
  out_meanBaseRate[96] = 0.0015214755641524227
  out_meanBaseRate[97] = 0.0006230990151323146
  out_meanBaseRate[98] = 0.00045735148417023027
  out_meanBaseRate[99] = 0.0007006179751518159
  out_meanBaseRate[100] = 0.0004910263139498131
  out_meanBaseRate[101] = 0.0007218458878009326
  out_meanBaseRate[102] = 0.0015245298985707562
  out_meanBaseRate[103] = 0.0029042420327281835
  out_meanBaseRate[104] = 0.0020216517625019624
  out_meanBaseRate[105] = 0
  out_meanBaseRate[106] = 0
  out_meanBaseRate[107] = 0
  out_meanBaseRate[108] = 0
  out_meanBaseRate[109] = 0
  out_meanBaseRate[110] = 0
  out_meanBaseRate[111] = 0
  out_meanBaseRate[112] = 0
  out_meanBaseRate[113] = 0
  out_meanBaseRate[114] = 0
  out_meanBaseRate[115] = 0
  out_meanBaseRate[116] = 0
  out_meanBaseRate[117] = 0
  out_meanBaseRate[118] = 0
  out_meanBaseRate[119] = 0
  out_meanBaseRate[120] = 0
  out_meanBaseRate[121] = 0
  out_meanBaseRate[122] = 0
  out_meanBaseRate[123] = 0
  out_meanBaseRate[124] = 0
  out_meanBaseRate[125] = 0
  out_meanBaseRate[126] = 0
  out_meanBaseRate[127] = 0
  out_meanBaseRate[128] = 0
  out_meanBaseRate[129] = 0
  out_meanBaseRate[130] = 0
  out_meanBaseRate[131] = 0
  out_meanBaseRate[132] = 0
  out_meanBaseRate[133] = 0
  out_meanBaseRate[134] = 0
  out_meanBaseRate[135] = 0
  out_meanBaseRate[136] = 0
  out_meanBaseRate[137] = 0
  out_meanBaseRate[138] = 0
  out_meanBaseRate[139] = 0
  out_meanBaseRate[140] = 0
  out_meanBaseRate[141] = 0
  out_meanBaseRate[142] = 0
  out_meanBaseRate[143] = 0
  out_meanBaseRate[144] = 0
  out_meanBaseRate[145] = 0
  out_meanBaseRate[146] = 0
  out_meanBaseRate[147] = 0
  out_meanBaseRate[148] = 0
  out_meanBaseRate[149] = 0
  out_meanBaseRate[150] = 0
  out_meanBaseRate[151] = 0
  out_meanBaseRate[152] = 0
  out_meanBaseRate[153] = 0
  out_meanBaseRate[154] = 0
  out_meanBaseRate[155] = 0
  out_meanBaseRate[156] = 0
  out_meanBaseRate[157] = 0
  out_meanBaseRate[158] = 0
  out_meanBaseRate[159] = 0
  out_meanBaseRate[160] = 0
  out_meanBaseRate[161] = 0
  out_meanBaseRate[162] = 0
  out_meanBaseRate[163] = 0
  out_meanBaseRate[164] = 0
  out_meanBaseRate[165] = 0
  out_meanBaseRate[166] = 0
  out_meanBaseRate[167] = 0
  out_meanBaseRate[168] = 0
  out_meanBaseRate[169] = 0
  out_meanBaseRate[170] = 0
  out_meanBaseRate[171] = 0
  out_meanBaseRate[172] = 0
  out_meanBaseRate[173] = 0
  out_meanBaseRate[174] = 0
  out_meanBaseRate[175] = 0
  out_meanBaseRate[176] = 0
  out_meanBaseRate[177] = 0
  out_meanBaseRate[178] = 0
  out_meanBaseRate[179] = 0
  out_meanBaseRate[180] = 0
  out_meanBaseRate[181] = 0
  out_meanBaseRate[182] = 0
  out_meanBaseRate[183] = 0
  out_meanBaseRate[184] = 0
  out_meanBaseRate[185] = 0
  out_meanBaseRate[186] = 0
  out_meanBaseRate[187] = 0
  out_meanBaseRate[188] = 0
  out_meanBaseRate[189] = 0
  out_meanBaseRate[190] = 0
  out_meanBaseRate[191] = 0
  out_meanBaseRate[192] = 0
  out_meanBaseRate[193] = 0
  out_meanBaseRate[194] = 0
  out_meanBaseRate[195] = 0
  out_meanBaseRate[196] = 0
  out_meanBaseRate[197] = 0
  out_meanBaseRate[198] = 0
  out_meanBaseRate[199] = 0
  out_meanBaseRate[200] = 0
  out_meanBaseRate[201] = 0
  out_meanBaseRate[202] = 0
  out_meanBaseRate[203] = 0
  out_meanBaseRate[204] = 0
  out_meanBaseRate[205] = 0
  out_meanBaseRate[206] = 0
  out_meanBaseRate[207] = 0
  out_meanBaseRate[208] = 0
  out_meanBaseRate[209] = 0
  out_meanBaseRate[210] = 0
  out_meanBaseRate[211] = 0
  out_meanBaseRate[212] = 0
  out_meanBaseRate[213] = 0
  out_meanBaseRate[214] = 0
  out_meanBaseRate[215] = 0
  out_meanBaseRate[216] = 0
  out_meanBaseRate[217] = 0
  out_meanBaseRate[218] = 0
  out_meanBaseRate[219] = 0
  out_meanBaseRate[220] = 0
  out_meanBaseRate[221] = 0
  out_meanBaseRate[222] = 0
  out_meanBaseRate[223] = 0
  out_meanBaseRate[224] = 0
  out_meanBaseRate[225] = 0
  out_meanBaseRate[226] = 0
  out_meanBaseRate[227] = 0
  out_meanBaseRate[228] = 0
  out_meanBaseRate[229] = 35.06213406804454
  out_meanBaseRate[230] = 37.82023569065962
  out_meanBaseRate[231] = 40.03430308237414
  out_meanBaseRate[232] = 43.493988457412144
  out_meanBaseRate[233] = 94.65939279547383
  out_meanBaseRate[234] = 93.77123257595579
  out_meanBaseRate[235] = 114.54465400569318
  out_meanBaseRate[236] = 114.40326965912932
  out_meanBaseRate[237] = 134.47324575029617
  out_meanBaseRate[238] = 134.55376206205779
  out_meanBaseRate[239] = 194.09346758172865
  out_meanBaseRate[240] = 191.51707307029235
  out_meanBaseRate[241] = 195.2284374412373
  out_meanBaseRate[242] = 199.15964451639385
  out_meanBaseRate[243] = 197.8618544219646
  out_meanBaseRate[244] = 256.25619302257536
  out_meanBaseRate[245] = 256.7231182995197
  out_meanBaseRate[246] = 256.4882480596907
  out_meanBaseRate[247] = 272.3739309252551
  out_meanBaseRate[248] = 289.288707940394
  out_meanBaseRate[249] = 408.7988636187307
  out_meanBaseRate[250] = 470.162698653806
  out_meanBaseRate[251] = 563.6187240861047
  out_meanBaseRate[252] = 597.7708817477112
  out_meanBaseRate[253] = 609.715302425178
  out_meanBaseRate[254] = 658.0262485338143
  out_meanBaseRate[255] = 718.5276782289311
  out_meanBaseRate[256] = 658.660542127386
  out_meanBaseRate[257] = 658.3484022519805
  out_meanBaseRate[258] = 657.2555681167362
  out_meanBaseRate[259] = 696.5739793974133
  out_meanBaseRate[260] = 905.0080326178554
  out_meanBaseRate[261] = 905.5974106980689
  out_meanBaseRate[262] = 894.2682082611085
  out_meanBaseRate[263] = 897.7870291617646
  out_meanBaseRate[264] = 1239.2367957513436
  out_meanBaseRate[265] = 1225.6360069262485
  out_meanBaseRate[266] = 1183.3606665396974
  out_meanBaseRate[267] = 1410.963107221989
  out_meanBaseRate[268] = 1458.8547937970473
  out_meanBaseRate[269] = 1543.375023361704
  out_meanBaseRate[270] = 0.0030754097194808615
  out_meanBaseRate[271] = 0.036194702582626505
  out_meanBaseRate[272] = 0.040877469237111726
  out_meanBaseRate[273] = 0.08350418183560457
  out_meanBaseRate[274] = 0.978558571963664
  out_meanBaseRate[275] = 1.557899651375447
  out_meanBaseRate[276] = 1.5714941189835308
  out_meanBaseRate[277] = 1.7182409125320046
  out_meanBaseRate[278] = 1.6048910170305444
  out_meanBaseRate[279] = 2.0836155679207353
  out_meanBaseRate[280] = 1.5057796592828594
  out_meanBaseRate[281] = 0.13508443680623966
  out_meanBaseRate[282] = 0.09345254780716401
  out_meanBaseRate[283] = 1.3847982718426297
  out_meanBaseRate[284] = 1.264545760244016
  out_meanBaseRate[285] = 0.8708781667495713
  out_meanBaseRate[286] = 1.0713019424754
  out_meanBaseRate[287] = 1.270950057262752
  out_meanBaseRate[288] = 0.9734454803952477
  out_meanBaseRate[289] = 1.267673767907486
  out_meanBaseRate[290] = 0.8852098221782299
  out_meanBaseRate[291] = 1.2470913768281766
  out_meanBaseRate[292] = 0.5429022980760717
  out_meanBaseRate[293] = 0.7589560130070171
  out_meanBaseRate[294] = 0.6208673383344945
  out_meanBaseRate[295] = 0.10787087188418563
  out_meanBaseRate[296] = 0.4559265497868072
  out_meanBaseRate[297] = 0.7680664251923383
  out_meanBaseRate[298] = 1.8609005604366629
  out_meanBaseRate[299] = 0.7419695361708528
  out_meanBaseRate[300] = 0.8248864528101237
  out_meanBaseRate[301] = 0.23550837259705037
  out_meanBaseRate[302] = 11.564710809556825
  out_meanBaseRate[303] = 8.04588990890144
  out_meanBaseRate[304] = 43.28390163393614
  out_meanBaseRate[305] = 56.8846904590324
  out_meanBaseRate[306] = 99.16003084558261
  out_meanBaseRate[307] = 168.57080302932386
  out_meanBaseRate[308] = 120.67911645426511
  out_meanBaseRate[309] = 75.55669851354509
  out_meanBaseRate[310] = 0.01169233103951734
  out_meanBaseRate[311] = 0.019864397120503294
  out_meanBaseRate[312] = 0.017779013609850836
  out_meanBaseRate[313] = 0.012376695246016723
  out_meanBaseRate[314] = 0.05211254801464077
  out_meanBaseRate[315] = 0.05446011770890072
  out_meanBaseRate[316] = 0.0855274133349924
  out_meanBaseRate[317] = 0.095935018574161
  out_meanBaseRate[318] = 0.11626261309010964
  out_meanBaseRate[319] = 0.20749487550924667
  out_meanBaseRate[320] = 0.1883441170610563
  out_meanBaseRate[321] = 0.15723229815851764
  out_meanBaseRate[322] = 0.1798171396965349
  out_meanBaseRate[323] = 0.10789597114539559
  out_meanBaseRate[324] = 0.12658405461888592
  out_meanBaseRate[325] = 0.06386481543953948
  out_meanBaseRate[326] = 0.04381370623744415
  out_meanBaseRate[327] = 0.06540181806038735
  out_meanBaseRate[328] = 0.03878385510987039
  out_meanBaseRate[329] = 0.04877000669104539
  out_meanBaseRate[330] = 0.09143864192074558
  out_meanBaseRate[331] = 0.1426398472476413
  out_meanBaseRate[332] = 0.09102898942867702
  out_meanBaseRate[333] = 0
  out_meanBaseRate[334] = 0
  out_meanBaseRate[335] = 0
  out_meanBaseRate[336] = 0
  out_meanBaseRate[337] = 0
  out_meanBaseRate[338] = 0
  out_meanBaseRate[339] = 0
  out_meanBaseRate[340] = 0
  out_meanBaseRate[341] = 0
  out_meanBaseRate[342] = 0
  out_meanBaseRate[343] = 0
  out_meanBaseRate[344] = 0
  out_meanBaseRate[345] = 0
  out_meanBaseRate[346] = 0
  out_meanBaseRate[347] = 0
  out_meanBaseRate[348] = 0
  out_meanBaseRate[349] = 0
  out_meanBaseRate[350] = 0
  out_meanBaseRate[351] = 0
  out_meanBaseRate[352] = 0
  out_meanBaseRate[353] = 0
  out_meanBaseRate[354] = 0
  out_meanBaseRate[355] = 0
  out_meanBaseRate[356] = 0
  out_meanBaseRate[357] = 0
  out_meanBaseRate[358] = 0
  out_meanBaseRate[359] = 0
  out_meanBaseRate[360] = 0
  out_meanBaseRate[361] = 0
  out_meanBaseRate[362] = 0
  out_meanBaseRate[363] = 0
  out_meanBaseRate[364] = 0
  out_meanBaseRate[365] = 0
  out_meanBaseRate[366] = 0
  out_meanBaseRate[367] = 0
  out_meanBaseRate[368] = 0
  out_meanBaseRate[369] = 0
  out_meanBaseRate[370] = 0
  out_meanBaseRate[371] = 0
  out_meanBaseRate[372] = 0
  out_meanBaseRate[373] = 0
  out_meanBaseRate[374] = 0
  out_meanBaseRate[375] = 0
  out_meanBaseRate[376] = 0
  out_meanBaseRate[377] = 0
  out_meanBaseRate[378] = 0
  out_meanBaseRate[379] = 0
  out_meanBaseRate[380] = 0
  out_meanBaseRate[381] = 0
  out_meanBaseRate[382] = 0
  out_meanBaseRate[383] = 0
  out_meanBaseRate[384] = 0
  out_meanBaseRate[385] = 0
  out_meanBaseRate[386] = 0
  out_meanBaseRate[387] = 0
  out_meanBaseRate[388] = 0
  out_meanBaseRate[389] = 0
  out_meanBaseRate[390] = 0
  out_meanBaseRate[391] = 0
  out_meanBaseRate[392] = 0
  out_meanBaseRate[393] = 0
  out_meanBaseRate[394] = 0
  out_meanBaseRate[395] = 0
  out_meanBaseRate[396] = 0
  out_meanBaseRate[397] = 0
  out_meanBaseRate[398] = 0
  out_meanBaseRate[399] = 0
  out_meanBaseRate[400] = 0
  out_meanBaseRate[401] = 0
  out_meanBaseRate[402] = 0
  out_meanBaseRate[403] = 0
  out_meanBaseRate[404] = 0
  out_meanBaseRate[405] = 0
  out_meanBaseRate[406] = 0
  out_meanBaseRate[407] = 0
  out_meanBaseRate[408] = 0
  out_meanBaseRate[409] = 0
  out_meanBaseRate[410] = 0
  out_meanBaseRate[411] = 0
  out_meanBaseRate[412] = 0
  out_meanBaseRate[413] = 0
  out_meanBaseRate[414] = 0
  out_meanBaseRate[415] = 0
  out_meanBaseRate[416] = 0
  out_meanBaseRate[417] = 0
  out_meanBaseRate[418] = 0
  out_meanBaseRate[419] = 0
  out_meanBaseRate[420] = 0
  out_meanBaseRate[421] = 0
  out_meanBaseRate[422] = 0
  out_meanBaseRate[423] = 0
  out_meanBaseRate[424] = 0
  out_meanBaseRate[425] = 0
  out_meanBaseRate[426] = 0
  out_meanBaseRate[427] = 0
  out_meanBaseRate[428] = 0
  out_meanBaseRate[429] = 0
  out_meanBaseRate[430] = 0
  out_meanBaseRate[431] = 0
  out_meanBaseRate[432] = 0
  out_meanBaseRate[433] = 0
  out_meanBaseRate[434] = 0
  out_meanBaseRate[435] = 0
  out_meanBaseRate[436] = 0
  out_meanBaseRate[437] = 0
  out_meanBaseRate[438] = 0
  out_meanBaseRate[439] = 0
  out_meanBaseRate[440] = 0
  out_meanBaseRate[441] = 0
  out_meanBaseRate[442] = 0
  out_meanBaseRate[443] = 0
  out_meanBaseRate[444] = 0
  out_meanBaseRate[445] = 0
  out_meanBaseRate[446] = 0
  out_meanBaseRate[447] = 0
  out_meanBaseRate[448] = 0
  out_meanBaseRate[449] = 0
  out_meanBaseRate[450] = 0
  out_meanBaseRate[451] = 0
  out_meanBaseRate[452] = 0
  out_meanBaseRate[453] = 0
  out_meanBaseRate[454] = 0
  out_meanBaseRate[455] = 0
  out_meanBaseRate[456] = 0
  out_meanBaseRate[457] = 0.771623548490833
  out_meanBaseRate[458] = 0.9051441190260986
  out_meanBaseRate[459] = 1.0329078351973393
  out_meanBaseRate[460] = 1.1829448659303934
  out_meanBaseRate[461] = 3.0320209141999515
  out_meanBaseRate[462] = 3.0035723864710917
  out_meanBaseRate[463] = 3.2643440307084886
  out_meanBaseRate[464] = 3.2603147972907642
  out_meanBaseRate[465] = 3.5305680271893247
  out_meanBaseRate[466] = 3.532681966764344
  out_meanBaseRate[467] = 4.1933347886461
  out_meanBaseRate[468] = 5.119130997832349
  out_meanBaseRate[469] = 5.4180830118664955
  out_meanBaseRate[470] = 5.613471517195119
  out_meanBaseRate[471] = 7.345493885324592
  out_meanBaseRate[472] = 9.45193169996335
  out_meanBaseRate[473] = 12.878177728212371
  out_meanBaseRate[474] = 18.26637113134458
  out_meanBaseRate[475] = 21.935342502766964
  out_meanBaseRate[476] = 22.00153954930486
  out_meanBaseRate[477] = 42.04763109746299
  out_meanBaseRate[478] = 57.90284384062456
  out_meanBaseRate[479] = 65.68003868025707
  out_meanBaseRate[480] = 83.07082102770025
  out_meanBaseRate[481] = 84.27041150333773
  out_meanBaseRate[482] = 97.45728731637983
  out_meanBaseRate[483] = 113.19981556009054
  out_meanBaseRate[484] = 163.5619639803711
  out_meanBaseRate[485] = 163.48445180559742
  out_meanBaseRate[486] = 163.21307362817086
  out_meanBaseRate[487] = 163.50102565186808
  out_meanBaseRate[488] = 122.16931985875901
  out_meanBaseRate[489] = 122.24888149424095
  out_meanBaseRate[490] = 120.71952384615243
  out_meanBaseRate[491] = 121.19453836607266
  out_meanBaseRate[492] = 132.2319130203415
  out_meanBaseRate[493] = 130.7806501696144
  out_meanBaseRate[494] = 126.26968894568589
  out_meanBaseRate[495] = 102.97876685066961
  out_meanBaseRate[496] = 106.47412884890672
  out_meanBaseRate[497] = 111.39047794684446
  out_meanBaseRate[498] = 0.00007360316429416876
  out_meanBaseRate[499] = 0.0009338439541037521
  out_meanBaseRate[500] = 0.0011117810548374354
  out_meanBaseRate[501] = 0.0026747100131495347
  out_meanBaseRate[502] = 0.03134406389415734
  out_meanBaseRate[503] = 0.04439771084521773
  out_meanBaseRate[504] = 0.04478513197431645
  out_meanBaseRate[505] = 0.045112069653310535
  out_meanBaseRate[506] = 0.04213609093940472
  out_meanBaseRate[507] = 0.04501592843894927
  out_meanBaseRate[508] = 0.04024854393483318
  out_meanBaseRate[509] = 0.0037489348468905206
  out_meanBaseRate[510] = 0.002634033699942904
  out_meanBaseRate[511] = 0.05140974377271834
  out_meanBaseRate[512] = 0.046642385560811385
  out_meanBaseRate[513] = 0.04368645833421124
  out_meanBaseRate[514] = 0.0762951091249682
  out_meanBaseRate[515] = 0.1023546002191386
  out_meanBaseRate[516] = 0.07403434233050328
  out_meanBaseRate[517] = 0.13038852034240983
  out_meanBaseRate[518] = 0.10901793410351858
  out_meanBaseRate[519] = 0.14532698501225866
  out_meanBaseRate[520] = 0.07544586231290985
  out_meanBaseRate[521] = 0.10489737632406312
  out_meanBaseRate[522] = 0.09195384942810755
  out_meanBaseRate[523] = 0.01699442230491978
  out_meanBaseRate[524] = 0.113218019213761
  out_meanBaseRate[525] = 0.19073019398745958
  out_meanBaseRate[526] = 0.4621083714140686
  out_meanBaseRate[527] = 0.17415634771674868
  out_meanBaseRate[528] = 0.11135350545896236
  out_meanBaseRate[529] = 0.03179186997710763
  out_meanBaseRate[530] = 1.5611495180655268
  out_meanBaseRate[531] = 1.0861349981453727
  out_meanBaseRate[532] = 4.618579060646373
  out_meanBaseRate[533] = 6.069841911373591
  out_meanBaseRate[534] = 10.580803135302032
  out_meanBaseRate[535] = 12.303095193725532
  out_meanBaseRate[536] = 8.807733195488401
  out_meanBaseRate[537] = 5.453176727699956
  out_meanBaseRate[538] = 0.00025731685211552934
  out_meanBaseRate[539] = 0.00047541063410302953
  out_meanBaseRate[540] = 0.00045870868344852493
  out_meanBaseRate[541] = 0.00033662003917613845
  out_meanBaseRate[542] = 0.0016692092649911352
  out_meanBaseRate[543] = 0.0017444039202739697
  out_meanBaseRate[544] = 0.002437397917917178
  out_meanBaseRate[545] = 0.002733998438747785
  out_meanBaseRate[546] = 0.0030524515285042875
  out_meanBaseRate[547] = 0.005447736233264542
  out_meanBaseRate[548] = 0.0040691216873457985
  out_meanBaseRate[549] = 0.004202720511858839
  out_meanBaseRate[550] = 0.004990380513215288
  out_meanBaseRate[551] = 0.0030411329680543222
  out_meanBaseRate[552] = 0.004699351483887645
  out_meanBaseRate[553] = 0.002355634283196085
  out_meanBaseRate[554] = 0.0021978569736722784
  out_meanBaseRate[555] = 0.004657733406474384
  out_meanBaseRate[556] = 0.0031234161893641545
  out_meanBaseRate[557] = 0.0037091500690513827
  out_meanBaseRate[558] = 0.009405061084324307
  out_meanBaseRate[559] = 0.01756679724758905
  out_meanBaseRate[560] = 0.010607858275813472
  out_meanBaseRate[561] = 0
  out_meanBaseRate[562] = 0
  out_meanBaseRate[563] = 0
  out_meanBaseRate[564] = 0
  out_meanBaseRate[565] = 0
  out_meanBaseRate[566] = 0
  out_meanBaseRate[567] = 0
  out_meanBaseRate[568] = 0
  out_meanBaseRate[569] = 0
  out_meanBaseRate[570] = 0
  out_meanBaseRate[571] = 0
  out_meanBaseRate[572] = 0
  out_meanBaseRate[573] = 0
  out_meanBaseRate[574] = 0
  out_meanBaseRate[575] = 0
  out_meanBaseRate[576] = 0
  out_meanBaseRate[577] = 0
  out_meanBaseRate[578] = 0
  out_meanBaseRate[579] = 0
  out_meanBaseRate[580] = 0
  out_meanBaseRate[581] = 0
  out_meanBaseRate[582] = 0
  out_meanBaseRate[583] = 0
  out_meanBaseRate[584] = 0
  out_meanBaseRate[585] = 0
  out_meanBaseRate[586] = 0
  out_meanBaseRate[587] = 0
  out_meanBaseRate[588] = 0
  out_meanBaseRate[589] = 0
  out_meanBaseRate[590] = 0
  out_meanBaseRate[591] = 0
  out_meanBaseRate[592] = 0
  out_meanBaseRate[593] = 0
  out_meanBaseRate[594] = 0
  out_meanBaseRate[595] = 0
  out_meanBaseRate[596] = 0
  out_meanBaseRate[597] = 0
  out_meanBaseRate[598] = 0
  out_meanBaseRate[599] = 0
  out_meanBaseRate[600] = 0
  out_meanBaseRate[601] = 0
  out_meanBaseRate[602] = 0
  out_meanBaseRate[603] = 0
  out_meanBaseRate[604] = 0
  out_meanBaseRate[605] = 0
  out_meanBaseRate[606] = 0
  out_meanBaseRate[607] = 0
  out_meanBaseRate[608] = 0
  out_meanBaseRate[609] = 0
  out_meanBaseRate[610] = 0
  out_meanBaseRate[611] = 0
  out_meanBaseRate[612] = 0
  out_meanBaseRate[613] = 0
  out_meanBaseRate[614] = 0
  out_meanBaseRate[615] = 0
  out_meanBaseRate[616] = 0
  out_meanBaseRate[617] = 0
  out_meanBaseRate[618] = 0
  out_meanBaseRate[619] = 0
  out_meanBaseRate[620] = 0
  out_meanBaseRate[621] = 0
  out_meanBaseRate[622] = 0
  out_meanBaseRate[623] = 0
  out_meanBaseRate[624] = 0
  out_meanBaseRate[625] = 0
  out_meanBaseRate[626] = 0
  out_meanBaseRate[627] = 0
  out_meanBaseRate[628] = 0
  out_meanBaseRate[629] = 0
  out_meanBaseRate[630] = 0
  out_meanBaseRate[631] = 0
  out_meanBaseRate[632] = 0
  out_meanBaseRate[633] = 0
  out_meanBaseRate[634] = 0
  out_meanBaseRate[635] = 0
  out_meanBaseRate[636] = 0
  out_meanBaseRate[637] = 0
  out_meanBaseRate[638] = 0
  out_meanBaseRate[639] = 0
  out_meanBaseRate[640] = 0
  out_meanBaseRate[641] = 0
  out_meanBaseRate[642] = 0
  out_meanBaseRate[643] = 0
  out_meanBaseRate[644] = 0
  out_meanBaseRate[645] = 0
  out_meanBaseRate[646] = 0
  out_meanBaseRate[647] = 0
  out_meanBaseRate[648] = 0
  out_meanBaseRate[649] = 0
  out_meanBaseRate[650] = 0
  out_meanBaseRate[651] = 0
  out_meanBaseRate[652] = 0
  out_meanBaseRate[653] = 0
  out_meanBaseRate[654] = 0
  out_meanBaseRate[655] = 0
  out_meanBaseRate[656] = 0
  out_meanBaseRate[657] = 0
  out_meanBaseRate[658] = 0
  out_meanBaseRate[659] = 0
  out_meanBaseRate[660] = 0
  out_meanBaseRate[661] = 0
  out_meanBaseRate[662] = 0
  out_meanBaseRate[663] = 0
  out_meanBaseRate[664] = 0
  out_meanBaseRate[665] = 0
  out_meanBaseRate[666] = 0
  out_meanBaseRate[667] = 0
  out_meanBaseRate[668] = 0
  out_meanBaseRate[669] = 0
  out_meanBaseRate[670] = 0
  out_meanBaseRate[671] = 0
  out_meanBaseRate[672] = 0
  out_meanBaseRate[673] = 0
  out_meanBaseRate[674] = 0
  out_meanBaseRate[675] = 0
  out_meanBaseRate[676] = 0
  out_meanBaseRate[677] = 0
  out_meanBaseRate[678] = 0
  out_meanBaseRate[679] = 0
  out_meanBaseRate[680] = 0
  out_meanBaseRate[681] = 0
  out_meanBaseRate[682] = 0
  out_meanBaseRate[683] = 0
  out_meanBaseRate[684] = 0
  out_adjustedMeanBaseRate[1] = 0.5048299357778239
  out_adjustedMeanBaseRate[2] = 0.5490501553889608
  out_adjustedMeanBaseRate[3] = 0.5898043682274917
  out_adjustedMeanBaseRate[4] = 0.642808246868895
  out_adjustedMeanBaseRate[5] = 0.8293262019287851
  out_adjustedMeanBaseRate[6] = 0.8215448870502013
  out_adjustedMeanBaseRate[7] = 0.9337834593131864
  out_adjustedMeanBaseRate[8] = 0.9326308750623267
  out_adjustedMeanBaseRate[9] = 1.0172734374326604
  out_adjustedMeanBaseRate[10] = 1.0178825333519128
  out_adjustedMeanBaseRate[11] = 1.3203705675255901
  out_adjustedMeanBaseRate[12] = 1.3485387890620808
  out_adjustedMeanBaseRate[13] = 1.4268300711714876
  out_adjustedMeanBaseRate[14] = 1.443666701349041
  out_adjustedMeanBaseRate[15] = 1.5237830134459698
  out_adjustedMeanBaseRate[16] = 1.6019348400345426
  out_adjustedMeanBaseRate[17] = 1.717038976070768
  out_adjustedMeanBaseRate[18] = 1.7604917693194377
  out_adjustedMeanBaseRate[19] = 2.2095020200941122
  out_adjustedMeanBaseRate[20] = 2.7434574378194094
  out_adjustedMeanBaseRate[21] = 6.73408528014119
  out_adjustedMeanBaseRate[22] = 9.458077432800327
  out_adjustedMeanBaseRate[23] = 12.367297073475793
  out_adjustedMeanBaseRate[24] = 16.15052802775995
  out_adjustedMeanBaseRate[25] = 17.843075521871963
  out_adjustedMeanBaseRate[26] = 23.937270378641713
  out_adjustedMeanBaseRate[27] = 27.163728500325476
  out_adjustedMeanBaseRate[28] = 37.59694735626992
  out_adjustedMeanBaseRate[29] = 37.579130126129634
  out_adjustedMeanBaseRate[30] = 37.51675015219161
  out_adjustedMeanBaseRate[31] = 45.64732647906907
  out_adjustedMeanBaseRate[32] = 42.436932241419164
  out_adjustedMeanBaseRate[33] = 42.46456889960689
  out_adjustedMeanBaseRate[34] = 41.93332875715655
  out_adjustedMeanBaseRate[35] = 42.09833056791273
  out_adjustedMeanBaseRate[36] = 53.335691220528474
  out_adjustedMeanBaseRate[37] = 52.75032490828053
  out_adjustedMeanBaseRate[38] = 50.93083043488352
  out_adjustedMeanBaseRate[39] = 68.02527905061581
  out_adjustedMeanBaseRate[40] = 70.33423052269737
  out_adjustedMeanBaseRate[41] = 70.28782153599533
  out_adjustedMeanBaseRate[42] = 0.00004304488944766078
  out_adjustedMeanBaseRate[43] = 0.00051410467212033
  out_adjustedMeanBaseRate[44] = 0.0005824612417525544
  out_adjustedMeanBaseRate[45] = 0.0011418125815206048
  out_adjustedMeanBaseRate[46] = 0.01338053334170313
  out_adjustedMeanBaseRate[47] = 0.01982146539336082
  out_adjustedMeanBaseRate[48] = 0.019994430493517876
  out_adjustedMeanBaseRate[49] = 0.02028667161310218
  out_adjustedMeanBaseRate[50] = 0.018948388901611487
  out_adjustedMeanBaseRate[51] = 0.022122155256979165
  out_adjustedMeanBaseRate[52] = 0.016547877593376274
  out_adjustedMeanBaseRate[53] = 0.0015408466494175126
  out_adjustedMeanBaseRate[54] = 0.0010572596785868437
  out_adjustedMeanBaseRate[55] = 0.016233861952176014
  out_adjustedMeanBaseRate[56] = 0.012033149421314155
  out_adjustedMeanBaseRate[57] = 0.008866390601582863
  out_adjustedMeanBaseRate[58] = 0.011193159774990054
  out_adjustedMeanBaseRate[59] = 0.01569392714536834
  out_adjustedMeanBaseRate[60] = 0.014052469813327641
  out_adjustedMeanBaseRate[61] = 0.020614036410936686
  out_adjustedMeanBaseRate[62] = 0.017578731070344807
  out_adjustedMeanBaseRate[63] = 0.02701308965809385
  out_adjustedMeanBaseRate[64] = 0.014479722968419288
  out_adjustedMeanBaseRate[65] = 0.021925314316806742
  out_adjustedMeanBaseRate[66] = 0.022295479877982884
  out_adjustedMeanBaseRate[67] = 0.004025656095265031
  out_adjustedMeanBaseRate[68] = 0.027715944350843458
  out_adjustedMeanBaseRate[69] = 0.046691043345329
  out_adjustedMeanBaseRate[70] = 0.11312483644489087
  out_adjustedMeanBaseRate[71] = 0.05178190624689797
  out_adjustedMeanBaseRate[72] = 0.0411935840303391
  out_adjustedMeanBaseRate[73] = 0.011760932554262866
  out_adjustedMeanBaseRate[74] = 0.5775241972966527
  out_adjustedMeanBaseRate[75] = 0.401799594273954
  out_adjustedMeanBaseRate[76] = 1.983964467451956
  out_adjustedMeanBaseRate[77] = 2.607371340208375
  out_adjustedMeanBaseRate[78] = 4.545107311556046
  out_adjustedMeanBaseRate[79] = 8.655275377551344
  out_adjustedMeanBaseRate[80] = 6.196274600706229
  out_adjustedMeanBaseRate[81] = 3.664590480347329
  out_adjustedMeanBaseRate[82] = 0.00016946524843021937
  out_adjustedMeanBaseRate[83] = 0.00029029260482872046
  out_adjustedMeanBaseRate[84] = 0.0002636672381546447
  out_adjustedMeanBaseRate[85] = 0.000184132181316566
  out_adjustedMeanBaseRate[86] = 0.0004595965674750263
  out_adjustedMeanBaseRate[87] = 0.0004803005056721596
  out_adjustedMeanBaseRate[88] = 0.0007018583729191025
  out_adjustedMeanBaseRate[89] = 0.0007872656662571623
  out_adjustedMeanBaseRate[90] = 0.0008853493904258865
  out_adjustedMeanBaseRate[91] = 0.0015800905954713518
  out_adjustedMeanBaseRate[92] = 0.0012897625757097866
  out_adjustedMeanBaseRate[93] = 0.0011144754471037745
  out_adjustedMeanBaseRate[94] = 0.0013229183980503563
  out_adjustedMeanBaseRate[95] = 0.0007873061085716535
  out_adjustedMeanBaseRate[96] = 0.000981324972904087
  out_adjustedMeanBaseRate[97] = 0.0004018879031303489
  out_adjustedMeanBaseRate[98] = 0.0002949836615095535
  out_adjustedMeanBaseRate[99] = 0.0004518862686204103
  out_adjustedMeanBaseRate[100] = 0.00031670333430588126
  out_adjustedMeanBaseRate[101] = 0.00046557789883519427
  out_adjustedMeanBaseRate[102] = 0.0015245298985707562
  out_adjustedMeanBaseRate[103] = 0.0029042420327281835
  out_adjustedMeanBaseRate[104] = 0.0020216517625019624
  out_adjustedMeanBaseRate[105] = 0
  out_adjustedMeanBaseRate[106] = 0
  out_adjustedMeanBaseRate[107] = 0
  out_adjustedMeanBaseRate[108] = 0
  out_adjustedMeanBaseRate[109] = 0
  out_adjustedMeanBaseRate[110] = 0
  out_adjustedMeanBaseRate[111] = 0
  out_adjustedMeanBaseRate[112] = 0
  out_adjustedMeanBaseRate[113] = 0
  out_adjustedMeanBaseRate[114] = 0
  out_adjustedMeanBaseRate[115] = 0
  out_adjustedMeanBaseRate[116] = 0
  out_adjustedMeanBaseRate[117] = 0
  out_adjustedMeanBaseRate[118] = 0
  out_adjustedMeanBaseRate[119] = 0
  out_adjustedMeanBaseRate[120] = 0
  out_adjustedMeanBaseRate[121] = 0
  out_adjustedMeanBaseRate[122] = 0
  out_adjustedMeanBaseRate[123] = 0
  out_adjustedMeanBaseRate[124] = 0
  out_adjustedMeanBaseRate[125] = 0
  out_adjustedMeanBaseRate[126] = 0
  out_adjustedMeanBaseRate[127] = 0
  out_adjustedMeanBaseRate[128] = 0
  out_adjustedMeanBaseRate[129] = 0
  out_adjustedMeanBaseRate[130] = 0
  out_adjustedMeanBaseRate[131] = 0
  out_adjustedMeanBaseRate[132] = 0
  out_adjustedMeanBaseRate[133] = 0
  out_adjustedMeanBaseRate[134] = 0
  out_adjustedMeanBaseRate[135] = 0
  out_adjustedMeanBaseRate[136] = 0
  out_adjustedMeanBaseRate[137] = 0
  out_adjustedMeanBaseRate[138] = 0
  out_adjustedMeanBaseRate[139] = 0
  out_adjustedMeanBaseRate[140] = 0
  out_adjustedMeanBaseRate[141] = 0
  out_adjustedMeanBaseRate[142] = 0
  out_adjustedMeanBaseRate[143] = 0
  out_adjustedMeanBaseRate[144] = 0
  out_adjustedMeanBaseRate[145] = 0
  out_adjustedMeanBaseRate[146] = 0
  out_adjustedMeanBaseRate[147] = 0
  out_adjustedMeanBaseRate[148] = 0
  out_adjustedMeanBaseRate[149] = 0
  out_adjustedMeanBaseRate[150] = 0
  out_adjustedMeanBaseRate[151] = 0
  out_adjustedMeanBaseRate[152] = 0
  out_adjustedMeanBaseRate[153] = 0
  out_adjustedMeanBaseRate[154] = 0
  out_adjustedMeanBaseRate[155] = 0
  out_adjustedMeanBaseRate[156] = 0
  out_adjustedMeanBaseRate[157] = 0
  out_adjustedMeanBaseRate[158] = 0
  out_adjustedMeanBaseRate[159] = 0
  out_adjustedMeanBaseRate[160] = 0
  out_adjustedMeanBaseRate[161] = 0
  out_adjustedMeanBaseRate[162] = 0
  out_adjustedMeanBaseRate[163] = 0
  out_adjustedMeanBaseRate[164] = 0
  out_adjustedMeanBaseRate[165] = 0
  out_adjustedMeanBaseRate[166] = 0
  out_adjustedMeanBaseRate[167] = 0
  out_adjustedMeanBaseRate[168] = 0
  out_adjustedMeanBaseRate[169] = 0
  out_adjustedMeanBaseRate[170] = 0
  out_adjustedMeanBaseRate[171] = 0
  out_adjustedMeanBaseRate[172] = 0
  out_adjustedMeanBaseRate[173] = 0
  out_adjustedMeanBaseRate[174] = 0
  out_adjustedMeanBaseRate[175] = 0
  out_adjustedMeanBaseRate[176] = 0
  out_adjustedMeanBaseRate[177] = 0
  out_adjustedMeanBaseRate[178] = 0
  out_adjustedMeanBaseRate[179] = 0
  out_adjustedMeanBaseRate[180] = 0
  out_adjustedMeanBaseRate[181] = 0
  out_adjustedMeanBaseRate[182] = 0
  out_adjustedMeanBaseRate[183] = 0
  out_adjustedMeanBaseRate[184] = 0
  out_adjustedMeanBaseRate[185] = 0
  out_adjustedMeanBaseRate[186] = 0
  out_adjustedMeanBaseRate[187] = 0
  out_adjustedMeanBaseRate[188] = 0
  out_adjustedMeanBaseRate[189] = 0
  out_adjustedMeanBaseRate[190] = 0
  out_adjustedMeanBaseRate[191] = 0
  out_adjustedMeanBaseRate[192] = 0
  out_adjustedMeanBaseRate[193] = 0
  out_adjustedMeanBaseRate[194] = 0
  out_adjustedMeanBaseRate[195] = 0
  out_adjustedMeanBaseRate[196] = 0
  out_adjustedMeanBaseRate[197] = 0
  out_adjustedMeanBaseRate[198] = 0
  out_adjustedMeanBaseRate[199] = 0
  out_adjustedMeanBaseRate[200] = 0
  out_adjustedMeanBaseRate[201] = 0
  out_adjustedMeanBaseRate[202] = 0
  out_adjustedMeanBaseRate[203] = 0
  out_adjustedMeanBaseRate[204] = 0
  out_adjustedMeanBaseRate[205] = 0
  out_adjustedMeanBaseRate[206] = 0
  out_adjustedMeanBaseRate[207] = 0
  out_adjustedMeanBaseRate[208] = 0
  out_adjustedMeanBaseRate[209] = 0
  out_adjustedMeanBaseRate[210] = 0
  out_adjustedMeanBaseRate[211] = 0
  out_adjustedMeanBaseRate[212] = 0
  out_adjustedMeanBaseRate[213] = 0
  out_adjustedMeanBaseRate[214] = 0
  out_adjustedMeanBaseRate[215] = 0
  out_adjustedMeanBaseRate[216] = 0
  out_adjustedMeanBaseRate[217] = 0
  out_adjustedMeanBaseRate[218] = 0
  out_adjustedMeanBaseRate[219] = 0
  out_adjustedMeanBaseRate[220] = 0
  out_adjustedMeanBaseRate[221] = 0
  out_adjustedMeanBaseRate[222] = 0
  out_adjustedMeanBaseRate[223] = 0
  out_adjustedMeanBaseRate[224] = 0
  out_adjustedMeanBaseRate[225] = 0
  out_adjustedMeanBaseRate[226] = 0
  out_adjustedMeanBaseRate[227] = 0
  out_adjustedMeanBaseRate[228] = 0
  out_adjustedMeanBaseRate[229] = 34.52603715868314
  out_adjustedMeanBaseRate[230] = 37.24196765296019
  out_adjustedMeanBaseRate[231] = 39.42218215130796
  out_adjustedMeanBaseRate[232] = 42.82896924487453
  out_adjustedMeanBaseRate[233] = 93.21205910434145
  out_adjustedMeanBaseRate[234] = 92.33747877553334
  out_adjustedMeanBaseRate[235] = 112.79327644044992
  out_adjustedMeanBaseRate[236] = 112.65405384796178
  out_adjustedMeanBaseRate[237] = 132.41716179092774
  out_adjustedMeanBaseRate[238] = 132.4964470154485
  out_adjustedMeanBaseRate[239] = 191.12579573677274
  out_adjustedMeanBaseRate[240] = 188.58879406811656
  out_adjustedMeanBaseRate[241] = 192.24341200814214
  out_adjustedMeanBaseRate[242] = 196.11451127699797
  out_adjustedMeanBaseRate[243] = 194.83656427760891
  out_adjustedMeanBaseRate[244] = 252.33805863812754
  out_adjustedMeanBaseRate[245] = 252.79784466914384
  out_adjustedMeanBaseRate[246] = 252.56656557437836
  out_adjustedMeanBaseRate[247] = 268.20935776275815
  out_adjustedMeanBaseRate[248] = 284.86550934275505
  out_adjustedMeanBaseRate[249] = 393.5850213707431
  out_adjustedMeanBaseRate[250] = 452.70058941584284
  out_adjustedMeanBaseRate[251] = 542.7280913216582
  out_adjustedMeanBaseRate[252] = 575.6549550612641
  out_adjustedMeanBaseRate[253] = 587.1942137648861
  out_adjustedMeanBaseRate[254] = 633.7653539381741
  out_adjustedMeanBaseRate[255] = 692.0361449437413
  out_adjustedMeanBaseRate[256] = 569.4806507121947
  out_adjustedMeanBaseRate[257] = 569.2107732745923
  out_adjustedMeanBaseRate[258] = 568.2659043251797
  out_adjustedMeanBaseRate[259] = 602.2607666388831
  out_adjustedMeanBaseRate[260] = 782.473718025306
  out_adjustedMeanBaseRate[261] = 782.9832967706054
  out_adjustedMeanBaseRate[262] = 773.1880211115958
  out_adjustedMeanBaseRate[263] = 776.2304083324441
  out_adjustedMeanBaseRate[264] = 1071.4493000470077
  out_adjustedMeanBaseRate[265] = 1059.6900013264592
  out_adjustedMeanBaseRate[266] = 1023.1385657802313
  out_adjustedMeanBaseRate[267] = 1219.9245848801386
  out_adjustedMeanBaseRate[268] = 1261.331936755779
  out_adjustedMeanBaseRate[269] = 1334.40847960646
  out_adjustedMeanBaseRate[270] = 0.0030754097194808615
  out_adjustedMeanBaseRate[271] = 0.036194702582626505
  out_adjustedMeanBaseRate[272] = 0.040877469237111726
  out_adjustedMeanBaseRate[273] = 0.08350418183560457
  out_adjustedMeanBaseRate[274] = 0.978558571963664
  out_adjustedMeanBaseRate[275] = 1.557899651375447
  out_adjustedMeanBaseRate[276] = 1.5714941189835308
  out_adjustedMeanBaseRate[277] = 1.7182409125320046
  out_adjustedMeanBaseRate[278] = 1.6048910170305444
  out_adjustedMeanBaseRate[279] = 2.0836155679207353
  out_adjustedMeanBaseRate[280] = 1.5057796592828594
  out_adjustedMeanBaseRate[281] = 0.13508443680623966
  out_adjustedMeanBaseRate[282] = 0.09345254780716401
  out_adjustedMeanBaseRate[283] = 1.3513553935776301
  out_adjustedMeanBaseRate[284] = 1.234006980134123
  out_adjustedMeanBaseRate[285] = 0.8498464590225692
  out_adjustedMeanBaseRate[286] = 1.045430000564619
  out_adjustedMeanBaseRate[287] = 1.2402566133798565
  out_adjustedMeanBaseRate[288] = 0.9499367720437024
  out_adjustedMeanBaseRate[289] = 1.2370594464125202
  out_adjustedMeanBaseRate[290] = 0.8638320049726256
  out_adjustedMeanBaseRate[291] = 1.2169741200777762
  out_adjustedMeanBaseRate[292] = 0.5297912075775346
  out_adjustedMeanBaseRate[293] = 0.7406272252928976
  out_adjustedMeanBaseRate[294] = 0.6058733921137164
  out_adjustedMeanBaseRate[295] = 0.10526579032818255
  out_adjustedMeanBaseRate[296] = 0.4449159236094558
  out_adjustedMeanBaseRate[297] = 0.7495176210239433
  out_adjustedMeanBaseRate[298] = 1.8159598119021174
  out_adjustedMeanBaseRate[299] = 0.7240509718723267
  out_adjustedMeanBaseRate[300] = 0.8049654449747592
  out_adjustedMeanBaseRate[301] = 0.2298208453988316
  out_adjustedMeanBaseRate[302] = 11.285423043506027
  out_adjustedMeanBaseRate[303] = 7.8515816676014705
  out_adjustedMeanBaseRate[304] = 42.23859540947658
  out_adjustedMeanBaseRate[305] = 55.51092518444677
  out_adjustedMeanBaseRate[306] = 96.76531610066179
  out_adjustedMeanBaseRate[307] = 164.4998181361657
  out_adjustedMeanBaseRate[308] = 117.76471579189462
  out_adjustedMeanBaseRate[309] = 73.73200424444298
  out_adjustedMeanBaseRate[310] = 0.01144966340868841
  out_adjustedMeanBaseRate[311] = 0.019452122940890555
  out_adjustedMeanBaseRate[312] = 0.01741002037004295
  out_adjustedMeanBaseRate[313] = 0.012119824028233743
  out_adjustedMeanBaseRate[314] = 0.051030981941936254
  out_adjustedMeanBaseRate[315] = 0.05332982917238754
  out_adjustedMeanBaseRate[316] = 0.08375234087982643
  out_adjustedMeanBaseRate[317] = 0.0939439422359835
  out_adjustedMeanBaseRate[318] = 0.1138496491757966
  out_adjustedMeanBaseRate[319] = 0.20318843826599772
  out_adjustedMeanBaseRate[320] = 0.18443514283570284
  out_adjustedMeanBaseRate[321] = 0.15396903190690706
  out_adjustedMeanBaseRate[322] = 0.17608513800028505
  out_adjustedMeanBaseRate[323] = 0.10565665209042288
  out_adjustedMeanBaseRate[324] = 0.12395687509999732
  out_adjustedMeanBaseRate[325] = 0.06253933779067197
  out_adjustedMeanBaseRate[326] = 0.04290437787045376
  out_adjustedMeanBaseRate[327] = 0.0640444408028517
  out_adjustedMeanBaseRate[328] = 0.037978918420846115
  out_adjustedMeanBaseRate[329] = 0.04775781314818144
  out_adjustedMeanBaseRate[330] = 0.09143864192074558
  out_adjustedMeanBaseRate[331] = 0.1426398472476413
  out_adjustedMeanBaseRate[332] = 0.09102898942867702
  out_adjustedMeanBaseRate[333] = 0
  out_adjustedMeanBaseRate[334] = 0
  out_adjustedMeanBaseRate[335] = 0
  out_adjustedMeanBaseRate[336] = 0
  out_adjustedMeanBaseRate[337] = 0
  out_adjustedMeanBaseRate[338] = 0
  out_adjustedMeanBaseRate[339] = 0
  out_adjustedMeanBaseRate[340] = 0
  out_adjustedMeanBaseRate[341] = 0
  out_adjustedMeanBaseRate[342] = 0
  out_adjustedMeanBaseRate[343] = 0
  out_adjustedMeanBaseRate[344] = 0
  out_adjustedMeanBaseRate[345] = 0
  out_adjustedMeanBaseRate[346] = 0
  out_adjustedMeanBaseRate[347] = 0
  out_adjustedMeanBaseRate[348] = 0
  out_adjustedMeanBaseRate[349] = 0
  out_adjustedMeanBaseRate[350] = 0
  out_adjustedMeanBaseRate[351] = 0
  out_adjustedMeanBaseRate[352] = 0
  out_adjustedMeanBaseRate[353] = 0
  out_adjustedMeanBaseRate[354] = 0
  out_adjustedMeanBaseRate[355] = 0
  out_adjustedMeanBaseRate[356] = 0
  out_adjustedMeanBaseRate[357] = 0
  out_adjustedMeanBaseRate[358] = 0
  out_adjustedMeanBaseRate[359] = 0
  out_adjustedMeanBaseRate[360] = 0
  out_adjustedMeanBaseRate[361] = 0
  out_adjustedMeanBaseRate[362] = 0
  out_adjustedMeanBaseRate[363] = 0
  out_adjustedMeanBaseRate[364] = 0
  out_adjustedMeanBaseRate[365] = 0
  out_adjustedMeanBaseRate[366] = 0
  out_adjustedMeanBaseRate[367] = 0
  out_adjustedMeanBaseRate[368] = 0
  out_adjustedMeanBaseRate[369] = 0
  out_adjustedMeanBaseRate[370] = 0
  out_adjustedMeanBaseRate[371] = 0
  out_adjustedMeanBaseRate[372] = 0
  out_adjustedMeanBaseRate[373] = 0
  out_adjustedMeanBaseRate[374] = 0
  out_adjustedMeanBaseRate[375] = 0
  out_adjustedMeanBaseRate[376] = 0
  out_adjustedMeanBaseRate[377] = 0
  out_adjustedMeanBaseRate[378] = 0
  out_adjustedMeanBaseRate[379] = 0
  out_adjustedMeanBaseRate[380] = 0
  out_adjustedMeanBaseRate[381] = 0
  out_adjustedMeanBaseRate[382] = 0
  out_adjustedMeanBaseRate[383] = 0
  out_adjustedMeanBaseRate[384] = 0
  out_adjustedMeanBaseRate[385] = 0
  out_adjustedMeanBaseRate[386] = 0
  out_adjustedMeanBaseRate[387] = 0
  out_adjustedMeanBaseRate[388] = 0
  out_adjustedMeanBaseRate[389] = 0
  out_adjustedMeanBaseRate[390] = 0
  out_adjustedMeanBaseRate[391] = 0
  out_adjustedMeanBaseRate[392] = 0
  out_adjustedMeanBaseRate[393] = 0
  out_adjustedMeanBaseRate[394] = 0
  out_adjustedMeanBaseRate[395] = 0
  out_adjustedMeanBaseRate[396] = 0
  out_adjustedMeanBaseRate[397] = 0
  out_adjustedMeanBaseRate[398] = 0
  out_adjustedMeanBaseRate[399] = 0
  out_adjustedMeanBaseRate[400] = 0
  out_adjustedMeanBaseRate[401] = 0
  out_adjustedMeanBaseRate[402] = 0
  out_adjustedMeanBaseRate[403] = 0
  out_adjustedMeanBaseRate[404] = 0
  out_adjustedMeanBaseRate[405] = 0
  out_adjustedMeanBaseRate[406] = 0
  out_adjustedMeanBaseRate[407] = 0
  out_adjustedMeanBaseRate[408] = 0
  out_adjustedMeanBaseRate[409] = 0
  out_adjustedMeanBaseRate[410] = 0
  out_adjustedMeanBaseRate[411] = 0
  out_adjustedMeanBaseRate[412] = 0
  out_adjustedMeanBaseRate[413] = 0
  out_adjustedMeanBaseRate[414] = 0
  out_adjustedMeanBaseRate[415] = 0
  out_adjustedMeanBaseRate[416] = 0
  out_adjustedMeanBaseRate[417] = 0
  out_adjustedMeanBaseRate[418] = 0
  out_adjustedMeanBaseRate[419] = 0
  out_adjustedMeanBaseRate[420] = 0
  out_adjustedMeanBaseRate[421] = 0
  out_adjustedMeanBaseRate[422] = 0
  out_adjustedMeanBaseRate[423] = 0
  out_adjustedMeanBaseRate[424] = 0
  out_adjustedMeanBaseRate[425] = 0
  out_adjustedMeanBaseRate[426] = 0
  out_adjustedMeanBaseRate[427] = 0
  out_adjustedMeanBaseRate[428] = 0
  out_adjustedMeanBaseRate[429] = 0
  out_adjustedMeanBaseRate[430] = 0
  out_adjustedMeanBaseRate[431] = 0
  out_adjustedMeanBaseRate[432] = 0
  out_adjustedMeanBaseRate[433] = 0
  out_adjustedMeanBaseRate[434] = 0
  out_adjustedMeanBaseRate[435] = 0
  out_adjustedMeanBaseRate[436] = 0
  out_adjustedMeanBaseRate[437] = 0
  out_adjustedMeanBaseRate[438] = 0
  out_adjustedMeanBaseRate[439] = 0
  out_adjustedMeanBaseRate[440] = 0
  out_adjustedMeanBaseRate[441] = 0
  out_adjustedMeanBaseRate[442] = 0
  out_adjustedMeanBaseRate[443] = 0
  out_adjustedMeanBaseRate[444] = 0
  out_adjustedMeanBaseRate[445] = 0
  out_adjustedMeanBaseRate[446] = 0
  out_adjustedMeanBaseRate[447] = 0
  out_adjustedMeanBaseRate[448] = 0
  out_adjustedMeanBaseRate[449] = 0
  out_adjustedMeanBaseRate[450] = 0
  out_adjustedMeanBaseRate[451] = 0
  out_adjustedMeanBaseRate[452] = 0
  out_adjustedMeanBaseRate[453] = 0
  out_adjustedMeanBaseRate[454] = 0
  out_adjustedMeanBaseRate[455] = 0
  out_adjustedMeanBaseRate[456] = 0
  out_adjustedMeanBaseRate[457] = 0.7312881021804019
  out_adjustedMeanBaseRate[458] = 0.8578290881569837
  out_adjustedMeanBaseRate[459] = 0.9789141505674295
  out_adjustedMeanBaseRate[460] = 1.1211082239289183
  out_adjustedMeanBaseRate[461] = 1.5519054191946062
  out_adjustedMeanBaseRate[462] = 1.5373443638457598
  out_adjustedMeanBaseRate[463] = 1.6708173639721753
  out_adjustedMeanBaseRate[464] = 1.6687550466751928
  out_adjustedMeanBaseRate[465] = 1.807081088580181
  out_adjustedMeanBaseRate[466] = 1.8081630845080314
  out_adjustedMeanBaseRate[467] = 2.1463107172248197
  out_adjustedMeanBaseRate[468] = 2.620168977033385
  out_adjustedMeanBaseRate[469] = 2.773184165182624
  out_adjustedMeanBaseRate[470] = 2.87319154931633
  out_adjustedMeanBaseRate[471] = 3.759707498687893
  out_adjustedMeanBaseRate[472] = 4.837863735811642
  out_adjustedMeanBaseRate[473] = 6.5915487957765695
  out_adjustedMeanBaseRate[474] = 9.349434304688353
  out_adjustedMeanBaseRate[475] = 11.227355570835917
  out_adjustedMeanBaseRate[476] = 11.26123777619133
  out_adjustedMeanBaseRate[477] = 41.49182427267956
  out_adjustedMeanBaseRate[478] = 57.13745480583229
  out_adjustedMeanBaseRate[479] = 64.81184675605782
  out_adjustedMeanBaseRate[480] = 81.97274895889481
  out_adjustedMeanBaseRate[481] = 83.15648264174986
  out_adjustedMeanBaseRate[482] = 96.16904767001859
  out_adjustedMeanBaseRate[483] = 111.70348322434761
  out_adjustedMeanBaseRate[484] = 160.81324143120352
  out_adjustedMeanBaseRate[485] = 160.73703187873545
  out_adjustedMeanBaseRate[486] = 160.4702143173439
  out_adjustedMeanBaseRate[487] = 160.7533271950603
  out_adjustedMeanBaseRate[488] = 120.116216825877
  out_adjustedMeanBaseRate[489] = 120.19444139706737
  out_adjustedMeanBaseRate[490] = 118.6907852002866
  out_adjustedMeanBaseRate[491] = 119.1578169160737
  out_adjustedMeanBaseRate[492] = 130.00970418771706
  out_adjustedMeanBaseRate[493] = 128.58283037479242
  out_adjustedMeanBaseRate[494] = 124.14767761227442
  out_adjustedMeanBaseRate[495] = 101.24816854016096
  out_adjustedMeanBaseRate[496] = 104.6847896177815
  out_adjustedMeanBaseRate[497] = 109.5185175530955
  out_adjustedMeanBaseRate[498] = 0.00007430595590047753
  out_adjustedMeanBaseRate[499] = 0.0009427606589606697
  out_adjustedMeanBaseRate[500] = 0.001122396772257818
  out_adjustedMeanBaseRate[501] = 0.0027002491834362727
  out_adjustedMeanBaseRate[502] = 0.03164334919287601
  out_adjustedMeanBaseRate[503] = 0.04482163743615392
  out_adjustedMeanBaseRate[504] = 0.045212757812700066
  out_adjustedMeanBaseRate[505] = 0.045542817219663134
  out_adjustedMeanBaseRate[506] = 0.04253842270487779
  out_adjustedMeanBaseRate[507] = 0.04544575801163785
  out_adjustedMeanBaseRate[508] = 0.040632852668225396
  out_adjustedMeanBaseRate[509] = 0.0037847311332086333
  out_adjustedMeanBaseRate[510] = 0.0026591844769890617
  out_adjustedMeanBaseRate[511] = 0.052100441380422365
  out_adjustedMeanBaseRate[512] = 0.047269032996886666
  out_adjustedMeanBaseRate[513] = 0.044273392445260316
  out_adjustedMeanBaseRate[514] = 0.07732014534349332
  out_adjustedMeanBaseRate[515] = 0.10372974960368732
  out_adjustedMeanBaseRate[516] = 0.07502900480852862
  out_adjustedMeanBaseRate[517] = 0.1321403096427168
  out_adjustedMeanBaseRate[518] = 0.1104826063768337
  out_adjustedMeanBaseRate[519] = 0.14727947482287843
  out_adjustedMeanBaseRate[520] = 0.07645948877331535
  out_adjustedMeanBaseRate[521] = 0.10630668828643683
  out_adjustedMeanBaseRate[522] = 0.09318926316796115
  out_adjustedMeanBaseRate[523] = 0.017222744913999756
  out_adjustedMeanBaseRate[524] = 0.1147391202596182
  out_adjustedMeanBaseRate[525] = 0.1932926827111239
  out_adjustedMeanBaseRate[526] = 0.468316866598304
  out_adjustedMeanBaseRate[527] = 0.17649616433334622
  out_adjustedMeanBaseRate[528] = 0.1128495564832582
  out_adjustedMeanBaseRate[529] = 0.032218998512015415
  out_adjustedMeanBaseRate[530] = 1.5821237956686836
  out_adjustedMeanBaseRate[531] = 1.1007273845260404
  out_adjustedMeanBaseRate[532] = 4.680630362093886
  out_adjustedMeanBaseRate[533] = 6.151391146589818
  out_adjustedMeanBaseRate[534] = 10.722957810210538
  out_adjustedMeanBaseRate[535] = 12.468389120402728
  out_adjustedMeanBaseRate[536] = 8.926066410186264
  out_adjustedMeanBaseRate[537] = 5.526440973809822
  out_adjustedMeanBaseRate[538] = 0.00024386600539944004
  out_adjustedMeanBaseRate[539] = 0.0004505592669502571
  out_adjustedMeanBaseRate[540] = 0.0004347303853398762
  out_adjustedMeanBaseRate[541] = 0.0003190237390842606
  out_adjustedMeanBaseRate[542] = 0.0008543657769567604
  out_adjustedMeanBaseRate[543] = 0.0008928533060108576
  out_adjustedMeanBaseRate[544] = 0.001247554401697596
  out_adjustedMeanBaseRate[545] = 0.001399366004796125
  out_adjustedMeanBaseRate[546] = 0.001562362596751622
  out_adjustedMeanBaseRate[547] = 0.0027883618292840434
  out_adjustedMeanBaseRate[548] = 0.0020827336541049332
  out_adjustedMeanBaseRate[549] = 0.002151114692899491
  out_adjustedMeanBaseRate[550] = 0.0025542695058703136
  out_adjustedMeanBaseRate[551] = 0.0015565693203208697
  out_adjustedMeanBaseRate[552] = 0.002405309607328291
  out_adjustedMeanBaseRate[553] = 0.0012057046152325862
  out_adjustedMeanBaseRate[554] = 0.0011249480938876303
  out_adjustedMeanBaseRate[555] = 0.0023840078677619127
  out_adjustedMeanBaseRate[556] = 0.001598685051271628
  out_adjustedMeanBaseRate[557] = 0.0018984862755426508
  out_adjustedMeanBaseRate[558] = 0.009608142634140225
  out_adjustedMeanBaseRate[559] = 0.017946113487893794
  out_adjustedMeanBaseRate[560] = 0.01083691157802651
  out_adjustedMeanBaseRate[561] = 0
  out_adjustedMeanBaseRate[562] = 0
  out_adjustedMeanBaseRate[563] = 0
  out_adjustedMeanBaseRate[564] = 0
  out_adjustedMeanBaseRate[565] = 0
  out_adjustedMeanBaseRate[566] = 0
  out_adjustedMeanBaseRate[567] = 0
  out_adjustedMeanBaseRate[568] = 0
  out_adjustedMeanBaseRate[569] = 0
  out_adjustedMeanBaseRate[570] = 0
  out_adjustedMeanBaseRate[571] = 0
  out_adjustedMeanBaseRate[572] = 0
  out_adjustedMeanBaseRate[573] = 0
  out_adjustedMeanBaseRate[574] = 0
  out_adjustedMeanBaseRate[575] = 0
  out_adjustedMeanBaseRate[576] = 0
  out_adjustedMeanBaseRate[577] = 0
  out_adjustedMeanBaseRate[578] = 0
  out_adjustedMeanBaseRate[579] = 0
  out_adjustedMeanBaseRate[580] = 0
  out_adjustedMeanBaseRate[581] = 0
  out_adjustedMeanBaseRate[582] = 0
  out_adjustedMeanBaseRate[583] = 0
  out_adjustedMeanBaseRate[584] = 0
  out_adjustedMeanBaseRate[585] = 0
  out_adjustedMeanBaseRate[586] = 0
  out_adjustedMeanBaseRate[587] = 0
  out_adjustedMeanBaseRate[588] = 0
  out_adjustedMeanBaseRate[589] = 0
  out_adjustedMeanBaseRate[590] = 0
  out_adjustedMeanBaseRate[591] = 0
  out_adjustedMeanBaseRate[592] = 0
  out_adjustedMeanBaseRate[593] = 0
  out_adjustedMeanBaseRate[594] = 0
  out_adjustedMeanBaseRate[595] = 0
  out_adjustedMeanBaseRate[596] = 0
  out_adjustedMeanBaseRate[597] = 0
  out_adjustedMeanBaseRate[598] = 0
  out_adjustedMeanBaseRate[599] = 0
  out_adjustedMeanBaseRate[600] = 0
  out_adjustedMeanBaseRate[601] = 0
  out_adjustedMeanBaseRate[602] = 0
  out_adjustedMeanBaseRate[603] = 0
  out_adjustedMeanBaseRate[604] = 0
  out_adjustedMeanBaseRate[605] = 0
  out_adjustedMeanBaseRate[606] = 0
  out_adjustedMeanBaseRate[607] = 0
  out_adjustedMeanBaseRate[608] = 0
  out_adjustedMeanBaseRate[609] = 0
  out_adjustedMeanBaseRate[610] = 0
  out_adjustedMeanBaseRate[611] = 0
  out_adjustedMeanBaseRate[612] = 0
  out_adjustedMeanBaseRate[613] = 0
  out_adjustedMeanBaseRate[614] = 0
  out_adjustedMeanBaseRate[615] = 0
  out_adjustedMeanBaseRate[616] = 0
  out_adjustedMeanBaseRate[617] = 0
  out_adjustedMeanBaseRate[618] = 0
  out_adjustedMeanBaseRate[619] = 0
  out_adjustedMeanBaseRate[620] = 0
  out_adjustedMeanBaseRate[621] = 0
  out_adjustedMeanBaseRate[622] = 0
  out_adjustedMeanBaseRate[623] = 0
  out_adjustedMeanBaseRate[624] = 0
  out_adjustedMeanBaseRate[625] = 0
  out_adjustedMeanBaseRate[626] = 0
  out_adjustedMeanBaseRate[627] = 0
  out_adjustedMeanBaseRate[628] = 0
  out_adjustedMeanBaseRate[629] = 0
  out_adjustedMeanBaseRate[630] = 0
  out_adjustedMeanBaseRate[631] = 0
  out_adjustedMeanBaseRate[632] = 0
  out_adjustedMeanBaseRate[633] = 0
  out_adjustedMeanBaseRate[634] = 0
  out_adjustedMeanBaseRate[635] = 0
  out_adjustedMeanBaseRate[636] = 0
  out_adjustedMeanBaseRate[637] = 0
  out_adjustedMeanBaseRate[638] = 0
  out_adjustedMeanBaseRate[639] = 0
  out_adjustedMeanBaseRate[640] = 0
  out_adjustedMeanBaseRate[641] = 0
  out_adjustedMeanBaseRate[642] = 0
  out_adjustedMeanBaseRate[643] = 0
  out_adjustedMeanBaseRate[644] = 0
  out_adjustedMeanBaseRate[645] = 0
  out_adjustedMeanBaseRate[646] = 0
  out_adjustedMeanBaseRate[647] = 0
  out_adjustedMeanBaseRate[648] = 0
  out_adjustedMeanBaseRate[649] = 0
  out_adjustedMeanBaseRate[650] = 0
  out_adjustedMeanBaseRate[651] = 0
  out_adjustedMeanBaseRate[652] = 0
  out_adjustedMeanBaseRate[653] = 0
  out_adjustedMeanBaseRate[654] = 0
  out_adjustedMeanBaseRate[655] = 0
  out_adjustedMeanBaseRate[656] = 0
  out_adjustedMeanBaseRate[657] = 0
  out_adjustedMeanBaseRate[658] = 0
  out_adjustedMeanBaseRate[659] = 0
  out_adjustedMeanBaseRate[660] = 0
  out_adjustedMeanBaseRate[661] = 0
  out_adjustedMeanBaseRate[662] = 0
  out_adjustedMeanBaseRate[663] = 0
  out_adjustedMeanBaseRate[664] = 0
  out_adjustedMeanBaseRate[665] = 0
  out_adjustedMeanBaseRate[666] = 0
  out_adjustedMeanBaseRate[667] = 0
  out_adjustedMeanBaseRate[668] = 0
  out_adjustedMeanBaseRate[669] = 0
  out_adjustedMeanBaseRate[670] = 0
  out_adjustedMeanBaseRate[671] = 0
  out_adjustedMeanBaseRate[672] = 0
  out_adjustedMeanBaseRate[673] = 0
  out_adjustedMeanBaseRate[674] = 0
  out_adjustedMeanBaseRate[675] = 0
  out_adjustedMeanBaseRate[676] = 0
  out_adjustedMeanBaseRate[677] = 0
  out_adjustedMeanBaseRate[678] = 0
  out_adjustedMeanBaseRate[679] = 0
  out_adjustedMeanBaseRate[680] = 0
  out_adjustedMeanBaseRate[681] = 0
  out_adjustedMeanBaseRate[682] = 0
  out_adjustedMeanBaseRate[683] = 0
  out_adjustedMeanBaseRate[684] = 0
  out_emissionQuantDirect[1] = 26.256942399678547
  out_emissionQuantDirect[2] = 34.09012274364992
  out_emissionQuantDirect[3] = 38.66924486038839
  out_emissionQuantDirect[4] = 47.352372051276284
  out_emissionQuantDirect[5] = 60.92227819524739
  out_emissionQuantDirect[6] = 64.50168249423255
  out_emissionQuantDirect[7] = 67.99808633523129
  out_emissionQuantDirect[8] = 69.08853838834261
  out_emissionQuantDirect[9] = 64.37970262269882
  out_emissionQuantDirect[10] = 47.213572440374904
  out_emissionQuantDirect[11] = 60.764517489696274
  out_emissionQuantDirect[12] = 55.426389170976265
  out_emissionQuantDirect[13] = 72.46551135149618
  out_emissionQuantDirect[14] = 77.43337296958842
  out_emissionQuantDirect[15] = 70.03815419618074
  out_emissionQuantDirect[16] = 65.16434648667047
  out_emissionQuantDirect[17] = 56.56671685149993
  out_emissionQuantDirect[18] = 52.373621286749206
  out_emissionQuantDirect[19] = 52.37652374988426
  out_emissionQuantDirect[20] = 51.857727986005315
  out_emissionQuantDirect[21] = 112.62822572399881
  out_emissionQuantDirect[22] = 115.15035375207127
  out_emissionQuantDirect[23] = 115.83175517812586
  out_emissionQuantDirect[24] = 118.69921127939497
  out_emissionQuantDirect[25] = 95.87134407573622
  out_emissionQuantDirect[26] = 119.9094707502774
  out_emissionQuantDirect[27] = 100.02860685359477
  out_emissionQuantDirect[28] = 113.89193215311126
  out_emissionQuantDirect[29] = 96.09050252594344
  out_emissionQuantDirect[30] = 94.56670894100564
  out_emissionQuantDirect[31] = 95.87068637669131
  out_emissionQuantDirect[32] = 86.72219586624826
  out_emissionQuantDirect[33] = 77.74873504903452
  out_emissionQuantDirect[34] = 75.5319266357733
  out_emissionQuantDirect[35] = 65.51123102221027
  out_emissionQuantDirect[36] = 63.925611101121234
  out_emissionQuantDirect[37] = 50.42795393264552
  out_emissionQuantDirect[38] = 36.293267875225816
  out_emissionQuantDirect[39] = 35.45680798361769
  out_emissionQuantDirect[40] = 25.775385691173117
  out_emissionQuantDirect[41] = 326.0203197796193
  out_emissionQuantDirect[42] = 0.0026726257161662223
  out_emissionQuantDirect[43] = 0.033706158382372065
  out_emissionQuantDirect[44] = 0.042906919068418
  out_emissionQuantDirect[45] = 0.08387751837148055
  out_emissionQuantDirect[46] = 1.0505413968418857
  out_emissionQuantDirect[47] = 1.443398575618264
  out_emissionQuantDirect[48] = 1.4811711853439782
  out_emissionQuantDirect[49] = 1.2838729859613773
  out_emissionQuantDirect[50] = 0.8789041001505546
  out_emissionQuantDirect[51] = 1.0180794112531852
  out_emissionQuantDirect[52] = 0.6801354999080624
  out_emissionQuantDirect[53] = 0.07825615861362067
  out_emissionQuantDirect[54] = 0.05670781416598518
  out_emissionQuantDirect[55] = 0.7461624893919522
  out_emissionQuantDirect[56] = 0.48949076992387874
  out_emissionQuantDirect[57] = 0.29209739187298844
  out_emissionQuantDirect[58] = 0.33299008906132205
  out_emissionQuantDirect[59] = 0.37202652017639964
  out_emissionQuantDirect[60] = 0.26562437130073124
  out_emissionQuantDirect[61] = 0.344771746924629
  out_emissionQuantDirect[62] = 0.2140178186999058
  out_emissionQuantDirect[63] = 0.25300383497634393
  out_emissionQuantDirect[64] = 0.106419535815876
  out_emissionQuantDirect[65] = 0.11780532735282158
  out_emissionQuantDirect[66] = 0.11168521514791395
  out_emissionQuantDirect[67] = 0.014824208351081785
  out_emissionQuantDirect[68] = 0.08395954128013136
  out_emissionQuantDirect[69] = 0.11938982630664083
  out_emissionQuantDirect[70] = 0.28514845872005595
  out_emissionQuantDirect[71] = 0.10875482260850321
  out_emissionQuantDirect[72] = 0.08418134568231354
  out_emissionQuantDirect[73] = 0.02153318996956574
  out_emissionQuantDirect[74] = 1.0402588249841715
  out_emissionQuantDirect[75] = 0.6252596169496144
  out_emissionQuantDirect[76] = 2.377885016252728
  out_emissionQuantDirect[77] = 2.492579942549098
  out_emissionQuantDirect[78] = 3.2388397316798683
  out_emissionQuantDirect[79] = 4.511388139677084
  out_emissionQuantDirect[80] = 2.270748773317179
  out_emissionQuantDirect[81] = 16.997695107855165
  out_emissionQuantDirect[82] = 0.008814135120421574
  out_emissionQuantDirect[83] = 0.01802405560412653
  out_emissionQuantDirect[84] = 0.017286770907623556
  out_emissionQuantDirect[85] = 0.01356406922093116
  out_emissionQuantDirect[86] = 0.03376195021473431
  out_emissionQuantDirect[87] = 0.03770967503665068
  out_emissionQuantDirect[88] = 0.05110930779600729
  out_emissionQuantDirect[89] = 0.05832000168490797
  out_emissionQuantDirect[90] = 0.05603068789120853
  out_emissionQuantDirect[91] = 0.07329109140519038
  out_emissionQuantDirect[92] = 0.059355913042006
  out_emissionQuantDirect[93] = 0.04580613502087992
  out_emissionQuantDirect[94] = 0.06718806964329763
  out_emissionQuantDirect[95] = 0.04222842259179092
  out_emissionQuantDirect[96] = 0.04510497174619959
  out_emissionQuantDirect[97] = 0.016348207126716092
  out_emissionQuantDirect[98] = 0.009718042216265849
  out_emissionQuantDirect[99] = 0.01344335753785241
  out_emissionQuantDirect[100] = 0.007507492439510409
  out_emissionQuantDirect[101] = 0.008800505413811596
  out_emissionQuantDirect[102] = 0.025497909574381288
  out_emissionQuantDirect[103] = 0.03535861276526568
  out_emissionQuantDirect[104] = 0.01893473332275512
  out_emissionQuantDirect[105] = 0
  out_emissionQuantDirect[106] = 0
  out_emissionQuantDirect[107] = 0
  out_emissionQuantDirect[108] = 0
  out_emissionQuantDirect[109] = 0
  out_emissionQuantDirect[110] = 0
  out_emissionQuantDirect[111] = 0
  out_emissionQuantDirect[112] = 0
  out_emissionQuantDirect[113] = 0
  out_emissionQuantDirect[114] = 0
  out_emissionQuantDirect[115] = 0
  out_emissionQuantDirect[116] = 0
  out_emissionQuantDirect[117] = 0
  out_emissionQuantDirect[118] = 0
  out_emissionQuantDirect[119] = 0
  out_emissionQuantDirect[120] = 0
  out_emissionQuantDirect[121] = 0
  out_emissionQuantDirect[122] = 0
  out_emissionQuantDirect[123] = 0
  out_emissionQuantDirect[124] = 0
  out_emissionQuantDirect[125] = 0
  out_emissionQuantDirect[126] = 0
  out_emissionQuantDirect[127] = 0
  out_emissionQuantDirect[128] = 0
  out_emissionQuantDirect[129] = 0
  out_emissionQuantDirect[130] = 0
  out_emissionQuantDirect[131] = 0
  out_emissionQuantDirect[132] = 0
  out_emissionQuantDirect[133] = 0
  out_emissionQuantDirect[134] = 0
  out_emissionQuantDirect[135] = 0
  out_emissionQuantDirect[136] = 0
  out_emissionQuantDirect[137] = 0
  out_emissionQuantDirect[138] = 0
  out_emissionQuantDirect[139] = 0
  out_emissionQuantDirect[140] = 0
  out_emissionQuantDirect[141] = 0
  out_emissionQuantDirect[142] = 0
  out_emissionQuantDirect[143] = 0
  out_emissionQuantDirect[144] = 0
  out_emissionQuantDirect[145] = 0
  out_emissionQuantDirect[146] = 0
  out_emissionQuantDirect[147] = 0
  out_emissionQuantDirect[148] = 0
  out_emissionQuantDirect[149] = 0
  out_emissionQuantDirect[150] = 0
  out_emissionQuantDirect[151] = 0
  out_emissionQuantDirect[152] = 0
  out_emissionQuantDirect[153] = 0
  out_emissionQuantDirect[154] = 0
  out_emissionQuantDirect[155] = 0
  out_emissionQuantDirect[156] = 0
  out_emissionQuantDirect[157] = 0
  out_emissionQuantDirect[158] = 0
  out_emissionQuantDirect[159] = 0
  out_emissionQuantDirect[160] = 0
  out_emissionQuantDirect[161] = 0
  out_emissionQuantDirect[162] = 0
  out_emissionQuantDirect[163] = 0
  out_emissionQuantDirect[164] = 0
  out_emissionQuantDirect[165] = 0
  out_emissionQuantDirect[166] = 0
  out_emissionQuantDirect[167] = 0
  out_emissionQuantDirect[168] = 0
  out_emissionQuantDirect[169] = 0
  out_emissionQuantDirect[170] = 0
  out_emissionQuantDirect[171] = 0
  out_emissionQuantDirect[172] = 0
  out_emissionQuantDirect[173] = 0
  out_emissionQuantDirect[174] = 0
  out_emissionQuantDirect[175] = 0
  out_emissionQuantDirect[176] = 0
  out_emissionQuantDirect[177] = 0
  out_emissionQuantDirect[178] = 0
  out_emissionQuantDirect[179] = 0
  out_emissionQuantDirect[180] = 0
  out_emissionQuantDirect[181] = 0
  out_emissionQuantDirect[182] = 0
  out_emissionQuantDirect[183] = 0
  out_emissionQuantDirect[184] = 0
  out_emissionQuantDirect[185] = 0
  out_emissionQuantDirect[186] = 0
  out_emissionQuantDirect[187] = 0
  out_emissionQuantDirect[188] = 0
  out_emissionQuantDirect[189] = 0
  out_emissionQuantDirect[190] = 0
  out_emissionQuantDirect[191] = 0
  out_emissionQuantDirect[192] = 0
  out_emissionQuantDirect[193] = 0
  out_emissionQuantDirect[194] = 0
  out_emissionQuantDirect[195] = 0
  out_emissionQuantDirect[196] = 0
  out_emissionQuantDirect[197] = 0
  out_emissionQuantDirect[198] = 0
  out_emissionQuantDirect[199] = 0
  out_emissionQuantDirect[200] = 0
  out_emissionQuantDirect[201] = 0
  out_emissionQuantDirect[202] = 0
  out_emissionQuantDirect[203] = 0
  out_emissionQuantDirect[204] = 0
  out_emissionQuantDirect[205] = 0
  out_emissionQuantDirect[206] = 0
  out_emissionQuantDirect[207] = 0
  out_emissionQuantDirect[208] = 0
  out_emissionQuantDirect[209] = 0
  out_emissionQuantDirect[210] = 0
  out_emissionQuantDirect[211] = 0
  out_emissionQuantDirect[212] = 0
  out_emissionQuantDirect[213] = 0
  out_emissionQuantDirect[214] = 0
  out_emissionQuantDirect[215] = 0
  out_emissionQuantDirect[216] = 0
  out_emissionQuantDirect[217] = 0
  out_emissionQuantDirect[218] = 0
  out_emissionQuantDirect[219] = 0
  out_emissionQuantDirect[220] = 0
  out_emissionQuantDirect[221] = 0
  out_emissionQuantDirect[222] = 0
  out_emissionQuantDirect[223] = 0
  out_emissionQuantDirect[224] = 0
  out_emissionQuantDirect[225] = 0
  out_emissionQuantDirect[226] = 0
  out_emissionQuantDirect[227] = 0
  out_emissionQuantDirect[228] = 0
  out_emissionQuantDirect[229] = 1795.7496271847021
  out_emissionQuantDirect[230] = 2312.3265443847263
  out_emissionQuantDirect[231] = 2584.6299157143208
  out_emissionQuantDirect[232] = 3154.98952624608
  out_emissionQuantDirect[233] = 6847.3550970648885
  out_emissionQuantDirect[234] = 7249.661987043012
  out_emissionQuantDirect[235] = 8213.603349830739
  out_emissionQuantDirect[236] = 8345.320889528975
  out_emissionQuantDirect[237] = 8380.222253474543
  out_emissionQuantDirect[238] = 6145.7293884945875
  out_emissionQuantDirect[239] = 8795.763131515092
  out_emissionQuantDirect[240] = 7751.20150646503
  out_emissionQuantDirect[241] = 9763.613366859046
  out_emissionQuantDirect[242] = 10518.915537963085
  out_emissionQuantDirect[243] = 8955.338923925545
  out_emissionQuantDirect[244] = 10264.74003431634
  out_emissionQuantDirect[245] = 8328.258297777596
  out_emissionQuantDirect[246] = 7513.710592467552
  out_emissionQuantDirect[247] = 6357.936616054302
  out_emissionQuantDirect[248] = 5384.62084100459
  out_emissionQuantDirect[249] = 6582.7474385057885
  out_emissionQuantDirect[250] = 5511.546441164137
  out_emissionQuantDirect[251] = 5083.17597845119
  out_emissionQuantDirect[252] = 4230.808368457092
  out_emissionQuantDirect[253] = 3155.010941814852
  out_emissionQuantDirect[254] = 3174.734084901994
  out_emissionQuantDirect[255] = 2548.376651247467
  out_emissionQuantDirect[256] = 1725.1201545384656
  out_emissionQuantDirect[257] = 1455.4820471777023
  out_emissionQuantDirect[258] = 1432.4011583470633
  out_emissionQuantDirect[259] = 1264.8967098193034
  out_emissionQuantDirect[260] = 1599.0279091981984
  out_emissionQuantDirect[261] = 1433.570679414125
  out_emissionQuantDirect[262] = 1392.6960395743183
  out_emissionQuantDirect[263] = 1207.9293625360647
  out_emissionQuantDirect[264] = 1284.1879368577706
  out_emissionQuantDirect[265] = 1013.0363872201908
  out_emissionQuantDirect[266] = 729.0877004020563
  out_emissionQuantDirect[267] = 635.8611440374243
  out_emissionQuantDirect[268] = 462.24031901483505
  out_emissionQuantDirect[269] = 6189.468811679441
  out_emissionQuantDirect[270] = 0.19094994108478938
  out_emissionQuantDirect[271] = 2.373027214129876
  out_emissionQuantDirect[272] = 3.0112325740355708
  out_emissionQuantDirect[273] = 6.134214720846445
  out_emissionQuantDirect[274] = 76.82924610174459
  out_emissionQuantDirect[275] = 113.44621061693552
  out_emissionQuantDirect[276] = 116.41500905617409
  out_emissionQuantDirect[277] = 108.74149949510277
  out_emissionQuantDirect[278] = 74.4414368148723
  out_emissionQuantDirect[279] = 95.88966744085586
  out_emissionQuantDirect[280] = 61.88915741845204
  out_emissionQuantDirect[281] = 6.8606367265275505
  out_emissionQuantDirect[282] = 5.012476898267715
  out_emissionQuantDirect[283] = 62.112805165869204
  out_emissionQuantDirect[284] = 50.19758382850073
  out_emissionQuantDirect[285] = 27.99763120391635
  out_emissionQuantDirect[286] = 31.10094343272249
  out_emissionQuantDirect[287] = 29.400439273585334
  out_emissionQuantDirect[288] = 17.956014935555544
  out_emissionQuantDirect[289] = 20.6899385393042
  out_emissionQuantDirect[290] = 10.516995833635061
  out_emissionQuantDirect[291] = 11.398145245276826
  out_emissionQuantDirect[292] = 3.8937301848039785
  out_emissionQuantDirect[293] = 3.9794108062186737
  out_emissionQuantDirect[294] = 3.035014295316384
  out_emissionQuantDirect[295] = 0.3876342069809947
  out_emissionQuantDirect[296] = 1.3477778848743822
  out_emissionQuantDirect[297] = 1.916529856186376
  out_emissionQuantDirect[298] = 4.57740455354124
  out_emissionQuantDirect[299] = 1.5206862920425308
  out_emissionQuantDirect[300] = 1.6449909853881615
  out_emissionQuantDirect[301] = 0.42078091172672416
  out_emissionQuantDirect[302] = 20.32773859457285
  out_emissionQuantDirect[303] = 12.21822275556077
  out_emissionQuantDirect[304] = 50.625162284660654
  out_emissionQuantDirect[305] = 53.06701679709258
  out_emissionQuantDirect[306] = 68.95488465993735
  out_emissionQuantDirect[307] = 85.74222033920871
  out_emissionQuantDirect[308] = 43.15723578390345
  out_emissionQuantDirect[309] = 341.9956839814035
  out_emissionQuantDirect[310] = 0.5955137191981967
  out_emissionQuantDirect[311] = 1.2077680921695633
  out_emissionQuantDirect[312] = 1.1414502451664956
  out_emissionQuantDirect[313] = 0.8928049995879618
  out_emissionQuantDirect[314] = 3.748734419837192
  out_emissionQuantDirect[315] = 4.187067271637472
  out_emissionQuantDirect[316] = 6.098843205161213
  out_emissionQuantDirect[317] = 6.959291004695976
  out_emissionQuantDirect[318] = 7.205148869446976
  out_emissionQuantDirect[319] = 9.42471428164457
  out_emissionQuantDirect[320] = 8.48785389359074
  out_emissionQuantDirect[321] = 6.328292187046484
  out_emissionQuantDirect[322] = 8.942970732396217
  out_emissionQuantDirect[323] = 5.667063554482941
  out_emissionQuantDirect[324] = 5.697471789173587
  out_emissionQuantDirect[325] = 2.544008017673425
  out_emissionQuantDirect[326] = 1.4134564378040595
  out_emissionQuantDirect[327] = 1.9052854131927286
  out_emissionQuantDirect[328] = 0.9002950459305914
  out_emissionQuantDirect[329] = 0.9027337728313197
  out_emissionQuantDirect[330] = 1.529320104174521
  out_emissionQuantDirect[331] = 1.7366139140229284
  out_emissionQuantDirect[332] = 0.8525749446278441
  out_emissionQuantDirect[333] = 0
  out_emissionQuantDirect[334] = 0
  out_emissionQuantDirect[335] = 0
  out_emissionQuantDirect[336] = 0
  out_emissionQuantDirect[337] = 0
  out_emissionQuantDirect[338] = 0
  out_emissionQuantDirect[339] = 0
  out_emissionQuantDirect[340] = 0
  out_emissionQuantDirect[341] = 0
  out_emissionQuantDirect[342] = 0
  out_emissionQuantDirect[343] = 0
  out_emissionQuantDirect[344] = 0
  out_emissionQuantDirect[345] = 0
  out_emissionQuantDirect[346] = 0
  out_emissionQuantDirect[347] = 0
  out_emissionQuantDirect[348] = 0
  out_emissionQuantDirect[349] = 0
  out_emissionQuantDirect[350] = 0
  out_emissionQuantDirect[351] = 0
  out_emissionQuantDirect[352] = 0
  out_emissionQuantDirect[353] = 0
  out_emissionQuantDirect[354] = 0
  out_emissionQuantDirect[355] = 0
  out_emissionQuantDirect[356] = 0
  out_emissionQuantDirect[357] = 0
  out_emissionQuantDirect[358] = 0
  out_emissionQuantDirect[359] = 0
  out_emissionQuantDirect[360] = 0
  out_emissionQuantDirect[361] = 0
  out_emissionQuantDirect[362] = 0
  out_emissionQuantDirect[363] = 0
  out_emissionQuantDirect[364] = 0
  out_emissionQuantDirect[365] = 0
  out_emissionQuantDirect[366] = 0
  out_emissionQuantDirect[367] = 0
  out_emissionQuantDirect[368] = 0
  out_emissionQuantDirect[369] = 0
  out_emissionQuantDirect[370] = 0
  out_emissionQuantDirect[371] = 0
  out_emissionQuantDirect[372] = 0
  out_emissionQuantDirect[373] = 0
  out_emissionQuantDirect[374] = 0
  out_emissionQuantDirect[375] = 0
  out_emissionQuantDirect[376] = 0
  out_emissionQuantDirect[377] = 0
  out_emissionQuantDirect[378] = 0
  out_emissionQuantDirect[379] = 0
  out_emissionQuantDirect[380] = 0
  out_emissionQuantDirect[381] = 0
  out_emissionQuantDirect[382] = 0
  out_emissionQuantDirect[383] = 0
  out_emissionQuantDirect[384] = 0
  out_emissionQuantDirect[385] = 0
  out_emissionQuantDirect[386] = 0
  out_emissionQuantDirect[387] = 0
  out_emissionQuantDirect[388] = 0
  out_emissionQuantDirect[389] = 0
  out_emissionQuantDirect[390] = 0
  out_emissionQuantDirect[391] = 0
  out_emissionQuantDirect[392] = 0
  out_emissionQuantDirect[393] = 0
  out_emissionQuantDirect[394] = 0
  out_emissionQuantDirect[395] = 0
  out_emissionQuantDirect[396] = 0
  out_emissionQuantDirect[397] = 0
  out_emissionQuantDirect[398] = 0
  out_emissionQuantDirect[399] = 0
  out_emissionQuantDirect[400] = 0
  out_emissionQuantDirect[401] = 0
  out_emissionQuantDirect[402] = 0
  out_emissionQuantDirect[403] = 0
  out_emissionQuantDirect[404] = 0
  out_emissionQuantDirect[405] = 0
  out_emissionQuantDirect[406] = 0
  out_emissionQuantDirect[407] = 0
  out_emissionQuantDirect[408] = 0
  out_emissionQuantDirect[409] = 0
  out_emissionQuantDirect[410] = 0
  out_emissionQuantDirect[411] = 0
  out_emissionQuantDirect[412] = 0
  out_emissionQuantDirect[413] = 0
  out_emissionQuantDirect[414] = 0
  out_emissionQuantDirect[415] = 0
  out_emissionQuantDirect[416] = 0
  out_emissionQuantDirect[417] = 0
  out_emissionQuantDirect[418] = 0
  out_emissionQuantDirect[419] = 0
  out_emissionQuantDirect[420] = 0
  out_emissionQuantDirect[421] = 0
  out_emissionQuantDirect[422] = 0
  out_emissionQuantDirect[423] = 0
  out_emissionQuantDirect[424] = 0
  out_emissionQuantDirect[425] = 0
  out_emissionQuantDirect[426] = 0
  out_emissionQuantDirect[427] = 0
  out_emissionQuantDirect[428] = 0
  out_emissionQuantDirect[429] = 0
  out_emissionQuantDirect[430] = 0
  out_emissionQuantDirect[431] = 0
  out_emissionQuantDirect[432] = 0
  out_emissionQuantDirect[433] = 0
  out_emissionQuantDirect[434] = 0
  out_emissionQuantDirect[435] = 0
  out_emissionQuantDirect[436] = 0
  out_emissionQuantDirect[437] = 0
  out_emissionQuantDirect[438] = 0
  out_emissionQuantDirect[439] = 0
  out_emissionQuantDirect[440] = 0
  out_emissionQuantDirect[441] = 0
  out_emissionQuantDirect[442] = 0
  out_emissionQuantDirect[443] = 0
  out_emissionQuantDirect[444] = 0
  out_emissionQuantDirect[445] = 0
  out_emissionQuantDirect[446] = 0
  out_emissionQuantDirect[447] = 0
  out_emissionQuantDirect[448] = 0
  out_emissionQuantDirect[449] = 0
  out_emissionQuantDirect[450] = 0
  out_emissionQuantDirect[451] = 0
  out_emissionQuantDirect[452] = 0
  out_emissionQuantDirect[453] = 0
  out_emissionQuantDirect[454] = 0
  out_emissionQuantDirect[455] = 0
  out_emissionQuantDirect[456] = 0
  out_emissionQuantDirect[457] = 38.035362437325034
  out_emissionQuantDirect[458] = 53.261980934379366
  out_emissionQuantDirect[459] = 64.1803842507157
  out_emissionQuantDirect[460] = 82.58626734771057
  out_emissionQuantDirect[461] = 114.00292606334958
  out_emissionQuantDirect[462] = 120.70101050366318
  out_emissionQuantDirect[463] = 121.66887540431202
  out_emissionQuantDirect[464] = 123.62001965167056
  out_emissionQuantDirect[465] = 114.36388567414662
  out_emissionQuantDirect[466] = 83.87003016281913
  out_emissionQuantDirect[467] = 98.77494873241518
  out_emissionQuantDirect[468] = 107.69175243062702
  out_emissionQuantDirect[469] = 140.84382763031766
  out_emissionQuantDirect[470] = 154.1082250102345
  out_emissionQuantDirect[471] = 172.80870780292142
  out_emissionQuantDirect[472] = 196.79716106862995
  out_emissionQuantDirect[473] = 217.1542286109241
  out_emissionQuantDirect[474] = 278.14031286745575
  out_emissionQuantDirect[475] = 266.1458782822181
  out_emissionQuantDirect[476] = 212.86359224425428
  out_emissionQuantDirect[477] = 693.9547622993374
  out_emissionQuantDirect[478] = 695.6380067863918
  out_emissionQuantDirect[479] = 607.0259266425144
  out_emissionQuantDirect[480] = 602.4633145801987
  out_emissionQuantDirect[481] = 446.8021081737141
  out_emissionQuantDirect[482] = 481.7416282751814
  out_emissionQuantDirect[483] = 411.3405789448788
  out_emissionQuantDirect[484] = 487.14941159578325
  out_emissionQuantDirect[485] = 411.00744258624565
  out_emissionQuantDirect[486] = 404.48972764136323
  out_emissionQuantDirect[487] = 337.6217843249595
  out_emissionQuantDirect[488] = 245.46406943430122
  out_emissionQuantDirect[489] = 220.06500997667746
  out_emissionQuantDirect[490] = 213.79041315818205
  out_emissionQuantDirect[491] = 185.42719311632254
  out_emissionQuantDirect[492] = 155.82341953556602
  out_emissionQuantDirect[493] = 122.92187883095573
  out_emissionQuantDirect[494] = 88.46753295001041
  out_emissionQuantDirect[495] = 52.7735706596701
  out_emissionQuantDirect[496] = 38.36383519582084
  out_emissionQuantDirect[497] = 507.9864667048317
  out_emissionQuantDirect[498] = 0.0046136024776042665
  out_emissionQuantDirect[499] = 0.06181005894488385
  out_emissionQuantDirect[500] = 0.08268118806500584
  out_emissionQuantDirect[501] = 0.1983602249237995
  out_emissionQuantDirect[502] = 2.4844038285254375
  out_emissionQuantDirect[503] = 3.2639104298460455
  out_emissionQuantDirect[504] = 3.349324408305498
  out_emissionQuantDirect[505] = 2.882246720804532
  out_emissionQuantDirect[506] = 1.9731067545312466
  out_emissionQuantDirect[507] = 2.091450404491959
  out_emissionQuantDirect[508] = 1.670053782199604
  out_emissionQuantDirect[509] = 0.192218038039183
  out_emissionQuantDirect[510] = 0.14262961333749732
  out_emissionQuantDirect[511] = 2.3947102145724792
  out_emissionQuantDirect[512] = 1.9228345419046895
  out_emissionQuantDirect[513] = 1.4585577202431295
  out_emissionQuantDirect[514] = 2.3002300156290842
  out_emissionQuantDirect[515] = 2.4589267827216834
  out_emissionQuantDirect[516] = 1.4182227392286153
  out_emissionQuantDirect[517] = 2.2100594219630922
  out_emissionQuantDirect[518] = 1.3451054189536817
  out_emissionQuantDirect[519] = 1.3794154025000747
  out_emissionQuantDirect[520] = 0.5619432997248616
  out_emissionQuantDirect[521] = 0.5711888109069538
  out_emissionQuantDirect[522] = 0.46681493124833934
  out_emissionQuantDirect[523] = 0.06342160207946373
  out_emissionQuantDirect[524] = 0.3475776896481683
  out_emissionQuantDirect[525] = 0.4942528194229006
  out_emissionQuantDirect[526] = 1.1804643162349835
  out_emissionQuantDirect[527] = 0.3706856397219671
  out_emissionQuantDirect[528] = 0.23061425093325935
  out_emissionQuantDirect[529] = 0.05899003436907878
  out_emissionQuantDirect[530] = 2.849782309322715
  out_emissionQuantDirect[531] = 1.712894668443713
  out_emissionQuantDirect[532] = 5.609979910040984
  out_emissionQuantDirect[533] = 5.880571729203143
  out_emissionQuantDirect[534] = 7.641170915488646
  out_emissionQuantDirect[535] = 6.498896955324513
  out_emissionQuantDirect[536] = 3.271135586723023
  out_emissionQuantDirect[537] = 25.63363060842592
  out_emissionQuantDirect[538] = 0.01268382717270324
  out_emissionQuantDirect[539] = 0.02797489548608188
  out_emissionQuantDirect[540] = 0.028502155332418063
  out_emissionQuantDirect[541] = 0.02350083537336489
  out_emissionQuantDirect[542] = 0.06276168463410975
  out_emissionQuantDirect[543] = 0.07010029685051046
  out_emissionQuantDirect[544] = 0.0908468779013561
  out_emissionQuantDirect[545] = 0.10366389804030206
  out_emissionQuantDirect[546] = 0.09887650229179923
  out_emissionQuantDirect[547] = 0.1293356737180238
  out_emissionQuantDirect[548] = 0.09584908105639477
  out_emissionQuantDirect[549] = 0.08841311876759335
  out_emissionQuantDirect[550] = 0.12972564120438934
  out_emissionQuantDirect[551] = 0.08348908554917452
  out_emissionQuantDirect[552] = 0.11055605928211587
  out_emissionQuantDirect[553] = 0.04904628536944721
  out_emissionQuantDirect[554] = 0.03706067316258372
  out_emissionQuantDirect[555] = 0.07092286790926625
  out_emissionQuantDirect[556] = 0.0378970305503259
  out_emissionQuantDirect[557] = 0.035885807268257595
  out_emissionQuantDirect[558] = 0.16069711213452778
  out_emissionQuantDirect[559] = 0.2184906320854621
  out_emissionQuantDirect[560] = 0.1014982078408324
  out_emissionQuantDirect[561] = 0
  out_emissionQuantDirect[562] = 0
  out_emissionQuantDirect[563] = 0
  out_emissionQuantDirect[564] = 0
  out_emissionQuantDirect[565] = 0
  out_emissionQuantDirect[566] = 0
  out_emissionQuantDirect[567] = 0
  out_emissionQuantDirect[568] = 0
  out_emissionQuantDirect[569] = 0
  out_emissionQuantDirect[570] = 0
  out_emissionQuantDirect[571] = 0
  out_emissionQuantDirect[572] = 0
  out_emissionQuantDirect[573] = 0
  out_emissionQuantDirect[574] = 0
  out_emissionQuantDirect[575] = 0
  out_emissionQuantDirect[576] = 0
  out_emissionQuantDirect[577] = 0
  out_emissionQuantDirect[578] = 0
  out_emissionQuantDirect[579] = 0
  out_emissionQuantDirect[580] = 0
  out_emissionQuantDirect[581] = 0
  out_emissionQuantDirect[582] = 0
  out_emissionQuantDirect[583] = 0
  out_emissionQuantDirect[584] = 0
  out_emissionQuantDirect[585] = 0
  out_emissionQuantDirect[586] = 0
  out_emissionQuantDirect[587] = 0
  out_emissionQuantDirect[588] = 0
  out_emissionQuantDirect[589] = 0
  out_emissionQuantDirect[590] = 0
  out_emissionQuantDirect[591] = 0
  out_emissionQuantDirect[592] = 0
  out_emissionQuantDirect[593] = 0
  out_emissionQuantDirect[594] = 0
  out_emissionQuantDirect[595] = 0
  out_emissionQuantDirect[596] = 0
  out_emissionQuantDirect[597] = 0
  out_emissionQuantDirect[598] = 0
  out_emissionQuantDirect[599] = 0
  out_emissionQuantDirect[600] = 0
  out_emissionQuantDirect[601] = 0
  out_emissionQuantDirect[602] = 0
  out_emissionQuantDirect[603] = 0
  out_emissionQuantDirect[604] = 0
  out_emissionQuantDirect[605] = 0
  out_emissionQuantDirect[606] = 0
  out_emissionQuantDirect[607] = 0
  out_emissionQuantDirect[608] = 0
  out_emissionQuantDirect[609] = 0
  out_emissionQuantDirect[610] = 0
  out_emissionQuantDirect[611] = 0
  out_emissionQuantDirect[612] = 0
  out_emissionQuantDirect[613] = 0
  out_emissionQuantDirect[614] = 0
  out_emissionQuantDirect[615] = 0
  out_emissionQuantDirect[616] = 0
  out_emissionQuantDirect[617] = 0
  out_emissionQuantDirect[618] = 0
  out_emissionQuantDirect[619] = 0
  out_emissionQuantDirect[620] = 0
  out_emissionQuantDirect[621] = 0
  out_emissionQuantDirect[622] = 0
  out_emissionQuantDirect[623] = 0
  out_emissionQuantDirect[624] = 0
  out_emissionQuantDirect[625] = 0
  out_emissionQuantDirect[626] = 0
  out_emissionQuantDirect[627] = 0
  out_emissionQuantDirect[628] = 0
  out_emissionQuantDirect[629] = 0
  out_emissionQuantDirect[630] = 0
  out_emissionQuantDirect[631] = 0
  out_emissionQuantDirect[632] = 0
  out_emissionQuantDirect[633] = 0
  out_emissionQuantDirect[634] = 0
  out_emissionQuantDirect[635] = 0
  out_emissionQuantDirect[636] = 0
  out_emissionQuantDirect[637] = 0
  out_emissionQuantDirect[638] = 0
  out_emissionQuantDirect[639] = 0
  out_emissionQuantDirect[640] = 0
  out_emissionQuantDirect[641] = 0
  out_emissionQuantDirect[642] = 0
  out_emissionQuantDirect[643] = 0
  out_emissionQuantDirect[644] = 0
  out_emissionQuantDirect[645] = 0
  out_emissionQuantDirect[646] = 0
  out_emissionQuantDirect[647] = 0
  out_emissionQuantDirect[648] = 0
  out_emissionQuantDirect[649] = 0
  out_emissionQuantDirect[650] = 0
  out_emissionQuantDirect[651] = 0
  out_emissionQuantDirect[652] = 0
  out_emissionQuantDirect[653] = 0
  out_emissionQuantDirect[654] = 0
  out_emissionQuantDirect[655] = 0
  out_emissionQuantDirect[656] = 0
  out_emissionQuantDirect[657] = 0
  out_emissionQuantDirect[658] = 0
  out_emissionQuantDirect[659] = 0
  out_emissionQuantDirect[660] = 0
  out_emissionQuantDirect[661] = 0
  out_emissionQuantDirect[662] = 0
  out_emissionQuantDirect[663] = 0
  out_emissionQuantDirect[664] = 0
  out_emissionQuantDirect[665] = 0
  out_emissionQuantDirect[666] = 0
  out_emissionQuantDirect[667] = 0
  out_emissionQuantDirect[668] = 0
  out_emissionQuantDirect[669] = 0
  out_emissionQuantDirect[670] = 0
  out_emissionQuantDirect[671] = 0
  out_emissionQuantDirect[672] = 0
  out_emissionQuantDirect[673] = 0
  out_emissionQuantDirect[674] = 0
  out_emissionQuantDirect[675] = 0
  out_emissionQuantDirect[676] = 0
  out_emissionQuantDirect[677] = 0
  out_emissionQuantDirect[678] = 0
  out_emissionQuantDirect[679] = 0
  out_emissionQuantDirect[680] = 0
  out_emissionQuantDirect[681] = 0
  out_emissionQuantDirect[682] = 0
  out_emissionQuantDirect[683] = 0
  out_emissionQuantDirect[684] = 0
  out_emissionQuant[1] = 26.256942399678547
  out_emissionQuant[2] = 34.09012274364992
  out_emissionQuant[3] = 38.66924486038839
  out_emissionQuant[4] = 47.352372051276284
  out_emissionQuant[5] = 60.92227819524739
  out_emissionQuant[6] = 64.50168249423255
  out_emissionQuant[7] = 67.99808633523129
  out_emissionQuant[8] = 69.08853838834261
  out_emissionQuant[9] = 64.37970262269882
  out_emissionQuant[10] = 47.213572440374904
  out_emissionQuant[11] = 60.764517489696274
  out_emissionQuant[12] = 55.426389170976265
  out_emissionQuant[13] = 72.46551135149618
  out_emissionQuant[14] = 77.43337296958842
  out_emissionQuant[15] = 70.03815419618074
  out_emissionQuant[16] = 65.16434648667047
  out_emissionQuant[17] = 56.56671685149993
  out_emissionQuant[18] = 52.373621286749206
  out_emissionQuant[19] = 52.37652374988426
  out_emissionQuant[20] = 51.857727986005315
  out_emissionQuant[21] = 112.62822572399881
  out_emissionQuant[22] = 115.15035375207127
  out_emissionQuant[23] = 115.83175517812586
  out_emissionQuant[24] = 118.69921127939497
  out_emissionQuant[25] = 95.87134407573622
  out_emissionQuant[26] = 119.9094707502774
  out_emissionQuant[27] = 100.02860685359477
  out_emissionQuant[28] = 113.89193215311126
  out_emissionQuant[29] = 96.09050252594344
  out_emissionQuant[30] = 94.56670894100564
  out_emissionQuant[31] = 95.87068637669131
  out_emissionQuant[32] = 86.72219586624826
  out_emissionQuant[33] = 77.74873504903452
  out_emissionQuant[34] = 75.5319266357733
  out_emissionQuant[35] = 65.51123102221027
  out_emissionQuant[36] = 63.925611101121234
  out_emissionQuant[37] = 50.42795393264552
  out_emissionQuant[38] = 36.293267875225816
  out_emissionQuant[39] = 35.45680798361769
  out_emissionQuant[40] = 25.775385691173117
  out_emissionQuant[41] = 326.0203197796193
  out_emissionQuant[42] = 0.0026726257161662223
  out_emissionQuant[43] = 0.033706158382372065
  out_emissionQuant[44] = 0.042906919068418
  out_emissionQuant[45] = 0.08387751837148055
  out_emissionQuant[46] = 1.0505413968418857
  out_emissionQuant[47] = 1.443398575618264
  out_emissionQuant[48] = 1.4811711853439782
  out_emissionQuant[49] = 1.2838729859613773
  out_emissionQuant[50] = 0.8789041001505546
  out_emissionQuant[51] = 1.0180794112531852
  out_emissionQuant[52] = 0.6801354999080624
  out_emissionQuant[53] = 0.07825615861362067
  out_emissionQuant[54] = 0.05670781416598518
  out_emissionQuant[55] = 0.7461624893919522
  out_emissionQuant[56] = 0.48949076992387874
  out_emissionQuant[57] = 0.29209739187298844
  out_emissionQuant[58] = 0.33299008906132205
  out_emissionQuant[59] = 0.37202652017639964
  out_emissionQuant[60] = 0.26562437130073124
  out_emissionQuant[61] = 0.344771746924629
  out_emissionQuant[62] = 0.2140178186999058
  out_emissionQuant[63] = 0.25300383497634393
  out_emissionQuant[64] = 0.106419535815876
  out_emissionQuant[65] = 0.11780532735282158
  out_emissionQuant[66] = 0.11168521514791395
  out_emissionQuant[67] = 0.014824208351081785
  out_emissionQuant[68] = 0.08395954128013136
  out_emissionQuant[69] = 0.11938982630664083
  out_emissionQuant[70] = 0.28514845872005595
  out_emissionQuant[71] = 0.10875482260850321
  out_emissionQuant[72] = 0.08418134568231354
  out_emissionQuant[73] = 0.02153318996956574
  out_emissionQuant[74] = 1.0402588249841715
  out_emissionQuant[75] = 0.6252596169496144
  out_emissionQuant[76] = 2.377885016252728
  out_emissionQuant[77] = 2.492579942549098
  out_emissionQuant[78] = 3.2388397316798683
  out_emissionQuant[79] = 4.511388139677084
  out_emissionQuant[80] = 2.270748773317179
  out_emissionQuant[81] = 16.997695107855165
  out_emissionQuant[82] = 0.008814135120421574
  out_emissionQuant[83] = 0.01802405560412653
  out_emissionQuant[84] = 0.017286770907623556
  out_emissionQuant[85] = 0.01356406922093116
  out_emissionQuant[86] = 0.03376195021473431
  out_emissionQuant[87] = 0.03770967503665068
  out_emissionQuant[88] = 0.05110930779600729
  out_emissionQuant[89] = 0.05832000168490797
  out_emissionQuant[90] = 0.05603068789120853
  out_emissionQuant[91] = 0.07329109140519038
  out_emissionQuant[92] = 0.059355913042006
  out_emissionQuant[93] = 0.04580613502087992
  out_emissionQuant[94] = 0.06718806964329763
  out_emissionQuant[95] = 0.04222842259179092
  out_emissionQuant[96] = 0.04510497174619959
  out_emissionQuant[97] = 0.016348207126716092
  out_emissionQuant[98] = 0.009718042216265849
  out_emissionQuant[99] = 0.01344335753785241
  out_emissionQuant[100] = 0.007507492439510409
  out_emissionQuant[101] = 0.008800505413811596
  out_emissionQuant[102] = 0.025497909574381288
  out_emissionQuant[103] = 0.03535861276526568
  out_emissionQuant[104] = 0.01893473332275512
  out_emissionQuant[105] = 0
  out_emissionQuant[106] = 0
  out_emissionQuant[107] = 0
  out_emissionQuant[108] = 0
  out_emissionQuant[109] = 0
  out_emissionQuant[110] = 0
  out_emissionQuant[111] = 0
  out_emissionQuant[112] = 0
  out_emissionQuant[113] = 0
  out_emissionQuant[114] = 0
  out_emissionQuant[115] = 0
  out_emissionQuant[116] = 0
  out_emissionQuant[117] = 0
  out_emissionQuant[118] = 0
  out_emissionQuant[119] = 0
  out_emissionQuant[120] = 0
  out_emissionQuant[121] = 0
  out_emissionQuant[122] = 0
  out_emissionQuant[123] = 0
  out_emissionQuant[124] = 0
  out_emissionQuant[125] = 0.3465916396757568
  out_emissionQuant[126] = 0.44998962021617894
  out_emissionQuant[127] = 0.5104340321571267
  out_emissionQuant[128] = 0.625051311076847
  out_emissionQuant[129] = 0.8041740721772656
  out_emissionQuant[130] = 0.8514222089238697
  out_emissionQuant[131] = 0.8975747396250531
  out_emissionQuant[132] = 0.9119687067261225
  out_emissionQuant[133] = 0.8498120746196244
  out_emissionQuant[134] = 0.6232191562129488
  out_emissionQuant[135] = 0.8020916308639908
  out_emissionQuant[136] = 0.7316283370568867
  out_emissionQuant[137] = 0.9565447498397495
  out_emissionQuant[138] = 1.022120523198567
  out_emissionQuant[139] = 0.9245036353895858
  out_emissionQuant[140] = 0.8601693736240502
  out_emissionQuant[141] = 0.7466806624397991
  out_emissionQuant[142] = 0.6913318009850895
  out_emissionQuant[143] = 0.6913701134984722
  out_emissionQuant[144] = 0.6845220094152702
  out_emissionQuant[145] = 1.4866925795567842
  out_emissionQuant[146] = 1.5199846695273407
  out_emissionQuant[147] = 1.5289791683512612
  out_emissionQuant[148] = 1.5668295888880137
  out_emissionQuant[149] = 1.265501741799718
  out_emissionQuant[150] = 1.5828050139036618
  out_emissionQuant[151] = 1.320377610467451
  out_emissionQuant[152] = 1.5033735044210685
  out_emissionQuant[153] = 1.2683946333424534
  out_emissionQuant[154] = 1.2482805580212746
  out_emissionQuant[155] = 1.2654930601723253
  out_emissionQuant[156] = 1.144732985434477
  out_emissionQuant[157] = 1.0262833026472558
  out_emissionQuant[158] = 0.9970214315922076
  out_emissionQuant[159] = 0.8647482494931755
  out_emissionQuant[160] = 0.8438180665348003
  out_emissionQuant[161] = 0.6656489919109209
  out_emissionQuant[162] = 0.4790711359529808
  out_emissionQuant[163] = 0.4680298653837536
  out_emissionQuant[164] = 0.34023509112348516
  out_emissionQuant[165] = 4.3034682210909745
  out_emissionQuant[166] = 0
  out_emissionQuant[167] = 0
  out_emissionQuant[168] = 0
  out_emissionQuant[169] = 0
  out_emissionQuant[170] = 0
  out_emissionQuant[171] = 0
  out_emissionQuant[172] = 0
  out_emissionQuant[173] = 0
  out_emissionQuant[174] = 0
  out_emissionQuant[175] = 0
  out_emissionQuant[176] = 0
  out_emissionQuant[177] = 0
  out_emissionQuant[178] = 0
  out_emissionQuant[179] = 0
  out_emissionQuant[180] = 0
  out_emissionQuant[181] = 0
  out_emissionQuant[182] = 0
  out_emissionQuant[183] = 0
  out_emissionQuant[184] = 0
  out_emissionQuant[185] = 0.012756554636211271
  out_emissionQuant[186] = 0.007918659291896514
  out_emissionQuant[187] = 0.009361141894124726
  out_emissionQuant[188] = 0.003937522825187412
  out_emissionQuant[189] = 0.004358797112054398
  out_emissionQuant[190] = 0.004132352960472816
  out_emissionQuant[191] = 0.0005484957089900261
  out_emissionQuant[192] = 0.0031065030273648604
  out_emissionQuant[193] = 0.0044174235733457105
  out_emissionQuant[194] = 0.01055049297264207
  out_emissionQuant[195] = 0.004023928436514618
  out_emissionQuant[196] = 0.003114709790245601
  out_emissionQuant[197] = 0.0007967280288739323
  out_emissionQuant[198] = 0.03848957652441434
  out_emissionQuant[199] = 0.02313460582713573
  out_emissionQuant[200] = 0.08798174560135094
  out_emissionQuant[201] = 0.09222545787431662
  out_emissionQuant[202] = 0.11983707007215512
  out_emissionQuant[203] = 0.16692136116805212
  out_emissionQuant[204] = 0.08401770461273561
  out_emissionQuant[205] = 0.6289147189906411
  out_emissionQuant[206] = 0.00011634658358956478
  out_emissionQuant[207] = 0.0002379175339744702
  out_emissionQuant[208] = 0.00022818537598063093
  out_emissionQuant[209] = 0.00017904571371629133
  out_emissionQuant[210] = 0.00044565774283449294
  out_emissionQuant[211] = 0.000497767710483789
  out_emissionQuant[212] = 0.0006746428629072962
  out_emissionQuant[213] = 0.0007698240222407852
  out_emissionQuant[214] = 0.0007396050801639527
  out_emissionQuant[215] = 0.0009674424065485131
  out_emissionQuant[216] = 0.0007834980521544792
  out_emissionQuant[217] = 0.0006046409822756149
  out_emissionQuant[218] = 0.0008868825192915287
  out_emissionQuant[219] = 0.0005574151782116402
  out_emissionQuant[220] = 0.0005953856270498346
  out_emissionQuant[221] = 0.00021579633407265241
  out_emissionQuant[222] = 0.0001282781572547092
  out_emissionQuant[223] = 0.00017745231949965181
  out_emissionQuant[224] = 0.0000990989002015374
  out_emissionQuant[225] = 0.00011616667146231306
  out_emissionQuant[226] = 0.000336572406381833
  out_emissionQuant[227] = 0.000466733688501507
  out_emissionQuant[228] = 0.0002499384798603676
  out_emissionQuant[229] = 1795.7496271847021
  out_emissionQuant[230] = 2312.3265443847263
  out_emissionQuant[231] = 2584.6299157143208
  out_emissionQuant[232] = 3154.98952624608
  out_emissionQuant[233] = 6847.3550970648885
  out_emissionQuant[234] = 7249.661987043012
  out_emissionQuant[235] = 8213.603349830739
  out_emissionQuant[236] = 8345.320889528975
  out_emissionQuant[237] = 8380.222253474543
  out_emissionQuant[238] = 6145.7293884945875
  out_emissionQuant[239] = 8795.763131515092
  out_emissionQuant[240] = 7751.20150646503
  out_emissionQuant[241] = 9763.613366859046
  out_emissionQuant[242] = 10518.915537963085
  out_emissionQuant[243] = 8955.338923925545
  out_emissionQuant[244] = 10264.74003431634
  out_emissionQuant[245] = 8328.258297777596
  out_emissionQuant[246] = 7513.710592467552
  out_emissionQuant[247] = 6357.936616054302
  out_emissionQuant[248] = 5384.62084100459
  out_emissionQuant[249] = 6582.7474385057885
  out_emissionQuant[250] = 5511.546441164137
  out_emissionQuant[251] = 5083.17597845119
  out_emissionQuant[252] = 4230.808368457092
  out_emissionQuant[253] = 3155.010941814852
  out_emissionQuant[254] = 3174.734084901994
  out_emissionQuant[255] = 2548.376651247467
  out_emissionQuant[256] = 1725.1201545384656
  out_emissionQuant[257] = 1455.4820471777023
  out_emissionQuant[258] = 1432.4011583470633
  out_emissionQuant[259] = 1264.8967098193034
  out_emissionQuant[260] = 1599.0279091981984
  out_emissionQuant[261] = 1433.570679414125
  out_emissionQuant[262] = 1392.6960395743183
  out_emissionQuant[263] = 1207.9293625360647
  out_emissionQuant[264] = 1284.1879368577706
  out_emissionQuant[265] = 1013.0363872201908
  out_emissionQuant[266] = 729.0877004020563
  out_emissionQuant[267] = 635.8611440374243
  out_emissionQuant[268] = 462.24031901483505
  out_emissionQuant[269] = 6189.468811679441
  out_emissionQuant[270] = 0.19094994108478938
  out_emissionQuant[271] = 2.373027214129876
  out_emissionQuant[272] = 3.0112325740355708
  out_emissionQuant[273] = 6.134214720846445
  out_emissionQuant[274] = 76.82924610174459
  out_emissionQuant[275] = 113.44621061693552
  out_emissionQuant[276] = 116.41500905617409
  out_emissionQuant[277] = 108.74149949510277
  out_emissionQuant[278] = 74.4414368148723
  out_emissionQuant[279] = 95.88966744085586
  out_emissionQuant[280] = 61.88915741845204
  out_emissionQuant[281] = 6.8606367265275505
  out_emissionQuant[282] = 5.012476898267715
  out_emissionQuant[283] = 62.112805165869204
  out_emissionQuant[284] = 50.19758382850073
  out_emissionQuant[285] = 27.99763120391635
  out_emissionQuant[286] = 31.10094343272249
  out_emissionQuant[287] = 29.400439273585334
  out_emissionQuant[288] = 17.956014935555544
  out_emissionQuant[289] = 20.6899385393042
  out_emissionQuant[290] = 10.516995833635061
  out_emissionQuant[291] = 11.398145245276826
  out_emissionQuant[292] = 3.8937301848039785
  out_emissionQuant[293] = 3.9794108062186737
  out_emissionQuant[294] = 3.035014295316384
  out_emissionQuant[295] = 0.3876342069809947
  out_emissionQuant[296] = 1.3477778848743822
  out_emissionQuant[297] = 1.916529856186376
  out_emissionQuant[298] = 4.57740455354124
  out_emissionQuant[299] = 1.5206862920425308
  out_emissionQuant[300] = 1.6449909853881615
  out_emissionQuant[301] = 0.42078091172672416
  out_emissionQuant[302] = 20.32773859457285
  out_emissionQuant[303] = 12.21822275556077
  out_emissionQuant[304] = 50.625162284660654
  out_emissionQuant[305] = 53.06701679709258
  out_emissionQuant[306] = 68.95488465993735
  out_emissionQuant[307] = 85.74222033920871
  out_emissionQuant[308] = 43.15723578390345
  out_emissionQuant[309] = 341.9956839814035
  out_emissionQuant[310] = 0.5955137191981967
  out_emissionQuant[311] = 1.2077680921695633
  out_emissionQuant[312] = 1.1414502451664956
  out_emissionQuant[313] = 0.8928049995879618
  out_emissionQuant[314] = 3.748734419837192
  out_emissionQuant[315] = 4.187067271637472
  out_emissionQuant[316] = 6.098843205161213
  out_emissionQuant[317] = 6.959291004695976
  out_emissionQuant[318] = 7.205148869446976
  out_emissionQuant[319] = 9.42471428164457
  out_emissionQuant[320] = 8.48785389359074
  out_emissionQuant[321] = 6.328292187046484
  out_emissionQuant[322] = 8.942970732396217
  out_emissionQuant[323] = 5.667063554482941
  out_emissionQuant[324] = 5.697471789173587
  out_emissionQuant[325] = 2.544008017673425
  out_emissionQuant[326] = 1.4134564378040595
  out_emissionQuant[327] = 1.9052854131927286
  out_emissionQuant[328] = 0.9002950459305914
  out_emissionQuant[329] = 0.9027337728313197
  out_emissionQuant[330] = 1.529320104174521
  out_emissionQuant[331] = 1.7366139140229284
  out_emissionQuant[332] = 0.8525749446278441
  out_emissionQuant[333] = 0
  out_emissionQuant[334] = 0
  out_emissionQuant[335] = 0
  out_emissionQuant[336] = 0
  out_emissionQuant[337] = 0
  out_emissionQuant[338] = 0
  out_emissionQuant[339] = 0
  out_emissionQuant[340] = 0
  out_emissionQuant[341] = 0
  out_emissionQuant[342] = 0
  out_emissionQuant[343] = 0
  out_emissionQuant[344] = 0
  out_emissionQuant[345] = 0
  out_emissionQuant[346] = 0
  out_emissionQuant[347] = 0
  out_emissionQuant[348] = 0
  out_emissionQuant[349] = 0
  out_emissionQuant[350] = 0
  out_emissionQuant[351] = 0
  out_emissionQuant[352] = 0
  out_emissionQuant[353] = 0.933789806136045
  out_emissionQuant[354] = 1.2024098030800576
  out_emissionQuant[355] = 1.3440075561714466
  out_emissionQuant[356] = 1.6405945536479614
  out_emissionQuant[357] = 3.5606246504737418
  out_emissionQuant[358] = 3.769824233262366
  out_emissionQuant[359] = 4.271073741911984
  out_emissionQuant[360] = 4.339566862555067
  out_emissionQuant[361] = 4.357715571806762
  out_emissionQuant[362] = 3.195779282017185
  out_emissionQuant[363] = 4.573796828387848
  out_emissionQuant[364] = 4.030624783361816
  out_emissionQuant[365] = 5.077078950766704
  out_emissionQuant[366] = 5.469836079740803
  out_emissionQuant[367] = 4.656776240441283
  out_emissionQuant[368] = 5.337664817844497
  out_emissionQuant[369] = 4.33069431484435
  out_emissionQuant[370] = 3.9071295080831265
  out_emissionQuant[371] = 3.306127040348237
  out_emissionQuant[372] = 2.8000028373223866
  out_emissionQuant[373] = 3.4230286680230098
  out_emissionQuant[374] = 2.866004149405351
  out_emissionQuant[375] = 2.6432515087946182
  out_emissionQuant[376] = 2.2000203515976877
  out_emissionQuant[377] = 1.6406056897437227
  out_emissionQuant[378] = 1.6508617241490366
  out_emissionQuant[379] = 1.325155858648683
  out_emissionQuant[380] = 0.897062480360002
  out_emissionQuant[381] = 0.7568506645324051
  out_emissionQuant[382] = 0.7448486023404729
  out_emissionQuant[383] = 0.6577462891060377
  out_emissionQuant[384] = 0.8314945127830631
  out_emissionQuant[385] = 0.7454567532953449
  out_emissionQuant[386] = 0.7242019405786455
  out_emissionQuant[387] = 0.6281232685187536
  out_emissionQuant[388] = 0.6677777271660407
  out_emissionQuant[389] = 0.5267789213544992
  out_emissionQuant[390] = 0.3791256042090692
  out_emissionQuant[391] = 0.3306477948994606
  out_emissionQuant[392] = 0.2403649658877142
  out_emissionQuant[393] = 3.218523782073309
  out_emissionQuant[394] = 0
  out_emissionQuant[395] = 0
  out_emissionQuant[396] = 0
  out_emissionQuant[397] = 0
  out_emissionQuant[398] = 0
  out_emissionQuant[399] = 0
  out_emissionQuant[400] = 0
  out_emissionQuant[401] = 0
  out_emissionQuant[402] = 0
  out_emissionQuant[403] = 0
  out_emissionQuant[404] = 0
  out_emissionQuant[405] = 0
  out_emissionQuant[406] = 0
  out_emissionQuant[407] = 0
  out_emissionQuant[408] = 0
  out_emissionQuant[409] = 0
  out_emissionQuant[410] = 0
  out_emissionQuant[411] = 0
  out_emissionQuant[412] = 0
  out_emissionQuant[413] = 0.2689692010109546
  out_emissionQuant[414] = 0.13672094583725578
  out_emissionQuant[415] = 0.14817588818859873
  out_emissionQuant[416] = 0.05061849240245172
  out_emissionQuant[417] = 0.051732340480842756
  out_emissionQuant[418] = 0.03945518583911299
  out_emissionQuant[419] = 0.005039244690752931
  out_emissionQuant[420] = 0.017521112503366968
  out_emissionQuant[421] = 0.024914888130422887
  out_emissionQuant[422] = 0.05950625919603612
  out_emissionQuant[423] = 0.0197689217965529
  out_emissionQuant[424] = 0.021384882810046097
  out_emissionQuant[425] = 0.005470151852447414
  out_emissionQuant[426] = 0.26426060172944704
  out_emissionQuant[427] = 0.15883689582229002
  out_emissionQuant[428] = 0.6581271097005885
  out_emissionQuant[429] = 0.6898712183622034
  out_emissionQuant[430] = 0.8964135005791855
  out_emissionQuant[431] = 1.1146488644097132
  out_emissionQuant[432] = 0.5610440651907449
  out_emissionQuant[433] = 4.445943891758245
  out_emissionQuant[434] = 0.0003096671339830623
  out_emissionQuant[435] = 0.0006280394079281728
  out_emissionQuant[436] = 0.0005935541274865777
  out_emissionQuant[437] = 0.00046425859978574006
  out_emissionQuant[438] = 0.0019493418983153397
  out_emissionQuant[439] = 0.0021772749812514853
  out_emissionQuant[440] = 0.0031713984666838307
  out_emissionQuant[441] = 0.0036188313224419072
  out_emissionQuant[442] = 0.0037466774121124274
  out_emissionQuant[443] = 0.004900851426455176
  out_emissionQuant[444] = 0.004413684024667184
  out_emissionQuant[445] = 0.0032907119372641716
  out_emissionQuant[446] = 0.004650344780846033
  out_emissionQuant[447] = 0.002946873048331129
  out_emissionQuant[448] = 0.002962685330370265
  out_emissionQuant[449] = 0.001322884169190181
  out_emissionQuant[450] = 0.0007349973476581109
  out_emissionQuant[451] = 0.0009907484148602187
  out_emissionQuant[452] = 0.0004681534238839075
  out_emissionQuant[453] = 0.0004694215618722862
  out_emissionQuant[454] = 0.0007952464541707508
  out_emissionQuant[455] = 0.0009030392352919227
  out_emissionQuant[456] = 0.0004433389712064789
  out_emissionQuant[457] = 38.035362437325034
  out_emissionQuant[458] = 53.261980934379366
  out_emissionQuant[459] = 64.1803842507157
  out_emissionQuant[460] = 82.58626734771057
  out_emissionQuant[461] = 114.00292606334958
  out_emissionQuant[462] = 120.70101050366318
  out_emissionQuant[463] = 121.66887540431202
  out_emissionQuant[464] = 123.62001965167056
  out_emissionQuant[465] = 114.36388567414662
  out_emissionQuant[466] = 83.87003016281913
  out_emissionQuant[467] = 98.77494873241518
  out_emissionQuant[468] = 107.69175243062702
  out_emissionQuant[469] = 140.84382763031766
  out_emissionQuant[470] = 154.1082250102345
  out_emissionQuant[471] = 172.80870780292142
  out_emissionQuant[472] = 196.79716106862995
  out_emissionQuant[473] = 217.1542286109241
  out_emissionQuant[474] = 278.14031286745575
  out_emissionQuant[475] = 266.1458782822181
  out_emissionQuant[476] = 212.86359224425428
  out_emissionQuant[477] = 693.9547622993374
  out_emissionQuant[478] = 695.6380067863918
  out_emissionQuant[479] = 607.0259266425144
  out_emissionQuant[480] = 602.4633145801987
  out_emissionQuant[481] = 446.8021081737141
  out_emissionQuant[482] = 481.7416282751814
  out_emissionQuant[483] = 411.3405789448788
  out_emissionQuant[484] = 487.14941159578325
  out_emissionQuant[485] = 411.00744258624565
  out_emissionQuant[486] = 404.48972764136323
  out_emissionQuant[487] = 337.6217843249595
  out_emissionQuant[488] = 245.46406943430122
  out_emissionQuant[489] = 220.06500997667746
  out_emissionQuant[490] = 213.79041315818205
  out_emissionQuant[491] = 185.42719311632254
  out_emissionQuant[492] = 155.82341953556602
  out_emissionQuant[493] = 122.92187883095573
  out_emissionQuant[494] = 88.46753295001041
  out_emissionQuant[495] = 52.7735706596701
  out_emissionQuant[496] = 38.36383519582084
  out_emissionQuant[497] = 507.9864667048317
  out_emissionQuant[498] = 0.0046136024776042665
  out_emissionQuant[499] = 0.06181005894488385
  out_emissionQuant[500] = 0.08268118806500584
  out_emissionQuant[501] = 0.1983602249237995
  out_emissionQuant[502] = 2.4844038285254375
  out_emissionQuant[503] = 3.2639104298460455
  out_emissionQuant[504] = 3.349324408305498
  out_emissionQuant[505] = 2.882246720804532
  out_emissionQuant[506] = 1.9731067545312466
  out_emissionQuant[507] = 2.091450404491959
  out_emissionQuant[508] = 1.670053782199604
  out_emissionQuant[509] = 0.192218038039183
  out_emissionQuant[510] = 0.14262961333749732
  out_emissionQuant[511] = 2.3947102145724792
  out_emissionQuant[512] = 1.9228345419046895
  out_emissionQuant[513] = 1.4585577202431295
  out_emissionQuant[514] = 2.3002300156290842
  out_emissionQuant[515] = 2.4589267827216834
  out_emissionQuant[516] = 1.4182227392286153
  out_emissionQuant[517] = 2.2100594219630922
  out_emissionQuant[518] = 1.3451054189536817
  out_emissionQuant[519] = 1.3794154025000747
  out_emissionQuant[520] = 0.5619432997248616
  out_emissionQuant[521] = 0.5711888109069538
  out_emissionQuant[522] = 0.46681493124833934
  out_emissionQuant[523] = 0.06342160207946373
  out_emissionQuant[524] = 0.3475776896481683
  out_emissionQuant[525] = 0.4942528194229006
  out_emissionQuant[526] = 1.1804643162349835
  out_emissionQuant[527] = 0.3706856397219671
  out_emissionQuant[528] = 0.23061425093325935
  out_emissionQuant[529] = 0.05899003436907878
  out_emissionQuant[530] = 2.849782309322715
  out_emissionQuant[531] = 1.712894668443713
  out_emissionQuant[532] = 5.609979910040984
  out_emissionQuant[533] = 5.880571729203143
  out_emissionQuant[534] = 7.641170915488646
  out_emissionQuant[535] = 6.498896955324513
  out_emissionQuant[536] = 3.271135586723023
  out_emissionQuant[537] = 25.63363060842592
  out_emissionQuant[538] = 0.01268382717270324
  out_emissionQuant[539] = 0.02797489548608188
  out_emissionQuant[540] = 0.028502155332418063
  out_emissionQuant[541] = 0.02350083537336489
  out_emissionQuant[542] = 0.06276168463410975
  out_emissionQuant[543] = 0.07010029685051046
  out_emissionQuant[544] = 0.0908468779013561
  out_emissionQuant[545] = 0.10366389804030206
  out_emissionQuant[546] = 0.09887650229179923
  out_emissionQuant[547] = 0.1293356737180238
  out_emissionQuant[548] = 0.09584908105639477
  out_emissionQuant[549] = 0.08841311876759335
  out_emissionQuant[550] = 0.12972564120438934
  out_emissionQuant[551] = 0.08348908554917452
  out_emissionQuant[552] = 0.11055605928211587
  out_emissionQuant[553] = 0.04904628536944721
  out_emissionQuant[554] = 0.03706067316258372
  out_emissionQuant[555] = 0.07092286790926625
  out_emissionQuant[556] = 0.0378970305503259
  out_emissionQuant[557] = 0.035885807268257595
  out_emissionQuant[558] = 0.16069711213452778
  out_emissionQuant[559] = 0.2184906320854621
  out_emissionQuant[560] = 0.1014982078408324
  out_emissionQuant[561] = 0
  out_emissionQuant[562] = 0
  out_emissionQuant[563] = 0
  out_emissionQuant[564] = 0
  out_emissionQuant[565] = 0
  out_emissionQuant[566] = 0
  out_emissionQuant[567] = 0
  out_emissionQuant[568] = 0
  out_emissionQuant[569] = 0
  out_emissionQuant[570] = 0
  out_emissionQuant[571] = 0
  out_emissionQuant[572] = 0
  out_emissionQuant[573] = 0
  out_emissionQuant[574] = 0
  out_emissionQuant[575] = 0
  out_emissionQuant[576] = 0
  out_emissionQuant[577] = 0
  out_emissionQuant[578] = 0
  out_emissionQuant[579] = 0
  out_emissionQuant[580] = 0
  out_emissionQuant[581] = 0.0015214144974930015
  out_emissionQuant[582] = 0.002130479237375175
  out_emissionQuant[583] = 0.0025672153700286283
  out_emissionQuant[584] = 0.0033034506939084232
  out_emissionQuant[585] = 0.004560117042533983
  out_emissionQuant[586] = 0.004828040420146527
  out_emissionQuant[587] = 0.004866755016172481
  out_emissionQuant[588] = 0.004944800786066823
  out_emissionQuant[589] = 0.004574555426965865
  out_emissionQuant[590] = 0.003354801206512766
  out_emissionQuant[591] = 0.003950997949296608
  out_emissionQuant[592] = 0.004307670097225081
  out_emissionQuant[593] = 0.005633753105212707
  out_emissionQuant[594] = 0.0061643290004093805
  out_emissionQuant[595] = 0.006912348312116857
  out_emissionQuant[596] = 0.007871886442745198
  out_emissionQuant[597] = 0.008686169144436965
  out_emissionQuant[598] = 0.01112561251469823
  out_emissionQuant[599] = 0.010645835131288726
  out_emissionQuant[600] = 0.008514543689770171
  out_emissionQuant[601] = 0.0277581904919735
  out_emissionQuant[602] = 0.027825520271455673
  out_emissionQuant[603] = 0.02428103706570058
  out_emissionQuant[604] = 0.02409853258320795
  out_emissionQuant[605] = 0.017872084326948565
  out_emissionQuant[606] = 0.01926966513100726
  out_emissionQuant[607] = 0.016453623157795152
  out_emissionQuant[608] = 0.019485976463831333
  out_emissionQuant[609] = 0.016440297703449826
  out_emissionQuant[610] = 0.01617958910565453
  out_emissionQuant[611] = 0.01350487137299838
  out_emissionQuant[612] = 0.00981856277737205
  out_emissionQuant[613] = 0.0088026003990671
  out_emissionQuant[614] = 0.008551616526327282
  out_emissionQuant[615] = 0.007417087724652902
  out_emissionQuant[616] = 0.0062329367814226416
  out_emissionQuant[617] = 0.00491687515323823
  out_emissionQuant[618] = 0.003538701318000417
  out_emissionQuant[619] = 0.0021109428263868042
  out_emissionQuant[620] = 0.0015345534078328338
  out_emissionQuant[621] = 0.02031945866819327
  out_emissionQuant[622] = 0
  out_emissionQuant[623] = 0
  out_emissionQuant[624] = 0
  out_emissionQuant[625] = 0
  out_emissionQuant[626] = 0
  out_emissionQuant[627] = 0
  out_emissionQuant[628] = 0
  out_emissionQuant[629] = 0
  out_emissionQuant[630] = 0
  out_emissionQuant[631] = 0
  out_emissionQuant[632] = 0
  out_emissionQuant[633] = 0
  out_emissionQuant[634] = 0
  out_emissionQuant[635] = 0
  out_emissionQuant[636] = 0
  out_emissionQuant[637] = 0
  out_emissionQuant[638] = 0
  out_emissionQuant[639] = 0
  out_emissionQuant[640] = 0
  out_emissionQuant[641] = 0.0022100594219630924
  out_emissionQuant[642] = 0.0013451054189536817
  out_emissionQuant[643] = 0.0013794154025000747
  out_emissionQuant[644] = 0.0005619432997248615
  out_emissionQuant[645] = 0.0005711888109069538
  out_emissionQuant[646] = 0.00046681493124833937
  out_emissionQuant[647] = 0.00006342160207946373
  out_emissionQuant[648] = 0.00034757768964816833
  out_emissionQuant[649] = 0.0004942528194229007
  out_emissionQuant[650] = 0.0011804643162349835
  out_emissionQuant[651] = 0.0003706856397219671
  out_emissionQuant[652] = 0.00023061425093325936
  out_emissionQuant[653] = 0.00005899003436907878
  out_emissionQuant[654] = 0.002849782309322715
  out_emissionQuant[655] = 0.001712894668443713
  out_emissionQuant[656] = 0.005609979910040984
  out_emissionQuant[657] = 0.005880571729203143
  out_emissionQuant[658] = 0.007641170915488646
  out_emissionQuant[659] = 0.006498896955324514
  out_emissionQuant[660] = 0.003271135586723023
  out_emissionQuant[661] = 0.025633630608425922
  out_emissionQuant[662] = 0.0000005073530869081296
  out_emissionQuant[663] = 0.0000011189958194432752
  out_emissionQuant[664] = 0.0000011400862132967226
  out_emissionQuant[665] = 0.0000009400334149345956
  out_emissionQuant[666] = 0.0000025104673853643903
  out_emissionQuant[667] = 0.000002804011874020419
  out_emissionQuant[668] = 0.000003633875116054244
  out_emissionQuant[669] = 0.000004146555921612083
  out_emissionQuant[670] = 0.00000395506009167197
  out_emissionQuant[671] = 0.000005173426948720952
  out_emissionQuant[672] = 0.000003833963242255791
  out_emissionQuant[673] = 0.000003536524750703734
  out_emissionQuant[674] = 0.000005189025648175574
  out_emissionQuant[675] = 0.000003339563421966981
  out_emissionQuant[676] = 0.0000044222423712846355
  out_emissionQuant[677] = 0.0000019618514147778887
  out_emissionQuant[678] = 0.000001482426926503349
  out_emissionQuant[679] = 0.00000283691471637065
  out_emissionQuant[680] = 0.000001515881222013036
  out_emissionQuant[681] = 0.0000014354322907303038
  out_emissionQuant[682] = 0.000006427884485381112
  out_emissionQuant[683] = 0.000008739625283418485
  out_emissionQuant[684] = 0.0000040599283136332964
Results written to: /projects/illinois/eng/cee/ctessum/ctessum/code/moves.esm-wt-v2/v2-consumer/.v2emit/process-crankcase-running.csv
