i1,out_dayID,out_SHO,out_activity,out_yearID,out_monthID,out_hourID,out_stateID,out_countyID,out_sourceTypeID,out_roadTypeID,out_SCC,out_zoneID,out_linkID,out_regClassID,out_fuelSubTypeID,out_engTechID,out_sectorID,out_hpID,out_modelYearID,out_fuelTypeID,out_pollutantID,out_processID,out_meanBaseRate,out_adjustedMeanBaseRate,out_emissionQuant
1,5,260.05730384453915,52.01146076890783,2020,8,7,26,26161,21,4,2201210401,NaN,NaN,NaN,NaN,NaN,NaN,NaN,2020,1,1,1,0.48671633989381435,0.5048299357778239,26.256942399678547
2,5,310.4463445557139,62.08926891114278,2020,8,7,26,26161,21,4,2201210401,NaN,NaN,NaN,NaN,NaN,NaN,NaN,2019,1,1,1,0.5293499119407491,0.5490501553889608,34.09012274364992
3,5,327.8141613006279,65.56283226012559,2020,8,7,26,26161,21,4,2201210401,NaN,NaN,NaN,NaN,NaN,NaN,NaN,2018,1,1,1,0.5686418395826014,0.5898043682274917,38.66924486038839
4,5,368.3242419642923,73.66484839285846,2020,8,7,26,26161,21,4,2201210401,NaN,NaN,NaN,NaN,NaN,NaN,NaN,2017,1,1,1,0.6197439077925053,0.642808246868895,47.352372051276284
5,5,367.29985169622574,73.45997033924515,2020,8,7,26,26161,21,4,2201210401,NaN,NaN,NaN,NaN,NaN,NaN,NaN,2016,1,1,1,1.2943457833735494,0.8293262019287851,60.92227819524739
6,5,392.56334931271454,78.51266986254291,2020,8,7,26,26161,21,4,2201210401,NaN,NaN,NaN,NaN,NaN,NaN,NaN,2015,1,1,1,1.2822013315537797,0.8215448870502013,64.50168249423255
7,5,364.0998652152451,72.81997304304902,2020,8,7,26,26161,21,4,2201210401,NaN,NaN,NaN,NaN,NaN,NaN,NaN,2014,1,1,1,1.4573742881088616,0.9337834593131864,67.99808633523129
8,5,370.3959424661204,74.07918849322408,2020,8,7,26,26161,21,4,2201210401,NaN,NaN,NaN,NaN,NaN,NaN,NaN,2013,1,1,1,1.4555754271038512,0.9326308750623267,69.08853838834261
9,5,316.43263381169584,63.286526762339165,2020,8,7,26,26161,21,4,2201210401,NaN,NaN,NaN,NaN,NaN,NaN,NaN,2012,1,1,1,1.5876787459706314,1.0172734374326604,64.37970262269882
10,5,231.92053549096389,46.38410709819278,2020,8,7,26,26161,21,4,2201210401,NaN,NaN,NaN,NaN,NaN,NaN,NaN,2011,1,1,1,1.5886293740020634,1.0178825333519128,47.213572440374904
11,5,230.10402906651655,46.02080581330331,2020,8,7,26,26161,21,4,2201210401,NaN,NaN,NaN,NaN,NaN,NaN,NaN,2010,1,1,1,2.0607284233786243,1.3203705675255901,60.764517489696274
12,5,205.50535743034038,41.10107148606808,2020,8,7,26,26161,21,4,2201210401,NaN,NaN,NaN,NaN,NaN,NaN,NaN,2009,1,1,1,2.1046911230812193,1.3485387890620808,55.426389170976265
13,5,253.9388285109485,50.7877657021897,2020,8,7,26,26161,21,4,2201210401,NaN,NaN,NaN,NaN,NaN,NaN,NaN,2008,1,1,1,2.226881873400623,1.4268300711714876,72.46551135149618
14,5,268.1829985315532,53.63659970631064,2020,8,7,26,26161,21,4,2201210401,NaN,NaN,NaN,NaN,NaN,NaN,NaN,2007,1,1,1,2.253159134659043,1.443666701349041,77.43337296958842
15,5,229.81669167512396,45.963338335024794,2020,8,7,26,26161,21,4,2201210401,NaN,NaN,NaN,NaN,NaN,NaN,NaN,2006,1,1,1,2.378198245326143,1.5237830134459698,70.03815419618074
16,5,203.39262514967626,40.67852502993525,2020,8,7,26,26161,21,4,2201210401,NaN,NaN,NaN,NaN,NaN,NaN,NaN,2005,1,1,1,2.5001713446597953,1.6019348400345426,65.16434648667047
17,5,164.72170300101715,32.94434060020343,2020,8,7,26,26161,21,4,2201210401,NaN,NaN,NaN,NaN,NaN,NaN,NaN,2004,1,1,1,2.679816643193529,1.717038976070768,56.56671685149993
18,5,148.74713474802425,29.74942694960485,2020,8,7,26,26161,21,4,2201210401,NaN,NaN,NaN,NaN,NaN,NaN,NaN,2003,1,1,1,2.7476342758529246,1.7604917693194377,52.373621286749206
19,5,118.52562992373574,23.70512598474715,2020,8,7,26,26161,21,4,2201210401,NaN,NaN,NaN,NaN,NaN,NaN,NaN,2002,1,1,1,3.4484134426392234,2.2095020200941122,52.37652374988426
20,5,94.5116320580201,18.90232641160402,2020,8,7,26,26161,21,4,2201210401,NaN,NaN,NaN,NaN,NaN,NaN,NaN,2001,1,1,1,4.281768209237503,2.7434574378194094,51.857727986005315
21,5,83.62548218400153,16.725096436800307,2020,8,7,26,26161,21,4,2201210401,NaN,NaN,NaN,NaN,NaN,NaN,NaN,2000,1,1,1,6.8157846288737,6.73408528014119,112.62822572399881
22,5,60.874080684058114,12.174816136811623,2020,8,7,26,26161,21,4,2201210401,NaN,NaN,NaN,NaN,NaN,NaN,NaN,1999,1,1,1,9.57282483120352,9.458077432800327,115.15035375207127
23,5,46.82985881634186,9.365971763268373,2020,8,7,26,26161,21,4,2201210401,NaN,NaN,NaN,NaN,NaN,NaN,NaN,1998,1,1,1,12.517339740660915,12.367297073475793,115.83175517812586
24,5,36.74778034358123,7.349556068716247,2020,8,7,26,26161,21,4,2201210401,NaN,NaN,NaN,NaN,NaN,NaN,NaN,1997,1,1,1,16.346469654077826,16.15052802775995,118.69921127939497
25,5,26.865139913300695,5.373027982660139,2020,8,7,26,26161,21,4,2201210401,NaN,NaN,NaN,NaN,NaN,NaN,NaN,1996,1,1,1,18.059551492828387,17.843075521871963,95.87134407573622
26,5,25.04660490806586,5.009320981613172,2020,8,7,26,26161,21,4,2201210401,NaN,NaN,NaN,NaN,NaN,NaN,NaN,1995,1,1,1,24.227682412201233,23.937270378641713,119.9094707502774
27,5,18.41216437802274,3.6824328756045484,2020,8,7,26,26161,21,4,2201210401,NaN,NaN,NaN,NaN,NaN,NaN,NaN,1994,1,1,1,27.493284607101835,27.163728500325476,100.02860685359477
28,5,15.146433442304176,3.029286688460835,2020,8,7,26,26161,21,4,2201210401,NaN,NaN,NaN,NaN,NaN,NaN,NaN,1993,1,1,1,41.053206947944325,37.59694735626992,113.89193215311126
29,5,12.785088718582324,2.557017743716465,2020,8,7,26,26161,21,4,2201210401,NaN,NaN,NaN,NaN,NaN,NaN,NaN,1992,1,1,1,41.033751793001635,37.579130126129634,96.09050252594344
30,5,12.603265015943999,2.5206530031887997,2020,8,7,26,26161,21,4,2201210401,NaN,NaN,NaN,NaN,NaN,NaN,NaN,1991,1,1,1,40.96563727414941,37.51675015219161,94.56670894100564
31,5,10.501237834887378,2.1002475669774756,2020,8,7,26,26161,21,4,2201210401,NaN,NaN,NaN,NaN,NaN,NaN,NaN,1990,1,1,1,49.8436514754192,45.64732647906907,95.87068637669131
32,5,10.217773915995503,2.0435547831991006,2020,8,7,26,26161,21,4,2201210401,NaN,NaN,NaN,NaN,NaN,NaN,NaN,1989,1,1,1,46.338128067526085,42.436932241419164,86.72219586624826
33,5,9.15454189972411,1.830908379944822,2020,8,7,26,26161,21,4,2201210401,NaN,NaN,NaN,NaN,NaN,NaN,NaN,1988,1,1,1,46.36830534328145,42.46456889960689,77.74873504903452
34,5,9.00619255308734,1.801238510617468,2020,8,7,26,26161,21,4,2201210401,NaN,NaN,NaN,NaN,NaN,NaN,NaN,1987,1,1,1,45.788228687046434,41.93332875715655,75.5319266357733
35,5,7.780739775004618,1.5561479550009236,2020,8,7,26,26161,21,4,2201210401,NaN,NaN,NaN,NaN,NaN,NaN,NaN,1986,1,1,1,45.9683989923526,42.09833056791273,65.51123102221027
36,5,5.992761098455286,1.1985522196910572,2020,8,7,26,26161,21,4,2201210401,NaN,NaN,NaN,NaN,NaN,NaN,NaN,1985,1,1,1,58.23880190695482,53.335691220528474,63.925611101121234
37,5,4.779871405562617,0.9559742811125235,2020,8,7,26,26161,21,4,2201210401,NaN,NaN,NaN,NaN,NaN,NaN,NaN,1984,1,1,1,57.59962330212423,52.75032490828053,50.42795393264552
38,5,3.5629958872973577,0.7125991774594715,2020,8,7,26,26161,21,4,2201210401,NaN,NaN,NaN,NaN,NaN,NaN,NaN,1983,1,1,1,55.61286404613501,50.93083043488352,36.293267875225816
39,5,2.6061493961116446,0.5212298792223289,2020,8,7,26,26161,21,4,2201210401,NaN,NaN,NaN,NaN,NaN,NaN,NaN,1982,1,1,1,74.27879269274956,68.02527905061581,35.45680798361769
40,5,1.8323500164585729,0.3664700032917146,2020,8,7,26,26161,21,4,2201210401,NaN,NaN,NaN,NaN,NaN,NaN,NaN,1981,1,1,1,76.80000436767341,70.33423052269737,25.775385691173117
41,5,23.19180710506584,4.638361421013168,2020,8,7,26,26161,21,4,2201210401,NaN,NaN,NaN,NaN,NaN,NaN,NaN,1980,1,1,1,76.7493290371135,70.28782153599533,326.0203197796193
42,5,310.4463445557139,62.08926891114278,2020,8,7,26,26161,21,4,2202210401,NaN,NaN,NaN,NaN,NaN,NaN,NaN,2019,2,1,1,0.00004304488944766078,0.00004304488944766078,0.0026726257161662223
43,5,327.8141613006279,65.56283226012559,2020,8,7,26,26161,21,4,2202210401,NaN,NaN,NaN,NaN,NaN,NaN,NaN,2018,2,1,1,0.00051410467212033,0.00051410467212033,0.033706158382372065
44,5,368.3242419642923,73.66484839285846,2020,8,7,26,26161,21,4,2202210401,NaN,NaN,NaN,NaN,NaN,NaN,NaN,2017,2,1,1,0.0005824612417525544,0.0005824612417525544,0.042906919068418
45,5,367.29985169622574,73.45997033924515,2020,8,7,26,26161,21,4,2202210401,NaN,NaN,NaN,NaN,NaN,NaN,NaN,2016,2,1,1,0.0011418125815206048,0.0011418125815206048,0.08387751837148055
46,5,392.56334931271454,78.51266986254291,2020,8,7,26,26161,21,4,2202210401,NaN,NaN,NaN,NaN,NaN,NaN,NaN,2015,2,1,1,0.01338053334170313,0.01338053334170313,1.0505413968418857
47,5,364.0998652152451,72.81997304304902,2020,8,7,26,26161,21,4,2202210401,NaN,NaN,NaN,NaN,NaN,NaN,NaN,2014,2,1,1,0.01982146539336082,0.01982146539336082,1.443398575618264
48,5,370.3959424661204,74.07918849322408,2020,8,7,26,26161,21,4,2202210401,NaN,NaN,NaN,NaN,NaN,NaN,NaN,2013,2,1,1,0.019994430493517876,0.019994430493517876,1.4811711853439782
49,5,316.43263381169584,63.286526762339165,2020,8,7,26,26161,21,4,2202210401,NaN,NaN,NaN,NaN,NaN,NaN,NaN,2012,2,1,1,0.02028667161310218,0.02028667161310218,1.2838729859613773
50,5,231.92053549096389,46.38410709819278,2020,8,7,26,26161,21,4,2202210401,NaN,NaN,NaN,NaN,NaN,NaN,NaN,2011,2,1,1,0.018948388901611487,0.018948388901611487,0.8789041001505546
51,5,230.10402906651655,46.02080581330331,2020,8,7,26,26161,21,4,2202210401,NaN,NaN,NaN,NaN,NaN,NaN,NaN,2010,2,1,1,0.022122155256979165,0.022122155256979165,1.0180794112531852
52,5,205.50535743034038,41.10107148606808,2020,8,7,26,26161,21,4,2202210401,NaN,NaN,NaN,NaN,NaN,NaN,NaN,2009,2,1,1,0.016547877593376274,0.016547877593376274,0.6801354999080624
53,5,253.9388285109485,50.7877657021897,2020,8,7,26,26161,21,4,2202210401,NaN,NaN,NaN,NaN,NaN,NaN,NaN,2008,2,1,1,0.0015408466494175126,0.0015408466494175126,0.07825615861362067
54,5,268.1829985315532,53.63659970631064,2020,8,7,26,26161,21,4,2202210401,NaN,NaN,NaN,NaN,NaN,NaN,NaN,2007,2,1,1,0.0010572596785868437,0.0010572596785868437,0.05670781416598518
55,5,229.81669167512396,45.963338335024794,2020,8,7,26,26161,21,4,2202210401,NaN,NaN,NaN,NaN,NaN,NaN,NaN,2006,2,1,1,0.016644566633866674,0.016233861952176014,0.7461624893919522
56,5,203.39262514967626,40.67852502993525,2020,8,7,26,26161,21,4,2202210401,NaN,NaN,NaN,NaN,NaN,NaN,NaN,2005,2,1,1,0.012337579187772441,0.012033149421314155,0.48949076992387874
57,5,164.72170300101715,32.94434060020343,2020,8,7,26,26161,21,4,2202210401,NaN,NaN,NaN,NaN,NaN,NaN,NaN,2004,2,1,1,0.009090703715769475,0.008866390601582863,0.29209739187298844
58,5,148.74713474802425,29.74942694960485,2020,8,7,26,26161,21,4,2202210401,NaN,NaN,NaN,NaN,NaN,NaN,NaN,2003,2,1,1,0.01147633842564279,0.011193159774990054,0.33299008906132205
59,5,118.52562992373574,23.70512598474715,2020,8,7,26,26161,21,4,2202210401,NaN,NaN,NaN,NaN,NaN,NaN,NaN,2002,2,1,1,0.016090971876418978,0.01569392714536834,0.37202652017639964
60,5,94.5116320580201,18.90232641160402,2020,8,7,26,26161,21,4,2202210401,NaN,NaN,NaN,NaN,NaN,NaN,NaN,2001,2,1,1,0.014407986889834303,0.014052469813327641,0.26562437130073124
61,5,83.62548218400153,16.725096436800307,2020,8,7,26,26161,21,4,2202210401,NaN,NaN,NaN,NaN,NaN,NaN,NaN,2000,2,1,1,0.021135556261693986,0.020614036410936686,0.344771746924629
62,5,60.874080684058114,12.174816136811623,2020,8,7,26,26161,21,4,2202210401,NaN,NaN,NaN,NaN,NaN,NaN,NaN,1999,2,1,1,0.01802345994447472,0.017578731070344807,0.2140178186999058
63,5,46.82985881634186,9.365971763268373,2020,8,7,26,26161,21,4,2202210401,NaN,NaN,NaN,NaN,NaN,NaN,NaN,1998,2,1,1,0.027696500815721788,0.02701308965809385,0.25300383497634393
64,5,36.74778034358123,7.349556068716247,2020,8,7,26,26161,21,4,2202210401,NaN,NaN,NaN,NaN,NaN,NaN,NaN,1997,2,1,1,0.014846049233249725,0.014479722968419288,0.106419535815876
65,5,26.865139913300695,5.373027982660139,2020,8,7,26,26161,21,4,2202210401,NaN,NaN,NaN,NaN,NaN,NaN,NaN,1996,2,1,1,0.02248000852721579,0.021925314316806742,0.11780532735282158
66,5,25.04660490806586,5.009320981613172,2020,8,7,26,26161,21,4,2202210401,NaN,NaN,NaN,NaN,NaN,NaN,NaN,1995,2,1,1,0.02285953900287892,0.022295479877982884,0.11168521514791395
67,5,18.41216437802274,3.6824328756045484,2020,8,7,26,26161,21,4,2202210401,NaN,NaN,NaN,NaN,NaN,NaN,NaN,1994,2,1,1,0.004127502212354888,0.004025656095265031,0.014824208351081785
68,5,15.146433442304176,3.029286688460835,2020,8,7,26,26161,21,4,2202210401,NaN,NaN,NaN,NaN,NaN,NaN,NaN,1993,2,1,1,0.02841713721153816,0.027715944350843458,0.08395954128013136
69,5,12.785088718582324,2.557017743716465,2020,8,7,26,26161,21,4,2202210401,NaN,NaN,NaN,NaN,NaN,NaN,NaN,1992,2,1,1,0.04787229215423475,0.046691043345329,0.11938982630664083
70,5,12.603265015943999,2.5206530031887997,2020,8,7,26,26161,21,4,2202210401,NaN,NaN,NaN,NaN,NaN,NaN,NaN,1991,2,1,1,0.11598681100647565,0.11312483644489087,0.28514845872005595
71,5,10.501237834887378,2.1002475669774756,2020,8,7,26,26161,21,4,2202210401,NaN,NaN,NaN,NaN,NaN,NaN,NaN,1990,2,1,1,0.05309195011601053,0.05178190624689797,0.10875482260850321
72,5,10.217773915995503,2.0435547831991006,2020,8,7,26,26161,21,4,2202210401,NaN,NaN,NaN,NaN,NaN,NaN,NaN,1989,2,1,1,0.042235751190976445,0.0411935840303391,0.08418134568231354
73,5,9.15454189972411,1.830908379944822,2020,8,7,26,26161,21,4,2202210401,NaN,NaN,NaN,NaN,NaN,NaN,NaN,1988,2,1,1,0.012058475435637215,0.011760932554262866,0.02153318996956574
74,5,9.00619255308734,1.801238510617468,2020,8,7,26,26161,21,4,2202210401,NaN,NaN,NaN,NaN,NaN,NaN,NaN,1987,2,1,1,0.5921351316706254,0.5775241972966527,1.0402588249841715
75,5,7.780739775004618,1.5561479550009236,2020,8,7,26,26161,21,4,2202210401,NaN,NaN,NaN,NaN,NaN,NaN,NaN,1986,2,1,1,0.411964826364498,0.401799594273954,0.6252596169496144
76,5,5.992761098455286,1.1985522196910572,2020,8,7,26,26161,21,4,2202210401,NaN,NaN,NaN,NaN,NaN,NaN,NaN,1985,2,1,1,2.034157298799842,1.983964467451956,2.377885016252728
77,5,4.779871405562617,0.9559742811125235,2020,8,7,26,26161,21,4,2202210401,NaN,NaN,NaN,NaN,NaN,NaN,NaN,1984,2,1,1,2.6733359036304565,2.607371340208375,2.492579942549098
78,5,3.5629958872973577,0.7125991774594715,2020,8,7,26,26161,21,4,2202210401,NaN,NaN,NaN,NaN,NaN,NaN,NaN,1983,2,1,1,4.660095159619661,4.545107311556046,3.2388397316798683
79,5,2.6061493961116446,0.5212298792223289,2020,8,7,26,26161,21,4,2202210401,NaN,NaN,NaN,NaN,NaN,NaN,NaN,1982,2,1,1,8.874247432959622,8.655275377551344,4.511388139677084
80,5,1.8323500164585729,0.3664700032917146,2020,8,7,26,26161,21,4,2202210401,NaN,NaN,NaN,NaN,NaN,NaN,NaN,1981,2,1,1,6.353035758035761,6.196274600706229,2.270748773317179
81,5,23.19180710506584,4.638361421013168,2020,8,7,26,26161,21,4,2202210401,NaN,NaN,NaN,NaN,NaN,NaN,NaN,1980,2,1,1,3.75730190484949,3.664590480347329,16.997695107855165
82,5,260.05730384453915,52.01146076890783,2020,8,7,26,26161,21,4,2205210401,NaN,NaN,NaN,NaN,NaN,NaN,NaN,2020,5,1,1,0.0001623075354551031,0.00016946524843021937,0.008814135120421574
83,5,310.4463445557139,62.08926891114278,2020,8,7,26,26161,21,4,2205210401,NaN,NaN,NaN,NaN,NaN,NaN,NaN,2019,5,1,1,0.0002780315001868539,0.00029029260482872046,0.01802405560412653
84,5,327.8141613006279,65.56283226012559,2020,8,7,26,26161,21,4,2205210401,NaN,NaN,NaN,NaN,NaN,NaN,NaN,2018,5,1,1,0.0002525307105825644,0.0002636672381546447,0.017286770907623556
85,5,368.3242419642923,73.66484839285846,2020,8,7,26,26161,21,4,2205210401,NaN,NaN,NaN,NaN,NaN,NaN,NaN,2017,5,1,1,0.00017635498029420569,0.000184132181316566,0.01356406922093116
86,5,367.29985169622574,73.45997033924515,2020,8,7,26,26161,21,4,2205210401,NaN,NaN,NaN,NaN,NaN,NaN,NaN,2016,5,1,1,0.0007125722529125198,0.0004595965674750263,0.03376195021473431
87,5,392.56334931271454,78.51266986254291,2020,8,7,26,26161,21,4,2205210401,NaN,NaN,NaN,NaN,NaN,NaN,NaN,2015,5,1,1,0.0007446722574150436,0.0004803005056721596,0.03770967503665068
88,5,364.0998652152451,72.81997304304902,2020,8,7,26,26161,21,4,2205210401,NaN,NaN,NaN,NaN,NaN,NaN,NaN,2014,5,1,1,0.0010881821958856476,0.0007018583729191025,0.05110930779600729
89,5,370.3959424661204,74.07918849322408,2020,8,7,26,26161,21,4,2205210401,NaN,NaN,NaN,NaN,NaN,NaN,NaN,2013,5,1,1,0.0012206002158099776,0.0007872656662571623,0.05832000168490797
90,5,316.43263381169584,63.286526762339165,2020,8,7,26,26161,21,4,2205210401,NaN,NaN,NaN,NaN,NaN,NaN,NaN,2012,5,1,1,0.0013726721529198121,0.0008853493904258865,0.05603068789120853
91,5,231.92053549096389,46.38410709819278,2020,8,7,26,26161,21,4,2205210401,NaN,NaN,NaN,NaN,NaN,NaN,NaN,2011,5,1,1,0.0024498196790429406,0.0015800905954713518,0.07329109140519038
92,5,230.10402906651655,46.02080581330331,2020,8,7,26,26161,21,4,2205210401,NaN,NaN,NaN,NaN,NaN,NaN,NaN,2010,5,1,1,0.0019996864409691584,0.0012897625757097866,0.059355913042006
93,5,205.50535743034038,41.10107148606808,2020,8,7,26,26161,21,4,2205210401,NaN,NaN,NaN,NaN,NaN,NaN,NaN,2009,5,1,1,0.0017279160384538268,0.0011144754471037745,0.04580613502087992
94,5,253.9388285109485,50.7877657021897,2020,8,7,26,26161,21,4,2205210401,NaN,NaN,NaN,NaN,NaN,NaN,NaN,2008,5,1,1,0.002051092218762899,0.0013229183980503563,0.06718806964329763
95,5,268.1829985315532,53.63659970631064,2020,8,7,26,26161,21,4,2205210401,NaN,NaN,NaN,NaN,NaN,NaN,NaN,2007,5,1,1,0.0012206629187829531,0.0007873061085716535,0.04222842259179092
96,5,229.81669167512396,45.963338335024794,2020,8,7,26,26161,21,4,2205210401,NaN,NaN,NaN,NaN,NaN,NaN,NaN,2006,5,1,1,0.0015214755641524227,0.000981324972904087,0.04510497174619959
97,5,203.39262514967626,40.67852502993525,2020,8,7,26,26161,21,4,2205210401,NaN,NaN,NaN,NaN,NaN,NaN,NaN,2005,5,1,1,0.0006230990151323146,0.0004018879031303489,0.016348207126716092
98,5,164.72170300101715,32.94434060020343,2020,8,7,26,26161,21,4,2205210401,NaN,NaN,NaN,NaN,NaN,NaN,NaN,2004,5,1,1,0.00045735148417023027,0.0002949836615095535,0.009718042216265849
99,5,148.74713474802425,29.74942694960485,2020,8,7,26,26161,21,4,2205210401,NaN,NaN,NaN,NaN,NaN,NaN,NaN,2003,5,1,1,0.0007006179751518159,0.0004518862686204103,0.01344335753785241
100,5,118.52562992373574,23.70512598474715,2020,8,7,26,26161,21,4,2205210401,NaN,NaN,NaN,NaN,NaN,NaN,NaN,2002,5,1,1,0.0004910263139498131,0.00031670333430588126,0.007507492439510409
101,5,94.5116320580201,18.90232641160402,2020,8,7,26,26161,21,4,2205210401,NaN,NaN,NaN,NaN,NaN,NaN,NaN,2001,5,1,1,0.0007218458878009326,0.00046557789883519427,0.008800505413811596
102,5,83.62548218400153,16.725096436800307,2020,8,7,26,26161,21,4,2205210401,NaN,NaN,NaN,NaN,NaN,NaN,NaN,2000,5,1,1,0.0015245298985707562,0.0015245298985707562,0.025497909574381288
103,5,60.874080684058114,12.174816136811623,2020,8,7,26,26161,21,4,2205210401,NaN,NaN,NaN,NaN,NaN,NaN,NaN,1999,5,1,1,0.0029042420327281835,0.0029042420327281835,0.03535861276526568
104,5,46.82985881634186,9.365971763268373,2020,8,7,26,26161,21,4,2205210401,NaN,NaN,NaN,NaN,NaN,NaN,NaN,1998,5,1,1,0.0020216517625019624,0.0020216517625019624,0.01893473332275512
105,5,260.05730384453915,52.01146076890783,2020,8,7,26,26161,21,4,2209210401,NaN,NaN,NaN,NaN,NaN,NaN,NaN,2020,9,1,1,0,0,0
106,5,310.4463445557139,62.08926891114278,2020,8,7,26,26161,21,4,2209210401,NaN,NaN,NaN,NaN,NaN,NaN,NaN,2019,9,1,1,0,0,0
107,5,327.8141613006279,65.56283226012559,2020,8,7,26,26161,21,4,2209210401,NaN,NaN,NaN,NaN,NaN,NaN,NaN,2018,9,1,1,0,0,0
108,5,368.3242419642923,73.66484839285846,2020,8,7,26,26161,21,4,2209210401,NaN,NaN,NaN,NaN,NaN,NaN,NaN,2017,9,1,1,0,0,0
109,5,367.29985169622574,73.45997033924515,2020,8,7,26,26161,21,4,2209210401,NaN,NaN,NaN,NaN,NaN,NaN,NaN,2016,9,1,1,0,0,0
110,5,392.56334931271454,78.51266986254291,2020,8,7,26,26161,21,4,2209210401,NaN,NaN,NaN,NaN,NaN,NaN,NaN,2015,9,1,1,0,0,0
111,5,364.0998652152451,72.81997304304902,2020,8,7,26,26161,21,4,2209210401,NaN,NaN,NaN,NaN,NaN,NaN,NaN,2014,9,1,1,0,0,0
112,5,370.3959424661204,74.07918849322408,2020,8,7,26,26161,21,4,2209210401,NaN,NaN,NaN,NaN,NaN,NaN,NaN,2013,9,1,1,0,0,0
113,5,316.43263381169584,63.286526762339165,2020,8,7,26,26161,21,4,2209210401,NaN,NaN,NaN,NaN,NaN,NaN,NaN,2012,9,1,1,0,0,0
114,5,231.92053549096389,46.38410709819278,2020,8,7,26,26161,21,4,2209210401,NaN,NaN,NaN,NaN,NaN,NaN,NaN,2011,9,1,1,0,0,0
115,5,230.10402906651655,46.02080581330331,2020,8,7,26,26161,21,4,2209210401,NaN,NaN,NaN,NaN,NaN,NaN,NaN,2010,9,1,1,0,0,0
116,5,205.50535743034038,41.10107148606808,2020,8,7,26,26161,21,4,2209210401,NaN,NaN,NaN,NaN,NaN,NaN,NaN,2009,9,1,1,0,0,0
117,5,253.9388285109485,50.7877657021897,2020,8,7,26,26161,21,4,2209210401,NaN,NaN,NaN,NaN,NaN,NaN,NaN,2008,9,1,1,0,0,0
118,5,268.1829985315532,53.63659970631064,2020,8,7,26,26161,21,4,2209210401,NaN,NaN,NaN,NaN,NaN,NaN,NaN,2007,9,1,1,0,0,0
119,5,229.81669167512396,45.963338335024794,2020,8,7,26,26161,21,4,2209210401,NaN,NaN,NaN,NaN,NaN,NaN,NaN,2006,9,1,1,0,0,0
120,5,203.39262514967626,40.67852502993525,2020,8,7,26,26161,21,4,2209210401,NaN,NaN,NaN,NaN,NaN,NaN,NaN,2005,9,1,1,0,0,0
121,5,164.72170300101715,32.94434060020343,2020,8,7,26,26161,21,4,2209210401,NaN,NaN,NaN,NaN,NaN,NaN,NaN,2004,9,1,1,0,0,0
122,5,148.74713474802425,29.74942694960485,2020,8,7,26,26161,21,4,2209210401,NaN,NaN,NaN,NaN,NaN,NaN,NaN,2003,9,1,1,0,0,0
123,5,118.52562992373574,23.70512598474715,2020,8,7,26,26161,21,4,2209210401,NaN,NaN,NaN,NaN,NaN,NaN,NaN,2002,9,1,1,0,0,0
124,5,94.5116320580201,18.90232641160402,2020,8,7,26,26161,21,4,2209210401,NaN,NaN,NaN,NaN,NaN,NaN,NaN,2001,9,1,1,0,0,0
125,5,260.05730384453915,52.01146076890783,2020,8,7,26,26161,21,4,2201210401,NaN,NaN,NaN,NaN,NaN,NaN,NaN,2020,1,20,1,0,0.01534185002762274,0.7979520308341677
126,5,310.4463445557139,62.08926891114278,2020,8,7,26,26161,21,4,2201210401,NaN,NaN,NaN,NaN,NaN,NaN,NaN,2019,1,20,1,0,0.01668570848248501,1.036003440941948
127,5,327.8141613006279,65.56283226012559,2020,8,7,26,26161,21,4,2201210401,NaN,NaN,NaN,NaN,NaN,NaN,NaN,2018,1,20,1,0,0.01792423452274291,1.1751635814057455
128,5,368.3242419642923,73.66484839285846,2020,8,7,26,26161,21,4,2201210401,NaN,NaN,NaN,NaN,NaN,NaN,NaN,2017,1,20,1,0,0.019535029563543752,1.4390449911484584
129,5,367.29985169622574,73.45997033924515,2020,8,7,26,26161,21,4,2201210401,NaN,NaN,NaN,NaN,NaN,NaN,NaN,2016,1,20,1,0,0.02520333544476842,1.851436274222734
130,5,392.56334931271454,78.51266986254291,2020,8,7,26,26161,21,4,2201210401,NaN,NaN,NaN,NaN,NaN,NaN,NaN,2015,1,20,1,0,0.024966860233168686,1.960214854991024
131,5,364.0998652152451,72.81997304304902,2020,8,7,26,26161,21,4,2201210401,NaN,NaN,NaN,NaN,NaN,NaN,NaN,2014,1,20,1,0,0.02837780562474912,2.0664710406151157
132,5,370.3959424661204,74.07918849322408,2020,8,7,26,26161,21,4,2201210401,NaN,NaN,NaN,NaN,NaN,NaN,NaN,2013,1,20,1,0,0.028342778433475994,2.0996100259951547
133,5,316.43263381169584,63.286526762339165,2020,8,7,26,26161,21,4,2201210401,NaN,NaN,NaN,NaN,NaN,NaN,NaN,2012,1,20,1,0,0.030915077351999054,1.9565078701970735
134,5,231.92053549096389,46.38410709819278,2020,8,7,26,26161,21,4,2201210401,NaN,NaN,NaN,NaN,NaN,NaN,NaN,2011,1,20,1,0,0.03093358785936667,1.4348268522002194
135,5,230.10402906651655,46.02080581330331,2020,8,7,26,26161,21,4,2201210401,NaN,NaN,NaN,NaN,NaN,NaN,NaN,2010,1,20,1,0,0.040126240130061976,1.8466419050435607
136,5,205.50535743034038,41.10107148606808,2020,8,7,26,26161,21,4,2201210401,NaN,NaN,NaN,NaN,NaN,NaN,NaN,2009,1,20,1,0,0.04098227619236848,1.684415463444323
137,5,253.9388285109485,50.7877657021897,2020,8,7,26,26161,21,4,2201210401,NaN,NaN,NaN,NaN,NaN,NaN,NaN,2008,1,20,1,0,0.043361558844737656,2.2022366910882476
138,5,268.1829985315532,53.63659970631064,2020,8,7,26,26161,21,4,2201210401,NaN,NaN,NaN,NaN,NaN,NaN,NaN,2007,1,20,1,0,0.04387322631302395,2.3532106775760404
139,5,229.81669167512396,45.963338335024794,2020,8,7,26,26161,21,4,2201210401,NaN,NaN,NaN,NaN,NaN,NaN,NaN,2006,1,20,1,0,0.04630797187355315,2.1284689788329354
140,5,203.39262514967626,40.67852502993525,2020,8,7,26,26161,21,4,2201210401,NaN,NaN,NaN,NaN,NaN,NaN,NaN,2005,1,20,1,0,0.04868301645378253,1.9803533033479421
141,5,164.72170300101715,32.94434060020343,2020,8,7,26,26161,21,4,2201210401,NaN,NaN,NaN,NaN,NaN,NaN,NaN,2004,1,20,1,0,0.0521810467160054,1.7190701758872087
142,5,148.74713474802425,29.74942694960485,2020,8,7,26,26161,21,4,2201210401,NaN,NaN,NaN,NaN,NaN,NaN,NaN,2003,1,20,1,0,0.053501582979916223,1.5916414345492398
143,5,118.52562992373574,23.70512598474715,2020,8,7,26,26161,21,4,2201210401,NaN,NaN,NaN,NaN,NaN,NaN,NaN,2002,1,20,1,0,0.06714706523056078,1.5917296407964783
144,5,94.5116320580201,18.90232641160402,2020,8,7,26,26161,21,4,2201210401,NaN,NaN,NaN,NaN,NaN,NaN,NaN,2001,1,20,1,0,0.08337404259385132,1.5759633673639544
145,5,83.62548218400153,16.725096436800307,2020,8,7,26,26161,21,4,2201210401,NaN,NaN,NaN,NaN,NaN,NaN,NaN,2000,1,20,1,0,0.21903180312256726,3.663328029951196
146,5,60.874080684058114,12.174816136811623,2020,8,7,26,26161,21,4,2201210401,NaN,NaN,NaN,NaN,NaN,NaN,NaN,1999,1,20,1,0,0.306399658019154,3.7303595007651587
147,5,46.82985881634186,9.365971763268373,2020,8,7,26,26161,21,4,2201210401,NaN,NaN,NaN,NaN,NaN,NaN,NaN,1998,1,20,1,0,0.3990397205412048,3.737394755011427
148,5,36.74778034358123,7.349556068716247,2020,8,7,26,26161,21,4,2201210401,NaN,NaN,NaN,NaN,NaN,NaN,NaN,1997,1,20,1,0,0.5192271850721677,3.816089309089604
149,5,26.865139913300695,5.373027982660139,2020,8,7,26,26161,21,4,2201210401,NaN,NaN,NaN,NaN,NaN,NaN,NaN,1996,1,20,1,0,0.5717997186496062,3.0722958887815284
150,5,25.04660490806586,5.009320981613172,2020,8,7,26,26161,21,4,2201210401,NaN,NaN,NaN,NaN,NaN,NaN,NaN,1995,1,20,1,0,0.764323411479009,3.8287413018599574
151,5,18.41216437802274,3.6824328756045484,2020,8,7,26,26161,21,4,2201210401,NaN,NaN,NaN,NaN,NaN,NaN,NaN,1994,1,20,1,0,0.8673450776736581,3.193940028519259
152,5,15.146433442304176,3.029286688460835,2020,8,7,26,26161,21,4,2201210401,NaN,NaN,NaN,NaN,NaN,NaN,NaN,1993,1,20,1,0,1.2004805314051656,3.6365996935420575
153,5,12.785088718582324,2.557017743716465,2020,8,7,26,26161,21,4,2201210401,NaN,NaN,NaN,NaN,NaN,NaN,NaN,1992,1,20,1,0,1.1999116225066773,3.0681953096411867
154,5,12.603265015943999,2.5206530031887997,2020,8,7,26,26161,21,4,2201210401,NaN,NaN,NaN,NaN,NaN,NaN,NaN,1991,1,20,1,0,1.1979198133432225,3.0195401750829602
155,5,10.501237834887378,2.1002475669774756,2020,8,7,26,26161,21,4,2201210401,NaN,NaN,NaN,NaN,NaN,NaN,NaN,1990,1,20,1,0,1.4575312785249126,3.061176521515517
156,5,10.217773915995503,2.0435547831991006,2020,8,7,26,26161,21,4,2201210401,NaN,NaN,NaN,NaN,NaN,NaN,NaN,1989,1,20,1,0,1.3550225364211121,2.769062785645941
157,5,9.15454189972411,1.830908379944822,2020,8,7,26,26161,21,4,2201210401,NaN,NaN,NaN,NaN,NaN,NaN,NaN,1988,1,20,1,0,1.3559049822695228,2.4825377944462046
158,5,9.00619255308734,1.801238510617468,2020,8,7,26,26161,21,4,2201210401,NaN,NaN,NaN,NaN,NaN,NaN,NaN,1987,1,20,1,0,1.3389423431895664,2.4117545120494372
159,5,7.780739775004618,1.5561479550009236,2020,8,7,26,26161,21,4,2201210401,NaN,NaN,NaN,NaN,NaN,NaN,NaN,1986,1,20,1,0,1.344210894904214,2.091791035195154
160,5,5.992761098455286,1.1985522196910572,2020,8,7,26,26161,21,4,2201210401,NaN,NaN,NaN,NaN,NaN,NaN,NaN,1985,1,20,1,0,1.7030228101379097,2.0411617692752935
161,5,4.779871405562617,0.9559742811125235,2020,8,7,26,26161,21,4,2201210401,NaN,NaN,NaN,NaN,NaN,NaN,NaN,1984,1,20,1,0,1.6843319080565495,1.610177984959245
162,5,3.5629958872973577,0.7125991774594715,2020,8,7,26,26161,21,4,2201210401,NaN,NaN,NaN,NaN,NaN,NaN,NaN,1983,1,20,1,0,1.6262349654613377,1.1588536987435814
163,5,2.6061493961116446,0.5212298792223289,2020,8,7,26,26161,21,4,2201210401,NaN,NaN,NaN,NaN,NaN,NaN,NaN,1982,1,20,1,0,2.172065257581325,1.1321453118721307
164,5,1.8323500164585729,0.3664700032917146,2020,8,7,26,26161,21,4,2201210401,NaN,NaN,NaN,NaN,NaN,NaN,NaN,1981,1,20,1,0,2.2457906923600337,0.8230149224216835
165,5,23.19180710506584,4.638361421013168,2020,8,7,26,26161,21,4,2201210401,NaN,NaN,NaN,NaN,NaN,NaN,NaN,1980,1,20,1,0,2.2443088410679572,10.409915545248387
166,5,310.4463445557139,62.08926891114278,2020,8,7,26,26161,21,4,2202210401,NaN,NaN,NaN,NaN,NaN,NaN,NaN,2019,2,20,1,0,0,0
167,5,327.8141613006279,65.56283226012559,2020,8,7,26,26161,21,4,2202210401,NaN,NaN,NaN,NaN,NaN,NaN,NaN,2018,2,20,1,0,0,0
168,5,368.3242419642923,73.66484839285846,2020,8,7,26,26161,21,4,2202210401,NaN,NaN,NaN,NaN,NaN,NaN,NaN,2017,2,20,1,0,0,0
169,5,367.29985169622574,73.45997033924515,2020,8,7,26,26161,21,4,2202210401,NaN,NaN,NaN,NaN,NaN,NaN,NaN,2016,2,20,1,0,0,0
170,5,392.56334931271454,78.51266986254291,2020,8,7,26,26161,21,4,2202210401,NaN,NaN,NaN,NaN,NaN,NaN,NaN,2015,2,20,1,0,0,0
171,5,364.0998652152451,72.81997304304902,2020,8,7,26,26161,21,4,2202210401,NaN,NaN,NaN,NaN,NaN,NaN,NaN,2014,2,20,1,0,0,0
172,5,370.3959424661204,74.07918849322408,2020,8,7,26,26161,21,4,2202210401,NaN,NaN,NaN,NaN,NaN,NaN,NaN,2013,2,20,1,0,0,0
173,5,316.43263381169584,63.286526762339165,2020,8,7,26,26161,21,4,2202210401,NaN,NaN,NaN,NaN,NaN,NaN,NaN,2012,2,20,1,0,0,0
174,5,231.92053549096389,46.38410709819278,2020,8,7,26,26161,21,4,2202210401,NaN,NaN,NaN,NaN,NaN,NaN,NaN,2011,2,20,1,0,0,0
175,5,230.10402906651655,46.02080581330331,2020,8,7,26,26161,21,4,2202210401,NaN,NaN,NaN,NaN,NaN,NaN,NaN,2010,2,20,1,0,0,0
176,5,205.50535743034038,41.10107148606808,2020,8,7,26,26161,21,4,2202210401,NaN,NaN,NaN,NaN,NaN,NaN,NaN,2009,2,20,1,0,0.00011273972582156257,0.004633723530311758
177,5,253.9388285109485,50.7877657021897,2020,8,7,26,26161,21,4,2202210401,NaN,NaN,NaN,NaN,NaN,NaN,NaN,2008,2,20,1,0,0.000010497698439462567,0.0005331546487556673
178,5,268.1829985315532,53.63659970631064,2020,8,7,26,26161,21,4,2202210401,NaN,NaN,NaN,NaN,NaN,NaN,NaN,2007,2,20,1,0,0.0000072030485851421294,0.0003863470336263756
179,5,229.81669167512396,45.963338335024794,2020,8,7,26,26161,21,4,2202210401,NaN,NaN,NaN,NaN,NaN,NaN,NaN,2006,2,20,1,0,0.0001456433260749426,0.006694253472620925
180,5,203.39262514967626,40.67852502993525,2020,8,7,26,26161,21,4,2202210401,NaN,NaN,NaN,NaN,NaN,NaN,NaN,2005,2,20,1,0,0.0001079563144025658,0.004391503637564333
181,5,164.72170300101715,32.94434060020343,2020,8,7,26,26161,21,4,2202210401,NaN,NaN,NaN,NaN,NaN,NaN,NaN,2004,2,20,1,0,0.00007954549701718064,0.002620573946946465
182,5,148.74713474802425,29.74942694960485,2020,8,7,26,26161,21,4,2202210401,NaN,NaN,NaN,NaN,NaN,NaN,NaN,2003,2,20,1,0,0.00010042028346183462,0.002987445887106461
183,5,118.52562992373574,23.70512598474715,2020,8,7,26,26161,21,4,2202210401,NaN,NaN,NaN,NaN,NaN,NaN,NaN,2002,2,20,1,0,0.00014079925992735776,0.003337664195137176
184,5,94.5116320580201,18.90232641160402,2020,8,7,26,26161,21,4,2202210401,NaN,NaN,NaN,NaN,NaN,NaN,NaN,2001,2,20,1,0,0.00012607280074267412,0.00238306923126314
185,5,83.62548218400153,16.725096436800307,2020,8,7,26,26161,21,4,2202210401,NaN,NaN,NaN,NaN,NaN,NaN,NaN,2000,2,20,1,0,0.00018494039407033138,0.003093145925886144
186,5,60.874080684058114,12.174816136811623,2020,8,7,26,26161,21,4,2202210401,NaN,NaN,NaN,NaN,NaN,NaN,NaN,1999,2,20,1,0,0.00015770892156187,0.0019200771231506135
187,5,46.82985881634186,9.365971763268373,2020,8,7,26,26161,21,4,2202210401,NaN,NaN,NaN,NaN,NaN,NaN,NaN,1998,2,20,1,0,0.00024234998652542227,0.0022698431306255756
188,5,36.74778034358123,7.349556068716247,2020,8,7,26,26161,21,4,2202210401,NaN,NaN,NaN,NaN,NaN,NaN,NaN,1997,2,20,1,0,0.00012990593488948875,0.0009547509521292996
189,5,26.865139913300695,5.373027982660139,2020,8,7,26,26161,21,4,2202210401,NaN,NaN,NaN,NaN,NaN,NaN,NaN,1996,2,20,1,0,0.00019670462344360758,0.001056899446081129
190,5,25.04660490806586,5.009320981613172,2020,8,7,26,26161,21,4,2202210401,NaN,NaN,NaN,NaN,NaN,NaN,NaN,1995,2,20,1,0,0.0002000255919036643,0.0010019923943826194
191,5,18.41216437802274,3.6824328756045484,2020,8,7,26,26161,21,4,2202210401,NaN,NaN,NaN,NaN,NaN,NaN,NaN,1994,2,20,1,0,0.00003611647955831453,0.00013299651167663707
192,5,15.146433442304176,3.029286688460835,2020,8,7,26,26161,21,4,2202210401,NaN,NaN,NaN,NaN,NaN,NaN,NaN,1993,2,20,1,0,0.0002486557008096141,0.000753249404472464
193,5,12.785088718582324,2.557017743716465,2020,8,7,26,26161,21,4,2202210401,NaN,NaN,NaN,NaN,NaN,NaN,NaN,1992,2,20,1,0,0.00041889224330945567,0.0010711148988474728
194,5,12.603265015943999,2.5206530031887997,2020,8,7,26,26161,21,4,2202210401,NaN,NaN,NaN,NaN,NaN,NaN,NaN,1991,2,20,1,0,0.0010149080662417073,0.0025582310651326968
195,5,10.501237834887378,2.1002475669774756,2020,8,7,26,26161,21,4,2202210401,NaN,NaN,NaN,NaN,NaN,NaN,NaN,1990,2,20,1,0,0.0004645653066729551,0.0009757021550420188
196,5,10.217773915995503,2.0435547831991006,2020,8,7,26,26161,21,4,2202210401,NaN,NaN,NaN,NaN,NaN,NaN,NaN,1989,2,20,1,0,0.0003695713693266951,0.0007552393395210092
197,5,9.15454189972411,1.830908379944822,2020,8,7,26,26161,21,4,2202210401,NaN,NaN,NaN,NaN,NaN,NaN,NaN,1988,2,20,1,0,0.00010551410009472907,0.0001931866500657762
198,5,9.00619255308734,1.801238510617468,2020,8,7,26,26161,21,4,2202210401,NaN,NaN,NaN,NaN,NaN,NaN,NaN,1987,2,20,1,0,0.005181302220681461,0.009332761095039254
199,5,7.780739775004618,1.5561479550009236,2020,8,7,26,26161,21,4,2202210401,NaN,NaN,NaN,NaN,NaN,NaN,NaN,1986,2,20,1,0,0.0036047755917856055,0.005609564165394414
200,5,5.992761098455286,1.1985522196910572,2020,8,7,26,26161,21,4,2202210401,NaN,NaN,NaN,NaN,NaN,NaN,NaN,1985,2,20,1,0,0.017799287976295347,0.021333376112909135
201,5,4.779871405562617,0.9559742811125235,2020,8,7,26,26161,21,4,2202210401,NaN,NaN,NaN,NaN,NaN,NaN,NaN,1984,2,20,1,0,0.02339223010637506,0.022362370359560627
202,5,3.5629958872973577,0.7125991774594715,2020,8,7,26,26161,21,4,2202210401,NaN,NaN,NaN,NaN,NaN,NaN,NaN,1983,2,20,1,0,0.0407767756170818,0.029057496764181925
203,5,2.6061493961116446,0.5212298792223289,2020,8,7,26,26161,21,4,2202210401,NaN,NaN,NaN,NaN,NaN,NaN,NaN,1982,2,20,1,0,0.07765146074265843,0.04047426150433327
204,5,1.8323500164585729,0.3664700032917146,2020,8,7,26,26161,21,4,2202210401,NaN,NaN,NaN,NaN,NaN,NaN,NaN,1981,2,20,1,0,0.05559034841980878,0.020372195168394884
205,5,23.19180710506584,4.638361421013168,2020,8,7,26,26161,21,4,2202210401,NaN,NaN,NaN,NaN,NaN,NaN,NaN,1980,2,20,1,0,0.03287715195759783,0.15249611327290932
206,5,260.05730384453915,52.01146076890783,2020,8,7,26,26161,21,4,2205210401,NaN,NaN,NaN,NaN,NaN,NaN,NaN,2020,5,20,1,0,0.0000034134742274045423,0.00017753978086432933
207,5,310.4463445557139,62.08926891114278,2020,8,7,26,26161,21,4,2205210401,NaN,NaN,NaN,NaN,NaN,NaN,NaN,2019,5,20,1,0,0.0000058472538421173335,0.00036305171619493596
208,5,327.8141613006279,65.56283226012559,2020,8,7,26,26161,21,4,2205210401,NaN,NaN,NaN,NaN,NaN,NaN,NaN,2018,5,20,1,0,0.000005310949179190662,0.00034820087017732907
209,5,368.3242419642923,73.66484839285846,2020,8,7,26,26161,21,4,2205210401,NaN,NaN,NaN,NaN,NaN,NaN,NaN,2017,5,20,1,0,0.000003708904693924241,0.0002732159019814903
210,5,367.29985169622574,73.45997033924515,2020,8,7,26,26161,21,4,2205210401,NaN,NaN,NaN,NaN,NaN,NaN,NaN,2016,5,20,1,0,0.000009257479351146065,0.0006800541585513643
211,5,392.56334931271454,78.51266986254291,2020,8,7,26,26161,21,4,2205210401,NaN,NaN,NaN,NaN,NaN,NaN,NaN,2015,5,20,1,0,0.000009674510926034363,0.0007595716824173002
212,5,364.0998652152451,72.81997304304902,2020,8,7,26,26161,21,4,2205210401,NaN,NaN,NaN,NaN,NaN,NaN,NaN,2014,5,20,1,0,0.000014137267017514497,0.0010294754031177917
213,5,370.3959424661204,74.07918849322408,2020,8,7,26,26161,21,4,2205210401,NaN,NaN,NaN,NaN,NaN,NaN,NaN,2013,5,20,1,0,0.000015857593735484007,0.0011747176753798892
214,5,316.43263381169584,63.286526762339165,2020,8,7,26,26161,21,4,2205210401,NaN,NaN,NaN,NaN,NaN,NaN,NaN,2012,5,20,1,0,0.000017833256991987353,0.0011286048958830796
215,5,231.92053549096389,46.38410709819278,2020,8,7,26,26161,21,4,2205210401,NaN,NaN,NaN,NaN,NaN,NaN,NaN,2011,5,20,1,0,0.000031827165596294346,0.0014762746576504335
216,5,230.10402906651655,46.02080581330331,2020,8,7,26,26161,21,4,2205210401,NaN,NaN,NaN,NaN,NaN,NaN,NaN,2010,5,20,1,0,0.00002597919840461626,0.001195583644964124
217,5,205.50535743034038,41.10107148606808,2020,8,7,26,26161,21,4,2205210401,NaN,NaN,NaN,NaN,NaN,NaN,NaN,2009,5,20,1,0,0.00002244845625284852,0.000922655605200199
218,5,253.9388285109485,50.7877657021897,2020,8,7,26,26161,21,4,2205210401,NaN,NaN,NaN,NaN,NaN,NaN,NaN,2008,5,20,1,0,0.000026647043559279584,0.0013533438049447347
219,5,268.1829985315532,53.63659970631064,2020,8,7,26,26161,21,4,2205210401,NaN,NaN,NaN,NaN,NaN,NaN,NaN,2007,5,20,1,0,0.00001585840834968657,0.0008505911006313529
220,5,229.81669167512396,45.963338335024794,2020,8,7,26,26161,21,4,2205210401,NaN,NaN,NaN,NaN,NaN,NaN,NaN,2006,5,20,1,0,0.000019766456749956467,0.0009085323392828837
221,5,203.39262514967626,40.67852502993525,2020,8,7,26,26161,21,4,2205210401,NaN,NaN,NaN,NaN,NaN,NaN,NaN,2005,5,20,1,0,0.000008095075611953432,0.0003292957359000661
222,5,164.72170300101715,32.94434060020343,2020,8,7,26,26161,21,4,2205210401,NaN,NaN,NaN,NaN,NaN,NaN,NaN,2004,5,20,1,0,0.000005941744017699912,0.00019574683867832707
223,5,148.74713474802425,29.74942694960485,2020,8,7,26,26161,21,4,2205210401,NaN,NaN,NaN,NaN,NaN,NaN,NaN,2003,5,20,1,0,0.000009102173725540732,0.0002707844523305866
224,5,118.52562992373574,23.70512598474715,2020,8,7,26,26161,21,4,2205210401,NaN,NaN,NaN,NaN,NaN,NaN,NaN,2002,5,20,1,0,0.00000637923514939027,0.00015122057290262365
225,5,94.5116320580201,18.90232641160402,2020,8,7,26,26161,21,4,2205210401,NaN,NaN,NaN,NaN,NaN,NaN,NaN,2001,5,20,1,0,0.000009377959040242364,0.00017726524285331392
226,5,83.62548218400153,16.725096436800307,2020,8,7,26,26161,21,4,2205210401,NaN,NaN,NaN,NaN,NaN,NaN,NaN,2000,5,20,1,0,0.000004308754694013186,0.00007206433777988653
227,5,60.874080684058114,12.174816136811623,2020,8,7,26,26161,21,4,2205210401,NaN,NaN,NaN,NaN,NaN,NaN,NaN,1999,5,20,1,0,0.000008208213235305845,0.00009993348695159235
228,5,46.82985881634186,9.365971763268373,2020,8,7,26,26161,21,4,2205210401,NaN,NaN,NaN,NaN,NaN,NaN,NaN,1998,5,20,1,0,0.000005713762340447846,0.00005351493674266074
229,5,260.05730384453915,52.01146076890783,2020,8,7,26,26161,21,4,2201210401,NaN,NaN,NaN,NaN,NaN,NaN,NaN,2020,1,24,1,0,0,0
230,5,310.4463445557139,62.08926891114278,2020,8,7,26,26161,21,4,2201210401,NaN,NaN,NaN,NaN,NaN,NaN,NaN,2019,1,24,1,0,0,0
231,5,327.8141613006279,65.56283226012559,2020,8,7,26,26161,21,4,2201210401,NaN,NaN,NaN,NaN,NaN,NaN,NaN,2018,1,24,1,0,0,0
232,5,368.3242419642923,73.66484839285846,2020,8,7,26,26161,21,4,2201210401,NaN,NaN,NaN,NaN,NaN,NaN,NaN,2017,1,24,1,0,0,0
233,5,367.29985169622574,73.45997033924515,2020,8,7,26,26161,21,4,2201210401,NaN,NaN,NaN,NaN,NaN,NaN,NaN,2016,1,24,1,0,0,0
234,5,392.56334931271454,78.51266986254291,2020,8,7,26,26161,21,4,2201210401,NaN,NaN,NaN,NaN,NaN,NaN,NaN,2015,1,24,1,0,0,0
235,5,364.0998652152451,72.81997304304902,2020,8,7,26,26161,21,4,2201210401,NaN,NaN,NaN,NaN,NaN,NaN,NaN,2014,1,24,1,0,0,0
236,5,370.3959424661204,74.07918849322408,2020,8,7,26,26161,21,4,2201210401,NaN,NaN,NaN,NaN,NaN,NaN,NaN,2013,1,24,1,0,0,0
237,5,316.43263381169584,63.286526762339165,2020,8,7,26,26161,21,4,2201210401,NaN,NaN,NaN,NaN,NaN,NaN,NaN,2012,1,24,1,0,0,0
238,5,231.92053549096389,46.38410709819278,2020,8,7,26,26161,21,4,2201210401,NaN,NaN,NaN,NaN,NaN,NaN,NaN,2011,1,24,1,0,0,0
239,5,230.10402906651655,46.02080581330331,2020,8,7,26,26161,21,4,2201210401,NaN,NaN,NaN,NaN,NaN,NaN,NaN,2010,1,24,1,0,0,0
240,5,205.50535743034038,41.10107148606808,2020,8,7,26,26161,21,4,2201210401,NaN,NaN,NaN,NaN,NaN,NaN,NaN,2009,1,24,1,0,0,0
241,5,253.9388285109485,50.7877657021897,2020,8,7,26,26161,21,4,2201210401,NaN,NaN,NaN,NaN,NaN,NaN,NaN,2008,1,24,1,0,0,0
242,5,268.1829985315532,53.63659970631064,2020,8,7,26,26161,21,4,2201210401,NaN,NaN,NaN,NaN,NaN,NaN,NaN,2007,1,24,1,0,0,0
243,5,229.81669167512396,45.963338335024794,2020,8,7,26,26161,21,4,2201210401,NaN,NaN,NaN,NaN,NaN,NaN,NaN,2006,1,24,1,0,0,0
244,5,203.39262514967626,40.67852502993525,2020,8,7,26,26161,21,4,2201210401,NaN,NaN,NaN,NaN,NaN,NaN,NaN,2005,1,24,1,0,0,0
245,5,164.72170300101715,32.94434060020343,2020,8,7,26,26161,21,4,2201210401,NaN,NaN,NaN,NaN,NaN,NaN,NaN,2004,1,24,1,0,0,0
246,5,148.74713474802425,29.74942694960485,2020,8,7,26,26161,21,4,2201210401,NaN,NaN,NaN,NaN,NaN,NaN,NaN,2003,1,24,1,0,0,0
247,5,118.52562992373574,23.70512598474715,2020,8,7,26,26161,21,4,2201210401,NaN,NaN,NaN,NaN,NaN,NaN,NaN,2002,1,24,1,0,0,0
248,5,94.5116320580201,18.90232641160402,2020,8,7,26,26161,21,4,2201210401,NaN,NaN,NaN,NaN,NaN,NaN,NaN,2001,1,24,1,0,0,0
249,5,83.62548218400153,16.725096436800307,2020,8,7,26,26161,21,4,2201210401,NaN,NaN,NaN,NaN,NaN,NaN,NaN,2000,1,24,1,0,0.03382041079632383,0.5656496321007183
250,5,60.874080684058114,12.174816136811623,2020,8,7,26,26161,21,4,2201210401,NaN,NaN,NaN,NaN,NaN,NaN,NaN,1999,1,24,1,0,0.04730538142848022,0.5759343211734899
251,5,46.82985881634186,9.365971763268373,2020,8,7,26,26161,21,4,2201210401,NaN,NaN,NaN,NaN,NaN,NaN,NaN,1998,1,24,1,0,0.061601174843619114,0.5769548641694946
252,5,36.74778034358123,7.349556068716247,2020,8,7,26,26161,21,4,2201210401,NaN,NaN,NaN,NaN,NaN,NaN,NaN,1997,1,24,1,0,0.08014674465268419,0.5890429935499865
253,5,26.865139913300695,5.373027982660139,2020,8,7,26,26161,21,4,2201210401,NaN,NaN,NaN,NaN,NaN,NaN,NaN,1996,1,24,1,0,0.08825365746953784,0.47418937115592974
254,5,25.04660490806586,5.009320981613172,2020,8,7,26,26161,21,4,2201210401,NaN,NaN,NaN,NaN,NaN,NaN,NaN,1995,1,24,1,0,0.1179562545821089,0.5908807409906629
255,5,18.41216437802274,3.6824328756045484,2020,8,7,26,26161,21,4,2201210401,NaN,NaN,NaN,NaN,NaN,NaN,NaN,1994,1,24,1,0,0.1338553487386181,0.49291333677059906
256,5,15.146433442304176,3.029286688460835,2020,8,7,26,26161,21,4,2201210401,NaN,NaN,NaN,NaN,NaN,NaN,NaN,1993,1,24,1,0,0.18526736857278908,0.5612279734237172
257,5,12.785088718582324,2.557017743716465,2020,8,7,26,26161,21,4,2201210401,NaN,NaN,NaN,NaN,NaN,NaN,NaN,1992,1,24,1,0,0.1851795701855406,0.47350744673821576
258,5,12.603265015943999,2.5206530031887997,2020,8,7,26,26161,21,4,2201210401,NaN,NaN,NaN,NaN,NaN,NaN,NaN,1991,1,24,1,0,0.1848721789094984,0.4659986129742842
259,5,10.501237834887378,2.1002475669774756,2020,8,7,26,26161,21,4,2201210401,NaN,NaN,NaN,NaN,NaN,NaN,NaN,1990,1,24,1,0,0.22493741257825242,0.47242425348968325
260,5,10.217773915995503,2.0435547831991006,2020,8,7,26,26161,21,4,2201210401,NaN,NaN,NaN,NaN,NaN,NaN,NaN,1989,1,24,1,0,0.20911747680382703,0.4273430199729877
261,5,9.15454189972411,1.830908379944822,2020,8,7,26,26161,21,4,2201210401,NaN,NaN,NaN,NaN,NaN,NaN,NaN,1988,1,24,1,0,0.20925366261939513,0.3831242844239971
262,5,9.00619255308734,1.801238510617468,2020,8,7,26,26161,21,4,2201210401,NaN,NaN,NaN,NaN,NaN,NaN,NaN,1987,1,24,1,0,0.20663585797851933,0.3722004650653908
263,5,7.780739775004618,1.5561479550009236,2020,8,7,26,26161,21,4,2201210401,NaN,NaN,NaN,NaN,NaN,NaN,NaN,1986,1,24,1,0,0.20744894131209068,0.32282124578991656
264,5,5.992761098455286,1.1985522196910572,2020,8,7,26,26161,21,4,2201210401,NaN,NaN,NaN,NaN,NaN,NaN,NaN,1985,1,24,1,0,0.2628235497366846,0.3150077489239863
265,5,4.779871405562617,0.9559742811125235,2020,8,7,26,26161,21,4,2201210401,NaN,NaN,NaN,NaN,NaN,NaN,NaN,1984,1,24,1,0,0.2599390262860527,0.24849502378689858
266,5,3.5629958872973577,0.7125991774594715,2020,8,7,26,26161,21,4,2201210401,NaN,NaN,NaN,NaN,NaN,NaN,NaN,1983,1,24,1,0,0.25097306024565336,0.178843196295539
267,5,2.6061493961116446,0.5212298792223289,2020,8,7,26,26161,21,4,2201210401,NaN,NaN,NaN,NaN,NaN,NaN,NaN,1982,1,24,1,0,0.33520977984494604,0.17472135306272468
268,5,1.8323500164585729,0.3664700032917146,2020,8,7,26,26161,21,4,2201210401,NaN,NaN,NaN,NaN,NaN,NaN,NaN,1981,1,24,1,0,0.34658765473838415,0.12701397897284328
269,5,23.19180710506584,4.638361421013168,2020,8,7,26,26161,21,4,2201210401,NaN,NaN,NaN,NaN,NaN,NaN,NaN,1980,1,24,1,0,0.34635896407467315,1.6065380567860497
270,5,310.4463445557139,62.08926891114278,2020,8,7,26,26161,21,4,2202210401,NaN,NaN,NaN,NaN,NaN,NaN,NaN,2019,2,24,1,0,0,0
271,5,327.8141613006279,65.56283226012559,2020,8,7,26,26161,21,4,2202210401,NaN,NaN,NaN,NaN,NaN,NaN,NaN,2018,2,24,1,0,0,0
272,5,368.3242419642923,73.66484839285846,2020,8,7,26,26161,21,4,2202210401,NaN,NaN,NaN,NaN,NaN,NaN,NaN,2017,2,24,1,0,0,0
273,5,367.29985169622574,73.45997033924515,2020,8,7,26,26161,21,4,2202210401,NaN,NaN,NaN,NaN,NaN,NaN,NaN,2016,2,24,1,0,0,0
274,5,392.56334931271454,78.51266986254291,2020,8,7,26,26161,21,4,2202210401,NaN,NaN,NaN,NaN,NaN,NaN,NaN,2015,2,24,1,0,0,0
275,5,364.0998652152451,72.81997304304902,2020,8,7,26,26161,21,4,2202210401,NaN,NaN,NaN,NaN,NaN,NaN,NaN,2014,2,24,1,0,0,0
276,5,370.3959424661204,74.07918849322408,2020,8,7,26,26161,21,4,2202210401,NaN,NaN,NaN,NaN,NaN,NaN,NaN,2013,2,24,1,0,0,0
277,5,316.43263381169584,63.286526762339165,2020,8,7,26,26161,21,4,2202210401,NaN,NaN,NaN,NaN,NaN,NaN,NaN,2012,2,24,1,0,0,0
278,5,231.92053549096389,46.38410709819278,2020,8,7,26,26161,21,4,2202210401,NaN,NaN,NaN,NaN,NaN,NaN,NaN,2011,2,24,1,0,0,0
279,5,230.10402906651655,46.02080581330331,2020,8,7,26,26161,21,4,2202210401,NaN,NaN,NaN,NaN,NaN,NaN,NaN,2010,2,24,1,0,0,0
280,5,205.50535743034038,41.10107148606808,2020,8,7,26,26161,21,4,2202210401,NaN,NaN,NaN,NaN,NaN,NaN,NaN,2009,2,24,1,0,0.000006991610489599281,0.0002873626825357635
281,5,253.9388285109485,50.7877657021897,2020,8,7,26,26161,21,4,2202210401,NaN,NaN,NaN,NaN,NaN,NaN,NaN,2008,2,24,1,0,0.000000651020019705945,0.000033063852228260454
282,5,268.1829985315532,53.63659970631064,2020,8,7,26,26161,21,4,2202210401,NaN,NaN,NaN,NaN,NaN,NaN,NaN,2007,2,24,1,0,0.000000446700660995762,0.000023959504542374055
283,5,229.81669167512396,45.963338335024794,2020,8,7,26,26161,21,4,2202210401,NaN,NaN,NaN,NaN,NaN,NaN,NaN,2006,2,24,1,0,0.00005423471466581123,0.0024928085396882125
284,5,203.39262514967626,40.67852502993525,2020,8,7,26,26161,21,4,2202210401,NaN,NaN,NaN,NaN,NaN,NaN,NaN,2005,2,24,1,0,0.000040200811570198626,0.0016353097196820355
285,5,164.72170300101715,32.94434060020343,2020,8,7,26,26161,21,4,2202210401,NaN,NaN,NaN,NaN,NaN,NaN,NaN,2004,2,24,1,0,0.00002962118107256794,0.0009758502782349775
286,5,148.74713474802425,29.74942694960485,2020,8,7,26,26161,21,4,2202210401,NaN,NaN,NaN,NaN,NaN,NaN,NaN,2003,2,24,1,0,0.0000373945416311767,0.0011124661845706486
287,5,118.52562992373574,23.70512598474715,2020,8,7,26,26161,21,4,2202210401,NaN,NaN,NaN,NaN,NaN,NaN,NaN,2002,2,24,1,0,0.000052430879554263486,0.0012428806053249193
288,5,94.5116320580201,18.90232641160402,2020,8,7,26,26161,21,4,2202210401,NaN,NaN,NaN,NaN,NaN,NaN,NaN,2001,2,24,1,0,0.000046947035333979343,0.0008874081859399849
289,5,83.62548218400153,16.725096436800307,2020,8,7,26,26161,21,4,2202210401,NaN,NaN,NaN,NaN,NaN,NaN,NaN,2000,2,24,1,0,0.00006886817111980778,0.001151826803404851
290,5,60.874080684058114,12.174816136811623,2020,8,7,26,26161,21,4,2202210401,NaN,NaN,NaN,NaN,NaN,NaN,NaN,1999,2,24,1,0,0.00005872770549581941,0.0007149990165484228
291,5,46.82985881634186,9.365971763268373,2020,8,7,26,26161,21,4,2202210401,NaN,NaN,NaN,NaN,NaN,NaN,NaN,1998,2,24,1,0,0.00009024637601112031,0.0008452450094574532
292,5,36.74778034358123,7.349556068716247,2020,8,7,26,26161,21,4,2202210401,NaN,NaN,NaN,NaN,NaN,NaN,NaN,1997,2,24,1,0,0.00004837441921987946,0.00035553050634808895
293,5,26.865139913300695,5.373027982660139,2020,8,7,26,26161,21,4,2202210401,NaN,NaN,NaN,NaN,NaN,NaN,NaN,1996,2,24,1,0,0.00007324893912694932,0.0003935685996292678
294,5,25.04660490806586,5.009320981613172,2020,8,7,26,26161,21,4,2202210401,NaN,NaN,NaN,NaN,NaN,NaN,NaN,1995,2,24,1,0,0.00007448560256838058,0.00037312229177388883
295,5,18.41216437802274,3.6824328756045484,2020,8,7,26,26161,21,4,2202210401,NaN,NaN,NaN,NaN,NaN,NaN,NaN,1994,2,24,1,0,0.000013449067776513732,0.00004952528932646793
296,5,15.146433442304176,3.029286688460835,2020,8,7,26,26161,21,4,2202210401,NaN,NaN,NaN,NaN,NaN,NaN,NaN,1993,2,24,1,0,0.00009259450018669221,0.000280495286840231
297,5,12.785088718582324,2.557017743716465,2020,8,7,26,26161,21,4,2202210401,NaN,NaN,NaN,NaN,NaN,NaN,NaN,1992,2,24,1,0,0.00015598724571780115,0.0003988621550938777
298,5,12.603265015943999,2.5206530031887997,2020,8,7,26,26161,21,4,2202210401,NaN,NaN,NaN,NaN,NaN,NaN,NaN,1991,2,24,1,0,0.0003779318343521354,0.0009526350132603622
299,5,10.501237834887378,2.1002475669774756,2020,8,7,26,26161,21,4,2202210401,NaN,NaN,NaN,NaN,NaN,NaN,NaN,1990,2,24,1,0,0.0001729949976429275,0.0003633323228988326
300,5,10.217773915995503,2.0435547831991006,2020,8,7,26,26161,21,4,2202210401,NaN,NaN,NaN,NaN,NaN,NaN,NaN,1989,2,24,1,0,0.0001376211207492801,0.00028123629957641237
301,5,9.15454189972411,1.830908379944822,2020,8,7,26,26161,21,4,2202210401,NaN,NaN,NaN,NaN,NaN,NaN,NaN,1988,2,24,1,0,0.00003929137891916091,0.00007193891492267903
302,5,9.00619255308734,1.801238510617468,2020,8,7,26,26161,21,4,2202210401,NaN,NaN,NaN,NaN,NaN,NaN,NaN,1987,2,24,1,0,0.0019294152029417247,0.0034753369665094518
303,5,7.780739775004618,1.5561479550009236,2020,8,7,26,26161,21,4,2202210401,NaN,NaN,NaN,NaN,NaN,NaN,NaN,1986,2,24,1,0,0.0013423476442317318,0.0020888915414715168
304,5,5.992761098455286,1.1985522196910572,2020,8,7,26,26161,21,4,2202210401,NaN,NaN,NaN,NaN,NaN,NaN,NaN,1985,2,24,1,0,0.006628105321848084,0.007944130345847131
305,5,4.779871405562617,0.9559742811125235,2020,8,7,26,26161,21,4,2202210401,NaN,NaN,NaN,NaN,NaN,NaN,NaN,1984,2,24,1,0,0.008710807143771492,0.008327307597176786
306,5,3.5629958872973577,0.7125991774594715,2020,8,7,26,26161,21,4,2202210401,NaN,NaN,NaN,NaN,NaN,NaN,NaN,1983,2,24,1,0,0.015184470515636785,0.010820441199600371
307,5,2.6061493961116446,0.5212298792223289,2020,8,7,26,26161,21,4,2202210401,NaN,NaN,NaN,NaN,NaN,NaN,NaN,1982,2,24,1,0,0.028915879156690583,0.015071820200449289
308,5,1.8323500164585729,0.3664700032917146,2020,8,7,26,26161,21,4,2202210401,NaN,NaN,NaN,NaN,NaN,NaN,NaN,1981,2,24,1,0,0.020700754136650186,0.007586205436599168
309,5,23.19180710506584,4.638361421013168,2020,8,7,26,26161,21,4,2202210401,NaN,NaN,NaN,NaN,NaN,NaN,NaN,1980,2,24,1,0,0.012242805787937908,0.056786558051727914
310,5,260.05730384453915,52.01146076890783,2020,8,7,26,26161,21,4,2205210401,NaN,NaN,NaN,NaN,NaN,NaN,NaN,2020,5,24,1,0,0,0
311,5,310.4463445557139,62.08926891114278,2020,8,7,26,26161,21,4,2205210401,NaN,NaN,NaN,NaN,NaN,NaN,NaN,2019,5,24,1,0,0,0
312,5,327.8141613006279,65.56283226012559,2020,8,7,26,26161,21,4,2205210401,NaN,NaN,NaN,NaN,NaN,NaN,NaN,2018,5,24,1,0,0,0
313,5,368.3242419642923,73.66484839285846,2020,8,7,26,26161,21,4,2205210401,NaN,NaN,NaN,NaN,NaN,NaN,NaN,2017,5,24,1,0,0,0
314,5,367.29985169622574,73.45997033924515,2020,8,7,26,26161,21,4,2205210401,NaN,NaN,NaN,NaN,NaN,NaN,NaN,2016,5,24,1,0,0,0
315,5,392.56334931271454,78.51266986254291,2020,8,7,26,26161,21,4,2205210401,NaN,NaN,NaN,NaN,NaN,NaN,NaN,2015,5,24,1,0,0,0
316,5,364.0998652152451,72.81997304304902,2020,8,7,26,26161,21,4,2205210401,NaN,NaN,NaN,NaN,NaN,NaN,NaN,2014,5,24,1,0,0,0
317,5,370.3959424661204,74.07918849322408,2020,8,7,26,26161,21,4,2205210401,NaN,NaN,NaN,NaN,NaN,NaN,NaN,2013,5,24,1,0,0,0
318,5,316.43263381169584,63.286526762339165,2020,8,7,26,26161,21,4,2205210401,NaN,NaN,NaN,NaN,NaN,NaN,NaN,2012,5,24,1,0,0,0
319,5,231.92053549096389,46.38410709819278,2020,8,7,26,26161,21,4,2205210401,NaN,NaN,NaN,NaN,NaN,NaN,NaN,2011,5,24,1,0,0,0
320,5,230.10402906651655,46.02080581330331,2020,8,7,26,26161,21,4,2205210401,NaN,NaN,NaN,NaN,NaN,NaN,NaN,2010,5,24,1,0,0,0
321,5,205.50535743034038,41.10107148606808,2020,8,7,26,26161,21,4,2205210401,NaN,NaN,NaN,NaN,NaN,NaN,NaN,2009,5,24,1,0,0,0
322,5,253.9388285109485,50.7877657021897,2020,8,7,26,26161,21,4,2205210401,NaN,NaN,NaN,NaN,NaN,NaN,NaN,2008,5,24,1,0,0,0
323,5,268.1829985315532,53.63659970631064,2020,8,7,26,26161,21,4,2205210401,NaN,NaN,NaN,NaN,NaN,NaN,NaN,2007,5,24,1,0,0,0
324,5,229.81669167512396,45.963338335024794,2020,8,7,26,26161,21,4,2205210401,NaN,NaN,NaN,NaN,NaN,NaN,NaN,2006,5,24,1,0,0,0
325,5,203.39262514967626,40.67852502993525,2020,8,7,26,26161,21,4,2205210401,NaN,NaN,NaN,NaN,NaN,NaN,NaN,2005,5,24,1,0,0,0
326,5,164.72170300101715,32.94434060020343,2020,8,7,26,26161,21,4,2205210401,NaN,NaN,NaN,NaN,NaN,NaN,NaN,2004,5,24,1,0,0,0
327,5,148.74713474802425,29.74942694960485,2020,8,7,26,26161,21,4,2205210401,NaN,NaN,NaN,NaN,NaN,NaN,NaN,2003,5,24,1,0,0,0
328,5,118.52562992373574,23.70512598474715,2020,8,7,26,26161,21,4,2205210401,NaN,NaN,NaN,NaN,NaN,NaN,NaN,2002,5,24,1,0,0,0
329,5,94.5116320580201,18.90232641160402,2020,8,7,26,26161,21,4,2205210401,NaN,NaN,NaN,NaN,NaN,NaN,NaN,2001,5,24,1,0,0,0
330,5,83.62548218400153,16.725096436800307,2020,8,7,26,26161,21,4,2205210401,NaN,NaN,NaN,NaN,NaN,NaN,NaN,2000,5,24,1,0,0.00000027880175765618764,0.000004662986283549167
331,5,60.874080684058114,12.174816136811623,2020,8,7,26,26161,21,4,2205210401,NaN,NaN,NaN,NaN,NaN,NaN,NaN,1999,5,24,1,0,0.0000005311196481897117,0.0000064662840633578135
332,5,46.82985881634186,9.365971763268373,2020,8,7,26,26161,21,4,2205210401,NaN,NaN,NaN,NaN,NaN,NaN,NaN,1998,5,24,1,0,0.00000036971401169809013,0.000003462730994048985
333,5,260.05730384453915,52.01146076890783,2020,8,7,26,26161,21,4,2201210401,NaN,NaN,NaN,NaN,NaN,NaN,NaN,2020,1,25,1,0,0.004909663504415499,0.25535877074844526
334,5,310.4463445557139,62.08926891114278,2020,8,7,26,26161,21,4,2201210401,NaN,NaN,NaN,NaN,NaN,NaN,NaN,2019,1,25,1,0,0.005339721991433564,0.3315394346368614
335,5,327.8141613006279,65.56283226012559,2020,8,7,26,26161,21,4,2201210401,NaN,NaN,NaN,NaN,NaN,NaN,NaN,2018,1,25,1,0,0.0057360722417732655,0.3760731422193432
336,5,368.3242419642923,73.66484839285846,2020,8,7,26,26161,21,4,2201210401,NaN,NaN,NaN,NaN,NaN,NaN,NaN,2017,1,25,1,0,0.006251555160109341,0.46051986308904663
337,5,367.29985169622574,73.45997033924515,2020,8,7,26,26161,21,4,2201210401,NaN,NaN,NaN,NaN,NaN,NaN,NaN,2016,1,25,1,0,0.008065513350732115,0.5924923715155669
338,5,392.56334931271454,78.51266986254291,2020,8,7,26,26161,21,4,2201210401,NaN,NaN,NaN,NaN,NaN,NaN,NaN,2015,1,25,1,0,0.007989837098259319,0.6273034423511317
339,5,364.0998652152451,72.81997304304902,2020,8,7,26,26161,21,4,2201210401,NaN,NaN,NaN,NaN,NaN,NaN,NaN,2014,1,25,1,0,0.009081399985032735,0.6613073021032295
340,5,370.3959424661204,74.07918849322408,2020,8,7,26,26161,21,4,2201210401,NaN,NaN,NaN,NaN,NaN,NaN,NaN,2013,1,25,1,0,0.009070190663970006,0.6719123638657154
341,5,316.43263381169584,63.286526762339165,2020,8,7,26,26161,21,4,2201210401,NaN,NaN,NaN,NaN,NaN,NaN,NaN,2012,1,25,1,0,0.009893371838338261,0.626117141616767
342,5,231.92053549096389,46.38410709819278,2020,8,7,26,26161,21,4,2201210401,NaN,NaN,NaN,NaN,NaN,NaN,NaN,2011,1,25,1,0,0.009899295528265316,0.45916998397971925
343,5,230.10402906651655,46.02080581330331,2020,8,7,26,26161,21,4,2201210401,NaN,NaN,NaN,NaN,NaN,NaN,NaN,2010,1,25,1,0,0.012841106931776243,0.5909580885351375
344,5,205.50535743034038,41.10107148606808,2020,8,7,26,26161,21,4,2201210401,NaN,NaN,NaN,NaN,NaN,NaN,NaN,2009,1,25,1,0,0.013115053620474323,0.5390427563987311
345,5,253.9388285109485,50.7877657021897,2020,8,7,26,26161,21,4,2201210401,NaN,NaN,NaN,NaN,NaN,NaN,NaN,2008,1,25,1,0,0.01387646617397951,0.7047547128184322
346,5,268.1829985315532,53.63659970631064,2020,8,7,26,26161,21,4,2201210401,NaN,NaN,NaN,NaN,NaN,NaN,NaN,2007,1,25,1,0,0.014040208818505356,0.7530690601911845
347,5,229.81669167512396,45.963338335024794,2020,8,7,26,26161,21,4,2201210401,NaN,NaN,NaN,NaN,NaN,NaN,NaN,2006,1,25,1,0,0.014819370484115782,0.6811477394734938
348,5,203.39262514967626,40.67852502993525,2020,8,7,26,26161,21,4,2201210401,NaN,NaN,NaN,NaN,NaN,NaN,NaN,2005,1,25,1,0,0.015579426779537595,0.6337481022034636
349,5,164.72170300101715,32.94434060020343,2020,8,7,26,26161,21,4,2201210401,NaN,NaN,NaN,NaN,NaN,NaN,NaN,2004,1,25,1,0,0.016698858366005646,0.5501328776442466
350,5,148.74713474802425,29.74942694960485,2020,8,7,26,26161,21,4,2201210401,NaN,NaN,NaN,NaN,NaN,NaN,NaN,2003,1,25,1,0,0.017121453339200333,0.5093534253856083
351,5,118.52562992373574,23.70512598474715,2020,8,7,26,26161,21,4,2201210401,NaN,NaN,NaN,NaN,NaN,NaN,NaN,2002,1,25,1,0,0.0214882491353733,0.5093816529456581
352,5,94.5116320580201,18.90232641160402,2020,8,7,26,26161,21,4,2201210401,NaN,NaN,NaN,NaN,NaN,NaN,NaN,2001,1,25,1,0,0.026681169050773418,0.5043361664409061
353,5,83.62548218400153,16.725096436800307,2020,8,7,26,26161,21,4,2201210401,NaN,NaN,NaN,NaN,NaN,NaN,NaN,2000,1,25,1,0,0.08311331625173042,1.3900782294924734
354,5,60.874080684058114,12.174816136811623,2020,8,7,26,26161,21,4,2201210401,NaN,NaN,NaN,NaN,NaN,NaN,NaN,1999,1,25,1,0,0.11669727264815997,1.4207678381587237
355,5,46.82985881634186,9.365971763268373,2020,8,7,26,26161,21,4,2201210401,NaN,NaN,NaN,NaN,NaN,NaN,NaN,1998,1,25,1,0,0.15254538971549858,1.4287358126921295
356,5,36.74778034358123,7.349556068716247,2020,8,7,26,26161,21,4,2201210401,NaN,NaN,NaN,NaN,NaN,NaN,NaN,1997,1,25,1,0,0.19915502499538343,1.463701022570156
357,5,26.865139913300695,5.373027982660139,2020,8,7,26,26161,21,4,2201210401,NaN,NaN,NaN,NaN,NaN,NaN,NaN,1996,1,25,1,0,0.21997234566286994,1.1819175686579888
358,5,25.04660490806586,5.009320981613172,2020,8,7,26,26161,21,4,2201210401,NaN,NaN,NaN,NaN,NaN,NaN,NaN,1995,1,25,1,0,0.2950216199639097,1.4778579909147203
359,5,18.41216437802274,3.6824328756045484,2020,8,7,26,26161,21,4,2201210401,NaN,NaN,NaN,NaN,NaN,NaN,NaN,1994,1,25,1,0,0.33478701036757813,1.2328306933029305
360,5,15.146433442304176,3.029286688460835,2020,8,7,26,26161,21,4,2201210401,NaN,NaN,NaN,NaN,NaN,NaN,NaN,1993,1,25,1,0,0.46337414998835713,1.4036931443365845
361,5,12.785088718582324,2.557017743716465,2020,8,7,26,26161,21,4,2201210401,NaN,NaN,NaN,NaN,NaN,NaN,NaN,1992,1,25,1,0,0.46315455652527177,1.1842944191182503
362,5,12.603265015943999,2.5206530031887997,2020,8,7,26,26161,21,4,2201210401,NaN,NaN,NaN,NaN,NaN,NaN,NaN,1991,1,25,1,0,0.4623857369951669,1.165513996588534
363,5,10.501237834887378,2.1002475669774756,2020,8,7,26,26161,21,4,2201210401,NaN,NaN,NaN,NaN,NaN,NaN,NaN,1990,1,25,1,0,0.562593311261273,1.1815852331742902
364,5,10.217773915995503,2.0435547831991006,2020,8,7,26,26161,21,4,2201210401,NaN,NaN,NaN,NaN,NaN,NaN,NaN,1989,1,25,1,0,0.5230259047135587,1.0688320893144299
365,5,9.15454189972411,1.830908379944822,2020,8,7,26,26161,21,4,2201210401,NaN,NaN,NaN,NaN,NaN,NaN,NaN,1988,1,25,1,0,0.5233665204788468,0.9582361481272839
366,5,9.00619255308734,1.801238510617468,2020,8,7,26,26161,21,4,2201210401,NaN,NaN,NaN,NaN,NaN,NaN,NaN,1987,1,25,1,0,0.5168191019580034,0.9309144694694914
367,5,7.780739775004618,1.5561479550009236,2020,8,7,26,26161,21,4,2201210401,NaN,NaN,NaN,NaN,NaN,NaN,NaN,1986,1,25,1,0,0.5188527131733282,0.8074115885513554
368,5,5.992761098455286,1.1985522196910572,2020,8,7,26,26161,21,4,2201210401,NaN,NaN,NaN,NaN,NaN,NaN,NaN,1985,1,25,1,0,0.6573507244925918,0.7878691699561204
369,5,4.779871405562617,0.9559742811125235,2020,8,7,26,26161,21,4,2201210401,NaN,NaN,NaN,NaN,NaN,NaN,NaN,1984,1,25,1,0,0.6501362127717492,0.6215134986296915
370,5,3.5629958872973577,0.7125991774594715,2020,8,7,26,26161,21,4,2201210401,NaN,NaN,NaN,NaN,NaN,NaN,NaN,1983,1,25,1,0,0.6277113414908564,0.4473065856283657
371,5,2.6061493961116446,0.5212298792223289,2020,8,7,26,26161,21,4,2201210401,NaN,NaN,NaN,NaN,NaN,NaN,NaN,1982,1,25,1,0,0.838396680430046,0.43699740048095437
372,5,1.8323500164585729,0.3664700032917146,2020,8,7,26,26161,21,4,2201210401,NaN,NaN,NaN,NaN,NaN,NaN,NaN,1981,1,25,1,0,0.8668540021269825,0.3176759890129112
373,5,23.19180710506584,4.638361421013168,2020,8,7,26,26161,21,4,2201210401,NaN,NaN,NaN,NaN,NaN,NaN,NaN,1980,1,25,1,0,0.8662820215201239,4.018129108336241
374,5,310.4463445557139,62.08926891114278,2020,8,7,26,26161,21,4,2202210401,NaN,NaN,NaN,NaN,NaN,NaN,NaN,2019,2,25,1,0,0.0000006850499456838426,0.00004253425029512786
375,5,327.8141613006279,65.56283226012559,2020,8,7,26,26161,21,4,2202210401,NaN,NaN,NaN,NaN,NaN,NaN,NaN,2018,2,25,1,0,0.000008181862753767184,0.0005364260953006071
376,5,368.3242419642923,73.66484839285846,2020,8,7,26,26161,21,4,2202210401,NaN,NaN,NaN,NaN,NaN,NaN,NaN,2017,2,25,1,0,0.000009269742521018716,0.0006828541774516773
377,5,367.29985169622574,73.45997033924515,2020,8,7,26,26161,21,4,2202210401,NaN,NaN,NaN,NaN,NaN,NaN,NaN,2016,2,25,1,0,0.000018171696036132487,0.001334892251828071
378,5,392.56334931271454,78.51266986254291,2020,8,7,26,26161,21,4,2202210401,NaN,NaN,NaN,NaN,NaN,NaN,NaN,2015,2,25,1,0,0.00021294824441587008,0.016719135211631302
379,5,364.0998652152451,72.81997304304902,2020,8,7,26,26161,21,4,2202210401,NaN,NaN,NaN,NaN,NaN,NaN,NaN,2014,2,25,1,0,0.00031545426101295084,0.02297137078327803
380,5,370.3959424661204,74.07918849322408,2020,8,7,26,26161,21,4,2202210401,NaN,NaN,NaN,NaN,NaN,NaN,NaN,2013,2,25,1,0,0.00031820696252962834,0.02357251355708863
381,5,316.43263381169584,63.286526762339165,2020,8,7,26,26161,21,4,2202210401,NaN,NaN,NaN,NaN,NaN,NaN,NaN,2012,2,25,1,0,0.0003228579156547662,0.020432556119518403
382,5,231.92053549096389,46.38410709819278,2020,8,7,26,26161,21,4,2202210401,NaN,NaN,NaN,NaN,NaN,NaN,NaN,2011,2,25,1,0,0.0003015594407235884,0.013987565394994041
383,5,230.10402906651655,46.02080581330331,2020,8,7,26,26161,21,4,2202210401,NaN,NaN,NaN,NaN,NaN,NaN,NaN,2010,2,25,1,0,0.0003520692340406668,0.01620250985262396
384,5,205.50535743034038,41.10107148606808,2020,8,7,26,26161,21,4,2202210401,NaN,NaN,NaN,NaN,NaN,NaN,NaN,2009,2,25,1,0,0.0018999701941701985,0.07809081077198798
385,5,253.9388285109485,50.7877657021897,2020,8,7,26,26161,21,4,2202210401,NaN,NaN,NaN,NaN,NaN,NaN,NaN,2008,2,25,1,0,0.0001769146944168916,0.00898510204931958
386,5,268.1829985315532,53.63659970631064,2020,8,7,26,26161,21,4,2202210401,NaN,NaN,NaN,NaN,NaN,NaN,NaN,2007,2,25,1,0,0.00012139090741262354,0.006510995508876706
387,5,229.81669167512396,45.963338335024794,2020,8,7,26,26161,21,4,2202210401,NaN,NaN,NaN,NaN,NaN,NaN,NaN,2006,2,25,1,0,0.0014540336152177656,0.06683223900675342
388,5,203.39262514967626,40.67852502993525,2020,8,7,26,26161,21,4,2202210401,NaN,NaN,NaN,NaN,NaN,NaN,NaN,2005,2,25,1,0,0.0010777844364497453,0.043842681174995624
389,5,164.72170300101715,32.94434060020343,2020,8,7,26,26161,21,4,2202210401,NaN,NaN,NaN,NaN,NaN,NaN,NaN,2004,2,25,1,0,0.0007941443643127864,0.026162562423652475
390,5,148.74713474802425,29.74942694960485,2020,8,7,26,26161,21,4,2202210401,NaN,NaN,NaN,NaN,NaN,NaN,NaN,2003,2,25,1,0,0.001002548292038254,0.029825237177443148
391,5,118.52562992373574,23.70512598474715,2020,8,7,26,26161,21,4,2202210401,NaN,NaN,NaN,NaN,NaN,NaN,NaN,2002,2,25,1,0,0.0014056727654435544,0.033321649998167384
392,5,94.5116320580201,18.90232641160402,2020,8,7,26,26161,21,4,2202210401,NaN,NaN,NaN,NaN,NaN,NaN,NaN,2001,2,25,1,0,0.0012586508093764138,0.023791428437062563
393,5,83.62548218400153,16.725096436800307,2020,8,7,26,26161,21,4,2202210401,NaN,NaN,NaN,NaN,NaN,NaN,NaN,2000,2,25,1,0,0.0018463568296394949,0.030880496032465427
394,5,60.874080684058114,12.174816136811623,2020,8,7,26,26161,21,4,2202210401,NaN,NaN,NaN,NaN,NaN,NaN,NaN,1999,2,25,1,0,0.0015744907751743082,0.019169135696853207
395,5,46.82985881634186,9.365971763268373,2020,8,7,26,26161,21,4,2202210401,NaN,NaN,NaN,NaN,NaN,NaN,NaN,1998,2,25,1,0,0.0024195068634604816,0.022661032964204898
396,5,36.74778034358123,7.349556068716247,2020,8,7,26,26161,21,4,2202210401,NaN,NaN,NaN,NaN,NaN,NaN,NaN,1997,2,25,1,0,0.0012969189954396712,0.009531778873567013
397,5,26.865139913300695,5.373027982660139,2020,8,7,26,26161,21,4,2202210401,NaN,NaN,NaN,NaN,NaN,NaN,NaN,1996,2,25,1,0,0.001963805293821602,0.010551580796199583
398,5,25.04660490806586,5.009320981613172,2020,8,7,26,26161,21,4,2202210401,NaN,NaN,NaN,NaN,NaN,NaN,NaN,1995,2,25,1,0,0.0019969602615508867,0.010003414937634585
399,5,18.41216437802274,3.6824328756045484,2020,8,7,26,26161,21,4,2202210401,NaN,NaN,NaN,NaN,NaN,NaN,NaN,1994,2,25,1,0,0.0003605697339958618,0.0013277738424143483
400,5,15.146433442304176,3.029286688460835,2020,8,7,26,26161,21,4,2202210401,NaN,NaN,NaN,NaN,NaN,NaN,NaN,1993,2,25,1,0,0.0024824601122242175,0.007520083372595812
401,5,12.785088718582324,2.557017743716465,2020,8,7,26,26161,21,4,2202210401,NaN,NaN,NaN,NaN,NaN,NaN,NaN,1992,2,25,1,0,0.004182020689451409,0.010693501107516616
402,5,12.603265015943999,2.5206530031887997,2020,8,7,26,26161,21,4,2202210401,NaN,NaN,NaN,NaN,NaN,NaN,NaN,1991,2,25,1,0,0.01013235885530214,0.025540160778003966
403,5,10.501237834887378,2.1002475669774756,2020,8,7,26,26161,21,4,2202210401,NaN,NaN,NaN,NaN,NaN,NaN,NaN,1990,2,25,1,0,0.004637998805512333,0.009740945706921715
404,5,10.217773915995503,2.0435547831991006,2020,8,7,26,26161,21,4,2202210401,NaN,NaN,NaN,NaN,NaN,NaN,NaN,1989,2,25,1,0,0.003689624569179123,0.007539949936554918
405,5,9.15454189972411,1.830908379944822,2020,8,7,26,26161,21,4,2202210401,NaN,NaN,NaN,NaN,NaN,NaN,NaN,1988,2,25,1,0,0.001053402531731824,0.001928683522802888
406,5,9.00619255308734,1.801238510617468,2020,8,7,26,26161,21,4,2202210401,NaN,NaN,NaN,NaN,NaN,NaN,NaN,1987,2,25,1,0,0.05172765414322314,0.09317384270667474
407,5,7.780739775004618,1.5561479550009236,2020,8,7,26,26161,21,4,2202210401,NaN,NaN,NaN,NaN,NaN,NaN,NaN,1986,2,25,1,0,0.03598836298942887,0.05600321746983066
408,5,5.992761098455286,1.1985522196910572,2020,8,7,26,26161,21,4,2202210401,NaN,NaN,NaN,NaN,NaN,NaN,NaN,1985,2,25,1,0,0.17769961550560556,0.21298226860249095
409,5,4.779871405562617,0.9559742811125235,2020,8,7,26,26161,21,4,2202210401,NaN,NaN,NaN,NaN,NaN,NaN,NaN,1984,2,25,1,0,0.23353688648992083,0.22325525717545905
410,5,3.5629958872973577,0.7125991774594715,2020,8,7,26,26161,21,4,2202210401,NaN,NaN,NaN,NaN,NaN,NaN,NaN,1983,2,25,1,0,0.40709591071080226,0.2900962111196322
411,5,2.6061493961116446,0.5212298792223289,2020,8,7,26,26161,21,4,2202210401,NaN,NaN,NaN,NaN,NaN,NaN,NaN,1982,2,25,1,0,0.7752352080485303,0.40407575386003247
412,5,1.8323500164585729,0.3664700032917146,2020,8,7,26,26161,21,4,2202210401,NaN,NaN,NaN,NaN,NaN,NaN,NaN,1981,2,25,1,0,0.5549875676587993,0.20338629574678085
413,5,23.19180710506584,4.638361421013168,2020,8,7,26,26161,21,4,2202210401,NaN,NaN,NaN,NaN,NaN,NaN,NaN,1980,2,25,1,0,0.3282298297305529,1.5224485794479177
414,5,260.05730384453915,52.01146076890783,2020,8,7,26,26161,21,4,2205210401,NaN,NaN,NaN,NaN,NaN,NaN,NaN,2020,5,25,1,0,0.0000025739634465349487,0.00013387559882005527
415,5,310.4463445557139,62.08926891114278,2020,8,7,26,26161,21,4,2205210401,NaN,NaN,NaN,NaN,NaN,NaN,NaN,2019,5,25,1,0,0.000004409178640163599,0.00027376267826638456
416,5,327.8141613006279,65.56283226012559,2020,8,7,26,26161,21,4,2205210401,NaN,NaN,NaN,NaN,NaN,NaN,NaN,2018,5,25,1,0,0.000004004772892056013,0.0002625642533617664
417,5,368.3242419642923,73.66484839285846,2020,8,7,26,26161,21,4,2205210401,NaN,NaN,NaN,NaN,NaN,NaN,NaN,2017,5,25,1,0,0.0000027967356636823644,0.00020602110866006177
418,5,367.29985169622574,73.45997033924515,2020,8,7,26,26161,21,4,2205210401,NaN,NaN,NaN,NaN,NaN,NaN,NaN,2016,5,25,1,0,0.000006980692359004608,0.0005128014536398737
419,5,392.56334931271454,78.51266986254291,2020,8,7,26,26161,21,4,2205210401,NaN,NaN,NaN,NaN,NaN,NaN,NaN,2015,5,25,1,0,0.00000729515907482029,0.0005727624160360993
420,5,364.0998652152451,72.81997304304902,2020,8,7,26,26161,21,4,2205210401,NaN,NaN,NaN,NaN,NaN,NaN,NaN,2014,5,25,1,0,0.000010660343718093616,0.0007762859421812141
421,5,370.3959424661204,74.07918849322408,2020,8,7,26,26161,21,4,2205210401,NaN,NaN,NaN,NaN,NaN,NaN,NaN,2013,5,25,1,0,0.00001195757281465482,0.0008858072904582664
422,5,316.43263381169584,63.286526762339165,2020,8,7,26,26161,21,4,2205210401,NaN,NaN,NaN,NaN,NaN,NaN,NaN,2012,5,25,1,0,0.00001344734091194274,0.0008510355005059626
423,5,231.92053549096389,46.38410709819278,2020,8,7,26,26161,21,4,2205210401,NaN,NaN,NaN,NaN,NaN,NaN,NaN,2011,5,25,1,0,0.000023999583824005093,0.0011131992664047072
424,5,230.10402906651655,46.02080581330331,2020,8,7,26,26161,21,4,2205210401,NaN,NaN,NaN,NaN,NaN,NaN,NaN,2010,5,25,1,0,0.000019589867275665938,0.0009015414778018073
425,5,205.50535743034038,41.10107148606808,2020,8,7,26,26161,21,4,2205210401,NaN,NaN,NaN,NaN,NaN,NaN,NaN,2009,5,25,1,0,0.000016927476810014044,0.0006957374344471469
426,5,253.9388285109485,50.7877657021897,2020,8,7,26,26161,21,4,2205210401,NaN,NaN,NaN,NaN,NaN,NaN,NaN,2008,5,25,1,0,0.000020093462411158123,0.0010205020610836546
427,5,268.1829985315532,53.63659970631064,2020,8,7,26,26161,21,4,2205210401,NaN,NaN,NaN,NaN,NaN,NaN,NaN,2007,5,25,1,0,0.000011958187082418613,0.0006413964937528619
428,5,229.81669167512396,45.963338335024794,2020,8,7,26,26161,21,4,2205210401,NaN,NaN,NaN,NaN,NaN,NaN,NaN,2006,5,25,1,0,0.000014905088995087411,0.0006850876483948574
429,5,203.39262514967626,40.67852502993525,2020,8,7,26,26161,21,4,2205210401,NaN,NaN,NaN,NaN,NaN,NaN,NaN,2005,5,25,1,0,0.000006104170511915006,0.00024830865295592726
430,5,164.72170300101715,32.94434060020343,2020,8,7,26,26161,21,4,2205210401,NaN,NaN,NaN,NaN,NaN,NaN,NaN,2004,5,25,1,0,0.000004480429876236694,0.00014760480787806896
431,5,148.74713474802425,29.74942694960485,2020,8,7,26,26161,21,4,2205210401,NaN,NaN,NaN,NaN,NaN,NaN,NaN,2003,5,25,1,0,0.0000068635826412454895,0.0002041876503983086
432,5,118.52562992373574,23.70512598474715,2020,8,7,26,26161,21,4,2205210401,NaN,NaN,NaN,NaN,NaN,NaN,NaN,2002,5,25,1,0,0.000004810324319884044,0.00011402934403034442
433,5,94.5116320580201,18.90232641160402,2020,8,7,26,26161,21,4,2205210401,NaN,NaN,NaN,NaN,NaN,NaN,NaN,2001,5,25,1,0,0.0000070715412405617316,0.00013366858076221708
434,5,83.62548218400153,16.725096436800307,2020,8,7,26,26161,21,4,2205210401,NaN,NaN,NaN,NaN,NaN,NaN,NaN,2000,5,25,1,0,0.000007375574028231251,0.0001233571868989274
435,5,60.874080684058114,12.174816136811623,2020,8,7,26,26161,21,4,2205210401,NaN,NaN,NaN,NaN,NaN,NaN,NaN,1999,5,25,1,0,0.000014050529365392674,0.0001710626116485283
436,5,46.82985881634186,9.365971763268373,2020,8,7,26,26161,21,4,2205210401,NaN,NaN,NaN,NaN,NaN,NaN,NaN,1998,5,25,1,0,0.00000978061646912684,0.00009160497767719959
437,5,260.05730384453915,52.01146076890783,2020,8,7,26,26161,21,4,2201210401,NaN,NaN,NaN,NaN,NaN,NaN,NaN,2020,1,79,1,0,0.3341974174849193,17.382095868587193
438,5,310.4463445557139,62.08926891114278,2020,8,7,26,26161,21,4,2201210401,NaN,NaN,NaN,NaN,NaN,NaN,NaN,2019,1,79,1,0,0.36347120286749207,22.567661256296248
439,5,327.8141613006279,65.56283226012559,2020,8,7,26,26161,21,4,2201210401,NaN,NaN,NaN,NaN,NaN,NaN,NaN,2018,1,79,1,0,0.3904504917665994,25.599040097577102
440,5,368.3242419642923,73.66484839285846,2020,8,7,26,26161,21,4,2201210401,NaN,NaN,NaN,NaN,NaN,NaN,NaN,2017,1,79,1,0,0.4255390594272085,31.3472702979449
441,5,367.29985169622574,73.45997033924515,2020,8,7,26,26161,21,4,2201210401,NaN,NaN,NaN,NaN,NaN,NaN,NaN,2016,1,79,1,0,0.5490139456768557,40.33054816525377
442,5,392.56334931271454,78.51266986254291,2020,8,7,26,26161,21,4,2201210401,NaN,NaN,NaN,NaN,NaN,NaN,NaN,2015,1,79,1,0,0.5438627152272333,42.70011381118196
443,5,364.0998652152451,72.81997304304902,2020,8,7,26,26161,21,4,2201210401,NaN,NaN,NaN,NaN,NaN,NaN,NaN,2014,1,79,1,0,0.6181646500653294,45.01473315392312
444,5,370.3959424661204,74.07918849322408,2020,8,7,26,26161,21,4,2201210401,NaN,NaN,NaN,NaN,NaN,NaN,NaN,2013,1,79,1,0,0.6174016392912602,45.73661241308281
445,5,316.43263381169584,63.286526762339165,2020,8,7,26,26161,21,4,2201210401,NaN,NaN,NaN,NaN,NaN,NaN,NaN,2012,1,79,1,0,0.6734350155804211,42.61936313622661
446,5,231.92053549096389,46.38410709819278,2020,8,7,26,26161,21,4,2201210401,NaN,NaN,NaN,NaN,NaN,NaN,NaN,2011,1,79,1,0,0.6738382370789663,31.25538495552819
447,5,230.10402906651655,46.02080581330331,2020,8,7,26,26161,21,4,2201210401,NaN,NaN,NaN,NaN,NaN,NaN,NaN,2010,1,79,1,0,0.8740853157019406,40.226110578178925
448,5,205.50535743034038,41.10107148606808,2020,8,7,26,26161,21,4,2201210401,NaN,NaN,NaN,NaN,NaN,NaN,NaN,2009,1,79,1,0,0.8927326783590974,36.692269631186285
449,5,253.9388285109485,50.7877657021897,2020,8,7,26,26161,21,4,2201210401,NaN,NaN,NaN,NaN,NaN,NaN,NaN,2008,1,79,1,0,0.9445615071155247,47.97216851469046
450,5,268.1829985315532,53.63659970631064,2020,8,7,26,26161,21,4,2201210401,NaN,NaN,NaN,NaN,NaN,NaN,NaN,2007,1,79,1,0,0.955707356293065,51.26089290586753
451,5,229.81669167512396,45.963338335024794,2020,8,7,26,26161,21,4,2201210401,NaN,NaN,NaN,NaN,NaN,NaN,NaN,2006,1,79,1,0,1.0087443549012318,46.365258077871644
452,5,203.39262514967626,40.67852502993525,2020,8,7,26,26161,21,4,2201210401,NaN,NaN,NaN,NaN,NaN,NaN,NaN,2005,1,79,1,0,1.0604808641028671,43.138797374175844
453,5,164.72170300101715,32.94434060020343,2020,8,7,26,26161,21,4,2201210401,NaN,NaN,NaN,NaN,NaN,NaN,NaN,2004,1,79,1,0,1.1366798021588485,37.44716655569296
454,5,148.74713474802425,29.74942694960485,2020,8,7,26,26161,21,4,2201210401,NaN,NaN,NaN,NaN,NaN,NaN,NaN,2003,1,79,1,0,1.1654455512894677,34.671337291827975
455,5,118.52562992373574,23.70512598474715,2020,8,7,26,26161,21,4,2201210401,NaN,NaN,NaN,NaN,NaN,NaN,NaN,2002,1,79,1,0,1.4626903373023021,34.67325872242338
456,5,94.5116320580201,18.90232641160402,2020,8,7,26,26161,21,4,2201210401,NaN,NaN,NaN,NaN,NaN,NaN,NaN,2001,1,79,1,0,1.8161688238364488,34.32981592673551
457,5,83.62548218400153,16.725096436800307,2020,8,7,26,26161,21,4,2201210401,NaN,NaN,NaN,NaN,NaN,NaN,NaN,2000,1,79,1,0,5.750908829240576,96.18450476829497
458,5,60.874080684058114,12.174816136811623,2020,8,7,26,26161,21,4,2201210401,NaN,NaN,NaN,NaN,NaN,NaN,NaN,1999,1,79,1,0,8.077198127611478,98.33840210426885
459,5,46.82985881634186,9.365971763268373,2020,8,7,26,26161,21,4,2201210401,NaN,NaN,NaN,NaN,NaN,NaN,NaN,1998,1,79,1,0,10.561671700748327,98.92031892211949
460,5,36.74778034358123,7.349556068716247,2020,8,7,26,26161,21,4,2201210401,NaN,NaN,NaN,NaN,NaN,NaN,NaN,1997,1,79,1,0,13.792550935706997,101.36912643260331
461,5,26.865139913300695,5.373027982660139,2020,8,7,26,26161,21,4,2201210401,NaN,NaN,NaN,NaN,NaN,NaN,NaN,1996,1,79,1,0,15.237986495678655,81.87412784067871
462,5,25.04660490806586,5.009320981613172,2020,8,7,26,26161,21,4,2201210401,NaN,NaN,NaN,NaN,NaN,NaN,NaN,1995,1,79,1,0,20.44242890336002,102.4026880207369
463,5,18.41216437802274,3.6824328756045484,2020,8,7,26,26161,21,4,2201210401,NaN,NaN,NaN,NaN,NaN,NaN,NaN,1994,1,79,1,0,23.197824139277955,85.42443025296993
464,5,15.146433442304176,3.029286688460835,2020,8,7,26,26161,21,4,2201210401,NaN,NaN,NaN,NaN,NaN,NaN,NaN,1993,1,79,1,0,32.107793042254514,97.26371005875701
465,5,12.785088718582324,2.557017743716465,2020,8,7,26,26161,21,4,2201210401,NaN,NaN,NaN,NaN,NaN,NaN,NaN,1992,1,79,1,0,32.092577127714705,82.06128915715568
466,5,12.603265015943999,2.5206530031887997,2020,8,7,26,26161,21,4,2201210401,NaN,NaN,NaN,NaN,NaN,NaN,NaN,1991,1,79,1,0,32.03930462997164,80.75996943561883
467,5,10.501237834887378,2.1002475669774756,2020,8,7,26,26161,21,4,2201210401,NaN,NaN,NaN,NaN,NaN,NaN,NaN,1990,1,79,1,0,38.982816813124984,81.87356616569437
468,5,10.217773915995503,2.0435547831991006,2020,8,7,26,26161,21,4,2201210401,NaN,NaN,NaN,NaN,NaN,NaN,NaN,1989,1,79,1,0,36.241140134171964,74.06075526977601
469,5,9.15454189972411,1.830908379944822,2020,8,7,26,26161,21,4,2201210401,NaN,NaN,NaN,NaN,NaN,NaN,NaN,1988,1,79,1,0,36.26474184026428,66.39741973187547
470,5,9.00619255308734,1.801238510617468,2020,8,7,26,26161,21,4,2201210401,NaN,NaN,NaN,NaN,NaN,NaN,NaN,1987,1,79,1,0,35.8110627586117,64.5042653469504
471,5,7.780739775004618,1.5561479550009236,2020,8,7,26,26161,21,4,2201210401,NaN,NaN,NaN,NaN,NaN,NaN,NaN,1986,1,79,1,0,35.95197430499747,55.94659129296757
472,5,5.992761098455286,1.1985522196910572,2020,8,7,26,26161,21,4,2201210401,NaN,NaN,NaN,NaN,NaN,NaN,NaN,1985,1,79,1,0,45.54868030233131,54.59247188035753
473,5,4.779871405562617,0.9559742811125235,2020,8,7,26,26161,21,4,2201210401,NaN,NaN,NaN,NaN,NaN,NaN,NaN,1984,1,79,1,0,45.04877747167157,43.06547265847927
474,5,3.5629958872973577,0.7125991774594715,2020,8,7,26,26161,21,4,2201210401,NaN,NaN,NaN,NaN,NaN,NaN,NaN,1983,1,79,1,0,43.49492919139052,30.994450765442842
475,5,2.6061493961116446,0.5212298792223289,2020,8,7,26,26161,21,4,2201210401,NaN,NaN,NaN,NaN,NaN,NaN,NaN,1982,1,79,1,0,58.09358830922589,30.28011401800951
476,5,1.8323500164585729,0.3664700032917146,2020,8,7,26,26161,21,4,2201210401,NaN,NaN,NaN,NaN,NaN,NaN,NaN,1981,1,79,1,0,60.065432866383546,22.012179380261838
477,5,23.19180710506584,4.638361421013168,2020,8,7,26,26161,21,4,2201210401,NaN,NaN,NaN,NaN,NaN,NaN,NaN,1980,1,79,1,0,60.02579959174002,278.42135309179486
478,5,310.4463445557139,62.08926891114278,2020,8,7,26,26161,21,4,2202210401,NaN,NaN,NaN,NaN,NaN,NaN,NaN,2019,2,79,1,0,0.000026687831457549682,0.0016570279440230578
479,5,327.8141613006279,65.56283226012559,2020,8,7,26,26161,21,4,2202210401,NaN,NaN,NaN,NaN,NaN,NaN,NaN,2018,2,79,1,0,0.0003187448967146046,0.020897818197070678
480,5,368.3242419642923,73.66484839285846,2020,8,7,26,26161,21,4,2202210401,NaN,NaN,NaN,NaN,NaN,NaN,NaN,2017,2,79,1,0,0.00036112596988658376,0.026602289822419162
481,5,367.29985169622574,73.45997033924515,2020,8,7,26,26161,21,4,2202210401,NaN,NaN,NaN,NaN,NaN,NaN,NaN,2016,2,79,1,0,0.0007079238005427749,0.05200406139031794
482,5,392.56334931271454,78.51266986254291,2020,8,7,26,26161,21,4,2202210401,NaN,NaN,NaN,NaN,NaN,NaN,NaN,2015,2,79,1,0,0.00829593067185594,0.6513356660419692
483,5,364.0998652152451,72.81997304304902,2020,8,7,26,26161,21,4,2202210401,NaN,NaN,NaN,NaN,NaN,NaN,NaN,2014,2,79,1,0,0.012289308543883708,0.8949071168833236
484,5,370.3959424661204,74.07918849322408,2020,8,7,26,26161,21,4,2202210401,NaN,NaN,NaN,NaN,NaN,NaN,NaN,2013,2,79,1,0,0.012396546905981083,0.9183261349132664
485,5,316.43263381169584,63.286526762339165,2020,8,7,26,26161,21,4,2202210401,NaN,NaN,NaN,NaN,NaN,NaN,NaN,2012,2,79,1,0,0.012577736400123352,0.7960012512960539
486,5,231.92053549096389,46.38410709819278,2020,8,7,26,26161,21,4,2202210401,NaN,NaN,NaN,NaN,NaN,NaN,NaN,2011,2,79,1,0,0.011748001118999122,0.5449205420933438
487,5,230.10402906651655,46.02080581330331,2020,8,7,26,26161,21,4,2202210401,NaN,NaN,NaN,NaN,NaN,NaN,NaN,2010,2,79,1,0,0.013715736259327082,0.6312092349769748
488,5,205.50535743034038,41.10107148606808,2020,8,7,26,26161,21,4,2202210401,NaN,NaN,NaN,NaN,NaN,NaN,NaN,2009,2,79,1,0,0.00680117769087765,0.2795356904622137
489,5,253.9388285109485,50.7877657021897,2020,8,7,26,26161,21,4,2202210401,NaN,NaN,NaN,NaN,NaN,NaN,NaN,2008,2,79,1,0,0.0006332879729105977,0.032163281190198095
490,5,268.1829985315532,53.63659970631064,2020,8,7,26,26161,21,4,2202210401,NaN,NaN,NaN,NaN,NaN,NaN,NaN,2007,2,79,1,0,0.00043453372789919277,0.02330691162221991
491,5,229.81669167512396,45.963338335024794,2020,8,7,26,26161,21,4,2202210401,NaN,NaN,NaN,NaN,NaN,NaN,NaN,2006,2,79,1,0,0.016233861952176014,0.7461624893919522
492,5,203.39262514967626,40.67852502993525,2020,8,7,26,26161,21,4,2202210401,NaN,NaN,NaN,NaN,NaN,NaN,NaN,2005,2,79,1,0,0.012033149421314155,0.48949076992387874
493,5,164.72170300101715,32.94434060020343,2020,8,7,26,26161,21,4,2202210401,NaN,NaN,NaN,NaN,NaN,NaN,NaN,2004,2,79,1,0,0.008866390601582863,0.29209739187298844
494,5,148.74713474802425,29.74942694960485,2020,8,7,26,26161,21,4,2202210401,NaN,NaN,NaN,NaN,NaN,NaN,NaN,2003,2,79,1,0,0.011193159774990054,0.33299008906132205
495,5,118.52562992373574,23.70512598474715,2020,8,7,26,26161,21,4,2202210401,NaN,NaN,NaN,NaN,NaN,NaN,NaN,2002,2,79,1,0,0.01569392714536834,0.37202652017639964
496,5,94.5116320580201,18.90232641160402,2020,8,7,26,26161,21,4,2202210401,NaN,NaN,NaN,NaN,NaN,NaN,NaN,2001,2,79,1,0,0.014052469813327641,0.26562437130073124
497,5,83.62548218400153,16.725096436800307,2020,8,7,26,26161,21,4,2202210401,NaN,NaN,NaN,NaN,NaN,NaN,NaN,2000,2,79,1,0,0.020614036410936686,0.344771746924629
498,5,60.874080684058114,12.174816136811623,2020,8,7,26,26161,21,4,2202210401,NaN,NaN,NaN,NaN,NaN,NaN,NaN,1999,2,79,1,0,0.017578731070344807,0.2140178186999058
499,5,46.82985881634186,9.365971763268373,2020,8,7,26,26161,21,4,2202210401,NaN,NaN,NaN,NaN,NaN,NaN,NaN,1998,2,79,1,0,0.02701308965809385,0.25300383497634393
500,5,36.74778034358123,7.349556068716247,2020,8,7,26,26161,21,4,2202210401,NaN,NaN,NaN,NaN,NaN,NaN,NaN,1997,2,79,1,0,0.014479722968419288,0.106419535815876
501,5,26.865139913300695,5.373027982660139,2020,8,7,26,26161,21,4,2202210401,NaN,NaN,NaN,NaN,NaN,NaN,NaN,1996,2,79,1,0,0.021925314316806742,0.11780532735282158
502,5,25.04660490806586,5.009320981613172,2020,8,7,26,26161,21,4,2202210401,NaN,NaN,NaN,NaN,NaN,NaN,NaN,1995,2,79,1,0,0.022295479877982884,0.11168521514791395
503,5,18.41216437802274,3.6824328756045484,2020,8,7,26,26161,21,4,2202210401,NaN,NaN,NaN,NaN,NaN,NaN,NaN,1994,2,79,1,0,0.004025656095265031,0.014824208351081785
504,5,15.146433442304176,3.029286688460835,2020,8,7,26,26161,21,4,2202210401,NaN,NaN,NaN,NaN,NaN,NaN,NaN,1993,2,79,1,0,0.027715944350843458,0.08395954128013136
505,5,12.785088718582324,2.557017743716465,2020,8,7,26,26161,21,4,2202210401,NaN,NaN,NaN,NaN,NaN,NaN,NaN,1992,2,79,1,0,0.046691043345329,0.11938982630664083
506,5,12.603265015943999,2.5206530031887997,2020,8,7,26,26161,21,4,2202210401,NaN,NaN,NaN,NaN,NaN,NaN,NaN,1991,2,79,1,0,0.11312483644489087,0.28514845872005595
507,5,10.501237834887378,2.1002475669774756,2020,8,7,26,26161,21,4,2202210401,NaN,NaN,NaN,NaN,NaN,NaN,NaN,1990,2,79,1,0,0.05178190624689797,0.10875482260850321
508,5,10.217773915995503,2.0435547831991006,2020,8,7,26,26161,21,4,2202210401,NaN,NaN,NaN,NaN,NaN,NaN,NaN,1989,2,79,1,0,0.0411935840303391,0.08418134568231354
509,5,9.15454189972411,1.830908379944822,2020,8,7,26,26161,21,4,2202210401,NaN,NaN,NaN,NaN,NaN,NaN,NaN,1988,2,79,1,0,0.011760932554262866,0.02153318996956574
510,5,9.00619255308734,1.801238510617468,2020,8,7,26,26161,21,4,2202210401,NaN,NaN,NaN,NaN,NaN,NaN,NaN,1987,2,79,1,0,0.5775241972966527,1.0402588249841715
511,5,7.780739775004618,1.5561479550009236,2020,8,7,26,26161,21,4,2202210401,NaN,NaN,NaN,NaN,NaN,NaN,NaN,1986,2,79,1,0,0.401799594273954,0.6252596169496144
512,5,5.992761098455286,1.1985522196910572,2020,8,7,26,26161,21,4,2202210401,NaN,NaN,NaN,NaN,NaN,NaN,NaN,1985,2,79,1,0,1.983964467451956,2.377885016252728
513,5,4.779871405562617,0.9559742811125235,2020,8,7,26,26161,21,4,2202210401,NaN,NaN,NaN,NaN,NaN,NaN,NaN,1984,2,79,1,0,2.607371340208375,2.492579942549098
514,5,3.5629958872973577,0.7125991774594715,2020,8,7,26,26161,21,4,2202210401,NaN,NaN,NaN,NaN,NaN,NaN,NaN,1983,2,79,1,0,4.545107311556046,3.2388397316798683
515,5,2.6061493961116446,0.5212298792223289,2020,8,7,26,26161,21,4,2202210401,NaN,NaN,NaN,NaN,NaN,NaN,NaN,1982,2,79,1,0,8.655275377551344,4.511388139677084
516,5,1.8323500164585729,0.3664700032917146,2020,8,7,26,26161,21,4,2202210401,NaN,NaN,NaN,NaN,NaN,NaN,NaN,1981,2,79,1,0,6.196274600706229,2.270748773317179
517,5,23.19180710506584,4.638361421013168,2020,8,7,26,26161,21,4,2202210401,NaN,NaN,NaN,NaN,NaN,NaN,NaN,1980,2,79,1,0,3.664590480347329,16.997695107855165
518,5,260.05730384453915,52.01146076890783,2020,8,7,26,26161,21,4,2205210401,NaN,NaN,NaN,NaN,NaN,NaN,NaN,2020,5,79,1,0,0.000030164814220579056,0.0015689160514350405
519,5,310.4463445557139,62.08926891114278,2020,8,7,26,26161,21,4,2205210401,NaN,NaN,NaN,NaN,NaN,NaN,NaN,2019,5,79,1,0,0.000051672083659512256,0.003208281897534523
520,5,327.8141613006279,65.56283226012559,2020,8,7,26,26161,21,4,2205210401,NaN,NaN,NaN,NaN,NaN,NaN,NaN,2018,5,79,1,0,0.00004693276839152677,0.0030770452215569937
521,5,368.3242419642923,73.66484839285846,2020,8,7,26,26161,21,4,2205210401,NaN,NaN,NaN,NaN,NaN,NaN,NaN,2017,5,79,1,0,0.000032775528274348755,0.002414404321325747
522,5,367.29985169622574,73.45997033924515,2020,8,7,26,26161,21,4,2205210401,NaN,NaN,NaN,NaN,NaN,NaN,NaN,2016,5,79,1,0,0.0000818081890105547,0.0060096271382227085
523,5,392.56334931271454,78.51266986254291,2020,8,7,26,26161,21,4,2205210401,NaN,NaN,NaN,NaN,NaN,NaN,NaN,2015,5,79,1,0,0.00008549349000964444,0.006712322156523824
524,5,364.0998652152451,72.81997304304902,2020,8,7,26,26161,21,4,2205210401,NaN,NaN,NaN,NaN,NaN,NaN,NaN,2014,5,79,1,0,0.00012493079037960027,0.0090974567876893
525,5,370.3959424661204,74.07918849322408,2020,8,7,26,26161,21,4,2205210401,NaN,NaN,NaN,NaN,NaN,NaN,NaN,2013,5,79,1,0,0.00014013328859377493,0.010380960299913622
526,5,316.43263381169584,63.286526762339165,2020,8,7,26,26161,21,4,2205210401,NaN,NaN,NaN,NaN,NaN,NaN,NaN,2012,5,79,1,0,0.00015759219149580784,0.009973462444635121
527,5,231.92053549096389,46.38410709819278,2020,8,7,26,26161,21,4,2205210401,NaN,NaN,NaN,NaN,NaN,NaN,NaN,2011,5,79,1,0,0.0002812561259939007,0.013045814270123893
528,5,230.10402906651655,46.02080581330331,2020,8,7,26,26161,21,4,2205210401,NaN,NaN,NaN,NaN,NaN,NaN,NaN,2010,5,79,1,0,0.00022957773847634208,0.010565352521477072
529,5,205.50535743034038,41.10107148606808,2020,8,7,26,26161,21,4,2205210401,NaN,NaN,NaN,NaN,NaN,NaN,NaN,2009,5,79,1,0,0.0001983766295844719,0.008153492033716627
530,5,253.9388285109485,50.7877657021897,2020,8,7,26,26161,21,4,2205210401,NaN,NaN,NaN,NaN,NaN,NaN,NaN,2008,5,79,1,0,0.00023547947485296348,0.011959476396506982
531,5,268.1829985315532,53.63659970631064,2020,8,7,26,26161,21,4,2205210401,NaN,NaN,NaN,NaN,NaN,NaN,NaN,2007,5,79,1,0,0.00014014048732575437,0.007516659221338787
532,5,229.81669167512396,45.963338335024794,2020,8,7,26,26161,21,4,2205210401,NaN,NaN,NaN,NaN,NaN,NaN,NaN,2006,5,79,1,0,0.00017467584517692753,0.008028684970823529
533,5,203.39262514967626,40.67852502993525,2020,8,7,26,26161,21,4,2205210401,NaN,NaN,NaN,NaN,NaN,NaN,NaN,2005,5,79,1,0,0.00007153604675720213,0.0029099808685554653
534,5,164.72170300101715,32.94434060020343,2020,8,7,26,26161,21,4,2205210401,NaN,NaN,NaN,NaN,NaN,NaN,NaN,2004,5,79,1,0,0.00005250709174870053,0.0017298115144953215
535,5,148.74713474802425,29.74942694960485,2020,8,7,26,26161,21,4,2205210401,NaN,NaN,NaN,NaN,NaN,NaN,NaN,2003,5,79,1,0,0.00008043575581443305,0.0023929176417377294
536,5,118.52562992373574,23.70512598474715,2020,8,7,26,26161,21,4,2205210401,NaN,NaN,NaN,NaN,NaN,NaN,NaN,2002,5,79,1,0,0.00005637319350644687,0.0013363336542328529
537,5,94.5116320580201,18.90232641160402,2020,8,7,26,26161,21,4,2205210401,NaN,NaN,NaN,NaN,NaN,NaN,NaN,2001,5,79,1,0,0.0000828728659926646,0.0015664899636584646
538,5,83.62548218400153,16.725096436800307,2020,8,7,26,26161,21,4,2205210401,NaN,NaN,NaN,NaN,NaN,NaN,NaN,2000,5,79,1,0,0.0002713663219455947,0.00453862790423987
539,5,60.874080684058114,12.174816136811623,2020,8,7,26,26161,21,4,2205210401,NaN,NaN,NaN,NaN,NaN,NaN,NaN,1999,5,79,1,0,0.0005169550818256167,0.006293833072217292
540,5,46.82985881634186,9.365971763268373,2020,8,7,26,26161,21,4,2205210401,NaN,NaN,NaN,NaN,NaN,NaN,NaN,1998,5,79,1,0,0.0003598540137253494,0.003370382531450412
541,5,260.05730384453915,52.01146076890783,2020,8,7,26,26161,21,4,2201210401,NaN,NaN,NaN,NaN,NaN,NaN,NaN,2020,1,87,1,0,0.32550828463031145,16.930161376003927
542,5,310.4463445557139,62.08926891114278,2020,8,7,26,26161,21,4,2201210401,NaN,NaN,NaN,NaN,NaN,NaN,NaN,2019,1,87,1,0,0.3540209515929373,21.980902063632545
543,5,327.8141613006279,65.56283226012559,2020,8,7,26,26161,21,4,2201210401,NaN,NaN,NaN,NaN,NaN,NaN,NaN,2018,1,87,1,0,0.3802987789806679,24.933465055040102
544,5,368.3242419642923,73.66484839285846,2020,8,7,26,26161,21,4,2201210401,NaN,NaN,NaN,NaN,NaN,NaN,NaN,2017,1,87,1,0,0.4144750438821011,30.532241270198334
545,5,367.29985169622574,73.45997033924515,2020,8,7,26,26161,21,4,2201210401,NaN,NaN,NaN,NaN,NaN,NaN,NaN,2016,1,87,1,0,0.5347395830892574,39.281953912957164
546,5,392.56334931271454,78.51266986254291,2020,8,7,26,26161,21,4,2201210401,NaN,NaN,NaN,NaN,NaN,NaN,NaN,2015,1,87,1,0,0.5297222846313252,41.58991085209122
547,5,364.0998652152451,72.81997304304902,2020,8,7,26,26161,21,4,2201210401,NaN,NaN,NaN,NaN,NaN,NaN,NaN,2014,1,87,1,0,0.6020923691636307,43.84435009192111
548,5,370.3959424661204,74.07918849322408,2020,8,7,26,26161,21,4,2201210401,NaN,NaN,NaN,NaN,NaN,NaN,NaN,2013,1,87,1,0,0.6013491966696874,44.54746049034266
549,5,316.43263381169584,63.286526762339165,2020,8,7,26,26161,21,4,2201210401,NaN,NaN,NaN,NaN,NaN,NaN,NaN,2012,1,87,1,0,0.6559257051753301,41.51125969468472
550,5,231.92053549096389,46.38410709819278,2020,8,7,26,26161,21,4,2201210401,NaN,NaN,NaN,NaN,NaN,NaN,NaN,2011,1,87,1,0,0.6563184429149131,30.442744946684456
551,5,230.10402906651655,46.02080581330331,2020,8,7,26,26161,21,4,2201210401,NaN,NaN,NaN,NaN,NaN,NaN,NaN,2010,1,87,1,0,0.8513590974936901,39.180231703146276
552,5,205.50535743034038,41.10107148606808,2020,8,7,26,26161,21,4,2201210401,NaN,NaN,NaN,NaN,NaN,NaN,NaN,2009,1,87,1,0,0.8695216287217609,35.73827062077544
553,5,253.9388285109485,50.7877657021897,2020,8,7,26,26161,21,4,2201210401,NaN,NaN,NaN,NaN,NaN,NaN,NaN,2008,1,87,1,0,0.9200029079305211,46.72489213330851
554,5,268.1829985315532,53.63659970631064,2020,8,7,26,26161,21,4,2201210401,NaN,NaN,NaN,NaN,NaN,NaN,NaN,2007,1,87,1,0,0.9308589650294453,49.928109690314976
555,5,229.81669167512396,45.963338335024794,2020,8,7,26,26161,21,4,2201210401,NaN,NaN,NaN,NaN,NaN,NaN,NaN,2006,1,87,1,0,0.9825170016737999,45.15976136784698
556,5,203.39262514967626,40.67852502993525,2020,8,7,26,26161,21,4,2201210401,NaN,NaN,NaN,NaN,NaN,NaN,NaN,2005,1,87,1,0,1.0329083616361925,42.017188642447266
557,5,164.72170300101715,32.94434060020343,2020,8,7,26,26161,21,4,2201210401,NaN,NaN,NaN,NaN,NaN,NaN,NaN,2004,1,87,1,0,1.1071261273027184,36.47354022524494
558,5,148.74713474802425,29.74942694960485,2020,8,7,26,26161,21,4,2201210401,NaN,NaN,NaN,NaN,NaN,NaN,NaN,2003,1,87,1,0,1.1351439669559416,33.769882522240444
559,5,118.52562992373574,23.70512598474715,2020,8,7,26,26161,21,4,2201210401,NaN,NaN,NaN,NaN,NaN,NaN,NaN,2002,1,87,1,0,1.4246603885324423,33.77175399564037
560,5,94.5116320580201,18.90232641160402,2020,8,7,26,26161,21,4,2201210401,NaN,NaN,NaN,NaN,NaN,NaN,NaN,2001,1,87,1,0,1.7689484344167012,33.43724071264039
561,5,83.62548218400153,16.725096436800307,2020,8,7,26,26161,21,4,2201210401,NaN,NaN,NaN,NaN,NaN,NaN,NaN,2000,1,87,1,0,5.796916099874501,96.95398080644135
562,5,60.874080684058114,12.174816136811623,2020,8,7,26,26161,21,4,2201210401,NaN,NaN,NaN,NaN,NaN,NaN,NaN,1999,1,87,1,0,8.14181571263237,99.12510932110301
563,5,46.82985881634186,9.365971763268373,2020,8,7,26,26161,21,4,2201210401,NaN,NaN,NaN,NaN,NaN,NaN,NaN,1998,1,87,1,0,10.646165074354316,99.71168147349647
564,5,36.74778034358123,7.349556068716247,2020,8,7,26,26161,21,4,2201210401,NaN,NaN,NaN,NaN,NaN,NaN,NaN,1997,1,87,1,0,13.902891343192653,102.18007944406413
565,5,26.865139913300695,5.373027982660139,2020,8,7,26,26161,21,4,2201210401,NaN,NaN,NaN,NaN,NaN,NaN,NaN,1996,1,87,1,0,15.359890387644086,82.52912086340416
566,5,25.04660490806586,5.009320981613172,2020,8,7,26,26161,21,4,2201210401,NaN,NaN,NaN,NaN,NaN,NaN,NaN,1995,1,87,1,0,20.605968334586905,103.22190952490281
567,5,18.41216437802274,3.6824328756045484,2020,8,7,26,26161,21,4,2201210401,NaN,NaN,NaN,NaN,NaN,NaN,NaN,1994,1,87,1,0,23.38340673239218,86.10782569499369
568,5,15.146433442304176,3.029286688460835,2020,8,7,26,26161,21,4,2201210401,NaN,NaN,NaN,NaN,NaN,NaN,NaN,1993,1,87,1,0,32.36465538659255,98.04181973922708
569,5,12.785088718582324,2.557017743716465,2020,8,7,26,26161,21,4,2201210401,NaN,NaN,NaN,NaN,NaN,NaN,NaN,1992,1,87,1,0,32.349317744736425,82.71777947041294
570,5,12.603265015943999,2.5206530031887997,2020,8,7,26,26161,21,4,2201210401,NaN,NaN,NaN,NaN,NaN,NaN,NaN,1991,1,87,1,0,32.295619067011415,81.40604919110379
571,5,10.501237834887378,2.1002475669774756,2020,8,7,26,26161,21,4,2201210401,NaN,NaN,NaN,NaN,NaN,NaN,NaN,1990,1,87,1,0,39.29467934762999,82.52855469501993
572,5,10.217773915995503,2.0435547831991006,2020,8,7,26,26161,21,4,2201210401,NaN,NaN,NaN,NaN,NaN,NaN,NaN,1989,1,87,1,0,36.53106925524535,74.65324131193424
573,5,9.15454189972411,1.830908379944822,2020,8,7,26,26161,21,4,2201210401,NaN,NaN,NaN,NaN,NaN,NaN,NaN,1988,1,87,1,0,36.5548597749864,66.92859908973048
574,5,9.00619255308734,1.801238510617468,2020,8,7,26,26161,21,4,2201210401,NaN,NaN,NaN,NaN,NaN,NaN,NaN,1987,1,87,1,0,36.09755126068059,65.02029946972601
575,5,7.780739775004618,1.5561479550009236,2020,8,7,26,26161,21,4,2201210401,NaN,NaN,NaN,NaN,NaN,NaN,NaN,1986,1,87,1,0,36.23959009943745,56.394164023311305
576,5,5.992761098455286,1.1985522196910572,2020,8,7,26,26161,21,4,2201210401,NaN,NaN,NaN,NaN,NaN,NaN,NaN,1985,1,87,1,0,45.91306974474997,55.029211655400395
577,5,4.779871405562617,0.9559742811125235,2020,8,7,26,26161,21,4,2201210401,NaN,NaN,NaN,NaN,NaN,NaN,NaN,1984,1,87,1,0,45.40916769144495,43.40999643974711
578,5,3.5629958872973577,0.7125991774594715,2020,8,7,26,26161,21,4,2201210401,NaN,NaN,NaN,NaN,NaN,NaN,NaN,1983,1,87,1,0,43.84288862492165,31.24240637156639
579,5,2.6061493961116446,0.5212298792223289,2020,8,7,26,26161,21,4,2201210401,NaN,NaN,NaN,NaN,NaN,NaN,NaN,1982,1,87,1,0,58.558337015699706,30.52235493015359
580,5,1.8323500164585729,0.3664700032917146,2020,8,7,26,26161,21,4,2201210401,NaN,NaN,NaN,NaN,NaN,NaN,NaN,1981,1,87,1,0,60.54595632931462,22.188276815303936
581,5,23.19180710506584,4.638361421013168,2020,8,7,26,26161,21,4,2201210401,NaN,NaN,NaN,NaN,NaN,NaN,NaN,1980,1,87,1,0,60.506005988473945,280.64872391652926
582,5,310.4463445557139,62.08926891114278,2020,8,7,26,26161,21,4,2202210401,NaN,NaN,NaN,NaN,NaN,NaN,NaN,2019,2,87,1,0,0.00002575375735653544,0.0015990319659822505
583,5,327.8141613006279,65.56283226012559,2020,8,7,26,26161,21,4,2202210401,NaN,NaN,NaN,NaN,NaN,NaN,NaN,2018,2,87,1,0,0.00030758882532959343,0.020166394560173204
584,5,368.3242419642923,73.66484839285846,2020,8,7,26,26161,21,4,2202210401,NaN,NaN,NaN,NaN,NaN,NaN,NaN,2017,2,87,1,0,0.0003484865609405533,0.02567120967863449
585,5,367.29985169622574,73.45997033924515,2020,8,7,26,26161,21,4,2202210401,NaN,NaN,NaN,NaN,NaN,NaN,NaN,2016,2,87,1,0,0.0006831464675237778,0.05018391924165681
586,5,392.56334931271454,78.51266986254291,2020,8,7,26,26161,21,4,2202210401,NaN,NaN,NaN,NaN,NaN,NaN,NaN,2015,2,87,1,0,0.008005573098340981,0.6285389177305002
587,5,364.0998652152451,72.81997304304902,2020,8,7,26,26161,21,4,2202210401,NaN,NaN,NaN,NaN,NaN,NaN,NaN,2014,2,87,1,0,0.011859182744847777,0.8635853677924071
588,5,370.3959424661204,74.07918849322408,2020,8,7,26,26161,21,4,2202210401,NaN,NaN,NaN,NaN,NaN,NaN,NaN,2013,2,87,1,0,0.011962667764271745,0.886184720191302
589,5,316.43263381169584,63.286526762339165,2020,8,7,26,26161,21,4,2202210401,NaN,NaN,NaN,NaN,NaN,NaN,NaN,2012,2,87,1,0,0.012137515626119033,0.768141207500692
590,5,231.92053549096389,46.38410709819278,2020,8,7,26,26161,21,4,2202210401,NaN,NaN,NaN,NaN,NaN,NaN,NaN,2011,2,87,1,0,0.011336821079834152,0.5258483231200768
591,5,230.10402906651655,46.02080581330331,2020,8,7,26,26161,21,4,2202210401,NaN,NaN,NaN,NaN,NaN,NaN,NaN,2010,2,87,1,0,0.013235685490250632,0.6091169117527806
592,5,205.50535743034038,41.10107148606808,2020,8,7,26,26161,21,4,2202210401,NaN,NaN,NaN,NaN,NaN,NaN,NaN,2009,2,87,1,0,0.008739513332777778,0.35920336224394456
593,5,253.9388285109485,50.7877657021897,2020,8,7,26,26161,21,4,2202210401,NaN,NaN,NaN,NaN,NaN,NaN,NaN,2008,2,87,1,0,0.000813775045190118,0.04132981632940455
594,5,268.1829985315532,53.63659970631064,2020,8,7,26,26161,21,4,2202210401,NaN,NaN,NaN,NaN,NaN,NaN,NaN,2007,2,87,1,0,0.0005583758403504627,0.029949381434552582
595,5,229.81669167512396,45.963338335024794,2020,8,7,26,26161,21,4,2202210401,NaN,NaN,NaN,NaN,NaN,NaN,NaN,2006,2,87,1,0,0.018587771935241536,0.8543560503537854
596,5,203.39262514967626,40.67852502993525,2020,8,7,26,26161,21,4,2202210401,NaN,NaN,NaN,NaN,NaN,NaN,NaN,2005,2,87,1,0,0.01377795608740471,0.5604669315628412
597,5,164.72170300101715,32.94434060020343,2020,8,7,26,26161,21,4,2202210401,NaN,NaN,NaN,NaN,NaN,NaN,NaN,2004,2,87,1,0,0.010152017238812379,0.3344515136945718
598,5,148.74713474802425,29.74942694960485,2020,8,7,26,26161,21,4,2202210401,NaN,NaN,NaN,NaN,NaN,NaN,NaN,2003,2,87,1,0,0.012816167942363612,0.3812736519752138
599,5,118.52562992373574,23.70512598474715,2020,8,7,26,26161,21,4,2202210401,NaN,NaN,NaN,NaN,NaN,NaN,NaN,2002,2,87,1,0,0.01796954658144675,0.42597036560197765
600,5,94.5116320580201,18.90232641160402,2020,8,7,26,26161,21,4,2202210401,NaN,NaN,NaN,NaN,NaN,NaN,NaN,2001,2,87,1,0,0.01609007793626015,0.3041399051393373
601,5,83.62548218400153,16.725096436800307,2020,8,7,26,26161,21,4,2202210401,NaN,NaN,NaN,NaN,NaN,NaN,NaN,2000,2,87,1,0,0.023603071690522507,0.3947636502287002
602,5,60.874080684058114,12.174816136811623,2020,8,7,26,26161,21,4,2202210401,NaN,NaN,NaN,NaN,NaN,NaN,NaN,1999,2,87,1,0,0.020127647075544805,0.24505040241139217
603,5,46.82985881634186,9.365971763268373,2020,8,7,26,26161,21,4,2202210401,NaN,NaN,NaN,NaN,NaN,NaN,NaN,1998,2,87,1,0,0.030929987658517462,0.2896893910479138
604,5,36.74778034358123,7.349556068716247,2020,8,7,26,26161,21,4,2202210401,NaN,NaN,NaN,NaN,NaN,NaN,NaN,1997,2,87,1,0,0.016579282798840085,0.12185036850917803
605,5,26.865139913300695,5.373027982660139,2020,8,7,26,26161,21,4,2202210401,NaN,NaN,NaN,NaN,NaN,NaN,NaN,1996,2,87,1,0,0.02510448489274372,0.1348870998189807
606,5,25.04660490806586,5.009320981613172,2020,8,7,26,26161,21,4,2202210401,NaN,NaN,NaN,NaN,NaN,NaN,NaN,1995,2,87,1,0,0.025528324460290405,0.12787957134436148
607,5,18.41216437802274,3.6824328756045484,2020,8,7,26,26161,21,4,2202210401,NaN,NaN,NaN,NaN,NaN,NaN,NaN,1994,2,87,1,0,0.004609376229078461,0.01697371856198865
608,5,15.146433442304176,3.029286688460835,2020,8,7,26,26161,21,4,2202210401,NaN,NaN,NaN,NaN,NaN,NaN,NaN,1993,2,87,1,0,0.03173475628171576,0.09613367476575041
609,5,12.785088718582324,2.557017743716465,2020,8,7,26,26161,21,4,2202210401,NaN,NaN,NaN,NaN,NaN,NaN,NaN,1992,2,87,1,0,0.053461244630401715,0.13670135112110376
610,5,12.603265015943999,2.5206530031887997,2020,8,7,26,26161,21,4,2202210401,NaN,NaN,NaN,NaN,NaN,NaN,NaN,1991,2,87,1,0,0.12952793772940005,0.3264949852344641
611,5,10.501237834887378,2.1002475669774756,2020,8,7,26,26161,21,4,2202210401,NaN,NaN,NaN,NaN,NaN,NaN,NaN,1990,2,87,1,0,0.05929028265269818,0.12452427188673618
612,5,10.217773915995503,2.0435547831991006,2020,8,7,26,26161,21,4,2202210401,NaN,NaN,NaN,NaN,NaN,NaN,NaN,1989,2,87,1,0,0.04716665371473827,0.09638764080624902
613,5,9.15454189972411,1.830908379944822,2020,8,7,26,26161,21,4,2202210401,NaN,NaN,NaN,NaN,NaN,NaN,NaN,1988,2,87,1,0,0.013466267774630983,0.024655502515152777
614,5,9.00619255308734,1.801238510617468,2020,8,7,26,26161,21,4,2202210401,NaN,NaN,NaN,NaN,NaN,NaN,NaN,1987,2,87,1,0,0.6612652059046674,1.1910963546068765
615,5,7.780739775004618,1.5561479550009236,2020,8,7,26,26161,21,4,2202210401,NaN,NaN,NaN,NaN,NaN,NaN,NaN,1986,2,87,1,0,0.46006053544367737,0.7159222614073085
616,5,5.992761098455286,1.1985522196910572,2020,8,7,26,26161,21,4,2202210401,NaN,NaN,NaN,NaN,NaN,NaN,NaN,1985,2,87,1,0,2.27163931523249,2.722678343609374
617,5,4.779871405562617,0.9559742811125235,2020,8,7,26,26161,21,4,2202210401,NaN,NaN,NaN,NaN,NaN,NaN,NaN,1984,2,87,1,0,2.9854401845385894,2.8540040342187174
618,5,3.5629958872973577,0.7125991774594715,2020,8,7,26,26161,21,4,2202210401,NaN,NaN,NaN,NaN,NaN,NaN,NaN,1983,2,87,1,0,5.2041478717316725,3.7084714927734495
619,5,2.6061493961116446,0.5212298792223289,2020,8,7,26,26161,21,4,2202210401,NaN,NaN,NaN,NaN,NaN,NaN,NaN,1982,2,87,1,0,9.91029030729629,5.165539419930262
620,5,1.8323500164585729,0.3664700032917146,2020,8,7,26,26161,21,4,2202210401,NaN,NaN,NaN,NaN,NaN,NaN,NaN,1981,2,87,1,0,7.094734417808632,2.6000073454481702
621,5,23.19180710506584,4.638361421013168,2020,8,7,26,26161,21,4,2202210401,NaN,NaN,NaN,NaN,NaN,NaN,NaN,1980,2,87,1,0,4.195956099997692,19.462360898494165
622,5,260.05730384453915,52.01146076890783,2020,8,7,26,26161,21,4,2205210401,NaN,NaN,NaN,NaN,NaN,NaN,NaN,2020,5,87,1,0,0.000108548744141383,0.0056457787474237554
623,5,310.4463445557139,62.08926891114278,2020,8,7,26,26161,21,4,2205210401,NaN,NaN,NaN,NaN,NaN,NaN,NaN,2019,5,87,1,0,0.00018594312391229643,0.011545072622768517
624,5,327.8141613006279,65.56283226012559,2020,8,7,26,26161,21,4,2205210401,NaN,NaN,NaN,NaN,NaN,NaN,NaN,2018,5,87,1,0,0.00016888859419870252,0.011072814572097953
625,5,368.3242419642923,73.66484839285846,2020,8,7,26,26161,21,4,2205210401,NaN,NaN,NaN,NaN,NaN,NaN,NaN,2017,5,87,1,0,0.00011794345580036036,0.00868828679046335
626,5,367.29985169622574,73.45997033924515,2020,8,7,26,26161,21,4,2205210401,NaN,NaN,NaN,NaN,NaN,NaN,NaN,2016,5,87,1,0,0.00029438855855834706,0.021625774779909308
627,5,392.56334931271454,78.51266986254291,2020,8,7,26,26161,21,4,2205210401,NaN,NaN,NaN,NaN,NaN,NaN,NaN,2015,5,87,1,0,0.00030765019485780955,0.024154438182018196
628,5,364.0998652152451,72.81997304304902,2020,8,7,26,26161,21,4,2205210401,NaN,NaN,NaN,NaN,NaN,NaN,NaN,2014,5,87,1,0,0.0004495661833396715,0.03273739735186131
629,5,370.3959424661204,74.07918849322408,2020,8,7,26,26161,21,4,2205210401,NaN,NaN,NaN,NaN,NaN,NaN,NaN,2013,5,87,1,0,0.0005042727058759338,0.03735611283057145
630,5,316.43263381169584,63.286526762339165,2020,8,7,26,26161,21,4,2205210401,NaN,NaN,NaN,NaN,NaN,NaN,NaN,2012,5,87,1,0,0.0005670989500637438,0.03588972288010356
631,5,231.92053549096389,46.38410709819278,2020,8,7,26,26161,21,4,2205210401,NaN,NaN,NaN,NaN,NaN,NaN,NaN,2011,5,87,1,0,0.0010121063247881797,0.04694564816373321
632,5,230.10402906651655,46.02080581330331,2020,8,7,26,26161,21,4,2205210401,NaN,NaN,NaN,NaN,NaN,NaN,NaN,2010,5,87,1,0,0.0008261405163047412,0.038019652275362636
633,5,205.50535743034038,41.10107148606808,2020,8,7,26,26161,21,4,2205210401,NaN,NaN,NaN,NaN,NaN,NaN,NaN,2009,5,87,1,0,0.0007138626431090073,0.029340519525656816
634,5,253.9388285109485,50.7877657021897,2020,8,7,26,26161,21,4,2205210401,NaN,NaN,NaN,NaN,NaN,NaN,NaN,2008,5,87,1,0,0.0008473780438177971,0.04303643755059812
635,5,268.1829985315532,53.63659970631064,2020,8,7,26,26161,21,4,2205210401,NaN,NaN,NaN,NaN,NaN,NaN,NaN,2007,5,87,1,0,0.0005042986106705089,0.02704886271298268
636,5,229.81669167512396,45.963338335024794,2020,8,7,26,26161,21,4,2205210401,NaN,NaN,NaN,NaN,NaN,NaN,NaN,2006,5,87,1,0,0.0006285748517176229,0.02889139857838514
637,5,203.39262514967626,40.67852502993525,2020,8,7,26,26161,21,4,2205210401,NaN,NaN,NaN,NaN,NaN,NaN,NaN,2005,5,87,1,0,0.0002574240298498506,0.010471629841553946
638,5,164.72170300101715,32.94434060020343,2020,8,7,26,26161,21,4,2205210401,NaN,NaN,NaN,NaN,NaN,NaN,NaN,2004,5,87,1,0,0.0001889479187957154,0.006224764592505628
639,5,148.74713474802425,29.74942694960485,2020,8,7,26,26161,21,4,2205210401,NaN,NaN,NaN,NaN,NaN,NaN,NaN,2003,5,87,1,0,0.0002894498276658718,0.008610966503721566
640,5,118.52562992373574,23.70512598474715,2020,8,7,26,26161,21,4,2205210401,NaN,NaN,NaN,NaN,NaN,NaN,NaN,2002,5,87,1,0,0.0002028601705820983,0.004808825900935937
641,5,94.5116320580201,18.90232641160402,2020,8,7,26,26161,21,4,2205210401,NaN,NaN,NaN,NaN,NaN,NaN,NaN,2001,5,87,1,0,0.00029821982197933715,0.005637048417463873
642,5,83.62548218400153,16.725096436800307,2020,8,7,26,26161,21,4,2205210401,NaN,NaN,NaN,NaN,NaN,NaN,NaN,2000,5,87,1,0,0.00025345614469718543,0.004239078462560039
643,5,60.874080684058114,12.174816136811623,2020,8,7,26,26161,21,4,2205210401,NaN,NaN,NaN,NaN,NaN,NaN,NaN,1999,5,87,1,0,0.00048283604642512616,0.005878440089450952
644,5,46.82985881634186,9.365971763268373,2020,8,7,26,26161,21,4,2205210401,NaN,NaN,NaN,NaN,NaN,NaN,NaN,1998,5,87,1,0,0.00033610364881947637,0.003147937284374685
